,1,2,3,4,5,6,7,8,9,10,11,12,13,14,15,16,17,18,19,20,21,22,23,24,25,26,27,28,29,30,31,32,33,34,35,36,37,38,39,40,41,42,43,44,45,46,47,48,49,50,51,52,53,54,55,56,57,58,59,60,61,62,63,64,65,66,67,68,69,70,71,72,73,74,75,76,77,78,79,80,81,82,83,84,85,86,87,88,89,90,91,92,93,94,95,96,97,98,99,100,101,102,103,104,105,106,107,108,109,110,111,112,113,114,115,116,117,118
1,,-0.7505503462678239,-0.8823086849929379,0.08978760041268684,-0.40548687952394846,-0.6913337194207957,0.5272418760470035,-0.5154638347076068,0.42895016663817065,-0.3573835086324922,-0.48282551664858564,-0.3353879525353365,-0.013362525701577425,-1.0724807716087914,0.4018948695237019,-0.5307275632281608,-0.3573835086324922,-0.3023367534096842,0.13407503841167176,-0.4815817085237445,-0.4815817085237445,-0.4815817085237445,-0.6522586368589911,-0.968181838862477,-0.8256026914546593,-0.5529244436371976,-0.7649140396293688,-0.0074616251831858,0.16809037995616385,-0.25170755240070725,-0.2542333825182279,-0.615592829152748,-0.5622771028241125,-0.4815817085237445,0.42895016663817065,-0.7386255623132795,-0.6887128878104836,-1.5948365830013254,-0.38833400547075025,-0.5597618460334489,0.1568837089573174,-0.11061175129745007,-0.3082376539280758,-0.689479707608863,0.0885277882930461,-0.37364992064865216,0.969554568386751,-0.06632431329846515,0.08492918370725587,-0.07190733424301758,-1.9181260752192741,0.1568837089573174,-2.001393594287272,-1.2086219144718515,-0.4556752180413255,-0.421157913180178,-1.6329844405023102,-1.2911547480164047,-0.6781651273414101,0.244291531775049,-0.24640019547073602,-0.7014044915634075,-0.2408171745261836,-1.4125092382162967,-1.3894464574252374,-0.39914511651395645,-0.18670658029724557,-0.4067306876487896,0.5474429347077652,0.2544573054104527,-0.2542333825182279,-0.18683893745776461,-0.9350613974735069,-1.4935099660429476,-0.8466507652316473,-0.8701459028549937,-0.5301173595410694,-1.0136180834935116,-0.5517756370051489,-0.44941483622675604,-1.5294997747155346,-1.4456400085689356,-1.8269007330595541,-0.8639309671142428,-0.23585243500166198,-0.7515404837158737,0.7042643913713643,-0.45912697670984765,-0.8207442747492277,-0.24208701699245416,-1.6329844405023102,-0.7799085954187656,-0.17107218626931994,-0.3432674342329388,-1.0069098357042152,-0.1608000898148266,-0.816316551720148,-0.7483590558228145,-0.2803956464019965,-0.4384430771568088,-0.8979879103810731,-0.5679486339780333,-0.7764568367502434,0.13407503841167176,-0.4227190204084646,-1.1795315966161186,-0.7505503462678239,-0.6180078711858956,-1.5320256048330558,-0.21932500774303565,-0.8363652645294876,-1.5763130428320402,-1.325371413872778,-0.5933959487437113,-1.3792889435474818,-0.44375043408678105,-1.7111446882754726,-0.4171595792512179
2,-0.7505503462678239,,0.49477289918347334,-0.05764996370056235,-0.049541112638489225,0.34072922937194916,0.8940715295235634,-0.40628823870767333,0.9923632389323962,1.2644296966132493,-0.25026483520588927,-0.10158346296779841,-0.040417822816046174,-0.3082376539280758,-0.1608000898148266,0.3538978214513353,0.8449256748191469,0.2382676483388967,0.37980431193375425,0.7470646590866664,0.5504812402690009,0.3759883790412824,0.5807542822305749,0.837046193121545,-0.21304376445601683,0.06388110993026838,0.5178429222099792,0.8153084647928592,0.09685396766179981,0.10423821448475197,0.003420674958398494,0.5897191727428741,0.3223482818553837,0.3759883790412824,-0.013362525701577425,1.1661379872044175,-0.8361504519237333,-0.17977257020865214,1.648815861831588,0.6149033695415275,-0.1608000898148266,0.5672644409289768,1.6132859768751833,0.7357500788192125,-0.9095198189552076,0.39455042301810445,-0.4556752180413255,1.184412611901893,-0.06250838040599382,0.7315521590930713,-0.0014377417470329802,-0.013362525701577425,-1.6566544984006597,-0.8960087319254144,0.08492918370725587,0.4244096295065789,-0.6009214917095648,0.6784716949801369,0.46411431481471255,-0.09972945115586578,0.3162947638677925,1.3135755513176668,0.9386833383798109,-0.6872462016045946,0.13407503841167176,0.20148902653014153,1.2335584666063093,-0.0848002623078225,-0.16773208919226024,-0.6031127821545746,0.18807930982152013,0.5503488831084818,-0.4042570325804653,-0.3631553078413695,-0.35872073180060887,0.9529260601501534,-0.01585014195125979,0.21502828411689925,0.09904525810680924,0.48783117888474586,-0.10426998828745805,-0.22891842491306855,-1.8269007330595541,0.19015781817169866,0.8453563684954992,-0.014352663149626714,-0.4380150507847568,0.3941964842863561,0.7469583362675768,0.23248200657264476,-0.8957966199360636,0.8147416905076218,0.5321002927524349,-0.2941215795285224,-0.17143030572913592,0.5763877307514198,-0.45912697670984765,-0.40433807289189916,0.7417378233417061,-0.6079711988600056,-0.28542898338243067,0.6217176525633649,0.7962105137910819,0.28151260252492144,-0.17698974688638214,0.30304789707123975,1.4069025212019786,-0.4263891918927506,-1.2912610708354944,0.06846063385993692,-0.0008857345544078212,-1.3305837693099576,-1.1779338497595282,-0.18310329304295353,-0.9029609096632416,1.0256604675211907,-0.5868171431479177,0.32002824131502855
3,-0.8823086849929379,0.49477289918347334,,0.5931709314113948,0.3673857563944605,0.45016109032722573,0.6099541320713717,0.8387451752717067,0.6099541320713717,0.04550016241370243,0.9739192135074332,-0.22346847533037698,0.5729359720828971,-0.5263629181074787,-0.5874335567664395,-0.3098354007846658,0.842514813514068,0.8681650390411444,-0.5442500940392948,0.8696651121213281,0.8696651121213281,0.826481649394184,0.6531375947985159,0.4842880011782303,0.38909045166826545,-0.812114756511534,-0.31545905083896036,1.477046279550799,-1.221611084071422,1.2308384312527383,0.48891683002529074,0.7999201238644645,0.8880460596378942,-0.20558129939856082,-0.24937496581279645,0.69632105752566,-1.8749578093009007,0.4383055856248033,0.5137193452358699,0.4687942508123881,0.48781285475345,1.3453381109582683,-0.024738597427911006,0.19045011027726924,-1.2313368936826357,0.4933445530543699,-0.9865627863790429,-0.3751526660124498,0.10657080107266327,0.5463576632948907,0.4612727598332813,-0.754002104936346,-2.3349796308516257,-0.09990887363568077,-0.43999599265319034,0.5465649624133994,-0.05688430875844383,-0.0036456922907139692,1.5025988313014702,-0.925492147720082,0.6937952274081398,0.4014459292991616,0.30396733433881823,1.7350334134100358,0.6710247707303325,1.360388819434171,0.2188442170093711,1.7732816480044806,-0.4674586063297417,-1.1340003504922922,0.34147926591204103,1.0333154274006424,-0.1300792954630517,-1.178962694164256,1.4018541015109622,0.2624167058902659,-0.005092411176953603,0.3043212730705666,0.82055385328492,-0.31659412395213943,-0.851174642264568,0.14710814388729224,-2.2840695193406466,0.09128624710214733,0.4742135689977131,-0.748088725047351,-0.7426070124221191,1.2500172964090226,1.1477570396878516,0.42041840969298666,0.04018256999152939,1.5115354650227388,0.3223482818553837,-1.4341930711409636,0.3690973410748415,1.070154000342936,-0.8377967768816829,-0.020888068667430947,0.8648151057409273,0.14230845884102197,-0.24937496581279645,-0.37090603944362616,-0.7280956144539271,0.04550016241370243,1.6174390357658068,0.8077596734540575,0.69632105752566,-0.13626615755259405,-1.9154756090575236,0.8221304692401578,0.13683499614797792,0.10877875161634426,-0.7942275805797173,0.25621631572959347,0.3058028509009022,-0.48317945538033397,0.6709479065441676,0.7034782455394962
4,0.08978760041268684,-0.05764996370056235,0.5931709314113948,,1.643614827720707,-0.17918103733139207,0.9744129850921824,1.0044430525487127,0.9744129850921824,-0.3525250919270612,1.3562652424600616,1.3562652424600616,0.6795378568656841,1.7116008056584295,-0.7948377842668088,-0.03174347321814287,1.416725677431931,-0.230994018296231,0.23722516452593603,0.263131655008356,0.263131655008356,-0.03174347321814287,1.1218505492054327,-0.18670658029724557,0.7054443473481041,-0.18670658029724557,-0.3224950244705315,0.35875623815676627,-0.7337671456078485,1.9058516378881838,0.13407503841167176,0.04550016241370243,-0.013362525701577425,-0.03174347321814287,0.5321002927524349,-0.3525250919270612,-0.9122452809235287,0.45426512424333054,0.263131655008356,-0.09356241082130035,0.9744129850921824,0.5504812402690009,-0.05764996370056235,2.067546572543889,-0.8992477225007143,0.49444852832621167,-0.20508752781381154,-0.03174347321814287,-0.4999626560403104,0.6232009988679249,-0.1440168891548512,0.23722516452593603,-1.7490468937406174,-0.8203134935419518,0.23722516452593603,0.07553022987023161,0.14333269610579416,-1.3845880407198061,1.0613901142335622,-0.1440168891548512,0.4146927960957154,-0.4999626560403104,-0.03174347321814287,0.24166662107388595,-0.20508752781381154,0.24577646452912594,0.5580067832348549,1.0538645712677093,-0.43024456337431866,-0.05764996370056235,0.932333497636879,0.496344611698634,-0.6768705593011755,-0.7120347074777168,1.1143250062395786,-0.38354577251626076,1.2439918265233523,-0.3525250919270612,0.43820782433229255,0.09292102970752675,-1.0428996443768022,-0.6641647500037037,-1.6626799682863285,-0.4534672674976445,-0.17918103733139207,-0.35006347070658833,0.0977309342583921,1.416725677431931,0.255606112042502,-0.04911820675537836,-0.15154243212070473,0.5900731114746219,-0.013362525701577425,-0.4464175603472031,-0.35006347070658833,1.6252338802041402,-0.4999626560403104,-0.27617132568830827,0.5010796121632348,-0.3671003420433557,-1.0897129124933076,-0.4129855268989301,-0.6214937296711401,0.23722516452593603,1.8331318792892586,0.69632105752566,-0.3525250919270612,-0.4262828690736615,-1.3678048400598302,-0.02760000563080104,-0.34976513419075456,0.08978760041268684,-0.03926901618399639,0.6795378568656841,-0.00806342852925308,0.44573336729814655,-0.016926374366774268,0.06944055108751458
5,-0.40548687952394846,-0.049541112638489225,0.3673857563944605,1.643614827720707,,-0.5270179531547792,0.6536313663832651,1.0140113475812276,0.6536313663832651,-0.673306710635978,1.6431210561359557,0.5931709314113948,0.4791385051555472,0.5672644409289768,-1.2630569670889757,-0.0847052608150311,1.5452167954927836,-0.4999626560403104,0.21131867404351756,0.06273230329821809,-0.05764996370056235,-0.3525250919270612,1.9282178594927115,0.06383627857005884,1.4236857218619534,-0.4556752180413255,-0.31988677386803954,0.3846627286391857,-0.8477995718636965,1.9317581283706038,0.4030436761557517,0.15528596210072737,-0.22989004302439026,-0.3525250919270612,0.21131867404351756,-0.673306710635978,-1.2045121585475358,0.18529648649925062,0.08978760041268684,-0.3241569802241684,0.8621395691554752,0.7238252948646691,0.009691248870012917,1.4248345284940032,-0.9275310930785503,0.19404170179879185,-0.8207442747492277,0.35760743152471697,-0.9952371359769457,0.3309341212439181,-0.3444162408649876,0.3155727754296226,-2.3324473094506826,-0.7944070030595324,-0.08355645418298081,0.3201106967602648,0.001627102959201072,-0.9952371359769457,1.3464869175903171,0.03682581281579963,0.26986348258495774,-0.1969786767517384,-0.3525250919270612,0.47608131432851547,-0.022485815524020472,0.10143672035265108,0.23722516452593603,0.7848959335236299,-0.873706062346116,-0.3784315824094797,0.5234259431545322,0.44100594400632975,-0.3781017372584786,-0.5657459499965168,1.5895042334917695,-0.35763928203384127,1.0095771332687253,-0.2062363344458608,0.255606112042502,0.10733762087104322,-0.9306262284400938,-0.6993288981802455,-1.7588252186103615,-0.24794614850794244,-0.4999626560403104,-0.19952808665656432,-0.4661128317121862,1.3021546482311241,-0.013362525701577425,-0.3180868444994583,-0.29836979254686247,0.4181245229166464,-0.3341441444104953,-0.6290192726369936,-0.4944032148830632,1.0095771332687244,-0.47405616555789043,-0.5688281391376034,0.6312402040317588,-0.3411938515609367,-0.7164901733631227,-0.1440168891548512,-0.3525250919270612,-0.08355645418298081,1.0965542624101032,0.6599131012242779,-0.3784315824094797,-0.5393818471060483,-1.6275158201097872,-0.12960215826526214,-0.20347637670955465,0.237835368213028,0.2993997784567376,0.4445845606660968,0.37378882883862563,0.6265760692687964,0.12011499510045559,-0.19952808665656432
6,-0.6913337194207957,0.34072922937194916,0.45016109032722573,-0.17918103733139207,-0.5270179531547792,,0.3987970495869281,0.39700898772158194,0.3136739322574804,1.4087694407897247,-0.5642319961102017,-0.1608000898148266,0.3107143587241906,-1.4093905559303848,-0.13656307314007857,2.2562687562121404,0.22926892788373124,0.31403810648143005,0.04585410114545077,1.2512611045338637,1.1661379872044175,1.9805246120423,-0.21500568553655602,-0.3297164213814156,-1.0717626586530935,0.3144239687975723,1.8215416350072264,0.7735198617972963,-0.9251382089883338,-0.1809018337826955,0.3211994752233344,0.9650885894517592,1.7841707810830052,2.275399740268798,0.8453563684954992,1.435106624948496,-1.7109975117334848,-0.29434359940945903,0.28151260252492144,0.38787332156228066,-0.4815817085237445,0.7567366611373204,0.38747827836018595,-0.7777006448750845,-1.0927612757948388,-0.21171020132580606,-0.48582833509256806,-0.7996962009722403,0.3136739322574804,0.3099449231248611,-1.3183050466236654,0.009876838520420005,-2.135757567813928,0.3025441037341621,1.6406120092767236,-0.3713414260477498,-1.8341499422726237,0.10392192136042919,0.48701798685314907,0.2543623039176608,-0.08918430648774278,-0.01646034563835125,-0.14500852689667193,-0.49109347646328083,-1.0713319649767417,0.3976417516714553,0.09089157568452759,-0.2177356712114758,-0.4498693190157253,-0.8196402994773875,-0.6838081764549422,0.20174581722491994,-0.42437387198525006,0.8127734744478623,-0.7224525653403949,-0.25448915591957705,0.16799537846337195,-0.18749121270534622,0.540209143814508,0.20641224850864476,0.20334303834207418,0.7142512917353752,-2.1871881280066288,-0.3986688591052883,1.2872383671588945,0.5429622558008333,-0.7201522806082223,-0.7149270223745414,-0.05764996370056235,-0.1412179363285684,-1.3876858606565803,0.8054966535255945,1.7655602457080684,-1.1411094425233037,-0.07356928999665491,0.359860213428607,0.2841309034675528,-0.1230622304211382,-0.4414324962709831,-0.20206646282164065,0.255606112042502,0.17005230103670305,-0.02653111778096305,2.024856881401494,-0.754002104936346,-0.3625549343820931,0.359860213428607,0.10558066362461348,-1.8528072235419737,-0.2369187173302213,-0.36814608170732055,-1.3178458709069243,-0.7948377842668088,-0.1383453580009298,-1.396565915792207,-0.04051282430883808,-0.74119939102902,0.3459347317974475
7,0.5272418760470035,0.8940715295235634,0.6099541320713717,0.9744129850921824,0.6536313663832651,0.3987970495869281,,0.24577646452912594,3.7708682865384886,0.23236674782050507,0.48816679348519887,0.7207274749278952,0.9916451259766986,0.4018948695237019,-0.18785538692929538,0.3538978214513353,1.1169921325000003,1.4890045735392552,0.7238252948646691,0.9927939326087485,0.9927939326087485,0.255606112042502,0.8221170042735019,1.7899484165621156,0.3538978214513353,1.068888761608545,0.6111698920942908,0.5822886312698115,-0.028493038861501733,0.9277929605052873,0.9252671303877661,0.7724158865254566,1.0595361024216297,0.8453563684954992,1.0187004230911685,0.6374583694103797,-0.2734554925852048,0.026976622244416642,0.6115518789279617,1.5031202434271995,1.461013115430916,0.7740136333820455,0.6040316986280831,0.5883125147059642,-0.20634733993345278,0.719483666803053,0.8712628589779182,0.5574412846990242,-0.209945944519243,2.4956018943411804,-0.618243295314499,0.7195786682958454,-2.001393594287272,-0.5325047325645659,1.1661379872044175,1.5566010589510233,-0.6551113527698202,-0.49289628879119746,0.7962105137910819,0.1459998223662162,0.8467333919809696,-0.11165423511041021,0.6778235516978046,0.2584498217338624,-0.3082376539280758,1.763272490480366,1.147191541152021,0.4426355473613727,0.45419523165477044,0.5493324336369511,0.9252671303877661,2.560284919633717,-0.12781625164098612,0.15796607747727753,0.41797286500379444,0.18472571648339672,0.6493831533649241,0.7896480274099718,1.042982271126125,0.6815932138337681,-0.34999926180954005,-0.25597372202753726,-2.0175217598999473,1.294218537125197,0.5725717978589485,0.9313433601888288,0.802556100780197,0.634006610741858,0.5672644409289768,1.3161679333446448,-1.043234184049313,0.5314640838049124,1.0406846578620255,0.04989940340239284,0.8606326430636094,1.139082690089949,-0.3116894125965985,0.5294331664920123,1.015283751844647,0.5665645745214672,-0.8128647930516258,0.02180162247496445,-0.361199441524964,0.42895016663817065,0.46190636427103104,-0.12465997727772772,0.2884726469549443,1.1343787069762115,-1.5320256048330558,1.1479051805505367,0.34313524837650694,-0.6916876581525441,-0.650498040090333,0.20486251048149606,-0.669156420095704,0.9442582815914224,-0.826519303595977,1.4724734571065548
8,-0.5154638347076068,-0.40628823870767333,0.8387451752717067,1.0044430525487127,1.0140113475812276,0.39700898772158194,0.24577646452912594,,0.16065334719967878,0.011971974961588404,0.9570369077925782,-0.2798053333281361,0.27807604066516944,-0.26252836108341143,-1.2605759683316653,0.1595045405676295,0.8846725756865401,-0.9311157977743771,0.22172398585863962,0.039122273568849064,-0.0460008437605981,-0.23662187060099196,0.9911681376502364,-0.5919532315488932,0.27168295501154593,-0.3630702365951842,-0.6031127821545746,0.2757195517431398,-1.0441434525016438,1.2379861896353894,-0.14404493725677217,-0.2554923874518403,-0.5436513706404054,0.3531283858520053,0.7263511249821892,-0.6616575906960148,-1.973234321900963,-0.09841909112156685,-0.6357511002135954,-0.8979943417994996,0.07553022987023161,0.02513186151562584,0.5633481630733743,0.516599114085138,-1.2056663934700231,0.000662641181557741,-0.7252158456046586,-0.13236776921488644,-1.0188471657063158,-0.07692078061022063,-0.6629013988208565,0.57891356086894,-2.2666875952817813,0.12418660277128984,0.308090911312928,-0.41483953871086326,-0.6981475420297413,-0.22183251460594963,0.1935198821121216,0.43023218863084967,-0.056545988428722105,0.12114757096152189,-0.7765291332071408,0.49210630943407724,-0.21934489835626728,-0.2445933040519684,-0.23662187060099196,0.699528031527041,-1.0680518960686627,-1.1471537457629075,-0.2644272042555531,-0.13662742366469194,-0.5307410224410363,-0.3177790913793155,1.2760199408952835,-0.8116010943135531,0.8114742423116353,-0.2531446040551583,0.3983546006458108,0.33734227597649874,-0.3537689000519024,-0.03734845246260601,-2.2198264460656496,-0.8311519039316608,0.48019115778375593,-0.313114550603928,-0.9823890907756995,0.6937952274081398,-0.025011645641541163,-0.10857961826954773,-0.5950510514856671,0.40702895024371355,0.07663420514207185,-1.322874028415232,-0.8272646472082971,0.7424792905948646,0.17776375301176717,-0.9750492970416131,0.18095607824103535,-0.8574701106244506,0.13660086852919245,0.16126355088677075,-0.04724465188543928,0.13660086852919245,1.3113809201935533,-0.24354969086878356,-0.8522786175364087,-0.4786618390876706,-2.0100744351685984,-0.6457135864513776,-0.9252580201012967,0.3594143229434841,0.4173010466982069,1.0737934729640854,0.2308303103980876,0.516599114085138,-0.24735541062145452,-0.8009274630495263
9,0.42895016663817065,0.9923632389323962,0.6099541320713717,0.9744129850921824,0.6536313663832651,0.3136739322574804,3.7708682865384886,0.16065334719967878,,0.23236674782050507,0.48816679348519887,0.635604357598448,0.8712628589779182,0.28151260252492144,-0.3082376539280758,0.255606112042502,1.1169921325000003,1.4890045735392552,0.9204087136823357,1.0910856420175812,0.9927939326087485,0.3759883790412824,0.7238252948646691,1.8882401259709483,0.3538978214513353,0.9485064946097645,0.7094616015031237,0.46190636427103104,-0.12678474827033454,0.9277929605052873,0.9252671303877661,0.6520336195266762,1.0595361024216297,0.9657386354942796,1.0187004230911685,0.7357500788192135,-0.3938377595839852,-0.09340564475436379,0.6115518789279617,1.4269838127050654,1.461013115430916,0.6536313663832651,0.6801681293502163,0.4900208052971315,-0.20634733993345278,0.6343605494736069,0.6746794401602526,0.655732994107856,-0.3082376539280758,2.615984161339961,-0.7165350047233318,0.6344555509663983,-2.1217758612860527,-0.5325047325645659,1.3627214060220831,1.4583093495421906,-0.7534030621786535,-0.689479707608863,0.7962105137910819,0.04770811295738342,0.7263511249821892,-0.3082376539280758,0.5574412846990242,0.06186640291619679,-0.209945944519243,1.5666890716626993,1.0268092741532404,0.35751243003192557,0.35590352224593763,0.42895016663817065,0.8269754209789333,2.461993210224885,-0.28008911308525347,0.05967436806844475,0.5030959823332422,0.26984883381284386,0.6493831533649241,0.8879397368188044,0.9226000041273446,0.6815932138337681,-0.15341584299187444,-0.25597372202753726,-1.9192300504911146,1.218082106403063,0.3759883790412824,1.016466477518277,0.9991395195978636,0.7191297280713052,0.5672644409289768,1.2310448160151974,-1.043234184049313,0.5314640838049124,0.920302390863245,0.04989940340239284,0.8606326430636094,1.0187004230911685,-0.14144317793770364,0.3328497476743473,1.015283751844647,0.7631479933391329,-0.8128647930516258,0.21838504129263003,-0.16461602270729844,0.5493324336369511,0.6584897830886977,-0.12465997727772772,0.16809037995616385,1.3309621257938782,-1.5320256048330558,1.2240416112726697,0.44142695778534025,-0.49510423933487846,-0.8207442747492277,0.20486251048149606,-0.7895386870944845,0.9442582815914224,-0.7503828728738429,1.5928557241053352
10,-0.3573835086324922,1.2644296966132493,0.04550016241370243,-0.3525250919270612,-0.673306710635978,1.4087694407897247,0.23236674782050507,0.011971974961588404,0.23236674782050507,,-0.6685250488751505,-0.3113354738648501,0.13407503841167176,-1.4877381668340703,0.2003467111815147,0.7470646590866664,-0.013362525701577425,0.11788538134011625,0.47809602134258705,-0.1375607255928297,-0.16389790975160043,0.49637064604006337,-0.4065293633369091,0.1621728193391012,-0.27307350575153444,0.3046456439278293,0.026384375165815217,0.7637415369275528,-1.2792299640618603,-0.20256169769629084,0.2863710192303524,0.5368523866387778,0.4074713991848309,0.7912457742665617,1.336384221863312,0.37980431193375425,-1.8411581036020093,-0.7372664954362985,1.5554888919472765,0.17079227806806702,-0.4556752180413255,0.714702005042227,2.2472820696048275,-0.24716701526911547,-1.3367667192317825,0.2784147825881471,-0.23700124163371175,0.7470646590866664,0.15616559600161942,0.19591249686901205,-0.39460457938236465,1.0666024696707426,-2.296268722513771,0.10639137859284777,0.7729711495690864,0.2278262106889128,-1.016243608031596,1.2373743994987807,0.255606112042502,1.3746461899766267,0.45552847542617714,0.8221170042735019,0.8453563684954992,-0.3804462894235513,-1.2420088933119884,0.12953450128007998,1.1402314967219975,0.09861456443045796,-0.5728237107821363,-0.6572233763835121,-0.5982543654491432,0.13502676678645104,-0.21114096983672145,-0.39709998888554804,-0.9089652120154492,0.8367904197201955,0.8951124268870071,-0.49510423933487846,-0.10946294466540078,0.4860506923795463,0.20252992389358476,0.9625068719474694,-2.0234841518772195,-0.5552338549494128,2.0740027361059092,0.8660260949610453,-0.7328901790112556,-0.14144317793770364,0.3815649087024119,-0.21803453832196784,-0.40433807289189916,0.4224005880328741,0.7406084955246439,-1.2770386736168509,-0.17143030572913592,0.1951456770706326,0.28524913133000046,-0.09753816071085634,-0.1329580822887468,-0.006296158452464454,1.398698668647113,1.2385232061308313,1.7299817531749944,0.9916451259766986,-0.668448293930547,0.062283363073678856,1.461013115430916,0.07763698485781653,-1.8269007330595541,-0.3787520769075808,-0.08725266000869668,-1.0237838571289153,-0.5881835933065309,0.34037529064020133,-1.231851379434232,1.0797710617501282,-0.6323067875494067,0.32002824131502855
11,-0.48282551664858564,-0.25026483520588927,0.9739192135074332,1.3562652424600616,1.6431210561359557,-0.5642319961102017,0.48816679348519887,0.9570369077925782,0.48816679348519887,-0.6685250488751505,,0.28151260252492144,0.7319341459267421,0.5193504446778694,-1.0102613263177809,-0.2866727915072718,1.3414902544814016,0.13062327974314958,0.22153536995650872,0.8317570827397613,0.7238252948646691,0.25621631572959347,1.395600848710339,0.8114359261284524,1.870780075962529,-0.5863295814945988,-0.5506279828841482,1.3471419526376176,-0.8318905059353395,2.8258380018659506,1.1232566267719477,0.7390107486680549,0.4842880011782303,-0.39460457938236465,0.02180162247496445,-0.24902102708104812,-1.520376484893091,-0.2581201811123377,0.4036538798428426,-0.030441877383458837,1.6484501250517243,0.8880460596378942,-0.2886389035471002,1.1844929294605506,-0.8505567589191841,0.9347511463023886,-0.6913337194207957,0.36539191172952745,-0.8159626129883998,0.8565117168507131,0.6331167413487657,-0.051917159581660655,-2.1839057700655933,0.6010408683357001,-0.16389790975160043,1.3658878305983846,1.5667023910822695,-0.7455235804810512,1.9643964464296244,-0.35460513387480463,0.3099449231248611,0.46287050668987034,0.2610817602294743,0.8981590473397644,1.2912906972102864,1.0113323865670443,0.4900208052971315,2.1286172112028483,-0.7830064153555394,-0.42051106986478365,1.464197030335153,0.9740182833366524,0.6616264132693327,-0.7878948044470656,2.137384700611289,0.9171985109197709,1.1377438804723152,0.7213371208046591,0.8010689304965143,0.5111037248798732,-0.46428706269029085,-0.15024444335119297,-2.0459158666320496,0.6496432611345516,-0.6654272289383767,-0.5624487961714372,-0.4252771523817234,2.6585240693080077,0.29829580318489685,0.14100904850026622,0.5024623778954914,0.2768170357315576,-0.6214937296711401,-0.8404971628683067,0.35975671573577966,0.8453563684954992,-0.0305256703537327,0.7387544837127112,1.8119585198021626,1.1432861479545278,-0.27307350575153444,-0.30099438117799643,-0.8141086011764671,-0.3162569684786791,1.8122633155230103,1.1080025958908892,0.16923918658821363,0.12213734494660287,-1.6264118448379474,1.1306023053607255,0.7080317850947021,0.9583797186569533,0.4162458544754966,0.5747899838948298,1.493436505950069,0.20082231242452453,1.2306355590570368,0.4933722959106972
12,-0.3353879525353365,-0.10158346296779841,-0.22346847533037698,1.3562652424600616,0.5931709314113948,-0.1608000898148266,0.7207274749278952,-0.2798053333281361,0.635604357598448,-0.3113354738648501,0.28151260252492144,,0.1871263625200298,-0.08245247891114107,-0.5247651712508892,-0.1620438979396678,-0.01646034563835125,0.21574639707259677,-0.18795038842208728,-0.37055210071187783,-0.4556752180413255,-0.14291291388301045,0.19329166525869995,0.23722516452593603,0.6602670399560259,-0.5431461187674551,-0.19343840787384728,-0.08405022576773061,-0.9862088476472946,0.43590371978477105,0.5567629751100137,-0.0160642478300077,0.04197530883848223,-0.6462962448817193,-0.27307350575153444,-0.4815817085237445,-1.2686848193937372,-0.3013036438394819,0.04770811295738342,0.10143028893422511,0.7589894430412109,0.40254990457100187,0.1536737887926479,0.10692473980441161,-1.065066234130529,-0.11237759455353004,-0.4587730379780993,-0.24716701526911547,-0.5438961553075465,0.16250735901161192,-1.0725757731015828,0.46411431481471255,-2.320416202677049,-0.43464371683208436,-0.3964585911942973,0.49821816656857304,-1.4981052647813555,-0.7536481662045977,0.21919815574111945,-0.48282551664858564,-0.3229887960552803,-0.25026483520588927,-0.43778804210950933,-0.04878078412353273,-0.8035121338647121,0.7548313266817557,-0.14291291388301045,0.22457702112827227,-0.5109399576746861,-0.37732760713763996,0.47039604965572435,0.415649217398266,-0.7108169046133062,-0.9401676658913335,0.12495174858922871,-0.10829539993116902,-0.18795038842208728,-0.7280956144539271,-0.3173609437505194,0.562358015394104,-0.7423529849963824,-0.33956561195279755,-1.9404179571211033,-0.3351106041966451,-0.1379914192691815,0.2595678063431592,-0.5727147164949726,-0.16239783667141613,0.003420674958398494,-0.08014729766960807,-1.412982147451908,0.06830883295934757,-0.07492693594528704,-0.6504980400903334,0.4526227115476991,0.12605572386106895,-0.6784293110677888,-0.06199159176217787,0.03914216418208017,0.05558759465498579,-0.5679486339780333,0.21919815574111945,-0.1620438979396678,0.02180162247496445,0.19169391840211042,-0.35412283878365025,-0.16881940436542994,-0.715486466146239,-1.939174148996262,0.31969570273785447,-0.012200314821861314,-1.2567752322479635,-1.0286422738343468,-0.9619001040214651,-1.0406201489067477,0.19204785713385877,-0.726989901586191,0.40700537045640833
13,-0.013362525701577425,-0.040417822816046174,0.5729359720828971,0.6795378568656841,0.4791385051555472,0.3107143587241906,0.9916451259766986,0.27807604066516944,0.8712628589779182,0.13407503841167176,0.7319341459267421,0.1871263625200298,,-0.48273051515579424,-0.7776056433822927,0.5234259431545322,0.23236674782050507,0.8771637594963099,0.7238252948646691,0.6979188043822501,0.6979188043822501,1.1402314967219975,-0.040417822816046174,0.6764400369289103,0.3538978214513353,0.21131867404351756,0.07553022987023161,1.6754222187215186,-0.5961527377245514,1.5396337745482316,1.3896703803174624,1.5366590042061723,1.1829211878643926,0.4030436761557517,1.0187004230911685,0.42895016663817065,-0.8090951548092645,-1.1254685935471092,1.6586806197838784,1.0030262008210205,1.1661379872044175,2.3322685837191446,-0.06755238676183238,0.31552794406941304,-1.0148362938908149,2.5510488829458464,-0.18785538692929538,-0.18670658029724557,-0.3082376539280758,1.5499058710027245,-0.5420421434956139,-0.056545988428722105,-2.3183592801037185,1.275661396766686,0.7238252948646691,0.6209930483242434,-0.4756392062830147,-0.6301680792690434,1.2335584666063093,0.46296550818266274,2.556672533000141,0.10701974129720301,1.1402314967219975,0.31776145007368195,-0.28542898338243067,0.7413753153230239,2.024856881401494,0.6715185423150818,-0.6219695654865522,-0.1608000898148266,0.8269754209789333,1.11794386087478,1.436215603338324,0.014881016634037337,0.934524788081888,0.8559214037768533,0.5510914439560923,1.6673133676594445,2.3699203481453686,-0.13742843566939708,0.23975099464345723,1.6234935406948303,-1.8311473596283778,0.6275559463491112,-0.21376187741171485,0.04796178363417531,-0.09399406785384201,0.733542128275532,1.660398028380683,0.809106915856949,0.0379746194478484,-0.27528145629521544,0.5321002927524349,-0.227131793802982,1.0301607647668072,0.5763877307514198,0.7826879829799483,0.6006695787863774,1.2249925178310055,0.768112732863654,0.09089157568452759,-0.5679486339780333,-0.7764568367502434,0.7238252948646691,1.0516566207240288,1.1554169505253846,0.8712628589779182,0.7656789507196461,-1.6794631689463049,0.5238640852623455,0.6380103766030059,0.7826879829799483,-0.4216150451366244,0.6081951217522304,0.6848369540380089,0.46296550818266274,0.2577137945312265,1.4995287542210236
14,-1.0724807716087914,-0.3082376539280758,-0.5263629181074787,1.7116008056584295,0.5672644409289768,-1.4093905559303848,0.4018948695237019,-0.26252836108341143,0.28151260252492144,-1.4877381668340703,0.5193504446778694,-0.08245247891114107,-0.48273051515579424,,-1.340300602720821,-0.7764568367502434,0.5763877307514198,-0.9191423069771502,-0.17636548761039236,-0.6290192726369936,-0.6290192726369936,-1.51364465731649,0.5763877307514198,-0.7356211574197806,-0.4815817085237445,0.06388110993026838,-0.24640019547073602,-1.1599068409747115,-0.3444610722251977,0.5778095855971003,-0.9854588111072027,-0.9697795857190665,-0.7948377842668088,-0.9238944008634925,-0.8979879103810731,-0.9843548358353619,-0.3938377595839852,-0.09340564475436379,-1.1255218260369972,-0.47134944031147336,-0.1620438979396678,-0.673306710635978,-0.9521777714413285,1.6424660210886561,-0.9435351604996992,-0.8819547462611895,-0.9250432074955418,-1.0983872620912105,-1.63517573094732,-0.5142200265827657,0.1951456770706326,-0.689479707608863,-1.9132676585138428,-1.9577345189926425,-0.6031127821545746,-0.9948188844823633,0.3939203863333081,-1.8799073520166512,0.4100037205857745,-0.868219195405405,-0.8090951548092645,-1.3944111969497586,-1.2458248262044598,-0.35835573183360364,-0.08708130775820203,-0.555027442366739,-0.7764568367502434,-0.36054440647766356,-1.2659096829998049,-0.8979879103810731,0.3846627286391857,-0.4325682109798466,-1.6404443220435414,0.03893349530452366,-0.005208843279295774,-1.4179565047056881,-0.09972945115586578,-0.22070410170543656,-0.5517756370051489,-1.109300250962752,-1.0134683003191618,-1.7549222905122388,-2.50301791496684,-0.19599879967142467,-1.2458248262044598,-1.0692242824880172,-0.6226736856478784,-0.10193740169954676,-1.2630569670889757,-0.6652687252755449,-0.490704998346188,-0.6337148394303576,-0.7948377842668088,-0.5788309341196176,-1.0339651328186839,0.7238252948646691,-1.0602815684356675,-0.873706062346116,-0.45488850762971444,-1.4045699427907123,-2.120671886014212,-1.4399258752598652,-1.8085197855429882,-1.192863038607572,0.31446880015778184,-0.5465978774359768,-1.63517573094732,-1.164574664911748,-2.50301791496684,-1.3666484562549968,-0.9236116951433465,0.13062327974314958,0.08663373036196542,-0.5983606882682323,-0.34722599475473637,-0.38277909045246045,0.5842626053090673,-0.859472271590966
15,0.4018948695237019,-0.1608000898148266,-0.5874335567664395,-0.7948377842668088,-1.2630569670889757,-0.13656307314007857,-0.18785538692929538,-1.2605759683316653,-0.3082376539280758,0.2003467111815147,-1.0102613263177809,-0.5247651712508892,-0.7776056433822927,-1.340300602720821,,-0.0933796104129339,-0.684278673497981,-0.4227190204084646,-0.040417822816046174,-0.9509496979779613,-0.8628237622045317,-0.6290192726369936,-0.9520985046100111,-0.7435454704775915,-1.447372984546647,-0.3784315824094797,-0.3938377595839852,-0.27528145629521544,-0.24716701526911547,-0.8464225483782256,-0.25919812204274956,-0.44109996792503003,-0.5863295814945988,-0.9238944008634925,-0.24716701526911547,-0.9250432074955418,-0.8090951548092645,-1.4203437217736075,-0.6290192726369936,0.05608636935772187,-0.8979879103810731,-0.3784315824094797,-0.7505503462678239,-0.9843548358353619,-0.4621646261672119,-1.343398422657595,0.8442075618634495,-0.9509496979779613,0.6697147006357316,-0.6616575906960148,-1.360395855405267,-0.6733515419961881,-1.5590809019475245,-1.2746572926553335,-0.9250432074955418,-0.7600556229239372,-1.5988913380340923,-0.9250432074955418,-0.6290192726369936,-0.8369172717221127,-1.2514078471490122,-1.0724807716087914,-1.0713319649767417,-1.3040517551720607,-1.0724807716087914,-0.29068763346972043,-1.0713319649767417,-0.8028570988174116,0.5034203531905048,-0.1608000898148266,-0.4066356861559987,-0.15274583498954644,-1.5748501257104643,-1.4147012730640487,-1.610893882912363,-1.1650210310814921,-1.2722699196318374,-1.0136180834935116,-0.9940883293448964,-0.7271786921223944,-0.8193672512637569,-1.533765944342365,-2.3123968881264463,-0.7425655933972778,0.08111325081478404,-0.18584270593336275,-0.3888691960803409,-1.0999850089478,-0.9071112002035161,-0.43146423570800685,-2.0802618723665796,-0.36164838174950376,-0.2914544532681004,-0.3432674342329388,-1.0069098357042152,-0.7505503462678239,-0.7971855676634907,-0.13651824177986954,-1.0607669296953877,-0.7333182053833077,-1.192863038607572,-0.535692302752682,-0.8305674309791808,-0.013362525701577425,-1.1869621380891804,-1.4744067248426171,-1.0454254744943228,-0.9483703921253055,-1.8269007330595541,-0.2803956464019965,-0.42110786930420824,-2.340556160512756,-1.6011155580426188,-1.5763130428320402,-1.67416407177398,-1.42666752817511,-1.201656483279014,-0.4171595792512179
16,-0.5307275632281608,0.3538978214513353,-0.3098354007846658,-0.03174347321814287,-0.0847052608150311,2.2562687562121404,0.3538978214513353,0.1595045405676295,0.255606112042502,0.7470646590866664,-0.2866727915072718,-0.1620438979396678,0.5234259431545322,-0.7764568367502434,-0.0933796104129339,,-0.3120535868205476,0.16588242941248285,0.6487729496778336,0.47809602134258705,0.45175883718381576,1.286520254203198,-0.4815817085237445,-0.19912513583653982,-0.7284597886778762,0.920302390863245,2.2367990302325054,0.7285773887510109,-0.7915873499101677,0.1673657757170434,0.7545902020525205,1.0278802400065905,1.8454390840159407,1.286520254203198,1.0156026031543937,1.4470314089030394,-1.1051190896678122,-1.1266174001791578,0.8171522647489807,0.7169462907460795,-0.18670658029724557,0.9744129850921824,0.4791801068778848,0.12009333188379724,-1.4682418176462202,0.09456926217351538,-0.973040255567909,-0.581022224564627,-0.4815817085237445,0.10143672035265108,-0.42051106986478365,-0.24902102708104812,-1.9069178177709112,0.5373894906651434,1.5333983343573288,0.1503969854066604,-0.8749341358094832,-0.6781651273414101,0.42895016663817065,0.16923918658821363,0.10143672035265108,-0.3832899991149112,0.10701974129720301,-0.6494149271676307,-0.973040255567909,-0.035180035077894405,0.28151260252492144,-0.05889377182540353,-0.6502529360643887,-0.6831298668659317,0.4105692191216052,0.27633623900856386,-0.24810351714697415,1.1827441648648331,-0.5529244436371982,-0.10705159180632784,0.6402668913369315,0.5358099028258166,0.35875623815676627,0.37961555798075164,0.806261886874456,0.49695481538572545,-2.2400116692000327,-0.024700225343443235,0.5931779592058452,1.2761774575682345,-0.5967671951654595,-0.3751526660124498,0.4074713991848309,0.8158824222827091,-1.0664735482713108,0.15343195028879472,1.191714428460413,-0.7596736360902674,-0.24381552465554976,-0.3341441444104953,1.0411551549050646,0.014735255225851479,-0.29767261864672173,0.12806781507419102,0.19329166525869995,-0.0014377417470329802,-0.209945944519243,2.481815917181214,-0.44595838463046206,-0.0011798903421729563,-0.03926901618399639,0.018005755302508454,-2.0273000847696916,-0.19100086859510712,0.7891991525119744,-1.0098021506010397,0.11259627095833198,0.0714066528961214,-0.6161946324988158,0.16923918658821363,0.08884786889695626,0.3459347317974475
17,-0.3573835086324922,0.8449256748191469,0.842514813514068,1.416725677431931,1.5452167954927836,0.22926892788373124,1.1169921325000003,0.8846725756865401,1.1169921325000003,-0.013362525701577425,1.3414902544814016,-0.01646034563835125,0.23236674782050507,0.5763877307514198,-0.684278673497981,-0.3120535868205476,,-0.17698974688638214,0.18322089311608816,1.0419397873131648,1.0156026031543937,0.20149551781356448,2.3153774737905626,-0.04757919155795004,0.8945022231999157,0.009770515701330878,-0.26849075306068315,1.0397503898688596,-0.39460457938236465,1.8074536056602624,0.23226042500141492,0.5416030223816295,0.11259627095833198,0.7912457742665617,0.45175883718381576,0.37980431193375425,-0.6616575906960148,1.4149853379226223,-0.21376187741171485,-0.023339349756940214,0.13407503841167176,0.15720807981458007,-0.23210122320594215,0.932333497636879,-0.4623718292844414,-0.3113354738648501,-0.06250838040599382,-0.23585243500166198,-0.25909179922365994,0.6610338597544048,-0.49289628879119746,0.07176059162786974,-1.301426844470898,-1.0731091343131467,0.47809602134258705,-0.3619240457640845,0.3717651076466085,-1.2420088933119884,1.29462910526527,-0.09972945115586578,-0.21934489835626728,-0.18713727397359786,-0.6290192726369936,0.00079576425723595,0.5272418760470035,0.12953450128007998,-0.03926901618399639,0.8849482397011214,0.006696050938706222,-0.06747311993051493,0.5812461474568513,0.7247770232394478,-1.2347718230310238,-0.7563221454767012,0.7619938479347097,-0.9324603496387958,0.8951124268870071,-0.20022911110838007,0.426176717558659,-0.4224242602090382,-0.8906036635581214,-1.1135438095925647,-1.4349777035490636,-0.13697364128015105,-0.0884148708884128,-0.7287318131702285,-0.14313992255825841,1.2346407537859554,-0.20818534775058536,-0.5129096665484663,0.2692914927657036,1.5611515165758707,0.23722516452593603,-0.6551149029815264,0.12344482249736297,2.3456385001104123,-0.9637541158333978,-0.8957966199360636,-0.04783496495929964,-0.8045546176776718,-1.255177485391374,-0.4324358538193281,-0.727310982045827,0.10701974129720301,0.9761735818608411,0.7215363537840798,-0.3082376539280758,-0.21723814336868236,-0.8583960391754525,-0.438943210406971,-0.677002916461694,0.6208380186624723,-0.37967539053432087,0.04550016241370243,-0.5217188559824543,0.10877875161634426,-0.3374316593229078,0.025153113088529664
18,-0.3023367534096842,0.2382676483388967,0.8681650390411444,-0.230994018296231,-0.4999626560403104,0.31403810648143005,1.4890045735392552,-0.9311157977743771,1.4890045735392552,0.11788538134011625,0.13062327974314958,0.21574639707259677,0.8771637594963099,-0.9191423069771502,-0.4227190204084646,0.16588242941248285,-0.17698974688638214,,0.2382676483388967,0.733542128275532,0.6352504188666992,1.0234525169775093,-0.5058095561570595,1.2764764007922824,-0.0036456922907139692,0.35760743152471697,0.569597027516887,1.2199745736633774,-0.754815219384835,0.42922583065275083,1.5382567510627603,1.4257679767174654,1.779021285060321,0.2862646964112633,0.31446880015778184,0.48471503481667616,-0.8826880560256577,-0.6646063266966459,0.9301255470931976,2.043405531592954,1.0516566207240288,1.5371079444307114,-0.22136502535653288,-0.7056693646804191,-0.6816162299060612,0.5957446426285433,0.06873952663569935,-0.9374169316746265,-0.4227190204084646,1.9677715168304948,-0.5582318005671694,-0.38674175778343384,-2.5311323559929404,0.45964791356885887,0.5331427765653951,1.1593241645954715,-0.987669991288754,-0.12565857576507783,1.6181675129550281,0.24002665865803793,0.6408334398112511,0.5601980736798639,1.5640569187260895,0.3838150748053519,-0.5701565845217138,1.865339503671928,0.87601495286426,0.7634171660702901,0.15839848816896748,-0.27528145629521544,0.506193802270016,1.8221754838081656,0.12871279061276308,-0.26741744874492135,0.2859403255540012,0.8266428926329813,-0.4480153072037926,0.8453563684955002,1.4155768707998813,0.13436979861109863,-0.1605244258002459,0.45558255786952856,-2.3477175292546604,1.855934090559163,0.3895211453446177,0.5313225133560168,0.38731695210310674,0.19329166525869995,0.3846627286391857,1.5573153264240505,0.21398580030393963,-0.07567697248537945,0.9926876097896578,-0.3638396721945137,2.1926414948399167,0.1399759389300639,-0.4743934210501428,1.6613061443219632,0.6072508032696705,2.16038632165887,0.6321525989299254,-0.15108325640396317,-0.34766667522162875,0.31446880015778184,0.37980431193375425,0.39370502792472,0.8501084623818411,2.2147012844011607,-1.9413820995399427,2.4193727247723706,1.7354088371717227,-0.5307275632281608,-1.2994649233903588,-0.4324358538193276,-0.2597999253888163,-0.5582318005671694,0.24062929060159,2.6078988900651954
19,0.13407503841167176,0.37980431193375425,-0.5442500940392948,0.23722516452593603,0.21131867404351756,0.04585410114545077,0.7238252948646691,0.22172398585863962,0.9204087136823357,0.47809602134258705,0.22153536995650872,-0.18795038842208728,0.7238252948646691,-0.17636548761039236,-0.040417822816046174,0.6487729496778336,0.18322089311608816,0.2382676483388967,,0.1573144026336692,0.13097721847489793,0.49637064604006337,0.08492918370725587,0.11786226196570292,-0.2849982897060789,0.4791385051555472,0.7144263410276458,0.7297261953830606,-0.006481748102872048,0.7633866060816545,0.9693689787363444,0.12159499141349844,0.11259627095833198,0.49637064604006337,2.221009606542808,-0.4065293633369091,-0.9565327189225137,-1.2729061576603584,0.46923608209427664,0.6910398002636606,1.247109715257569,0.506193802270016,0.5860583254134561,0.6218929716148149,-0.8231528935009188,0.4791801068778848,-0.1608000898148266,0.45218953086016805,-0.6522586368589911,0.7856627533220099,-0.8860631264265286,0.3666357198543686,-2.1217758612860527,-0.16845837817908654,0.5763877307514198,0.2910442606569617,-0.8957966199360636,-0.9521777714413285,0.0590226932248364,0.861032364245764,0.474659459482835,-0.4556752180413255,-0.03926901618399639,-0.982121329831093,-0.06128354974713424,0.16311495818893065,0.5504812402690009,-0.25929312353554046,-0.6711154201909686,-0.48273051515579424,0.4829544380480185,0.2554737548819835,-0.16253853643829408,0.2832483629038276,0.13691972071562772,0.18956101381441537,0.3917290958882982,0.7840822612648134,0.480287311787597,0.06240573202471947,0.2901216800067332,-0.33085074816292265,-2.3183592801037185,0.9553840425705975,-0.06632431329846515,0.9464091522520021,-0.3397233413759245,-0.14144317793770364,-0.20818534775058536,0.2865926008015823,-1.0923800387537297,-0.25247278574957027,0.44573336729814655,-0.30604636348306635,0.31996352021827706,0.28151260252492144,0.7276168089462257,0.6879160094002353,0.4963350230503728,0.7115699229265348,0.07176059162786974,0.3011113529058971,-0.03926901618399639,1.11202739297548,0.01959367193128346,-0.34785226487203585,-0.013362525701577425,0.4137975322508874,-2.1217758612860527,-0.21448971041201753,1.089704532451843,-0.09710210436852862,0.03439359710761844,-0.15108325640396317,-0.05235086652823749,0.41138743777006515,0.15805925241582686,0.4404105083138095
20,-0.4815817085237445,0.7470646590866664,0.8696651121213281,0.263131655008356,0.06273230329821809,1.2512611045338637,0.9927939326087485,0.039122273568849064,1.0910856420175812,-0.1375607255928297,0.8317570827397613,-0.37055210071187783,0.6979188043822501,-0.6290192726369936,-0.9509496979779613,0.47809602134258705,1.0419397873131648,0.733542128275532,0.1573144026336692,,3.990260375901799,2.942348800993431,0.6606977336323782,0.5812461474568513,0.33065845722933734,0.6271862729558878,0.9369162503277303,1.259016016864189,-0.32221936045595084,0.9045535962832899,0.3614233644171888,1.0194787231777493,2.055191094912993,2.794911236880182,0.4258523467013968,1.8282734625838273,-1.2255013566665927,-0.44874120795273104,0.5222771365224823,0.4933722959106972,0.9927939326087485,0.6795378568656841,-0.18187128296622745,-0.17478179634270113,-0.46835593324750885,0.5368819545132629,-0.18670658029724557,-0.11165423511041021,-0.2849982897060789,1.2538819361441773,-0.518802779273617,-0.3341441444104953,-2.4425574799949703,-0.11343140444681474,2.13507337476487,0.40117026528458094,-0.4767232918183135,-0.3341441444104953,0.8712628589779182,-0.42051106986478365,0.39631184857915,0.6979188043822501,0.28151260252492144,-0.21902701878242706,0.3538978214513353,0.49946197469341425,0.5763877307514198,0.5308564846275937,-0.043533889301008474,-0.21376187741171485,0.9020277661657696,1.4117349035659805,-0.17680238375585863,0.23212664691254767,0.5913169195994631,-0.16936603859012986,-0.40858628591023916,0.9560320375756175,1.390819186949511,-0.5709459098575862,-0.5698220448492035,-0.20301193443064908,-2.245974061177305,0.5650500311095535,0.13407503841167176,-0.7879484400172562,-0.11723343207583893,0.6839655798947643,0.7023465274113292,0.16506152717075254,-0.7715984200448118,0.6185533131741885,1.9417688723442348,-0.6613819266814346,0.29678887709303164,0.8453563684954992,-0.6429724971244799,-0.230994018296231,0.7775737928731683,-0.04146030662900633,-0.01646034563835125,-0.4065293633369091,-0.7014044915634075,0.9657386354942796,0.8318338376843658,-0.381178135898119,0.5504812402690009,0.48910742279368563,-1.7324249565431926,0.48753396197768806,0.12331246533684394,-0.6166353129657086,-1.446902487503608,-0.8132187317833742,-0.6161946324988158,-0.12563594163828526,-0.605156488942146,0.7882474241371956
21,-0.4815817085237445,0.5504812402690009,0.8696651121213281,0.263131655008356,-0.05764996370056235,1.1661379872044175,0.9927939326087485,-0.0460008437605981,0.9927939326087485,-0.16389790975160043,0.7238252948646691,-0.4556752180413255,0.6979188043822501,-0.6290192726369936,-0.8628237622045317,0.45175883718381576,1.0156026031543937,0.6352504188666992,0.13097721847489793,3.990260375901799,,2.9100924697680806,0.6343605494736069,0.55490896329808,0.3043212730705666,0.7153122087293164,1.0088707755777928,1.3471419526376176,-0.42051106986478365,0.8782164121245186,0.4333778896672508,1.107604658951179,2.0323824243673476,2.762654905654831,0.5504812402690009,1.9002279878338897,-1.2255013566665927,-0.44874120795273104,0.4900208052971315,0.4933722959106972,0.9927939326087485,0.6795378568656841,-0.3341441444104953,-0.27307350575153444,-0.5006122644728597,0.45175883718381576,-0.18670658029724557,-0.1379914192691815,-0.3113354738648501,1.133499669145397,-0.5451399634323877,-0.3341441444104953,-2.4425574799949703,-0.139768588605586,2.108736190606099,0.3748330811258102,-0.5030604759770843,-0.3341441444104953,0.8712628589779182,-0.42051106986478365,0.39631184857915,0.6979188043822501,0.28151260252492144,-0.21902701878242706,0.4258523467013968,0.49946197469341425,0.5763877307514198,0.44573336729814655,-0.06987107345977922,-0.12563594163828526,0.8756905820069985,1.3853977194072093,-0.25293881447799277,0.13383493750371436,0.506193802270016,-0.25448915591957705,-0.33663176066017764,0.8314031440080135,1.390819186949511,-0.6470823405797199,-0.5961592290079744,-0.3013036438394819,-2.4425574799949703,0.4127771696652862,0.13407503841167176,-0.8107571105629019,-0.21552514148467222,0.6611569093491192,0.8269754209789333,0.07993840984130537,-0.7979356042035831,0.5106215252990951,1.9417688723442348,-0.7596736360902674,0.19849716768419834,0.8453563684954992,-0.6657811676701251,-0.230994018296231,0.7775737928731683,-0.06779749078777708,-0.18670658029724557,-0.4328665474956799,-0.7277416757221787,1.0538645712677082,0.8054966535255935,-0.5015604028968994,0.5504812402690009,0.4627702386349144,-1.8528072235419737,0.33526110053342023,0.09697528117807268,-0.6429724971244799,-1.5320256048330558,-0.8132187317833742,-0.6161946324988158,-0.12563594163828526,-0.701693614790863,0.7882474241371956
22,-0.4815817085237445,0.3759883790412824,0.826481649394184,-0.03174347321814287,-0.3525250919270612,1.9805246120423,0.255606112042502,-0.23662187060099196,0.3759883790412824,0.49637064604006337,0.25621631572959347,-0.14291291388301045,1.1402314967219975,-1.51364465731649,-0.6290192726369936,1.286520254203198,0.20149551781356448,1.0234525169775093,0.49637064604006337,2.942348800993431,2.9100924697680806,,-0.3001288028660032,0.461861532910822,-0.06747311993051493,0.44573336729814655,1.3742642031429577,1.7283840063184053,-1.0102613263177809,0.801297147349935,1.4155768707998813,1.575213638086254,2.284074089866702,2.6405136283369104,0.7589894430412109,1.7029264560605257,-1.81525161311959,-0.5961787720659807,1.461013115430916,1.0208081055798919,0.5504812402690009,1.7116008056584295,0.05397868686899733,-0.5679486339780333,-1.1514331595848177,0.8940715295235634,-0.7764568367502434,-0.36234824815701383,-0.06632431329846515,1.133499669145397,-0.32718409998047193,-0.5086370056382132,-2.4425574799949703,0.876445734071538,1.9707462871725563,0.8605295088584376,-0.9019894329239525,-0.18670658029724557,1.0187004230911685,-0.12563594163828526,0.8386245409188975,0.8453563684954992,0.7238252948646691,-0.07158945466917788,-0.06632431329846515,0.7511536401927684,1.0187004230911685,0.6974250327974998,-0.414610169346392,-0.7764568367502434,0.38351392200713647,0.9864687624603415,0.5693721234177014,-0.08223149774388501,0.16813521131637238,0.8818278942592733,-0.09162060009379316,0.8748661462322113,0.9485064946097636,-0.2589595093002273,-0.2307658014428094,0.8851569134965355,-1.9230459833835865,0.16796628176463738,0.2544573054104527,0.13493891277555511,-0.684893130938889,0.2799148556683314,1.1829211878643926,0.3316300753406596,-0.2851046125251685,0.571692163958056,2.3071622999094,-1.2290416255444843,0.7611921270227269,0.255606112042502,0.07016284477128021,0.21131867404351706,0.43951520191952476,1.1551660243424153,0.6547353416551058,-0.15384004538480378,-0.24196598115823287,1.8774193172882445,0.4337022605245125,0.615625663225292,1.2876690608352468,0.4553537081177344,-1.8528072235419737,0.5632982243019999,0.7842991340842053,-0.1301415054460653,-1.2371504766065569,-0.5183436035568759,-0.4687570683855666,-0.42051106986478365,0.19437154694979292,1.230560116476943
23,-0.6522586368589911,0.5807542822305749,0.6531375947985159,1.1218505492054327,1.9282178594927115,-0.21500568553655602,0.8221170042735019,0.9911681376502364,0.7238252948646691,-0.4065293633369091,1.395600848710339,0.19329166525869995,-0.040417822816046174,0.5763877307514198,-0.9520985046100111,-0.4815817085237445,2.3153774737905626,-0.5058095561570595,0.08492918370725587,0.6606977336323782,0.6343605494736069,-0.3001288028660032,,0.11534372201338985,0.8403916289709782,-0.285104612525168,-0.26849075306068315,0.5904776530990888,-0.29631286997353135,1.5547642877081571,-0.00850410899614595,0.2351258946083324,-0.09715573993871923,0.2896214535869941,0.1568837089573174,-0.0014377417470329802,-1.2514078471490122,0.9116020069239128,-0.3882547386394328,-0.36807844564355297,0.13407503841167176,-0.08355645418298081,-0.23210122320594215,0.969554568386751,-0.31464779522264574,-0.3964585911942973,-0.3573835086324922,0.1573144026336692,-0.5420421434956139,0.28403843264244166,-0.6031127821545746,0.07176059162786974,-2.141871113970499,-1.1292758254039086,0.08492918370725587,-0.2636323363552517,-0.3974572952931938,-0.9135296254891878,1.0538645712677093,-0.3082376539280758,-0.5142200265827657,-0.23524223131457103,-0.9238944008634925,0.29567089248373485,0.7357500788192125,-0.16534062694641838,-0.3341441444104953,0.2964417913729647,-0.17965687314680467,-0.06747311993051493,0.08978760041268684,0.5453048767526428,-1.0722684668546014,-0.6023042748460398,1.0159269740116563,-1.0175834669682429,0.7729711495690864,-0.20022911110838007,0.1854121835610981,-0.4764701333412248,-0.9025284475126654,-1.2729061576603584,-2.0055969759454038,-0.25911491859807273,-0.3832899991149112,-0.6892260369320716,-0.5363067601935901,0.8988236234099052,-0.5030604759770837,-0.8929079121044122,-0.6753636332093097,0.7470444312350409,0.08978760041268684,-0.699213201118398,-0.5645971433644676,1.669521318203125,-0.9990342393159966,-0.8957966199360636,-0.028703980902642298,-0.9028463270865046,-0.9603023571648751,-0.23585243500166198,-0.5307275632281608,-0.18785538692929538,0.6212687123388246,0.059280544629696424,-0.39460457938236465,-0.5112840661786194,-1.5843771887428526,-0.720290690076235,-0.7872194098250712,-0.237450181858252,-0.20818534775058536,-0.18502793744814167,-0.19978843064148719,-0.013362525701577425,-0.25395364690159616,-0.26972201513796873
24,-0.968181838862477,0.837046193121545,0.4842880011782303,-0.18670658029724557,0.06383627857005884,-0.3297164213814156,1.7899484165621156,-0.5919532315488932,1.8882401259709483,0.1621728193391012,0.8114359261284524,0.23722516452593603,0.6764400369289103,-0.7356211574197806,-0.7435454704775915,-0.19912513583653982,-0.04757919155795004,1.2764764007922824,0.11786226196570292,0.5812461474568513,0.55490896329808,0.461861532910822,0.11534372201338985,,0.9480758009334113,-0.08360128554319086,0.4041324546188213,0.7948048764983869,-1.1036946190211816,1.1886079158270846,1.8292711150365784,1.4815059261642736,1.0575422577566955,-0.275326287655425,-0.06074778363733567,1.4399650416539285,-1.6468248508872838,-0.6561454354531013,1.5100526473162428,1.6196833214696615,1.4891108963583448,0.9755169603640232,0.6093208090098668,0.07580589388481282,-0.7140781789751419,1.1637902038077346,-0.673306710635978,0.17491071774213401,-0.7715984200448114,1.8916766878306992,0.25922072062309226,0.2341273445891627,-2.5576372251025985,0.17656130885072574,0.0698435019075401,3.0704709194281654,-0.08719004022955372,0.1001777291163897,1.1769587958871204,-0.8088194907946833,0.859613739037954,0.6536313663832651,0.3846627286391857,0.41501067566955513,0.3455876460773811,2.199775623756609,0.9744129850921824,0.4900208052971315,-0.35519221818748326,-0.7003620077504473,0.8513187604727714,2.685893539834237,0.6876726788544066,-0.4829644916602195,0.6092671734396767,1.1527136217236824,-0.12077752493285326,0.9040603477466209,0.5072977775418567,0.28003208296504933,-0.2078508080780746,0.9452929776111422,-2.093678080358624,1.0221772156683078,-0.26740197459761356,0.6215390431142871,-0.5152586864166026,0.7510616884393944,1.4838217859765612,0.5665385401800379,-0.6781651273414101,-0.034841293154917206,0.19329166525869995,-0.9238944008634925,1.7531375094407065,-0.12673991691012548,-0.6008083724099063,0.8453563684954992,0.6989965941111133,1.4910247564408032,-0.4407460291932817,-0.21825611989319768,0.07661900833330121,0.009770515701330878,0.13893345511710323,1.1697412744587097,0.6536313663832651,0.8654910597690408,-2.071587522768676,1.1305152443955782,1.3674572957948101,-0.17918103733139207,-1.4739161828957388,-0.45369928600490317,-0.6965360880674354,0.44681745283344537,0.22707799649654842,1.9849800779277063
25,-0.8256026914546593,-0.21304376445601683,0.38909045166826545,0.7054443473481041,1.4236857218619534,-1.0717626586530935,0.3538978214513353,0.27168295501154593,0.3538978214513353,-0.27307350575153444,1.870780075962529,0.6602670399560259,0.3538978214513353,-0.4815817085237445,-1.447372984546647,-0.7284597886778762,0.8945022231999157,-0.0036456922907139692,-0.2849982897060789,0.33065845722933734,0.3043212730705666,-0.06747311993051493,0.8403916289709782,0.9480758009334113,,-0.7015108143824971,-0.9797720831445101,1.1167794868618208,-1.661082221429739,1.9197270215969697,1.1427923001633316,0.1432548553270938,-0.008934802672497225,-0.8046609404967614,-0.3113354738648501,-0.0884148708884128,-1.962689177232839,-0.6843047078394098,0.5493324336369511,-0.16767909393341557,1.2876690608352468,0.7728648267499958,-0.11057014957511192,0.9927939326087485,-1.4582977928626122,0.9916451259766986,-1.1204778196811582,0.23236674782050507,-1.6119363667253226,0.6869403502368248,0.6606977336323782,1.0779170499381945,-2.408542138450479,-0.5438193128320183,-0.5798734179325777,1.2857956499640777,0.9771913598498716,-0.3832899991149112,1.11202739297548,-0.4815817085237445,0.5437494126923992,0.5241440561102296,0.42895016663817065,1.237215290746158,0.26753089599704644,0.8926288123287454,0.7238252948646691,1.6480425507497851,-1.2841050408659633,-0.8305674309791808,1.612160289617548,0.8870110779433922,0.3518772340381778,-1.4676034755605287,1.918254996618706,0.5678217819761171,0.8945022231999157,-0.0268850565127114,0.3046456439278287,-0.05497915655796455,-1.1469241579045366,0.4526744051811899,-1.6706362049285348,0.7124875952228037,-0.8860631264265286,-0.16205952873535556,-1.1492963808685843,2.0960267742434553,0.55490896329808,0.10274708038695052,0.7362668674630289,-0.4135096356185574,-1.0638064220108876,-1.3122028217933923,0.10020545827536605,0.5971447252111567,-0.8767769866920174,0.23589160139572526,0.8003824634188135,0.6142260329828336,0.10692473980441161,-0.6403338529044471,-0.050583596451449886,-0.6560745697514624,1.1495176364565094,0.7558749398649406,0.5504812402690009,-0.10496472743197452,-2.063803042563866,0.2979753086867963,0.9084023324826646,0.5594980785310324,-0.2926982613929416,-0.0760309112171278,0.8184775681215446,0.6115518789279617,0.6582233331684555,0.19849716768419834
26,-0.5529244436371976,0.06388110993026838,-0.812114756511534,-0.18670658029724557,-0.4556752180413255,0.3144239687975723,1.068888761608545,-0.3630702365951842,0.9485064946097645,0.3046456439278293,-0.5863295814945988,-0.5431461187674551,0.21131867404351756,0.06388110993026838,-0.3784315824094797,0.920302390863245,0.009770515701330878,0.35760743152471697,0.4791385051555472,0.6271862729558878,0.7153122087293164,0.44573336729814655,-0.285104612525168,-0.08360128554319086,-0.7015108143824971,,0.6580655806957673,0.23722516452593603,-0.6122360719770177,-0.03904079933057476,0.20149551781356448,0.4273524197815811,0.46411431481471255,1.6252338802041402,0.8621395691554752,-0.7003620077504473,-0.7621994662077877,-1.0552746650657048,-0.05764996370056235,1.0109056825186213,-0.08355645418298081,0.13407503841167176,-0.5258691465227289,-0.16992337963726967,-0.2835909755652981,-0.1822788572681664,-0.25804931541069925,-0.8489483784957468,-1.0222924330914145,0.859613739037954,-0.5459643992071748,-0.006357649911345052,-2.339407353880706,-0.31983797949443343,1.8671472208337527,-0.30173886316304027,-0.44244459969968825,-1.4375498283166939,0.08978760041268684,-0.022485815524020472,-0.025011645641541163,-1.4375498283166939,-0.4999626560403104,-1.2338578266906561,-0.8477995718636965,-0.11623960360221154,0.08978760041268684,-0.7326631703360077,-0.3110111030075875,-0.2309940182962305,1.08612090249306,0.7088257751183593,-0.9149059407760626,1.309368809455843,-0.7764568367502434,-0.7999519743735893,0.42678692124575096,0.6513337531191666,0.4030436761557517,-0.06723450718799268,0.43032719012364207,-0.2840715029549662,-2.9723410730608477,0.802003976216619,-0.11176055792949985,0.9164141713407865,-0.318675267598937,-0.5604230910121792,-0.5420421434956139,0.5233550774528937,-0.8305674309791808,-0.5863295814945988,0.7659494874712333,-0.27307350575153444,-0.05209052254331513,0.06388110993026838,0.4525088737239077,0.22855081492803322,-0.40082274476098595,-0.247866881676625,-0.968181838862477,-0.6744555172680283,-0.8489483784957468,-0.08355645418298081,-0.5270179531547792,-0.8144625399082154,-0.8207442747492277,0.8215715714576864,-2.486844917993955,-0.5787956282037156,0.2388363156301929,-0.5011114626723592,-0.056545988428722105,-0.03174347321814287,-0.7193447586130806,-0.022485815524020472,-0.05621614327772054,0.5376597339096821
27,-0.7649140396293688,0.5178429222099792,-0.31545905083896036,-0.3224950244705315,-0.31988677386803954,1.8215416350072264,0.6111698920942908,-0.6031127821545746,0.7094616015031237,0.026384375165815217,-0.5506279828841482,-0.19343840787384728,0.07553022987023161,-0.24640019547073602,-0.3938377595839852,2.2367990302325054,-0.26849075306068315,0.569597027516887,0.7144263410276458,0.9369162503277303,1.0088707755777928,1.3742642031429577,-0.26849075306068315,0.4041324546188213,-0.9797720831445101,0.6580655806957673,,0.19852074747150353,-0.354857678514972,-0.2542333825182279,0.6112762149133815,1.2223632758956644,2.300079205884664,1.3742642031429577,0.09833890041587676,1.5727145415483696,-0.7996962009722403,-0.7991039538936389,0.4453929821868154,1.1900989020111366,-0.21934489835626728,0.5647386108114566,-0.17026376474860186,-0.15827425969730644,-1.059483213185977,-0.10831529054440013,-0.8090951548092645,-0.5374593908047626,-0.7108034454004313,0.42895016663817065,-0.846316225559136,-0.7731178921842332,-2.1803206698274926,-0.03164723168337716,1.424558864479423,0.12161347376142276,-1.3508656371254866,-1.103970283035763,0.642041122101232,-0.354857678514972,-0.1608000898148266,-0.5142200265827657,-0.08531752752413152,-0.45845515840426015,-0.21934489835626728,0.34515695240102884,-0.0460008437605981,-0.3079619899134951,-0.46029775020526115,-0.5412753236972344,-0.07676575094844905,0.39015499414555727,-0.22209889555268397,1.2856919032657792,-0.5555452752475102,0.010709843582140511,-0.2565659691061392,1.1361079197478874,0.5388321203290366,-0.2434324635720667,0.9371919143423105,-0.022936052258378692,-2.684947808951043,0.530538605053754,-0.0951466984650145,0.548819284515363,-0.2092240075844218,-0.7577717431787084,0.14523458901735317,-0.1594897297805272,-1.4270020678476203,0.015824033688921078,1.7637214307049074,-0.34579326435045904,0.37857304985646817,-0.07190733424301758,0.7932949196847893,0.24395699210253824,-0.18587357523552508,0.33519899436092965,-0.5142200265827657,-0.43916768139592977,-0.6357511002135954,1.9381079691135357,-0.609903485389107,-0.24354969086878356,-0.36678246246951646,-0.07232640937295384,-2.1803206698274926,-0.3803984018655303,0.7457010398488629,-0.8788721231331869,-0.6147619020945384,-0.6822887043155208,-0.5835563144397952,-0.354857678514972,0.1113418895066331,0.7938304450817475
28,-0.0074616251831858,0.8153084647928592,1.477046279550799,0.35875623815676627,0.3846627286391857,0.7735198617972963,0.5822886312698115,0.2757195517431398,0.46190636427103104,0.7637415369275528,1.3471419526376176,-0.08405022576773061,1.6754222187215186,-1.1599068409747115,-0.27528145629521544,0.7285773887510109,1.0397503898688596,1.2199745736633774,0.7297261953830606,1.259016016864189,1.3471419526376176,1.7283840063184053,0.5904776530990888,0.7948048764983869,1.1167794868618208,0.23722516452593603,0.19852074747150353,,-0.7428904354302915,1.7511991681474735,2.368771541513319,2.246788298020077,1.451889825608471,0.69632105752566,1.1127272593829887,0.6433592699287723,-1.3962371606597703,-0.34267590135567827,1.6852005435912611,1.106388684986916,1.346531748950527,2.4557486706546987,0.2281018747034935,-0.21421081763625457,-0.4409309627398178,1.6037551127508003,-0.3023367534096842,0.18376960534429904,0.02655371636130629,1.4661471961509267,0.17399128047455548,-0.17102735490911042,-2.1429302578821297,0.9138980035589646,0.4348510671565623,1.2858840525098316,0.15483119971916304,-0.04290463976553258,2.1096260599991923,0.7314852057022019,1.6262329036618406,1.3552508036996906,1.3903254153647628,0.33864183889978183,0.34848414170227393,1.422308698376483,1.537762979478012,1.4346128533637468,0.3230265914443947,-0.27528145629521544,1.9264588491735704,1.4903010336835891,1.022017352024677,-0.4944032148830632,1.093646445458914,1.3923406704154917,0.3824994832467655,1.1742468382664897,1.7985779347998092,0.31859154397964645,-0.2248007936645871,0.7251613993006994,-2.1320031263803365,1.0979830797149581,0.3312071694575482,0.35983247057228074,-0.27438782959995206,1.14719154115202,1.3303587519776416,0.6462035847099219,0.5649668276648773,0.8709085258457081,0.8010689304965143,-0.8552982192386777,1.0131409819339223,0.5229770029299918,0.27349328797431816,0.9732641784601337,1.4965947718015977,1.2978514945693227,0.8178521311564912,0.09740267989001067,-0.11110552288219935,1.0516566207240288,1.2001533287489088,0.851638103336511,1.9109857186081953,0.7184214453434222,-1.7328738967677328,0.8535005254734734,1.671132469307382,0.6455672204724527,-0.48207548010849427,0.014567570274963837,0.5044431922918994,0.35024315202141465,0.9154143835452269,1.602891238386919
29,0.16809037995616385,0.09685396766179981,-1.221611084071422,-0.7337671456078485,-0.8477995718636965,-0.9251382089883338,-0.028493038861501733,-1.0441434525016438,-0.12678474827033454,-1.2792299640618603,-0.8318905059353395,-0.9862088476472946,-0.5961527377245514,-0.3444610722251977,-0.24716701526911547,-0.7915873499101677,-0.39460457938236465,-0.754815219384835,-0.006481748102872048,-0.32221936045595084,-0.42051106986478365,-1.0102613263177809,-0.29631286997353135,-1.1036946190211816,-1.661082221429739,-0.6122360719770177,-0.354857678514972,-0.7428904354302915,,-0.9397495182625373,-1.176079837947596,-1.0561465111733552,-0.8231368895061193,-0.42051106986478365,-0.689479707608863,-0.8141086011764671,-0.02772621906312229,-1.6541482113411456,-1.1847541875454994,-0.5748276380966223,-0.7165350047233318,-0.9341664973179848,-1.0065748356188124,-0.4497128260640538,0.2597501992186322,-0.7819472714439082,0.1459998223662162,-0.7273109820458264,-0.028493038861501733,-0.6005869520370545,-2.126634277991484,-1.046669282619164,-2.2081427867403414,-1.7492263162204325,-0.689479707608863,-1.2699485172551204,-1.8667889300698484,-1.5368840215384867,-0.9119696169089481,-0.2640565387481805,-1.0699549414912712,-0.8249924877675683,-1.086462478136666,-1.4778265034440812,-0.35142111665522047,-1.0512098197507558,-0.8898790593190005,-1.1779338497595282,0.19304897502421764,-0.013362525701577425,-0.7829130003122644,-0.7155185552518011,-1.410327057808244,-0.6461056521133245,-1.118717222912501,-1.1933201363208026,-1.340300602720821,-0.2077873435837689,-0.665197859573906,-1.1878464649178437,-0.6016909273088947,-1.6601106033184172,-2.5149426989213843,-0.25911491859807273,-1.0594071810221972,-0.9407174297656902,0.43219793369051207,-1.3678048400598302,-1.6442990207697636,-0.8090286028998063,-2.5548308959316786,-1.1383419785539075,-0.6133848786090675,0.3819956023787637,-1.1424226158629205,0.020652815842914663,-0.8212380463339776,-0.6872884171638536,-0.5082377439922623,-1.1908406777142975,-1.2564212935162151,-1.021267724650892,-1.4093905559303848,-0.9843548358353619,-1.246273766429,-1.6136404364010022,-1.0724807716087914,-0.9128829994123939,-1.9673782527427806,-1.0991150950915132,-0.8867549273587452,-1.984610393627296,-0.8953089279909823,-1.4169506947642465,-0.8868327440505667,-0.706448497919246,-1.6755194580237174,-0.9458391970452549
30,-0.25170755240070725,0.10423821448475197,1.2308384312527383,1.9058516378881838,1.9317581283706038,-0.1809018337826955,0.9277929605052873,1.2379861896353894,0.9277929605052873,-0.20256169769629084,2.8258380018659506,0.43590371978477105,1.5396337745482316,0.5778095855971003,-0.8464225483782256,0.1673657757170434,1.8074536056602624,0.42922583065275083,0.7633866060816545,0.9045535962832899,0.8782164121245186,0.801297147349935,1.5547642877081571,1.1886079158270846,1.9197270215969697,-0.03904079933057476,-0.2542333825182279,1.7511991681474735,-0.9397495182625373,,1.3041765974806425,1.6464512951766181,0.6017222314145851,0.0641093267836895,0.5574347934156012,0.48548026816553974,-1.3235174020608458,0.29273881658177436,1.1232275726909031,0.5600675572365477,1.9208758282290184,1.489445436030855,-0.040058341519868326,1.480322146208411,-0.9219480721339979,1.329976765143973,-0.5465826806272056,0.008003427649249769,-0.7431660994448717,1.3643740935221327,0.7922801803465835,0.26380347331394355,-2.0361951577387134,0.2702942637922342,0.28889684934787313,1.4478445233515305,1.2765034305898986,-0.4602157551729173,2.095978893143828,-0.08217943069751041,1.1829211878643926,0.48548026816553974,0.4130950492391254,1.283128523703655,0.9709764232324315,1.2644296966132493,1.297720433918621,1.8681998734619596,-0.5563583896960002,-0.25667229192522834,1.6601223643661018,1.4955414372226916,0.44669016602799955,-0.6534898989362766,2.2224816315210707,0.7651298050329021,1.3209597981406185,0.9849600361187789,1.3679143624000258,0.37737191770377837,-0.6835173156315913,0.540227100422997,-1.8999210197136187,0.6419757871675591,-0.22580106191828778,0.03436898916186035,-0.1266746014721222,2.446272961873071,1.217378978350002,0.7849154765816363,0.9003053832649488,0.8176203465501157,-0.15827425969730644,-0.6589904644355923,0.6685897613775356,1.2718139434362021,-0.19543225253878138,0.5205100484704017,1.3578828799298823,1.0133385371614896,-0.32594678313905373,-0.17069281523660015,-0.4834551193949147,0.21269569752898848,2.2104013839662855,1.9584188576435806,0.38718855875670644,0.7219028385633832,-1.5990834995098475,0.6841833466881058,0.7768198857684612,1.677354505250618,0.1323699766218433,0.6232009988679249,0.9351067646916827,0.48043626180970067,1.3377159053855676,1.0736813829674123
31,-0.2542333825182279,0.003420674958398494,0.48891683002529074,0.13407503841167176,0.4030436761557517,0.3211994752233344,0.9252671303877661,-0.14404493725677217,0.9252671303877661,0.2863710192303524,1.1232566267719477,0.5567629751100137,1.3896703803174624,-0.9854588111072027,-0.25919812204274956,0.7545902020525205,0.23226042500141492,1.5382567510627603,0.9693689787363444,0.3614233644171888,0.4333778896672508,1.4155768707998813,-0.00850410899614595,1.8292711150365784,1.1427923001633316,0.20149551781356448,0.6112762149133815,2.368771541513319,-1.176079837947596,1.3041765974806425,,1.674273412089467,1.4215073391927582,-0.058798770332611626,0.8497840915245785,0.4338085833436021,-1.6494331014897752,-0.9607988885493433,1.5630144349131314,1.843526617777525,2.2742957649969573,2.172294445514743,0.16592403113482102,-0.2914544532681004,-0.8330553165621893,1.1477570396878516,-0.5491085107447268,-0.2774727467402249,-0.450816801335894,1.9501390758871686,-0.242308598563684,-0.034841293154917206,-2.3946667547416935,1.1023372319075608,0.2863710192303524,1.9790499712630865,-0.6599697694752522,-0.2542333825182279,1.8357990055496822,0.4186780701836773,1.0044430525487127,0.6914626408202286,0.8528819114613533,0.48739589459596844,-0.15594167310939563,2.299018475523515,1.1477570396878516,1.1389876885971564,-0.38109870866990225,-0.5540732502692479,1.5101589701353324,1.8182386823620387,0.8304580498263074,-0.3238326093669062,0.9708446681123694,1.4437728170577084,0.29829580318489685,0.8566382592534159,1.1143250062395786,0.7611398015020853,-0.004874303606785528,0.6627733270155406,-2.356684326125431,1.4529905712424414,-0.22832689203580844,1.061997723642102,-0.5411651768990211,0.7333590505118389,1.0156026031543937,1.0680678593668136,0.04504098669696137,-0.06074778363733618,0.42895016663817065,-1.0972384554591608,1.8116360233320372,-0.20508752781381154,0.216850372344437,1.3600542797616606,0.9985005511846711,2.1342942415260446,0.3846627286391857,0.03528955741808969,-0.2774727467402249,0.920302390863245,0.7638478597466414,0.8678111003093956,0.8269754209789333,1.2531082864749403,-1.9575550965128274,1.3017557200539502,2.204575502314058,0.8237696917735524,-0.3895778135955919,-0.2542333825182279,0.34788233835620613,0.48859140752188274,0.7757877658454184,2.1065111515585366
32,-0.615592829152748,0.5897191727428741,0.7999201238644645,0.04550016241370243,0.15528596210072737,0.9650885894517592,0.7724158865254566,-0.2554923874518403,0.6520336195266762,0.5368523866387778,0.7390107486680549,-0.0160642478300077,1.5366590042061723,-0.9697795857190665,-0.44109996792503003,1.0278802400065905,0.5416030223816295,1.4257679767174654,0.12159499141349844,1.0194787231777493,1.107604658951179,1.575213638086254,0.2351258946083324,1.4815059261642736,0.1432548553270938,0.4273524197815811,1.2223632758956644,2.246788298020077,-1.0561465111733552,1.6464512951766181,1.674273412089467,,2.254576007862759,0.7516588920657197,0.5045960554134269,1.3849748135240985,-1.2061099054041253,-0.4474237743265331,1.7226512021995042,1.787974487286724,0.7384005449809644,2.294894898549405,-0.2936624038117809,-0.527466893379319,-0.8970397719570333,1.3642178190643626,-0.407084626380538,-0.7371239027835782,-0.2003354339274692,1.7426413768608602,-0.13926479526850835,-0.7791585588786731,-2.2318295047373615,1.428031007304526,1.0241075520248097,1.2294348896321992,-0.5465477073033934,-0.07679238412748839,1.9185112615740485,-0.3800293292660692,1.6634590290533409,0.7113452478664957,0.6905882534067589,0.5980613281838859,0.0352280659592096,1.403927750859917,1.2803385098597555,0.826481649394184,-0.03983451471982708,-0.08515420103957085,0.7285773887510109,1.6068789670290036,1.0925253502342944,0.3281985838359813,0.4149969421506854,1.0656247991807728,0.06924340750370168,1.659249221748632,1.9760570466577896,0.21780716367950453,0.6754589850428346,1.3828976336914196,-2.5495133035095057,0.8214888990050258,0.3686578280657917,0.3414515230557148,-0.04749867931117661,0.4685420378437917,1.9789268651857097,0.627822637193357,0.04320254914960387,0.9436153883947968,1.3192071503635783,-0.6651709639830331,1.4981433654160636,0.20972092718692803,0.25511234045775216,0.9548832309435688,0.47587454272777596,1.3162324420858875,0.2960878526412164,-0.36852999250045526,-0.6634051207269537,1.2035219078663573,0.6783890502336354,1.0797710617501282,0.8858381090942137,0.8758078613747945,-1.6648879188300094,0.6614126827504687,1.1861300858252384,0.5050449956379661,-1.0038397586237682,-0.28302235766965755,-0.0058554779855720905,-0.3800293292660692,0.5135703542145015,2.0878936218690605
33,-0.5622771028241125,0.3223482818553837,0.8880460596378942,-0.013362525701577425,-0.22989004302439026,1.7841707810830052,1.0595361024216297,-0.5436513706404054,1.0595361024216297,0.4074713991848309,0.4842880011782303,0.04197530883848223,1.1829211878643926,-0.7948377842668088,-0.5863295814945988,1.8454390840159407,0.11259627095833198,1.779021285060321,0.11259627095833198,2.055191094912993,2.0323824243673476,2.284074089866702,-0.09715573993871923,1.0575422577566955,-0.008934802672497225,0.46411431481471255,2.300079205884664,1.451889825608471,-0.8231368895061193,0.6017222314145851,1.4215073391927582,2.254576007862759,,1.546886269300455,0.3846627286391857,2.0903552430895336,-1.0867381421512468,-0.3871767977090219,1.3562652424600616,1.613373911753888,0.6795378568656841,1.582544189061745,-0.07321536149612809,-0.5012064641651516,-0.9856146479550032,0.8019717999503738,-0.41483953871086326,-0.42023497191173564,-0.2445933040519684,1.4467557448884603,-0.06314039839422714,-0.6744555172680283,-2.356684326125431,0.7632377435904756,1.9429176789762845,0.9597076803043091,-0.6011838363045758,-0.26740197459761356,1.8226304134702955,-0.4388920173813496,0.7095679243222143,0.4697858459686329,0.9732641784601337,0.387860377062294,-0.06189659026938596,1.1063493705381346,0.8528819114613533,0.8327082250978355,-0.08162750833298292,-0.1440168891548512,0.6843195186265122,1.5821494873062152,0.5721876731387006,1.0761441864405181,0.30341840361670763,0.7222359583331086,0.02498553737920245,1.3854237537486387,1.7040752626925764,-0.20195409851897214,0.3068471031880868,0.7220849553553591,-2.2715612087959838,0.962159513112138,0.3211994752233344,0.16596800368978432,0.09648712613355091,0.45838151069581035,0.9927939326087485,0.38054634218670547,-0.18980440023401993,0.43247502021339135,2.264472608767005,-0.7412926885737015,1.31001170265247,0.23722516452593603,0.027473153628884816,0.46226030300277987,0.6904568308787871,1.0759733754058458,0.45838151069581035,-0.4512474950122453,-0.6257403562399637,1.9201090084306394,0.529002472815661,0.5908231480147128,0.8269754209789333,0.8455290486353814,-1.766934069672434,0.8541081246507921,1.0851047307035815,-0.3297164213814156,-1.0713319649767417,-0.41483953871086326,-0.302938556755752,-0.3537689000519024,0.4374389851089865,2.0040160604915727
34,-0.4815817085237445,0.3759883790412824,-0.20558129939856082,-0.03174347321814287,-0.3525250919270612,2.275399740268798,0.8453563684954992,0.3531283858520053,0.9657386354942796,0.7912457742665617,-0.39460457938236465,-0.6462962448817193,0.4030436761557517,-0.9238944008634925,-0.9238944008634925,1.286520254203198,0.7912457742665617,0.2862646964112633,0.49637064604006337,2.794911236880182,2.762654905654831,2.6405136283369104,0.2896214535869941,-0.275326287655425,-0.8046609404967614,1.6252338802041402,1.3742642031429577,0.69632105752566,-0.42051106986478365,0.0641093267836895,-0.058798770332611626,0.7516588920657197,1.546886269300455,,1.3487396994942067,0.9657386354942796,-1.2255013566665927,-0.5961787720659807,0.13407503841167176,0.1361827209003963,-0.18670658029724557,0.23722516452593603,0.05397868686899733,-0.5679486339780333,-0.5616829031318206,0.009446144844067715,-0.18670658029724557,-0.36234824815701383,-0.361199441524964,0.8386245409188975,-1.654122176999716,0.08111325081478404,-2.4425574799949703,0.07818727484632973,3.1502468000785506,-0.6138461322740553,-1.639177253490199,-0.7764568367502434,0.28151260252492144,0.46411431481471255,0.10143672035265108,-0.4815817085237445,-0.3082376539280758,-1.2510899675751723,-0.6560745697514624,-0.4283468727132261,0.28151260252492144,-0.6295130442217435,-0.11973504111989362,-0.18670658029724557,-0.35367389855911,0.3967185060073443,-0.6101283894882932,1.097269015162111,-0.5690526092498741,-0.5925477468732201,0.4981296563592036,0.579991018005713,0.8010689304965143,-0.2589595093002273,0.3589844550101879,0.2343360183845779,-2.217921111610085,0.020528717651387668,0.5493324336369511,0.13493891277555511,-0.0951428744858918,-0.457272964897915,-0.1440168891548512,-0.2581201811123377,-1.317167561317914,0.2768170357315576,2.3071622999094,-0.639291369091487,-0.1234332576567688,0.8453563684954992,0.36503797299777907,-0.6733067106359791,-0.29767261864672173,-0.31920961679007814,-0.08245247891114107,-0.06747311993051493,-0.24196598115823287,1.2876690608352468,-0.30348556004173394,-0.7113124137939506,-0.03926901618399639,0.7502288363442328,-1.8528072235419737,-0.6772729272629555,-0.5426389429350384,-0.8673293260123117,-0.6474002201535596,0.0714066528961214,-1.205944888951813,0.16923918658821363,-1.1325665300694507,0.3459347317974475
35,0.42895016663817065,-0.013362525701577425,-0.24937496581279645,0.5321002927524349,0.21131867404351756,0.8453563684954992,1.0187004230911685,0.7263511249821892,1.0187004230911685,1.336384221863312,0.02180162247496445,-0.27307350575153444,1.0187004230911685,-0.8979879103810731,-0.24716701526911547,1.0156026031543937,0.45175883718381576,0.31446880015778184,2.221009606542808,0.4258523467013968,0.5504812402690009,0.7589894430412109,0.1568837089573174,-0.06074778363733567,-0.3113354738648501,0.8621395691554752,0.09833890041587676,1.1127272593829887,-0.689479707608863,0.5574347934156012,0.8497840915245785,0.5045960554134269,0.3846627286391857,1.3487396994942067,,-0.1379914192691815,-1.2514078471490122,-0.9780310294338594,0.7589894430412109,0.32002824131502855,0.7238252948646691,0.8010689304965153,0.8712628589779182,0.04770811295738342,-0.7350269577274892,0.573289910814646,0.13407503841167176,0.4258523467013968,-0.28542898338243067,0.9601556145497278,-1.108983729402966,0.8712628589779182,-2.416650989512551,0.19027068779745374,1.336384221863312,0.20148902653014153,-1.118717222912501,-0.4556752180413255,0.255606112042502,1.3746461899766267,0.6652804863232283,-0.4556752180413255,0.255606112042502,-0.982121329831093,-0.8751792398354279,0.0312427918712472,0.8453563684954992,-0.16992337963726967,-0.3042857667144087,-0.09972945115586578,0.2600338350715817,0.6223034083585434,-0.4262828690736615,0.12830323920279443,-0.10946294466540078,-0.1329580822887468,1.1636503709547341,0.06830883295934757,0.480287311787597,0.21163655361735675,-0.03231546303739652,0.1761731966768071,-2.1217758612860527,0.09199555095636834,0.6979188043822501,0.9325871683136709,-0.2414316319670912,0.04550016241370243,0.21131867404351756,0.496344611698634,-0.8238420946860021,0.01959367193128346,0.7406084955246439,-0.7855801265726864,0.025153113088529664,0.5763877307514198,0.48781285475345,-0.10946294466540078,0.16191704593775158,0.34860871106955155,0.42895016663817065,0.6343605494736069,0.4258523467013968,1.3746461899766267,0.1898399065901778,-0.23259176515282004,0.28151260252492144,0.879176440492243,-1.8269007330595541,-0.07188744362978647,0.3659439189221521,-0.3740038593804005,-0.08355645418298081,0.6352504188666992,-0.6421011229812348,0.7848959335236299,-0.7276001052732826,0.6149033695415275
36,-0.7386255623132795,1.1661379872044175,0.69632105752566,-0.3525250919270612,-0.673306710635978,1.435106624948496,0.6374583694103797,-0.6616575906960148,0.7357500788192135,0.37980431193375425,-0.24902102708104812,-0.4815817085237445,0.42895016663817065,-0.9843548358353619,-0.9250432074955418,1.4470314089030394,0.37980431193375425,0.48471503481667616,-0.4065293633369091,1.8282734625838273,1.9002279878338897,1.7029264560605257,-0.0014377417470329802,1.4399650416539285,-0.0884148708884128,-0.7003620077504473,1.5727145415483696,0.6433592699287723,-0.8141086011764671,0.48548026816553974,0.4338085833436021,1.3849748135240985,2.0903552430895336,0.9657386354942796,-0.1379914192691815,,-1.670911868943115,-0.47464769843515103,1.2606137637207782,0.6197386668725445,0.13407503841167176,0.6536313663832651,0.5661572360192657,-0.24716701526911547,-1.2043949471817061,0.510975464030844,-0.7505503462678239,0.03268550906606514,-0.3573835086324922,0.5178429222099792,-0.29631286997353135,-0.22311453659862865,-2.416650989512551,-0.237629604338067,0.7729711495690864,0.9985944881640089,-0.8957966199360636,0.28151260252492144,0.6487729496778336,-0.8860631264265286,0.6652804863232283,1.0187004230911685,0.4258523467013968,0.04994161896165235,0.28151260252492144,0.6209930483242434,0.8453563684954992,0.12495174858922922,-0.33073505110107515,-0.7776056433822927,-0.10679581840497875,0.9926615754482304,0.09216625398822027,-0.41582967615891203,-0.319214955562452,0.39447772738044845,-0.2843880860189874,0.31403810648143005,0.480287311787597,-0.5968524003400052,-0.5957285353316225,0.5574152503575948,-2.1217758612860527,-0.4977547054966289,0.1081685479292528,-0.8138549304996757,-0.4380150507847568,0.36318396118584645,1.5610654216084063,0.054031919358885905,-0.8957966199360636,0.4224005880328741,1.1218505492054327,-1.3753303830256842,0.17259067720177937,0.28151260252492144,-0.8786309985039501,-0.5517756370051489,-0.03466637287991401,0.10287943754746903,-0.4556752180413255,-0.4324358538193281,-0.1375607255928297,1.9966527776549752,-0.07869803747754985,0.35715849130017724,0.8712628589779182,-0.1265493241417311,-1.8269007330595541,0.09061591254663605,-0.1974691533720739,-0.9374169316746265,-2.1476823517684718,-0.7408335128569604,-1.5267265076607308,-0.0014377417470329802,-1.002074538373197,0.882723200653557
37,-0.6887128878104836,-0.8361504519237333,-1.8749578093009007,-0.9122452809235287,-1.2045121585475358,-1.7109975117334848,-0.2734554925852048,-1.973234321900963,-0.3938377595839852,-1.8411581036020093,-1.520376484893091,-1.2686848193937372,-0.8090951548092645,-0.3938377595839852,-0.8090951548092645,-1.1051190896678122,-0.6616575906960148,-0.8826880560256577,-0.9565327189225137,-1.2255013566665927,-1.2255013566665927,-1.81525161311959,-1.2514078471490122,-1.6468248508872838,-1.962689177232839,-0.7621994662077877,-0.7996962009722403,-1.3962371606597703,-0.02772621906312229,-1.3235174020608458,-1.6494331014897752,-1.2061099054041253,-1.0867381421512468,-1.2255013566665927,-1.2514078471490122,-1.670911868943115,,-0.7109780181202092,-1.4442400541709572,-0.7076797599965321,-1.3988454112622617,-1.0570745944342865,-1.922403261776733,-0.9835880160369824,-1.1798654801847575,-1.2890596115752357,-0.3938377595839852,-1.4220847754842583,-0.7501201291639646,-0.7505503462678239,-1.8411581036020093,-1.8843415663291536,-1.5905704133744953,-2.194064838677701,-0.9565327189225137,-1.8982018664506695,-0.8594070900813227,-2.457963657169475,-1.1051190896678122,-1.4259007083767306,-1.1077399212781247,-2.1630885289429767,-1.274647211371009,-1.8124485325379727,-1.3988454112622617,-1.4739577846180774,-0.957681525554563,-1.3951331853879296,-0.5585894596140945,0.2229677939834808,-1.059682845036778,-0.9637736588914042,-1.95737420138393,-1.1671453263894778,-1.3167855744842436,-1.7394099417201934,-1.6326499008297994,-0.82972626842877,-0.7881059566902071,-1.700696832373699,-1.2371504766065569,-2.1260420309128825,-1.765063274602214,-0.8493455249009034,-1.5474317820075603,-1.2204314848436288,-0.012640588766756212,-1.5177682342906,-1.7942624150005329,-0.9398610130739183,-1.5252937772564534,-1.2487995965465206,-1.059682845036778,0.3983546006458108,-0.9754203242772442,-0.8090951548092645,-1.3703306701773508,-1.1100363820311743,-1.0131492526557404,-1.7289269032245604,-2.1792166945556524,-1.81525161311959,-1.962689177232839,-1.546282975375511,-1.3962371606597703,-1.500985033630624,-1.6937205394887602,-1.239902138324404,-2.0328831057142436,-1.2479125142141658,-1.5150082765542938,-1.3703306701773508,-0.8053829289349322,-1.5448235314050687,-1.1733065708927923,-1.4259007083767306,-1.685552847729022,-1.0958025912760248
38,-1.5948365830013254,-0.17977257020865214,0.4383055856248033,0.45426512424333054,0.18529648649925062,-0.29434359940945903,0.026976622244416642,-0.09841909112156685,-0.09340564475436379,-0.7372664954362985,-0.2581201811123377,-0.3013036438394819,-1.1254685935471092,-0.09340564475436379,-1.4203437217736075,-1.1266174001791578,1.4149853379226223,-0.6646063266966459,-1.2729061576603584,-0.44874120795273104,-0.44874120795273104,-0.5961787720659807,0.9116020069239128,-0.6561454354531013,-0.6843047078394098,-1.0552746650657048,-0.7991039538936389,-0.34267590135567827,-1.6541482113411456,0.29273881658177436,-0.9607988885493433,-0.4474237743265331,-0.3871767977090219,-0.5961787720659807,-0.9780310294338594,-0.47464769843515103,-0.7109780181202092,,-0.95212453895144,-0.42268751177329683,-1.1254685935471092,-0.6129619727259566,-0.9780310294338594,-0.24084320886761298,-1.6548697230734148,-1.519066124858792,-1.1525238906615778,-1.1266174001791578,-0.9440156878893678,-0.6246110926659204,0.26774115624197803,-0.9278875222766925,-1.69843564934013,-1.4624340047145772,-0.8305934653206103,-0.8545846319301873,-0.04359307268924203,-1.4473990188880763,0.4358841767267646,-1.5677812858868567,-1.3617989132321673,-1.091453252002617,-1.5418747954044372,-0.19194568732652942,-0.3272101343219018,-0.4283208383717972,-1.2469996671779384,0.08104238511314511,-0.863856871774734,-1.1254685935471092,-0.9607988885493433,-0.04564741882229183,-1.76562965621369,-1.698162153372111,-0.3242949538391128,-1.5272906043684538,-0.35426543143637057,-1.3758876567804739,-0.7666076461788609,-0.9962005623563618,-1.5105272943217096,-1.3944111969497586,-1.5941815479540256,-1.209089268070345,-0.5639224408406294,-0.8539938057799347,-1.3408890258202995,-0.15867872302819455,-0.9078371009524555,-1.3834840654479659,-0.29027961229462124,0.9708474279120898,-0.07617350386984763,-1.4427248280861475,-0.48455402431168176,0.704852814470844,-1.7683363814601076,-1.5579060609740458,-1.1281613747558505,-1.3904629068967682,-1.7152188500001064,-0.7384945688996652,-0.7977269304081674,-0.683155901207361,-0.4901134654689279,0.22744959945591187,-0.6220852625484002,-1.4310222324110482,-1.9933107775666286,-0.9375403479154566,-1.4935099660429476,-0.464206974986509,-0.8035829995663505,-1.0539572314395063,-1.446683388607945,-1.2729061576603584,-0.26916504394076635,-0.48455402431168176
39,-0.38833400547075025,1.648815861831588,0.5137193452358699,0.263131655008356,0.08978760041268684,0.28151260252492144,0.6115518789279617,-0.6357511002135954,0.6115518789279617,1.5554888919472765,0.4036538798428426,0.04770811295738342,1.6586806197838784,-1.1255218260369972,-0.6290192726369936,0.8171522647489807,-0.21376187741171485,0.9301255470931976,0.46923608209427664,0.5222771365224823,0.4900208052971315,1.461013115430916,-0.3882547386394328,1.5100526473162428,0.5493324336369511,-0.05764996370056235,0.4453929821868154,1.6852005435912611,-1.1847541875454994,1.1232275726909031,1.5630144349131314,1.7226512021995042,1.3562652424600616,0.13407503841167176,0.7589894430412109,1.2606137637207782,-1.4442400541709572,-0.95212453895144,,1.083122552363694,0.6979188043822501,1.8590383697716786,1.4742437337725522,0.43705901770024375,-1.212503798243778,2.0303885797024135,-0.7764568367502434,1.2594649570887293,-0.2408171745261836,1.4283747973718952,0.4100037205857745,-0.03926901618399639,-2.4425574799949703,0.6676009286048062,0.3759883790412824,1.683826919015771,-0.07869202276661945,1.08612090249306,1.1661379872044175,0.46411431481471255,2.335752802483089,1.2876690608352468,2.716650059059044,0.07584810944407132,-0.5086370056382132,1.0687813888509643,3.2302638847899074,0.8928813569689122,-0.3847860538292218,-0.4815817085237445,0.6513337531191666,1.1610408905193774,1.3685211161664546,-0.5601903941486535,0.21131867404351706,2.553784606662183,1.001512987357913,0.7544838792334309,0.8567950917183424,0.6885747911886884,-0.3511480684415898,1.3815802000652206,-1.7324249565431926,0.5060248727182799,0.7999617255868022,0.3255599396159485,-0.5104002697111706,1.2077237030749717,2.319238238043243,0.6696886662943031,0.3317009410422975,0.3718749001575512,0.634143213956988,-1.0545487643167664,0.7882474241371956,-0.03926901618399639,-0.011541201026351002,0.35875623815676627,1.6740246664825686,1.0618390544581036,0.8954206088213488,0.7578406364091611,0.9916451259766986,0.9927939326087485,0.46075755763898124,2.0584407657173207,2.3197320096279923,0.7517387879738593,-1.705369659428724,0.9244053918826822,1.0521189651962348,0.19178891989490235,-0.7720851638351117,0.6611569093491192,-0.24760072221569232,1.3487396994942076,0.3034910928357793,1.3779976805901935
40,-0.5597618460334489,0.6149033695415275,0.4687942508123881,-0.09356241082130035,-0.3241569802241684,0.38787332156228066,1.5031202434271995,-0.8979943417994996,1.4269838127050654,0.17079227806806702,-0.030441877383458837,0.10143028893422511,1.0030262008210205,-0.47134944031147336,0.05608636935772187,0.7169462907460795,-0.023339349756940214,2.043405531592954,0.6910398002636606,0.4933722959106972,0.4933722959106972,1.0208081055798919,-0.36807844564355297,1.6196833214696615,-0.16767909393341557,1.0109056825186213,1.1900989020111366,1.106388684986916,-0.5748276380966223,0.5600675572365477,1.843526617777525,1.787974487286724,1.613373911753888,0.1361827209003963,0.32002824131502855,0.6197386668725445,-0.7076797599965321,-0.42268751177329683,1.083122552363694,,0.9097784977680268,1.6629703857554212,-0.4466470920738678,-0.1325149457568742,-0.8743776263718849,0.795490696887275,-0.09464048314805573,-0.982801744355508,-0.5507751594261354,2.3021421609274144,0.07599325701533582,-0.5226585535996344,-2.044202380503206,0.4388872987513737,0.4812877893666094,1.606202701292925,-0.43212468487383826,-0.4746387287040018,1.5841071284934214,-0.49869120737448863,0.7666958811359608,-0.11744915369370088,0.5866199989636909,0.31113640572906176,0.32486353864604667,1.879851426535513,0.8814951271901893,0.5831649747730773,-0.14203608121477862,-0.47134944031147336,1.030202366489144,2.33407156891326,0.44931438963837705,0.3479249115582211,0.10568813425678779,0.8450238299183251,-0.2901830046022786,1.3627312362498978,1.3398118869510862,0.18364862343935348,0.41262999312329895,0.5288463341504661,-2.7602569095628016,1.9738165692007716,-0.16947749306712792,1.5521356973856004,-0.2038108400350646,0.09816259129093376,0.5376597339096821,1.4165689113649935,-0.5397978577917593,-0.1004234478132316,0.8219412448509098,-0.18385209090630003,1.8320246743795474,0.1184008161415239,0.29474601010859935,1.824038465351247,0.4833029662045517,1.464986515506081,-0.14481090633382762,-0.6184238818716065,-0.8437962758407017,0.4132759443680228,0.20465202797655924,0.5152262713277347,0.560713508481272,1.5369383658830058,-2.230697786609195,1.394514787185466,1.855131681441027,-0.3998858366443641,-0.6574061767918782,-0.4711869700354796,0.234941879177345,-0.49869120737448863,0.6672824849275498,2.4388862031634058
41,0.1568837089573174,-0.1608000898148266,0.48781285475345,0.9744129850921824,0.8621395691554752,-0.4815817085237445,1.461013115430916,0.07553022987023161,1.461013115430916,-0.4556752180413255,1.6484501250517243,0.7589894430412109,1.1661379872044175,-0.1620438979396678,-0.8979879103810731,-0.18670658029724557,0.13407503841167176,1.0516566207240288,1.247109715257569,0.9927939326087485,0.9927939326087485,0.5504812402690009,0.13407503841167176,1.4891108963583448,1.2876690608352468,-0.08355645418298081,-0.21934489835626728,1.346531748950527,-0.7165350047233318,1.9208758282290184,2.2742957649969573,0.7384005449809644,0.6795378568656841,-0.18670658029724557,0.7238252948646691,0.13407503841167176,-1.3988454112622617,-1.1254685935471092,0.6979188043822501,0.9097784977680268,,1.3044522614952228,0.23236674782050507,0.42770635851332944,-0.7960975963864501,1.5944689730162886,-0.3082376539280758,0.1081685479292528,-0.8979879103810731,1.5499058710027245,0.04770811295738342,0.5763877307514198,-2.7115261177390497,0.10514757046800659,0.13407503841167176,1.9394990297450454,0.0379746194478484,-0.16504671638365023,1.1630401672676427,0.31624605702511105,1.0212262532086875,0.8940715295235634,0.6979188043822501,0.3448167471881507,0.3043212730705666,1.885616678559685,0.9927939326087485,1.0095771332687253,-0.6219695654865522,-0.4556752180413255,1.9201090084306394,1.6315576866056445,0.69814646979861,-0.5105928719546187,1.4632044058759248,0.8008131570951648,0.04770811295738342,0.9113820397092579,1.2174751323538429,0.4980795862454128,-0.769503283603643,0.11385874989300505,-2.416650989512551,1.3918783308611429,-0.3341441444104953,0.27088238661061215,-0.3888691960803409,0.9301255470931976,0.6536313663832651,1.0860948681516307,-0.5517756370051489,-0.27528145629521544,-0.20508752781381154,-0.8466507652316473,1.4731915700622524,0.3425832411838818,-0.2265662952671508,1.2785457710128039,1.5739782402864415,1.510135850760919,0.13407503841167176,-0.1028272710926401,-0.4815817085237445,0.13407503841167176,1.0516566207240288,0.26903255552674765,0.7238252948646691,0.9156793982864184,-2.1217758612860527,1.2550506333894567,1.6616412297973084,0.242083581231368,-0.66847141330496,-0.2265662952671508,0.24252426169826088,0.9599774655135433,0.36563176229574224,1.4995287542210236
42,-0.11061175129745007,0.5672644409289768,1.3453381109582683,0.5504812402690009,0.7238252948646691,0.7567366611373204,0.7740136333820455,0.02513186151562584,0.6536313663832651,0.714702005042227,0.8880460596378942,0.40254990457100187,2.3322685837191446,-0.673306710635978,-0.3784315824094797,0.9744129850921824,0.15720807981458007,1.5371079444307114,0.506193802270016,0.6795378568656841,0.6795378568656841,1.7116008056584295,-0.08355645418298081,0.9755169603640232,0.7728648267499958,0.13407503841167176,0.5647386108114566,2.4557486706546987,-0.9341664973179848,1.489445436030855,2.172294445514743,2.294894898549405,1.582544189061745,0.23722516452593603,0.8010689304965153,0.6536313663832651,-1.0570745944342865,-0.6129619727259566,1.8590383697716786,1.6629703857554212,1.3044522614952228,,0.3045663770965118,0.09789645147475996,-1.0749686571917996,1.9225428867947845,-0.40548687952394846,-0.20508752781381154,-0.2309940182962305,1.8053097623764098,0.18602238724818956,0.12495174858922922,-2.2460803839963943,1.3535982037305638,0.506193802270016,1.2809372332586462,-0.1798258026985402,0.13015278270011132,2.0998029037692394,0.3657162825867901,2.384132887327614,0.9554665390397868,1.416725677431931,0.9777056350080836,-0.2309940182962305,1.4013195002574266,1.7116008056584295,1.5399709300216915,-0.40433807289189916,-0.3784315824094797,0.9055475019948884,1.500124189913543,1.3886614158508293,-0.1725791123611852,1.042937439765915,1.6362478557100355,0.33345995136143924,1.2316363488924587,2.1087361906060997,0.7362249861480972,0.5412617964427168,1.77756677838084,-2.0877156883813517,0.6977498748305151,0.4186780701836773,0.7689766072275374,-0.17123770348568781,0.9462088813456649,1.8492152135417261,1.2605428980191395,0.5251849534736733,0.5617631310269176,0.9927939326087485,-0.595003931092502,1.3952298214747094,0.6536313663832651,0.7029567310984217,1.2606137637207782,1.3143174303690683,1.722932046024554,0.818956106428332,-0.1440168891548512,-0.1440168891548512,1.1425679102495105,1.0354836237511433,1.3155994408361154,1.3908191869495121,0.8486268685721552,-1.688586458768748,1.1973359187539816,1.592829689763905,0.8267061195064541,-0.2903504779962596,0.3564586248926677,0.6686639570651245,0.3657162825867901,0.9367889635222856,1.8645978109289258
43,-0.3082376539280758,1.6132859768751833,-0.024738597427911006,-0.05764996370056235,0.009691248870012917,0.38747827836018595,0.6040316986280831,0.5633481630733743,0.6801681293502163,2.2472820696048275,-0.2886389035471002,0.1536737887926479,-0.06755238676183238,-0.9521777714413285,-0.7505503462678239,0.4791801068778848,-0.23210122320594215,-0.22136502535653288,0.5860583254134561,-0.18187128296622745,-0.3341441444104953,0.05397868686899733,-0.23210122320594215,0.6093208090098668,-0.11057014957511192,-0.5258691465227289,-0.17026376474860186,0.2281018747034935,-1.0065748356188124,-0.040058341519868326,0.16592403113482102,-0.2936624038117809,-0.07321536149612809,0.05397868686899733,0.8712628589779182,0.5661572360192657,-1.922403261776733,-0.9780310294338594,1.4742437337725522,-0.4466470920738678,0.23236674782050507,0.3045663770965118,,0.34741853851490045,-1.4400377138997027,0.5790969576533304,-0.598277484823556,1.7740334261613866,-0.6744139155456902,-0.18020778953221053,-0.6133432768867294,1.4183924205208804,-2.7115261177390497,-0.19871424436580581,0.1389103357426904,0.8598799163567761,-1.2128270268492616,1.3356013878108624,-0.18187128296622745,1.5490743301075927,0.4095424669207867,1.3897119820397998,1.0981234473713297,-0.20608287038933631,-0.7990428091132943,0.46700267596782735,1.2726163085990476,0.08233105367919473,-0.8948981240511724,-1.192863038607572,-0.42382622531817676,-0.06155665203121455,0.1026779508733935,-0.6040492840324334,-0.02311499667709354,1.1856578696850115,0.8567857376769394,-0.5291783625725599,-0.6059654980654038,1.268247607990412,-0.2600408471490747,0.5610067395637718,-1.9695029998417852,-0.6698153510161662,1.4841877585561605,0.2553169888150464,-0.6891395217079763,0.34683572933783174,0.8452500456764096,0.5536753414919323,-1.2128270268492616,0.2324375663021187,0.33735364517763616,-1.4315657243536264,-0.41232428192019976,-0.21498995087508208,-0.11750279949511251,-0.9179518986227627,0.9349526869355264,-0.06259622087715813,1.2165086725676937,1.9251919216743147,1.967377731948709,0.6696354338044136,-0.4178837230774465,0.24189799158096142,1.6916896367167986,-0.2860411144030277,-1.959025423975655,0.12469597518787912,-0.24177971074547217,-1.276602617274523,-0.7601732418226593,0.4385375578555306,-1.4334788046077367,2.1386951443670874,-0.7843812377876028,-0.08322660903198024
44,-0.689479707608863,0.7357500788192125,0.19045011027726924,2.067546572543889,1.4248345284940032,-0.7777006448750845,0.5883125147059642,0.516599114085138,0.4900208052971315,-0.24716701526911547,1.1844929294605506,0.10692473980441161,0.31552794406941304,1.6424660210886561,-0.9843548358353619,0.12009333188379724,0.932333497636879,-0.7056693646804191,0.6218929716148149,-0.17478179634270113,-0.27307350575153444,-0.5679486339780333,0.969554568386751,0.07580589388481282,0.9927939326087485,-0.16992337963726967,-0.15827425969730644,-0.21421081763625457,-0.4497128260640538,1.480322146208411,-0.2914544532681004,-0.527466893379319,-0.5012064641651516,-0.5679486339780333,0.04770811295738342,-0.24716701526911547,-0.9835880160369824,-0.24084320886761298,0.43705901770024375,-0.1325149457568742,0.42770635851332944,0.09789645147475996,0.34741853851490045,,-1.499270075408205,0.657169220019252,-0.8860631264265286,0.3538978214513353,-1.1809382546530276,-0.15827425969730644,0.6746794401602526,0.5751439226265787,-1.852197019854882,-1.2458429852217239,-0.24716701526911547,0.39823383755168024,0.8481578626275996,-0.8428796636993849,0.6234766628825061,-0.272260391303045,0.5518582637544712,-0.14887530586028216,0.14218388947374488,0.00079576425723595,0.20779382046829686,-0.25170755240070725,0.9404423486989512,0.6764400369289103,-1.199795037985005,-0.7505503462678239,0.8389002049334767,0.021669265314445425,-0.26136186423172986,-0.25293881447799277,0.8602855573435415,-0.04907877308414133,1.4178296527037717,-0.034286456523173664,-0.2228851672341584,-0.32815306406840494,-0.48478868252512547,-0.2780642796174854,-1.6675383849917604,0.06871317762341463,-0.518802779273617,-0.09947578047907439,-0.7701112497611281,1.4335088780919059,0.2723893127024784,0.05278811123404421,-0.1347592314607288,0.10222917301104775,-0.46594731449581833,-0.3924132889373547,-0.7492557782275893,1.17309803163444,-0.26202310921046024,-0.3924132889373547,0.3212793940055452,-0.7266937505642861,-1.0849312507324795,-0.6416674160346579,-0.3341441444104953,-0.24716701526911547,0.6704145670432421,0.9809240892976666,-0.040417822816046174,-0.8518123607534336,-1.7318147528561016,-0.44829419997955505,-0.027061526509306457,-0.25061877393763765,0.5985601923495435,0.7946127669344928,0.3629065286970413,0.8880530874323436,0.3348831435722418,-0.5035265047055067
45,0.0885277882930461,-0.9095198189552076,-1.2313368936826357,-0.8992477225007143,-0.9275310930785503,-1.0927612757948388,-0.20634733993345278,-1.2056663934700231,-0.20634733993345278,-1.3367667192317825,-0.8505567589191841,-1.065066234130529,-1.0148362938908149,-0.9435351604996992,-0.4621646261672119,-1.4682418176462202,-0.4623718292844414,-0.6816162299060612,-0.8231528935009188,-0.46835593324750885,-0.5006122644728597,-1.1514331595848177,-0.31464779522264574,-0.7140781789751419,-1.4582977928626122,-0.2835909755652981,-1.059483213185977,-0.4409309627398178,0.2597501992186322,-0.9219480721339979,-0.8330553165621893,-0.8970397719570333,-0.9856146479550032,-0.5616829031318206,-0.7350269577274892,-1.2043949471817061,-1.1798654801847575,-1.6548697230734148,-1.212503798243778,-0.8743776263718849,-0.7960975963864501,-1.0749686571917996,-1.4400377138997027,-1.499270075408205,,-1.2556872609709229,0.27502319439903455,-0.9717392642462173,-0.10649286705172994,-0.442677659618511,-2.1873767623667866,-0.7199611656643163,-2.8283745012487915,-1.5326570542483413,-0.8231528935009188,-1.0422510723014609,-1.6682206691537098,-2.177225534465949,-1.1192560951907844,-0.9366543829009939,-1.3273030442980072,-1.4722147782937363,-1.4535423400113168,-1.821199464391963,-1.3518325112949552,-0.9881404780725234,-1.212503798243778,-1.549458413925581,0.7609742851396821,-0.20634733993345278,-0.5110456243899043,-0.10663986428796907,-1.387053176744773,-0.5702575424850945,-1.3610485672667394,-1.413689860365527,-1.499270075408205,-0.9090708787306669,-0.7541870384828816,-0.9223167091700121,-1.39643782886778,-2.0532230490850623,-2.7181925818133026,-0.5878987973926662,-1.3599413623570278,-1.3251533965992885,0.39386587460453226,-1.2643200088464879,-1.549458413925581,-1.4532422978999102,-1.9065529874430898,-0.9695313137025368,-0.7518101583874651,-0.5178082461806757,-0.9820507992898058,-0.44015182950099085,-1.3802208307639499,-1.1423098697623748,-0.7580035207536882,-0.8352085193779313,-1.8713440079063393,-1.3108602287493625,-1.6057353569758612,-1.090972724612949,-1.1509842193602782,-1.7888992088365296,-1.6196523424069853,-0.38127682640976635,-2.1673231114046785,-0.7382579103932932,-0.9923661727530486,-1.4717658380691954,-1.9485876435381846,-1.5921481050679758,-1.7891722043525342,-1.3247772141804866,-1.5483086115456302,-0.6871756710633075
46,-0.37364992064865216,0.39455042301810445,0.4933445530543699,0.49444852832621167,0.19404170179879185,-0.21171020132580606,0.719483666803053,0.000662641181557741,0.6343605494736069,0.2784147825881471,0.9347511463023886,-0.11237759455353004,2.5510488829458464,-0.8819547462611895,-1.343398422657595,0.09456926217351538,-0.3113354738648501,0.5957446426285433,0.4791801068778848,0.5368819545132629,0.45175883718381576,0.8940715295235634,-0.3964585911942973,1.1637902038077346,0.9916451259766986,-0.1822788572681664,-0.10831529054440013,1.6037551127508003,-0.7819472714439082,1.329976765143973,1.1477570396878516,1.3642178190643626,0.8019717999503738,0.009446144844067715,0.573289910814646,0.510975464030844,-1.2890596115752357,-1.519066124858792,2.0303885797024135,0.795490696887275,1.5944689730162886,1.9225428867947845,0.5790969576533304,0.657169220019252,-1.2556872609709229,,-0.6685250488751505,0.5140732839676179,-0.6685250488751505,1.5986210320307896,0.12973341035005675,0.1818873299858774,-2.446804106563794,1.1822479937998287,0.2784147825881471,1.592549797418721,0.2650606008583544,0.1662363681442312,1.1266322109662597,0.38863127595152436,2.961333460913665,0.635604357598448,1.7355134514759154,0.4287910578855486,-0.16389790975160043,1.0879684230215687,2.325263707928912,0.5422608199004163,-0.8645078963099473,-0.6062106020913485,1.2556888275629439,0.9740182833366524,2.6023672254120593,-0.4127318562221382,1.0197429069041275,1.7478427435638324,1.0608246156977326,2.201912160427119,1.9601946512210089,-0.17432095779404172,0.1762877412276054,1.9318246802800605,-1.7029357810645782,1.1073442953214976,-0.6426185583927315,-0.09637796054230005,-0.48759159916552547,1.3940981033465414,2.0039883176352453,0.8272867575555327,0.3815649087024114,-0.40866479944428585,0.09531929871360728,-0.8249909013180519,1.1141350754642037,0.38266888397425214,0.6725612446219407,0.8861920478259605,1.5171954918035604,1.0937296489035904,0.1081685479292528,-0.5192334729499687,-0.4556752180413255,0.2784147825881471,0.8054966535255945,1.6869049876734106,1.7096069609934954,0.9145305916543677,-1.7689279143373677,0.5706207638833972,0.9659802827855248,0.6120110546447027,-0.49512735870929175,1.0639638254507098,0.6243765190661396,1.1438229859281746,0.5405648716855983,1.2533687870225894
47,0.969554568386751,-0.4556752180413255,-0.9865627863790429,-0.20508752781381154,-0.8207442747492277,-0.48582833509256806,0.8712628589779182,-0.7252158456046586,0.6746794401602526,-0.23700124163371175,-0.6913337194207957,-0.4587730379780993,-0.18785538692929538,-0.9250432074955418,0.8442075618634495,-0.973040255567909,-0.06250838040599382,0.06873952663569935,-0.1608000898148266,-0.18670658029724557,-0.18670658029724557,-0.7764568367502434,-0.3573835086324922,-0.673306710635978,-1.1204778196811582,-0.25804931541069925,-0.8090951548092645,-0.3023367534096842,0.1459998223662162,-0.5465826806272056,-0.5491085107447268,-0.407084626380538,-0.41483953871086326,-0.18670658029724557,0.13407503841167176,-0.7505503462678239,-0.3938377595839852,-1.1525238906615778,-0.7764568367502434,-0.09464048314805573,-0.3082376539280758,-0.40548687952394846,-0.598277484823556,-0.8860631264265286,0.27502319439903455,-0.6685250488751505,,-0.4815817085237445,0.23236674782050507,0.2229677939834808,-2.0926189364469923,-0.017609152270401038,-2.001393594287272,-1.4171301172440616,-0.1608000898148266,-0.9025284475126654,-1.8346118656758148,-1.1437171839031555,-0.3832899991149112,-0.14887530586028216,-0.5412753236972344,-0.9962796197899063,-0.535692302752682,-1.4244340221708411,-1.192863038607572,-0.5093616098773341,-0.2408171745261836,-0.7368649655446218,0.9506977850547734,0.5493324336369511,-0.5491085107447268,0.29453159687472275,-1.1358267217632447,-0.942725742449817,-1.056402776128699,-0.9947747964225978,-0.8249924877675683,-0.8391252222657937,-0.13651824177986954,-0.6681535337311207,-1.2346246464890362,-1.4354742349335319,-2.1217758612860527,-0.3886653067795058,-0.1375607255928297,-0.8989780478291228,0.5940478980079881,-0.754002104936346,-1.115619402975726,-0.5752241133322682,-1.9278595687288091,-0.7799085954187656,0.24418520895595935,0.04989940340239284,-0.6137429980688834,0.2544573054104527,-1.111191679946647,-0.6500673464139817,-0.4769790652196621,-0.8537004723820881,-1.1077399212781247,-0.6560745697514624,-0.9509496979779613,-0.1608000898148266,-0.7175941486349635,-1.5595298421720643,-0.8046609404967614,-0.18412727444459034,-1.5320256048330558,-0.12812278495772866,-1.1312403927559864,-1.8711881710585387,-1.535123424769829,-0.8882710769702096,-1.5537818047751997,-0.7386255623132795,-2.006019816501971,-0.0019021840259390889
48,-0.06632431329846515,1.184412611901893,-0.3751526660124498,-0.03174347321814287,0.35760743152471697,-0.7996962009722403,0.5574412846990242,-0.13236776921488644,0.655732994107856,0.7470646590866664,0.36539191172952745,-0.24716701526911547,-0.18670658029724557,-1.0983872620912105,-0.9509496979779613,-0.581022224564627,-0.23585243500166198,-0.9374169316746265,0.45218953086016805,-0.11165423511041021,-0.1379914192691815,-0.36234824815701383,0.1573144026336692,0.17491071774213401,0.23236674782050507,-0.8489483784957468,-0.5374593908047626,0.18376960534429904,-0.7273109820458264,0.008003427649249769,-0.2774727467402249,-0.7371239027835782,-0.42023497191173564,-0.36234824815701383,0.4258523467013968,0.03268550906606514,-1.4220847754842583,-1.1266174001791578,1.2594649570887293,-0.982801744355508,0.1081685479292528,-0.20508752781381154,1.7740334261613866,0.3538978214513353,-0.9717392642462173,0.5140732839676179,-0.4815817085237445,,-0.8747485461590762,-0.19343840787384728,-0.9238944008634925,0.8321877764161146,-2.7374326082214693,-0.740402731649684,-0.3120535868205476,0.4060055626155996,-0.4005868610961793,0.6438082101533116,-0.7996962009722403,0.5504812402690009,0.39631184857915,0.4030436761557517,0.8221170042735019,-0.7859686046897791,-0.2849982897060789,-0.15384653666822623,1.3135755513176668,0.04064174570827044,-0.7656559178040816,-0.5086370056382132,-0.2774727467402249,-0.13394187095762836,0.4213799682955815,-1.157527173673792,0.0015666631464658501,1.3119696469723854,0.36582260540587924,-0.42005189414804306,-0.6733067106359791,0.6604571205247165,-0.7783302476214136,-0.6453246267703966,-1.6693923968036932,-0.5190968697348386,0.47809602134258705,-0.6633195464496522,-0.5367374538699419,0.9788407081212627,0.4074713991848309,-0.48700317606604676,-1.459640385906642,-0.25613732440876175,-0.3146938174900968,-0.9681818388624774,-1.1284409093350454,-0.3341441444104953,-0.2785946346405779,-0.6733067106359791,1.791503410062006,0.007685548075410069,-0.10158346296779841,1.0797710617501282,1.3135755513176668,0.20149551781356448,-0.34766667522162925,-0.27941907041536446,0.8453563684954992,-0.6947149838849718,-2.0273000847696916,0.11237244756735304,-0.6630212099338189,-1.206385569418706,-0.5622771028241125,0.4645734905314536,-0.6161946324988158,1.5333983343573288,-1.4046587562921944,-0.7131835141097665
49,0.08492918370725587,-0.06250838040599382,0.10657080107266327,-0.4999626560403104,-0.9952371359769457,0.3136739322574804,-0.209945944519243,-1.0188471657063158,-0.3082376539280758,0.15616559600161942,-0.8159626129883998,-0.5438961553075465,-0.3082376539280758,-1.63517573094732,0.6697147006357316,-0.4815817085237445,-0.25909179922365994,-0.4227190204084646,-0.6522586368589911,-0.2849982897060789,-0.3113354738648501,-0.06632431329846515,-0.5420421434956139,-0.7715984200448114,-1.6119363667253226,-1.0222924330914145,-0.7108034454004313,0.02655371636130629,-0.028493038861501733,-0.7431660994448717,-0.450816801335894,-0.2003354339274692,-0.2445933040519684,-0.361199441524964,-0.28542898338243067,-0.3573835086324922,-0.7501201291639646,-0.9440156878893678,-0.2408171745261836,-0.5507751594261354,-0.8979879103810731,-0.2309940182962305,-0.6744139155456902,-1.1809382546530276,-0.10649286705172994,-0.6685250488751505,0.23236674782050507,-0.8747485461590762,,-0.6616575906960148,-1.601160389402828,-0.9873576542793443,-2.001393594287272,-0.7290881513822319,-0.6522586368589911,-0.7059450286949998,-1.9329035750846475,-0.9471337650854894,-0.4815817085237445,-0.689479707608863,-0.6616575906960148,-0.5048210727457414,-0.7764568367502434,-0.7363920563090105,-1.0945713291987387,-0.3127781910596681,-0.7764568367502434,-0.5271129546475706,0.5644117250181476,0.37483957240923316,-0.9422753483800584,-0.19188294381360368,-0.9260747108661934,-1.6112846918817147,-1.4364010216846446,-0.8701459028549937,-1.0215759065852343,-0.9374169316746265,-0.5517756370051489,-0.7442899644532543,-0.8414578088537045,-0.9440156878893678,-2.0234841518772195,-1.2732906914590025,0.0590226932248364,-0.8138549304996757,-0.09399406785384201,-0.9637541158333978,-0.35562291186383455,-1.0403454762176614,-1.5346927310934777,0.1503341303520209,-0.20508752781381154,-0.6381425624594372,-1.0069098357042152,-0.1608000898148266,-0.816316551720148,-0.7483590558228145,-0.8701459028549937,-0.7554087629732553,-1.1077399212781247,-0.5577828603426296,-0.852657988569128,-0.040417822816046174,-0.6193024392261302,-1.1442724469467849,-0.4556752180413255,-1.0399636839726563,-1.4116433378342748,-0.2779779977364869,-0.9346569739383209,-1.7728964616497058,-1.8299985529963279,-0.9865627863790429,-1.67416407177398,-1.131792399948611,-1.2639966986047064,-0.4171595792512179
50,-0.07190733424301758,0.7315521590930713,0.5463576632948907,0.6232009988679249,0.3309341212439181,0.3099449231248611,2.4956018943411804,-0.07692078061022063,2.615984161339961,0.19591249686901205,0.8565117168507131,0.16250735901161192,1.5499058710027245,-0.5142200265827657,-0.6616575906960148,0.10143672035265108,0.6610338597544048,1.9677715168304948,0.7856627533220099,1.2538819361441773,1.133499669145397,1.133499669145397,0.28403843264244166,1.8916766878306992,0.6869403502368248,0.859613739037954,0.42895016663817065,1.4661471961509267,-0.6005869520370545,1.3643740935221327,1.9501390758871686,1.7426413768608602,1.4467557448884603,0.8386245409188975,0.9601556145497278,0.5178429222099792,-0.7505503462678239,-0.6246110926659204,1.4283747973718952,2.3021421609274144,1.5499058710027245,1.8053097623764098,-0.18020778953221053,-0.15827425969730644,-0.442677659618511,1.5986210320307896,0.2229677939834808,-0.19343840787384728,-0.6616575906960148,,-0.7480245161503037,-0.21934489835626728,-2.1575119992818474,0.43275601824631804,1.0805378815485083,1.6854250137035303,-0.6406683925769574,-0.36678246246951646,1.6368830001441044,-0.010836695584057242,1.608450679544165,0.07553022987023161,1.133499669145397,0.108486427503092,-0.07190733424301758,1.7456161472029206,1.7232499255983937,0.5826257867432723,0.02632549950788466,0.07553022987023161,1.0044430525487127,2.7823565774392187,0.664324888260524,0.0394104836309854,0.813332456374036,0.9755368509772548,0.4061797099603628,1.5513653149731663,2.0742784001204906,0.3049925775827126,-0.17107218626931994,0.44146719767131654,-2.3548135310552105,2.0130388319097947,-0.34087597198709646,1.0090191527869263,0.3798081359128775,1.1157331275663884,0.859613739037954,1.3963313421924255,0.06946413087482031,0.0740128597383177,0.7095679243222143,-0.16434035869271774,1.8258933938744928,0.6652804863232283,-0.23401361999850098,1.396402207894064,1.1050872391586875,1.3893525007436236,-0.11509079697016225,-0.515368833214815,-0.957681525554563,0.37040535809673,1.0831461321509988,0.6564678338391783,0.8127180504364786,2.2147953583928124,-1.5905704133744953,1.2916619120959927,1.138867877484194,0.5193023661804219,-0.7621994662077877,0.25148253506839174,0.2147021447854122,0.28403843264244166,-0.11792950354353483,2.295261383328709
51,-1.9181260752192741,-0.0014377417470329802,0.4612727598332813,-0.1440168891548512,-0.3444162408649876,-1.3183050466236654,-0.618243295314499,-0.6629013988208565,-0.7165350047233318,-0.39460457938236465,0.6331167413487657,-1.0725757731015828,-0.5420421434956139,0.1951456770706326,-1.360395855405267,-0.42051106986478365,-0.49289628879119746,-0.5582318005671694,-0.8860631264265286,-0.518802779273617,-0.5451399634323877,-0.32718409998047193,-0.6031127821545746,0.25922072062309226,0.6606977336323782,-0.5459643992071748,-0.846316225559136,0.17399128047455548,-2.126634277991484,0.7922801803465835,-0.242308598563684,-0.13926479526850835,-0.06314039839422714,-1.654122176999716,-1.108983729402966,-0.29631286997353135,-1.8411581036020093,0.26774115624197803,0.4100037205857745,0.07599325701533582,0.04770811295738342,0.18602238724818956,-0.6133432768867294,0.6746794401602526,-2.1873767623667866,0.12973341035005675,-2.0926189364469923,-0.9238944008634925,-1.601160389402828,-0.7480245161503037,,-0.7890152251425375,-2.3826356479680593,-1.1966971305173075,-1.3554311158807455,0.8343365484274726,2.315444017136567,-0.9741890621999583,0.6726225175869215,-1.9300508591738184,-0.3057118238105556,-0.0014377417470329802,-0.12563594163828526,0.5041790952559444,0.37980431193375425,0.06597624637143679,-0.12563594163828526,1.4759423042789592,-2.0352745679600854,-1.8367238892895068,1.1829211878643926,0.07565041734987996,-0.490950306000047,-1.2054535612458455,0.7751624400140954,-0.21932500774303565,-0.050583596451449886,-0.3357418912670848,-0.7855801265726864,-1.174677872838458,-1.4312080653067019,-0.2169936409585246,-2.233236162774271,-0.2986206948362296,-0.9611154716133645,-0.3985975352743964,-2.097049326780372,0.8665672921845554,0.2951979832481236,-0.24208701699245416,1.180254061603972,-0.5235063251115419,-1.2252256926520124,-1.9650806394786813,-0.7984016329320052,-0.480971504836653,-0.9962386901023269,-0.3313426502783944,-0.42907701864008685,-0.240100648020002,-0.8128647930516258,-1.3101804609001184,-0.5307275632281608,-0.8639725688365815,0.6212687123388246,0.6081141312153217,0.28151260252492144,-1.3204622372519523,-2.972385904421057,-0.19641966609026887,0.5144223803988445,0.7082458414802044,0.19094388186201802,-0.3357418912670848,0.614598194196396,-0.7505503462678239,2.020325558364239,-0.20865137647900786
52,0.1568837089573174,-0.013362525701577425,-0.754002104936346,0.23722516452593603,0.3155727754296226,0.009876838520420005,0.7195786682958454,0.57891356086894,0.6344555509663983,1.0666024696707426,-0.051917159581660655,0.46411431481471255,-0.056545988428722105,-0.689479707608863,-0.6733515419961881,-0.24902102708104812,0.07176059162786974,-0.38674175778343384,0.3666357198543686,-0.3341441444104953,-0.3341441444104953,-0.5086370056382132,0.07176059162786974,0.2341273445891627,1.0779170499381945,-0.006357649911345052,-0.7731178921842332,-0.17102735490911042,-1.046669282619164,0.26380347331394355,-0.034841293154917206,-0.7791585588786731,-0.6744555172680283,0.08111325081478404,0.8712628589779182,-0.22311453659862865,-1.8843415663291536,-0.9278875222766925,-0.03926901618399639,-0.5226585535996344,0.5763877307514198,0.12495174858922922,1.4183924205208804,0.5751439226265787,-0.7199611656643163,0.1818873299858774,-0.017609152270401038,0.8321877764161146,-0.9873576542793443,-0.21934489835626728,-0.7890152251425375,,-2.3987638135807345,-0.7794778142114895,0.19214285862665068,0.4873774681493264,-0.6345510732532602,0.561157828520099,-0.37364992064865216,0.9551421681825242,0.28403843264244166,0.5979525931722238,0.06498508520210812,-0.6033668923999886,-1.255177485391374,-0.008262984366909686,0.359860213428607,-0.3054361597959744,-0.831721576383604,-0.9411713731082177,0.17491071774213401,0.09970289602036679,-0.3843442793088283,-0.5425049714179455,-0.04839230600643995,-0.2803956464019965,0.9551421681825242,-0.8882710769702096,-0.594959099732293,0.5298270700926628,-0.7071888368198409,0.31044216871067065,-1.8281445411843953,-0.490511432746549,0.9783815324045216,0.20660601874627094,-0.8934963352038905,0.34037529064020133,-0.08355645418298081,0.34890704758538427,-0.7868239346975281,-0.47362913191944406,-0.23634620658641178,-1.3512779043551972,-0.7743491542615188,0.38576670391102597,-0.12301764069565387,-0.5289669664595037,0.12241126969959469,-0.22797295330406012,0.2688644591272572,0.7458208509618253,1.335571107414822,0.09089157568452759,-0.48503346719226664,-0.37159723366762637,-0.20398355254197129,0.1092923537101844,-1.9132676585138428,-0.11450813853982098,-0.30892945486029233,-1.0488772331628449,-0.6122360719770177,0.3008695144020444,-1.2139642035024163,1.3351404137384697,-0.8182136572963945,-0.46034304197836257
53,-2.001393594287272,-1.6566544984006597,-2.3349796308516257,-1.7490468937406174,-2.3324473094506826,-2.135757567813928,-2.001393594287272,-2.2666875952817813,-2.1217758612860527,-2.296268722513771,-2.1839057700655933,-2.320416202677049,-2.3183592801037185,-1.9132676585138428,-1.5590809019475245,-1.9069178177709112,-1.301426844470898,-2.5311323559929404,-2.1217758612860527,-2.4425574799949703,-2.4425574799949703,-2.4425574799949703,-2.141871113970499,-2.5576372251025985,-2.408542138450479,-2.339407353880706,-2.1803206698274926,-2.1429302578821297,-2.2081427867403414,-2.0361951577387134,-2.3946667547416935,-2.2318295047373615,-2.356684326125431,-2.4425574799949703,-2.416650989512551,-2.416650989512551,-1.5905704133744953,-1.69843564934013,-2.4425574799949703,-2.044202380503206,-2.7115261177390497,-2.2460803839963943,-2.7115261177390497,-1.852197019854882,-2.8283745012487915,-2.446804106563794,-2.001393594287272,-2.7374326082214693,-2.001393594287272,-2.1575119992818474,-2.3826356479680593,-2.3987638135807345,,-3.061140202898841,-2.416650989512551,-2.6939760972806943,-1.3554708953538308,-3.1808941071932666,-1.9932847432251997,-2.7978930431933384,-2.475195798053991,-2.420897616081375,-2.4425574799949703,-3.1175899625300367,-2.7115261177390497,-2.5735938302819137,-2.4425574799949703,-2.4689577420621385,-2.1676879417324995,-2.269213425399302,-2.011665690741765,-2.268326418121274,-2.883761193944891,-2.8647354810611767,-2.8076265367028737,-2.8311216743262198,-2.260494370650138,-2.505225865510521,-2.1245493103655644,-2.644052615245042,-2.605850161507265,-3.025373726359374,-1.317491932175176,-2.6603579021413593,-2.32217521299619,-2.5459477070171923,-2.349844967551567,-1.8975884331257074,-2.486844917993955,-2.3924400071792324,-1.6323726503657028,-1.5963634641562772,-2.1660632992850375,-2.3042432057041653,-2.42728120542686,-1.7928853915150627,-2.505225865510521,-2.2719868744788134,-2.6608754396673246,-2.962113807966564,-3.3012763741920472,-3.0323077364479682,-3.0323077364479682,-2.1217758612860527,-2.3608861213340453,-1.993491429450279,-2.7115261177390497,-2.964547590110571,-1.317491932175176,-2.4158642791009397,-2.6499034718874643,-2.3349796308516257,-2.38259081660785,-2.505225865510521,-2.7775697556801795,-2.7978930431933384,-2.052326966226753,-2.525572914835693
54,-1.2086219144718515,-0.8960087319254144,-0.09990887363568077,-0.8203134935419518,-0.7944070030595324,0.3025441037341621,-0.5325047325645659,0.12418660277128984,-0.5325047325645659,0.10639137859284777,0.6010408683357001,-0.43464371683208436,1.275661396766686,-1.9577345189926425,-1.2746572926553335,0.5373894906651434,-1.0731091343131467,0.45964791356885887,-0.16845837817908654,-0.11343140444681474,-0.139768588605586,0.876445734071538,-1.1292758254039086,0.17656130885072574,-0.5438193128320183,-0.31983797949443343,-0.03164723168337716,0.9138980035589646,-1.7492263162204325,0.2702942637922342,1.1023372319075608,1.428031007304526,0.7632377435904756,0.07818727484632973,0.19027068779745374,-0.237629604338067,-2.194064838677701,-1.4624340047145772,0.6676009286048062,0.4388872987513737,0.10514757046800659,1.3535982037305638,-0.19871424436580581,-1.2458429852217239,-1.5326570542483413,1.1822479937998287,-1.4171301172440616,-0.740402731649684,-0.7290881513822319,0.43275601824631804,-1.1966971305173075,-0.7794778142114895,-3.061140202898841,,0.30297479741051336,0.52706881610929,-1.0142297860991953,-0.2040254647417654,0.27973543318851696,-0.3612176005422278,0.9301156606663848,-0.17655896567910617,-0.1015066204922703,0.17591698818930915,-0.5325047325645659,0.5286716807119799,0.1933685077342281,0.6164103831643168,-1.0051064962767522,-1.1272197285420842,-0.32885494649778735,0.4273053544622846,2.2052820588561652,-0.010374298338582463,-0.15594158557847096,1.1944916290641188,-0.16463418172456223,1.519489972475598,1.443062949121626,1.0599748342080402,1.9574737087260639,1.8963089175680534,-2.808786474557737,0.0430130271518025,-0.21172311385564754,0.23687816633679432,-0.8526440833056814,0.2165311170116221,1.2672312782762756,0.47882200962245064,-0.6210629484638637,-0.40838328761791703,-0.1441963116346657,-1.336595096075804,0.6223021254896537,-1.0731091343131467,1.8070577913868773,0.7446324994668246,0.5819327020654779,1.5563341754254199,0.4932704017474997,-0.18715018650343934,-0.6421110222408511,0.14040672013733985,0.03621411021011544,0.05928578948122472,-0.12741311097469027,0.6633339246750111,-2.591772213444624,0.5969984941286502,0.7107546567612952,-0.15394417106350497,-0.34847267434474505,0.32038392161443324,0.18384099606279602,-0.2952815173833866,0.18255373198808758,0.6576259962557389
55,-0.4556752180413255,0.08492918370725587,-0.43999599265319034,0.23722516452593603,-0.08355645418298081,1.6406120092767236,1.1661379872044175,0.308090911312928,1.3627214060220831,0.7729711495690864,-0.16389790975160043,-0.3964585911942973,0.7238252948646691,-0.6031127821545746,-0.9250432074955418,1.5333983343573288,0.47809602134258705,0.5331427765653951,0.5763877307514198,2.13507337476487,2.108736190606099,1.9707462871725563,0.08492918370725587,0.0698435019075401,-0.5798734179325777,1.8671472208337527,1.424558864479423,0.4348510671565623,-0.689479707608863,0.28889684934787313,0.2863710192303524,1.0241075520248097,1.9429176789762845,3.1502468000785506,1.336384221863312,0.7729711495690864,-0.9565327189225137,-0.8305934653206103,0.3759883790412824,0.4812877893666094,0.13407503841167176,0.506193802270016,0.1389103357426904,-0.24716701526911547,-0.8231528935009188,0.2784147825881471,-0.1608000898148266,-0.3120535868205476,-0.6522586368589911,1.0805378815485083,-1.3554311158807455,0.19214285862665068,-2.416650989512551,0.30297479741051336,,-0.36696805211992306,-1.3922991733360666,-0.7505503462678239,0.6487729496778336,0.4900208052971315,0.37040535809673,-0.7505503462678239,-0.03926901618399639,-0.982121329831093,-0.8488420556766572,-0.15937823496914666,0.5504812402690009,-0.37967539053432087,-0.3762402919644703,0.10701974129720301,-0.10679581840497875,0.6435965861614766,-0.3411597517442143,1.2619835515200843,-0.23409183823300483,-0.2575869758563514,0.8951124268870071,0.8047785405698961,1.0700375682405938,0.06903428683512572,0.6820636869832053,0.48121409853870967,-2.214105178717613,0.27238608306460704,0.5234259431545322,0.4507686997357665,0.25002691507707275,-0.14144317793770364,0.08668978047591352,-0.008282527424916631,-1.0923800387537297,0.042402342476928596,2.411374621752948,-0.3924132889373547,0.12344482249736297,0.5763877307514198,0.6808677599579894,-0.40433807289189916,0.06958772850619101,0.003869615182938745,-0.07567697248537945,-0.03926901618399639,-0.21376187741171485,1.444970736563045,0.01959367193128346,-0.44234377604987124,-0.3082376539280758,1.0733080683172507,-1.8269007330595541,-0.34927913112760245,-0.1974691533720739,-0.5442500940392948,-0.3784315824094797,0.43866700004903464,-0.9369762512077336,0.5883125147059642,-0.8216840062649583,0.7352856365403079
56,-0.421157913180178,0.4244096295065789,0.5465649624133994,0.07553022987023161,0.3201106967602648,-0.3713414260477498,1.5566010589510233,-0.41483953871086326,1.4583093495421906,0.2278262106889128,1.3658878305983846,0.49821816656857304,0.6209930483242434,-0.9948188844823633,-0.7600556229239372,0.1503969854066604,-0.3619240457640845,1.1593241645954715,0.2910442606569617,0.40117026528458094,0.3748330811258102,0.8605295088584376,-0.2636323363552517,3.0704709194281654,1.2857956499640777,-0.30173886316304027,0.12161347376142276,1.2858840525098316,-1.2699485172551204,1.4478445233515305,1.9790499712630865,1.2294348896321992,0.9597076803043091,-0.6138461322740553,0.20148902653014153,0.9985944881640089,-1.8982018664506695,-0.8545846319301873,1.683826919015771,1.606202701292925,1.9394990297450454,1.2809372332586462,0.8598799163567761,0.39823383755168024,-1.0422510723014609,1.592549797418721,-0.9025284475126654,0.4060055626155996,-0.7059450286949998,1.6854250137035303,0.8343365484274726,0.4873774681493264,-2.6939760972806943,0.52706881610929,-0.36696805211992306,,0.33375580059361915,0.36209518272277685,1.0028453056921227,-0.5753716557786352,0.9744129850921824,1.161597450072824,0.946609964364181,0.8947531678257444,0.10247920416561124,2.533181680926894,1.089212231146411,1.0609547276294378,-0.3409961341561382,-0.9074931870371864,1.2550307427762262,2.4933317086077422,1.242732738774157,-0.8781651537629398,0.786596201545471,1.583255273898978,0.14145928523462392,0.9000497366751992,0.27478077494831976,0.7616167898285475,-0.5580521618151087,1.1899423770747588,-2.060380315258803,1.0064086349279389,-0.21073526985511495,1.198169852164494,-0.7439150396752291,1.0272517230943579,1.5986210320307896,1.2129065792506584,-0.11838606268701192,0.13675672869251188,-0.06707203691199944,-1.3470324302974228,1.5939289051630052,-0.55850746458175,-0.2440004619514906,1.3789596411949987,0.9806267655894059,2.020207130200308,-0.031071654912554827,-0.10541879491950733,0.3077138532067668,0.15162505887002764,0.5155927561070403,1.3018489128807862,1.063305740663992,0.7711036785442774,-2.1042258408276973,1.37982944959176,1.822051426640592,-0.08519784654689189,-1.095019513203026,-0.3224950244705315,-0.2985836092745673,0.6422992957878776,0.6247674784305894,1.7497985648746974
57,-1.6329844405023102,-0.6009214917095648,-0.05688430875844383,0.14333269610579416,0.001627102959201072,-1.8341499422726237,-0.6551113527698202,-0.6981475420297413,-0.7534030621786535,-1.016243608031596,1.5667023910822695,-1.4981052647813555,-0.4756392062830147,0.3939203863333081,-1.5988913380340923,-0.8749341358094832,0.3717651076466085,-0.987669991288754,-0.8957966199360636,-0.4767232918183135,-0.5030604759770843,-0.9019894329239525,-0.3974572952931938,-0.08719004022955372,0.9771913598498716,-0.44244459969968825,-1.3508656371254866,0.15483119971916304,-1.8667889300698484,1.2765034305898986,-0.6599697694752522,-0.5465477073033934,-0.6011838363045758,-1.639177253490199,-1.118717222912501,-0.8957966199360636,-0.8594070900813227,-0.04359307268924203,-0.07869202276661945,-0.43212468487383826,0.0379746194478484,-0.1798258026985402,-1.2128270268492616,0.8481578626275996,-1.6682206691537098,0.2650606008583544,-1.8346118656758148,-0.4005868610961793,-1.9329035750846475,-0.6406683925769574,2.315444017136567,-0.6345510732532602,-1.3554708953538308,-1.0142297860991953,-1.3922991733360666,0.33375580059361915,,-1.6871743015625655,0.4267076544144325,-1.9650806394786813,-0.19835570023720983,-0.6009214917095648,-0.3784315824094802,-0.2843458704597279,0.28370389296993087,-0.4456168171635014,-0.08355645418298131,1.2864252527104045,-1.7938321978966731,-1.6379491800268318,1.5635184761780325,0.046869874678424975,0.2246387124788491,-1.051994285863345,0.6663461454118852,-0.03685766332492344,0.12289482601589762,-0.19048091146737978,-0.5098650791015804,-0.7956271096026802,-0.9791618794574187,-0.7259979969842104,-1.3320260649115208,-0.2649468228841035,-1.5309415192977573,-0.919381936709357,-1.6197068541357613,2.1265873852214083,-0.16389790975160043,-0.3866094006229153,1.9524716624750809,-0.21172676913952562,-1.7582898453032745,-1.5741050922883593,-0.5397978577917593,-0.18894909252098377,-0.5652795989863093,0.1459998223662162,0.4558257143781006,0.2150865459379095,-1.4987154684684465,-2.0596211370917943,-1.3073675244623741,-1.4634563187991132,0.5783636627878411,1.0910967035251224,-0.40433807289189916,-0.8375364441759913,-2.0974940132510955,0.03859353546215801,0.10713946836395948,1.170537228193107,0.4258523467013968,0.23080359683192275,0.7809373730018329,-0.7855801265726864,1.9354797893734836,-0.6159342885138934
58,-1.2911547480164047,0.6784716949801369,-0.0036456922907139692,-1.3845880407198061,-0.9952371359769457,0.10392192136042919,-0.49289628879119746,-0.22183251460594963,-0.689479707608863,1.2373743994987807,-0.7455235804810512,-0.7536481662045977,-0.6301680792690434,-1.8799073520166512,-0.9250432074955418,-0.6781651273414101,-1.2420088933119884,-0.12565857576507783,-0.9521777714413285,-0.3341441444104953,-0.3341441444104953,-0.18670658029724557,-0.9135296254891878,0.1001777291163897,-0.3832899991149112,-1.4375498283166939,-1.103970283035763,-0.04290463976553258,-1.5368840215384867,-0.4602157551729173,-0.2542333825182279,-0.07679238412748839,-0.26740197459761356,-0.7764568367502434,-0.4556752180413255,0.28151260252492144,-2.457963657169475,-1.4473990188880763,1.08612090249306,-0.4746387287040018,-0.16504671638365023,0.13015278270011132,1.3356013878108624,-0.8428796636993849,-2.177225534465949,0.1662363681442312,-1.1437171839031555,0.6438082101533116,-0.9471337650854894,-0.36678246246951646,-0.9741890621999583,0.561157828520099,-3.1808941071932666,-0.2040254647417654,-0.7505503462678239,0.36209518272277685,-1.6871743015625655,,-0.4324358538193281,0.7459158524546177,0.10654275297074127,1.8505630219126767,1.326885436490621,-0.04835009044718095,-0.7937338089949686,0.5837719775743725,0.9116280412653421,-0.5030604759770837,-1.7031783689837146,-1.514793463948539,-0.9914212030844743,-0.09359123440477038,0.22530813137582925,-1.3164095636552153,-0.6140900837889509,1.0182433253779368,-0.44375043408678105,-0.612878965173645,-0.5788309341196176,0.12461449080042176,-1.0440036196486429,0.5243975612658528,-2.7115261177390497,-0.5971735095517158,1.8724545777637234,-0.6539668872627383,-1.8632448372128338,-0.3116894125965985,0.5913169195994641,0.5191532822442791,-1.1393405770412577,-0.1698440043569696,-0.46594731449581833,-1.9278595687288091,-0.6137429980688834,-1.2199183357220407,-1.0920606958899897,-0.6500673464139817,0.6593379849591877,-0.7604527693290939,1.607206871419323,1.6056323991044439,1.648815861831588,-0.4556752180413255,-1.1599068409747115,-0.3477729980407184,0.9916451259766986,0.2750496090920434,-2.7115261177390497,0.11022410037432313,-0.8986797113132896,-1.8982434681730076,-1.7367508499433337,-0.7386481964400725,-1.7012193688884494,1.0136564167353292,-1.4335672600620197,-0.4171595792512179
59,-0.6781651273414101,0.46411431481471255,1.5025988313014702,1.0613901142335622,1.3464869175903171,0.48701798685314907,0.7962105137910819,0.1935198821121216,0.7962105137910819,0.255606112042502,1.9643964464296244,0.21919815574111945,1.2335584666063093,0.4100037205857745,-0.6290192726369936,0.42895016663817065,1.29462910526527,1.6181675129550281,0.0590226932248364,0.8712628589779182,0.8712628589779182,1.0187004230911685,1.0538645712677093,1.1769587958871204,1.11202739297548,0.08978760041268684,0.642041122101232,2.1096260599991923,-0.9119696169089481,2.095978893143828,1.8357990055496822,1.9185112615740485,1.8226304134702955,0.28151260252492144,0.255606112042502,0.6487729496778336,-1.1051190896678122,0.4358841767267646,1.1661379872044175,1.5841071284934214,1.1630401672676427,2.0998029037692394,-0.18187128296622745,0.6234766628825061,-1.1192560951907844,1.1266322109662597,-0.3832899991149112,-0.7996962009722403,-0.4815817085237445,1.6368830001441044,0.6726225175869215,-0.37364992064865216,-1.9932847432251997,0.27973543318851696,0.6487729496778336,1.0028453056921227,0.4267076544144325,-0.4324358538193281,,-0.22392765104711804,0.98578809726217,0.660697733632377,0.9916451259766986,1.119835842191361,0.8572811524500437,1.2570066748126474,0.9916451259766986,1.7714276361925472,-0.4486255108908841,-0.3341441444104953,1.2951946038011009,1.3083991878013086,0.40183787280541333,-0.33724881735895057,1.5680254660384287,0.9478200275320626,0.9794224297679633,0.9560320375756175,1.80607658217479,-0.07955208391017325,-0.07836349780503858,0.7749404201331572,-2.1297951758366556,0.931226292727168,-0.06250838040599382,0.011553827332792255,-0.11723343207583893,1.6378654557880838,0.5321002927524349,0.16506152717075254,0.8368432823601477,0.5106215252990951,0.9732641784601337,-0.6613819266814346,1.476289389999025,1.469121966492988,-0.379383899768468,1.0467982040185952,0.7835361848504405,1.0397484968681558,0.34072922937194916,-0.5048210727457414,-0.7996962009722403,0.6708635072677803,1.4454336620464505,1.7087592506769973,1.2606137637207782,0.7551935758687539,-1.4357908179975536,0.856127872260811,1.2045212688340052,0.7341523319626234,-0.3537689000519024,0.5747899838948298,0.8921963501781692,-0.12563594163828526,1.6534741929018835,2.0881302040419705
60,0.244291531775049,-0.09972945115586578,-0.925492147720082,-0.1440168891548512,0.03682581281579963,0.2543623039176608,0.1459998223662162,0.43023218863084967,0.04770811295738342,1.3746461899766267,-0.35460513387480463,-0.48282551664858564,0.46296550818266274,-0.868219195405405,-0.8369172717221127,0.16923918658821363,-0.09972945115586578,0.24002665865803793,0.861032364245764,-0.42051106986478365,-0.42051106986478365,-0.12563594163828526,-0.3082376539280758,-0.8088194907946833,-0.4815817085237445,-0.022485815524020472,-0.354857678514972,0.7314852057022019,-0.2640565387481805,-0.08217943069751041,0.4186780701836773,-0.3800293292660692,-0.4388920173813496,0.46411431481471255,1.3746461899766267,-0.8860631264265286,-1.4259007083767306,-1.5677812858868567,0.46411431481471255,-0.49869120737448863,0.31624605702511105,0.3657162825867901,1.5490743301075927,-0.272260391303045,-0.9366543829009939,0.38863127595152436,-0.14887530586028216,0.5504812402690009,-0.689479707608863,-0.010836695584057242,-1.9300508591738184,0.9551421681825242,-2.7978930431933384,-0.3612176005422278,0.4900208052971315,-0.5753716557786352,-1.9650806394786813,0.7459158524546177,-0.22392765104711804,,0.22992783841350414,0.8340417882280463,0.8793717100399914,-0.9379402146511977,-1.1568857759825406,-0.16658443507126008,0.8793717100399914,-0.29330846508003255,-0.7625263520010965,-0.6031127821545746,-0.2914544532681004,-0.5189351364341355,-0.468696226463272,-0.056355395660326706,-0.22092324615361922,0.2589649472217432,0.7578406364091611,-0.3544853986510254,-0.0754476031209087,0.4625528047179301,-0.32594678313905373,0.0036422565296278142,-2.416650989512551,-0.03341617666368469,1.2995938447897903,0.3149842349591895,-0.6226736856478784,-0.7780545836068329,-0.759673636090267,0.2002256753472934,-1.0804552547991852,-0.8039610740892519,0.18487358061613976,-0.8957966199360636,-0.5526723594099232,0.020652815842914663,0.1293794716183084,-0.6872884171638536,0.6389631927776888,-0.3454818440523611,1.6935737968736124,1.6122336372060957,1.2444855981081027,0.4900208052971315,-0.6565235099760026,-0.7019597546070369,0.6967699977502003,0.5344373446056307,-2.2081427867403414,-0.3769930665884395,-0.20240856061441465,-0.6186922355390393,0.3802349032947599,0.3642248585492892,-0.5420936481639539,1.9320106730107696,-1.1120202685424447,-0.3560889405922576
61,-0.24640019547073602,0.3162947638677925,0.6937952274081398,0.4146927960957154,0.26986348258495774,-0.08918430648774278,0.8467333919809696,-0.056545988428722105,0.7263511249821892,0.45552847542617714,0.3099449231248611,-0.3229887960552803,2.556672533000141,-0.8090951548092645,-1.2514078471490122,0.10143672035265108,-0.21934489835626728,0.6408334398112511,0.474659459482835,0.39631184857915,0.39631184857915,0.8386245409188975,-0.5142200265827657,0.859613739037954,0.5437494126923992,-0.025011645641541163,-0.1608000898148266,1.6262329036618406,-1.0699549414912712,1.1829211878643926,1.0044430525487127,1.6634590290533409,0.7095679243222143,0.10143672035265108,0.6652804863232283,0.6652804863232283,-1.1077399212781247,-1.3617989132321673,2.335752802483089,0.7666958811359608,1.0212262532086875,2.384132887327614,0.4095424669207867,0.5518582637544712,-1.3273030442980072,2.961333460913665,-0.5412753236972344,0.39631184857915,-0.6616575906960148,1.608450679544165,-0.3057118238105556,0.28403843264244166,-2.475195798053991,0.9301156606663848,0.37040535809673,0.9744129850921824,-0.19835570023720983,0.10654275297074127,0.98578809726217,0.22992783841350414,,0.4637323279810417,1.8275040269844987,0.08143113038862324,-0.8090951548092645,0.7135531984101752,2.816383513050099,0.5203113399594702,-0.8582998851716109,-0.5142200265827657,0.5621303602089641,0.8054771104675881,2.191342870634801,-0.3742313446014028,0.4956486576018925,1.5029726606464506,0.9959299664133611,1.4056867611790582,1.8404739105529517,-0.17965770629905078,-0.08419005862073155,1.8041796265541925,-1.885445541600994,0.6861007548905508,-0.3259916144992627,-0.1883685360508834,-0.33032438753890025,1.2835454838611366,2.6288645083969464,0.954018649852677,0.39139455621578745,0.05415578368140124,0.2672552319824657,-0.754090615145715,0.49895531685524913,0.2229677939834808,0.4325988380316128,0.3643392591013187,1.2368738414302913,0.5317824131785952,-0.15827425969730693,-0.6178639242817792,-0.38405943471424114,0.37040535809673,0.8153263010389691,1.3936556544054253,1.4024683068894754,0.7674750143747883,-1.885445541600994,0.520234216768511,0.4016800569179476,0.5463576632948907,-0.6579453648216831,1.3768724537454482,0.30106907023970103,1.1145532230929993,-0.06373964248327937,0.9683233063094655
62,-0.7014044915634075,1.3135755513176668,0.4014459292991616,-0.4999626560403104,-0.1969786767517384,-0.01646034563835125,-0.11165423511041021,0.12114757096152189,-0.3082376539280758,0.8221170042735019,0.46287050668987034,-0.25026483520588927,0.10701974129720301,-1.3944111969497586,-1.0724807716087914,-0.3832899991149112,-0.18713727397359786,0.5601980736798639,-0.4556752180413255,0.6979188043822501,0.6979188043822501,0.8453563684954992,-0.23524223131457103,0.6536313663832651,0.5241440561102296,-1.4375498283166939,-0.5142200265827657,1.3552508036996906,-0.8249924877675683,0.48548026816553974,0.6914626408202286,0.7113452478664957,0.4697858459686329,-0.4815817085237445,-0.4556752180413255,1.0187004230911685,-2.1630885289429767,-1.091453252002617,1.2876690608352468,-0.11744915369370088,0.8940715295235634,0.9554665390397868,1.3897119820397998,-0.14887530586028216,-1.4722147782937363,0.635604357598448,-0.9962796197899063,0.4030436761557517,-0.5048210727457414,0.07553022987023161,-0.0014377417470329802,0.5979525931722238,-2.420897616081375,-0.17655896567910617,-0.7505503462678239,1.161597450072824,-0.6009214917095648,1.8505630219126767,0.660697733632377,0.8340417882280463,0.4637323279810417,,1.752769449907374,0.09908747366606824,-0.3082376539280758,0.6701389030286609,1.168902360829357,0.4426355473613727,-0.9049199097585067,-1.2199183357220407,0.2335795299273699,0.2554737548819835,0.3918766795457373,-1.395218256634115,0.8830942278891867,1.131665547946694,-0.44375043408678105,-0.24937496581279645,0.36686508921883887,0.21398423469869254,-1.2346246464890362,0.2744649060856404,-2.066049700064224,-0.49291940816561025,1.097665948534994,-0.921786718374768,-1.2734945807598366,0.5957446426285433,0.9485064946097645,0.37171571813102944,0.1362663288566817,0.02993088953997446,-0.0847052608150311,-1.6329844405023102,-0.023992741615886225,-0.33529295104254453,-0.9367197925321945,-0.35519221818748326,0.9973965759128303,0.08076790614425589,2.0495195637590706,0.6115518789279617,0.9927939326087485,0.16931935735541784,0.16703123604453265,0.2960878526412164,2.171145638882693,-0.34207836330028646,-1.8269007330595541,0.7414368076585931,0.19569768426325776,-0.6916876581525441,-1.8299985529963279,-0.7899793675613773,-0.7555233455499923,0.8340417882280463,-0.3182144779834391,0.17259067720177937
63,-0.2408171745261836,0.9386833383798109,0.30396733433881823,-0.03174347321814287,-0.3525250919270612,-0.14500852689667193,0.6778235516978046,-0.7765291332071408,0.5574412846990242,0.8453563684954992,0.2610817602294743,-0.43778804210950933,1.1402314967219975,-1.2458248262044598,-1.0713319649767417,0.10701974129720301,-0.6290192726369936,1.5640569187260895,-0.03926901618399639,0.28151260252492144,0.28151260252492144,0.7238252948646691,-0.9238944008634925,0.3846627286391857,0.42895016663817065,-0.4999626560403104,-0.08531752752413152,1.3903254153647628,-1.086462478136666,0.4130950492391254,0.8528819114613533,0.6905882534067589,0.9732641784601337,-0.3082376539280758,0.255606112042502,0.4258523467013968,-1.274647211371009,-1.5418747954044372,2.716650059059044,0.5866199989636909,0.6979188043822501,1.416725677431931,1.0981234473713297,0.14218388947374488,-1.4535423400113168,1.7355134514759154,-0.535692302752682,0.8221170042735019,-0.7764568367502434,1.133499669145397,-0.12563594163828526,0.06498508520210812,-2.4425574799949703,-0.1015066204922703,-0.03926901618399639,0.946609964364181,-0.3784315824094802,1.326885436490621,0.9916451259766986,0.8793717100399914,1.8275040269844987,1.752769449907374,,-0.10289137835247024,-1.0713319649767417,0.7037235508967996,2.935388756563409,0.6482791780930843,-0.7386653417863643,-0.6290192726369936,0.46440580558056543,0.47796366418206804,0.8723718373677463,-0.9049085162220002,0.3155727754296221,2.1725425529813953,0.5862555921326332,0.3171359264182039,0.9485064946097636,0.19207223778868485,-1.0612805918933674,0.6173370823845059,-1.8528072235419737,0.5060248727182799,0.8442075618634495,-0.31460783176419355,-0.21977176805349585,1.1034696016888668,1.2261046505915367,1.1958806678386558,0.6536313663832641,-0.42638355906765607,0.3614233644171888,-0.8960982819569188,0.31887943468297875,-0.18670658029724557,-0.5962784334127214,0.03682581281579912,1.7284708503225075,0.4499982404151581,1.0970480339948534,0.6374583694103797,0.8712628589779182,0.2973077525969438,0.34037529064020133,0.9882073782640597,2.3197320096279923,0.9321172542758642,-1.8528072235419737,1.2659043716356775,0.5164793029721756,-0.5183436035568759,-1.1328963752204524,0.48666404812140124,-0.17388194015906772,1.1742468382664897,-0.15869240732610207,0.9356849882504448
64,-1.4125092382162967,-0.6872462016045946,1.7350334134100358,0.24166662107388595,0.47608131432851547,-0.49109347646328083,0.2584498217338624,0.49210630943407724,0.06186640291619679,-0.3804462894235513,0.8981590473397644,-0.04878078412353273,0.31776145007368195,-0.35835573183360364,-1.3040517551720607,-0.6494149271676307,0.00079576425723595,0.3838150748053519,-0.982121329831093,-0.21902701878242706,-0.21902701878242706,-0.07158945466917788,0.29567089248373485,0.41501067566955513,1.237215290746158,-1.2338578266906561,-0.45845515840426015,0.33864183889978183,-1.4778265034440812,1.283128523703655,0.48739589459596844,0.5980613281838859,0.387860377062294,-1.2510899675751723,-0.982121329831093,0.04994161896165235,-1.8124485325379727,-0.19194568732652942,0.07584810944407132,0.31113640572906176,0.3448167471881507,0.9777056350080836,-0.20608287038933631,0.00079576425723595,-1.821199464391963,0.4287910578855486,-1.4244340221708411,-0.7859686046897791,-0.7363920563090105,0.108486427503092,0.5041790952559444,-0.6033668923999886,-3.1175899625300367,0.17591698818930915,-0.982121329831093,0.8947531678257444,-0.2843458704597279,-0.04835009044718095,1.119835842191361,-0.9379402146511977,0.08143113038862324,0.09908747366606824,-0.10289137835247024,,0.9573756741867926,1.528857797225738,0.02173751521513381,2.093647893005434,-1.1754133631123458,-1.156614191058811,-0.10235436185702883,0.7843793120194071,0.38133033421046564,-1.3203705135531298,2.2411804586114745,0.4872209743209657,-0.14664179985601325,0.3875714225974155,0.2664243049242562,0.12040633863141156,-0.3789085707359414,0.719670273370683,-2.943097101302319,0.26733119319169474,-0.10881052541905033,-0.1661090883147262,-0.655760514156746,0.5185147405155678,0.41501067566955513,0.23791652588953052,-0.03861659693764543,0.31061674143044915,-0.4021942296080488,-1.3774794579114336,0.40459281780687695,0.4028845674031291,-0.8324758151741628,0.7226237022990863,0.3720829863437595,1.0444389566344459,0.23015071649455193,-0.48094917901393647,-0.6625835192470163,-0.6872462016045946,1.1964859342347856,0.4776790611851055,0.14326858884596402,-0.316405345687814,-2.6482219730758203,0.17437247287984037,0.6729979413486094,0.6503319215567734,-0.05992701530964446,-0.0580669238580439,1.4726920488976925,-0.37532452214398665,1.172096868506551,0.721558503623323
65,-1.3894464574252374,0.13407503841167176,0.6710247707303325,-0.20508752781381154,-0.022485815524020472,-1.0713319649767417,-0.3082376539280758,-0.21934489835626728,-0.209945944519243,-1.2420088933119884,1.2912906972102864,-0.8035121338647121,-0.28542898338243067,-0.08708130775820203,-1.0724807716087914,-0.973040255567909,0.5272418760470035,-0.5701565845217138,-0.06128354974713424,0.3538978214513353,0.4258523467013968,-0.06632431329846515,0.7357500788192125,0.3455876460773811,0.26753089599704644,-0.8477995718636965,-0.21934489835626728,0.34848414170227393,-0.35142111665522047,0.9709764232324315,-0.15594167310939563,0.0352280659592096,-0.06189659026938596,-0.6560745697514624,-0.8751792398354279,0.28151260252492144,-1.3988454112622617,-0.3272101343219018,-0.5086370056382132,0.32486353864604667,0.3043212730705666,-0.2309940182962305,-0.7990428091132943,0.20779382046829686,-1.3518325112949552,-0.16389790975160043,-1.192863038607572,-0.2849982897060789,-1.0945713291987387,-0.07190733424301758,0.37980431193375425,-1.255177485391374,-2.7115261177390497,-0.5325047325645659,-0.8488420556766572,0.10247920416561124,0.28370389296993087,-0.7937338089949686,0.8572811524500437,-1.1568857759825406,-0.8090951548092645,-0.3082376539280758,-1.0713319649767417,0.9573756741867926,,0.25239913804112096,-0.6290192726369936,1.2433816228362629,-0.9049199097585072,-0.9250432074955418,0.18807930982152013,0.40291131899523264,-0.04262316672736516,-1.0782525708176693,1.0077231214567917,0.24579635514235756,-0.5539669274501583,0.49439316127086275,-0.40433807289189916,-0.6840988309538641,-0.21448648165083528,-0.9780310294338594,-3.0064012459655487,0.1351790136835125,-1.218769529089991,-0.7515404837158737,-1.1752028713510037,0.6580590894123444,-0.5030604759770837,-0.24084320886761298,-1.190671748162562,-0.40115415798766063,-0.7948377842668088,-0.8466507652316473,0.04796178363417531,0.42895016663817065,-0.36259952410757795,0.6277248759008461,0.33392753740320946,0.2934444142739148,-0.8979879103810731,-0.8010297641024515,-1.169623674385575,-0.509785812270263,0.5110522189754474,-0.18940830242567586,-0.013362525701577425,-0.525678553754335,-2.7115261177390497,-0.20425921567986233,0.15759710835381469,-0.1151059937789329,0.1298171930891101,-0.29852082051721235,0.9797120822645073,-0.8811976819266477,0.34460445819828295,0.46321917885945463
66,-0.39914511651395645,0.20148902653014153,1.360388819434171,0.24577646452912594,0.10143672035265108,0.3976417516714553,1.763272490480366,-0.2445933040519684,1.5666890716626993,0.12953450128007998,1.0113323865670443,0.7548313266817557,0.7413753153230239,-0.555027442366739,-0.29068763346972043,-0.035180035077894405,0.12953450128007998,1.865339503671928,0.16311495818893065,0.49946197469341425,0.49946197469341425,0.7511536401927684,-0.16534062694641838,2.199775623756609,0.8926288123287454,-0.11623960360221154,0.34515695240102884,1.422308698376483,-1.0512098197507558,1.2644296966132493,2.299018475523515,1.403927750859917,1.1063493705381346,-0.4283468727132261,0.0312427918712472,0.6209930483242434,-1.4739577846180774,-0.4283208383717972,1.0687813888509643,1.879851426535513,1.885616678559685,1.4013195002574266,0.46700267596782735,-0.25170755240070725,-0.9881404780725234,1.0879684230215687,-0.5093616098773341,-0.15384653666822623,-0.3127781910596681,1.7456161472029206,0.06597624637143679,-0.008262984366909686,-2.5735938302819137,0.5286716807119799,-0.15937823496914666,2.533181680926894,-0.4456168171635014,0.5837719775743725,1.2570066748126474,-0.16658443507126008,0.7135531984101752,0.6701389030286609,0.7037235508967996,1.528857797225738,0.25239913804112096,,0.8283524444644047,1.4499396597926983,-0.28897344321961144,-0.7330003258094685,1.3533224521850589,2.046055289826993,0.8347093957488781,-0.47666335775997004,0.8873397019469617,1.3196209118165656,-0.25170755240070725,1.144048522975147,0.810420437172379,1.0058761419251632,-0.39460457938236465,0.5769277224911471,-2.74063958222285,2.342746807004077,0.4862933826140286,0.3605460410716516,-0.43347451365316503,0.560886552084123,1.0471327436911075,1.5221032971478832,-0.8064280285488414,0.6342963303453371,0.3661587315279064,-0.9538655926620911,2.522963648065974,-0.14325006935647125,-0.4232691036416249,2.191469108420561,1.2350182431688403,2.139190246014561,-0.031071654912554827,0.04450113895600241,-0.3623547394404363,0.0312427918712472,0.4173010466982069,0.6895486008393162,0.8024459539819857,1.3523668541223535,-2.2246081078264774,1.9423241362645534,2.250113110979984,-0.028863704368873838,-0.9282484001898957,-0.6054453687424854,-0.01975737982942687,0.5261200645290529,0.4630116769079949,2.6344239495541935
67,-0.18670658029724557,1.2335584666063093,0.2188442170093711,0.5580067832348549,0.23722516452593603,0.09089157568452759,1.147191541152021,-0.23662187060099196,1.0268092741532404,1.1402314967219975,0.4900208052971315,-0.14291291388301045,2.024856881401494,-0.7764568367502434,-1.0713319649767417,0.28151260252492144,-0.03926901618399639,0.87601495286426,0.5504812402690009,0.5763877307514198,0.5763877307514198,1.0187004230911685,-0.3341441444104953,0.9744129850921824,0.7238252948646691,0.08978760041268684,-0.0460008437605981,1.537762979478012,-0.8898790593190005,1.297720433918621,1.1477570396878516,1.2803385098597555,0.8528819114613533,0.28151260252492144,0.8453563684954992,0.8453563684954992,-0.957681525554563,-1.2469996671779384,3.2302638847899074,0.8814951271901893,0.9927939326087485,1.7116008056584295,1.2726163085990476,0.9404423486989512,-1.212503798243778,2.325263707928912,-0.2408171745261836,1.3135755513176668,-0.7764568367502434,1.7232499255983937,-0.12563594163828526,0.359860213428607,-2.4425574799949703,0.1933685077342281,0.5504812402690009,1.089212231146411,-0.08355645418298131,0.9116280412653421,0.9916451259766986,0.8793717100399914,2.816383513050099,1.168902360829357,2.935388756563409,0.02173751521513381,-0.6290192726369936,0.8283524444644047,,0.5499874686842505,-0.7435006391173825,-0.3341441444104953,0.7054443473481041,0.9202763565218166,1.3146845297074938,-0.3151582597690029,0.610447903656121,2.4674176812078934,1.176005848585631,0.8085944734623683,1.243381622836262,0.48694736601518374,-0.5578972608946591,1.2070873388375025,-1.8528072235419737,0.8009000009447793,0.5493324336369511,-0.07356928999665491,-0.0951428744858918,1.398344729915365,1.8158549070445344,0.8781968690665122,0.21131867404351706,-0.13150843084115768,0.5580067832348549,-0.639291369091487,0.6137545629094776,0.4030436761557517,-0.22346847533037698,0.4791385051555472,2.0233459785490058,0.7125177423916664,0.5072977775418567,0.3425832411838818,0.5763877307514198,0.5504812402690009,0.6352504188666992,1.5084549004596537,2.3197320096279923,0.8822742604290168,-1.8528072235419737,0.6761541151826808,0.5164793029721756,0.3662817811226203,-0.5431461187674551,1.076414304574398,0.12099318806743066,1.7639970947194865,-0.24381552465554976,1.230560116476943
68,-0.4067306876487896,-0.0848002623078225,1.7732816480044806,1.0538645712677093,0.7848959335236299,-0.2177356712114758,0.4426355473613727,0.699528031527041,0.35751243003192557,0.09861456443045796,2.1286172112028483,0.22457702112827227,0.6715185423150818,-0.36054440647766356,-0.8028570988174116,-0.05889377182540353,0.8849482397011214,0.7634171660702901,-0.25929312353554046,0.5308564846275937,0.44573336729814655,0.6974250327974998,0.2964417913729647,0.4900208052971315,1.6480425507497851,-0.7326631703360077,-0.3079619899134951,1.4346128533637468,-1.1779338497595282,1.8681998734619596,1.1389876885971564,0.826481649394184,0.8327082250978355,-0.6295130442217435,-0.16992337963726967,0.12495174858922922,-1.3951331853879296,0.08104238511314511,0.8928813569689122,0.5831649747730773,1.0095771332687253,1.5399709300216915,0.08233105367919473,0.6764400369289103,-1.549458413925581,0.5422608199004163,-0.7368649655446218,0.04064174570827044,-0.5271129546475706,0.5826257867432723,1.4759423042789592,-0.3054361597959744,-2.4689577420621385,0.6164103831643168,-0.37967539053432087,1.0609547276294378,1.2864252527104045,-0.5030604759770837,1.7714276361925472,-0.29330846508003255,0.5203113399594702,0.4426355473613727,0.6482791780930843,2.093647893005434,1.2433816228362629,1.4499396597926983,0.5499874686842505,,-0.6243205785211056,-0.5690526092498736,1.1389876885971564,0.9633199863959593,0.7467755358592109,-1.1919991642436891,2.172294445514743,1.3252445618708617,0.35751243003192557,-0.03298728134298406,0.5683684162008166,0.6881469343474974,-0.04724465188543928,0.7966116053730519,-2.1068466724380093,0.5733713761863888,0.4553734457644061,0.21140341516857344,-0.4673566398370279,2.0934530630263075,0.7848959335236299,0.5538903967823741,0.6343605494736069,0.5068040059571074,0.07690986915665256,-0.8400150916588865,0.559224596330486,0.8368432823601477,0.17254868175484625,0.8428687522458169,1.495490796529755,1.340446184218925,0.700294851325421,-0.16222948759007538,-0.16314787321150906,0.12495174858922922,1.8577945616468365,1.0002384850376926,0.7578854677693702,-0.254182622602834,-1.9834615869952466,1.518187366847505,1.0388537851745414,0.8263418165411835,1.1103063810796097,0.9990756674497603,1.9956020340843672,0.21007486591867638,1.1716714231012317,0.8936055007951413
69,0.5474429347077652,-0.16773208919226024,-0.4674586063297417,-0.43024456337431866,-0.873706062346116,-0.4498693190157253,0.45419523165477044,-1.0680518960686627,0.35590352224593763,-0.5728237107821363,-0.7830064153555394,-0.5109399576746861,-0.6219695654865522,-1.2659096829998049,0.5034203531905048,-0.6502529360643887,0.006696050938706222,0.15839848816896748,-0.6711154201909686,-0.043533889301008474,-0.06987107345977922,-0.414610169346392,-0.17965687314680467,-0.35519221818748326,-1.2841050408659633,-0.3110111030075875,-0.46029775020526115,0.3230265914443947,0.19304897502421764,-0.5563583896960002,-0.38109870866990225,-0.03983451471982708,-0.08162750833298292,-0.11973504111989362,-0.3042857667144087,-0.33073505110107515,-0.5585894596140945,-0.863856871774734,-0.3847860538292218,-0.14203608121477862,-0.6219695654865522,-0.40433807289189916,-0.8948981240511724,-1.199795037985005,0.7609742851396821,-0.8645078963099473,0.9506977850547734,-0.7656559178040816,0.5644117250181476,0.02632549950788466,-2.0352745679600854,-0.831721576383604,-2.1676879417324995,-1.0051064962767522,-0.3762402919644703,-0.3409961341561382,-1.7938321978966731,-1.7031783689837146,-0.4486255108908841,-0.7625263520010965,-0.8582998851716109,-0.9049199097585067,-0.7386653417863643,-1.1754133631123458,-0.9049199097585072,-0.28897344321961144,-0.7435006391173825,-0.6243205785211056,,0.35598278907725506,-0.5776821274875679,0.5344239403579628,-0.992341044863662,-1.1076563133218393,-1.2630569670889757,-0.9446867012391315,-1.0404326899172118,-0.7029875322885317,-0.3784315824094797,-0.43055805289477744,-0.9495252273313313,-1.5129187565675515,-2.1897784993224474,-0.4740626248336327,-0.4977713655953,-0.7623054272986193,0.6464851382488163,-0.8054611471694366,-0.8238420946860021,-0.47236872689988496,-1.6562238047243074,-0.15879187713351026,0.08820455968756309,-0.16992337963726967,-0.5130476401634106,0.02885132962540535,-0.9841852421531733,-0.5750150012271453,-0.6498115730126326,-0.36554042069264475,-1.4214718328366012,-0.940084057935048,-1.234959186161547,-0.35414973437452263,-0.704071617823829,-1.1384431440523926,-0.8557740550540903,-0.16202686144602435,-1.577937685279502,-0.08473859842425396,-0.6209250623798439,-1.9094786212122434,-1.7084674793654981,-1.1231449459415808,-1.6553072884420026,-1.1506491832805892,-1.6930779059706609,0.0767026162895866
70,0.2544573054104527,-0.6031127821545746,-1.1340003504922922,-0.05764996370056235,-0.3784315824094797,-0.8196402994773875,0.5493324336369511,-1.1471537457629075,0.42895016663817065,-0.6572233763835121,-0.42051106986478365,-0.37732760713763996,-0.1608000898148266,-0.8979879103810731,-0.1608000898148266,-0.6831298668659317,-0.06747311993051493,-0.27528145629521544,-0.48273051515579424,-0.21376187741171485,-0.12563594163828526,-0.7764568367502434,-0.06747311993051493,-0.7003620077504473,-0.8305674309791808,-0.2309940182962305,-0.5412753236972344,-0.27528145629521544,-0.013362525701577425,-0.25667229192522834,-0.5540732502692479,-0.08515420103957085,-0.1440168891548512,-0.18670658029724557,-0.09972945115586578,-0.7776056433822927,0.2229677939834808,-1.1254685935471092,-0.4815817085237445,-0.47134944031147336,-0.4556752180413255,-0.3784315824094797,-1.192863038607572,-0.7505503462678239,-0.20634733993345278,-0.6062106020913485,0.5493324336369511,-0.5086370056382132,0.37483957240923316,0.07553022987023161,-1.8367238892895068,-0.9411713731082177,-2.269213425399302,-1.1272197285420842,0.10701974129720301,-0.9074931870371864,-1.6379491800268318,-1.514793463948539,-0.3341441444104953,-0.6031127821545746,-0.5142200265827657,-1.2199183357220407,-0.6290192726369936,-1.156614191058811,-0.9250432074955418,-0.7330003258094685,-0.3341441444104953,-0.5690526092498736,0.35598278907725506,,-0.5540732502692479,0.10307145124421266,-1.131293625245875,-1.0511972737032,-0.699213201118398,-1.0175834669682429,-0.44871517361130214,-0.5713053911537636,-0.10946294466540078,-0.8746162562356435,-0.8804378899227177,-1.4203437217736075,-2.1217758612860527,-0.6130152052158447,-0.6560745697514624,-0.77559296238636,0.6431937527124044,-0.48317945538033397,-0.759673636090267,-0.873776928047755,-1.6379491800268318,-0.8039610740892519,-0.3525250919270612,0.3939203863333081,-0.859472271590966,-0.013362525701577425,-1.0297462491061875,-0.873706062346116,-0.4278332105152457,-0.8807557694965569,-1.340300602720821,-0.8035121338647121,-1.0983872620912105,-0.4556752180413255,-0.44977431752293334,-1.4120922780588145,-0.8979879103810731,-0.35018804007386545,-1.8269007330595541,-0.5752707746284949,-1.1582956898704553,-1.6033683399465088,-1.1588028657028708,-0.8391252222657937,-1.231851379434232,-0.6031127821545746,-1.852477378390972,-0.26972201513796873
71,-0.2542333825182279,0.18807930982152013,0.34147926591204103,0.932333497636879,0.5234259431545322,-0.6838081764549422,0.9252671303877661,-0.2644272042555531,0.8269754209789333,-0.5982543654491432,1.464197030335153,0.47039604965572435,0.8269754209789333,0.3846627286391857,-0.4066356861559987,0.4105692191216052,0.5812461474568513,0.506193802270016,0.4829544380480185,0.9020277661657696,0.8756905820069985,0.38351392200713647,0.08978760041268684,0.8513187604727714,1.612160289617548,1.08612090249306,-0.07676575094844905,1.9264588491735704,-0.7829130003122644,1.6601223643661018,1.5101589701353324,0.7285773887510109,0.6843195186265122,-0.35367389855911,0.2600338350715817,-0.10679581840497875,-1.059682845036778,-0.9607988885493433,0.6513337531191666,1.030202366489144,1.9201090084306394,0.9055475019948884,-0.42382622531817676,0.8389002049334767,-0.5110456243899043,1.2556888275629439,-0.5491085107447268,-0.2774727467402249,-0.9422753483800584,1.0044430525487127,1.1829211878643926,0.17491071774213401,-2.011665690741765,-0.32885494649778735,-0.10679581840497875,1.2550307427762262,1.5635184761780325,-0.9914212030844743,1.2951946038011009,-0.2914544532681004,0.5621303602089641,0.2335795299273699,0.46440580558056543,-0.10235436185702883,0.18807930982152013,1.3533224521850589,0.7054443473481041,1.1389876885971564,-0.5776821274875679,-0.5540732502692479,,1.4742176994311238,-0.08228500551715952,0.12344482249736297,0.9398321450118607,0.05876691982348731,0.11363716832177523,1.0235588397965998,0.6720123138998311,-0.11025227000127272,-0.7971703708547201,-0.36928962177720526,-2.3447595421708867,1.3816894378513263,-0.5232020202623069,0.26249545629205406,-0.6394568863078544,1.2650414867498583,0.573289910814646,1.2155054234800629,0.19247855081021056,-0.10025355987549306,-0.4556752180413255,-0.5938551244604523,0.6050802133115738,0.3846627286391857,-0.26740197459761356,1.0651791515351623,1.0476464058890875,0.6158167520449733,-0.41483953871086326,-0.7570065098298449,-0.9655147126020549,-0.008568830092897434,0.8993606399053461,0.3659127718598511,0.3846627286391857,0.30725931689401886,-2.1320479577405456,0.8594430277142037,1.6771396926448632,0.44573336729814655,-0.3977023993191385,-0.6474002201535596,0.2868116996972453,0.21192887773060853,1.243545866592372,0.9540659357670107
72,-0.18683893745776461,0.5503488831084818,1.0333154274006424,0.496344611698634,0.44100594400632975,0.20174581722491994,2.560284919633717,-0.13662742366469194,2.461993210224885,0.13502676678645104,0.9740182833366524,0.415649217398266,1.11794386087478,-0.4325682109798466,-0.15274583498954644,0.27633623900856386,0.7247770232394478,1.8221754838081656,0.2554737548819835,1.4117349035659805,1.3853977194072093,0.9864687624603415,0.5453048767526428,2.685893539834237,0.8870110779433922,0.7088257751183593,0.39015499414555727,1.4903010336835891,-0.7155185552518011,1.4955414372226916,1.8182386823620387,1.6068789670290036,1.5821494873062152,0.3967185060073443,0.6223034083585434,0.9926615754482304,-0.9637736588914042,-0.04564741882229183,1.1610408905193774,2.33407156891326,1.6315576866056445,1.500124189913543,-0.06155665203121455,0.021669265314445425,-0.10663986428796907,0.9740182833366524,0.29453159687472275,-0.13394187095762836,-0.19188294381360368,2.7823565774392187,0.07565041734987996,0.09970289602036679,-2.268326418121274,0.4273053544622846,0.6435965861614766,2.4933317086077422,0.046869874678424975,-0.09359123440477038,1.3083991878013086,-0.5189351364341355,0.8054771104675881,0.2554737548819835,0.47796366418206804,0.7843793120194071,0.40291131899523264,2.046055289826993,0.9202763565218166,0.9633199863959593,0.5344239403579628,0.10307145124421266,1.4742176994311238,,0.6015805652522561,-0.08929576924905408,0.8478680182209895,0.571652730286819,-0.11384351484425982,1.108227027463917,1.3785931162827125,0.5926769418894319,-0.25762004698548735,0.35696768697487574,-2.244881587678964,1.5325340845628348,0.2100791119732874,1.1049357647569522,0.17777405331117796,1.0105887099140298,1.1348100291796959,1.5018487947613772,-0.21781920305420366,0.527032763941881,0.5724810424207671,-0.4228347174703121,1.6691784785376702,0.605496010252033,-0.24479802238879758,1.2963906920246917,1.2117736721030916,1.4155831447318499,-0.34744509365039944,-0.08479601625321147,-0.4509722778708254,0.2775643124719311,0.959705377815368,0.6159435106143599,0.3046196095863999,1.697132283837195,-1.8308490231125445,1.7655338033209347,1.3233022149563454,-0.19655577086862805,-1.076753432519044,-0.49143089909512644,-0.31014186831682505,0.07081512001886182,0.17207399024362485,2.1827923042685335
73,-0.9350613974735069,-0.4042570325804653,-0.1300792954630517,-0.6768705593011755,-0.3781017372584786,-0.42437387198525006,-0.12781625164098612,-0.5307410224410363,-0.28008911308525347,-0.21114096983672145,0.6616264132693327,-0.7108169046133062,1.436215603338324,-1.6404443220435414,-1.5748501257104643,-0.24810351714697415,-1.2347718230310238,0.12871279061276308,-0.16253853643829408,-0.17680238375585863,-0.25293881447799277,0.5693721234177014,-1.0722684668546014,0.6876726788544066,0.3518772340381778,-0.9149059407760626,-0.22209889555268397,1.022017352024677,-1.410327057808244,0.44669016602799955,0.8304580498263074,1.0925253502342944,0.5721876731387006,-0.6101283894882932,-0.4262828690736615,0.09216625398822027,-1.95737420138393,-1.76562965621369,1.3685211161664546,0.44931438963837705,0.69814646979861,1.3886614158508293,0.1026779508733935,-0.26136186423172986,-1.387053176744773,2.6023672254120593,-1.1358267217632447,0.4213799682955815,-0.9260747108661934,0.664324888260524,-0.490950306000047,-0.3843442793088283,-2.883761193944891,2.2052820588561652,-0.3411597517442143,1.242732738774157,0.2246387124788491,0.22530813137582925,0.40183787280541333,-0.468696226463272,2.191342870634801,0.3918766795457373,0.8723718373677463,0.38133033421046564,-0.04262316672736516,0.8347093957488781,1.3146845297074938,0.7467755358592109,-0.992341044863662,-1.131293625245875,-0.08228500551715952,0.6015805652522561,,-0.39792668290156635,0.3495563681724872,2.2021291056889445,0.23960381810146947,1.6886342637064944,1.5933866609611078,0.5156625031425258,1.1863818325425664,2.0804656109148043,-2.1645641508690745,1.0539149037624862,-0.9157886034558175,-0.437124392818242,-0.88587052418308,1.0551661671023944,1.8301782343111532,0.28901574729551727,-0.10660845527445524,-0.583184186622598,-0.21924499376427914,-1.3471796068394102,0.43364886075405973,-0.922785422473665,1.4651232331921518,0.8541533601271746,1.2302971108108995,1.651986818241996,0.08683135092480922,-0.9206239007868355,-0.764754241075144,-0.13140774084716308,-0.016926374366774268,0.9311794586306158,0.9328322723396156,0.7260958969048602,-2.294010937491893,0.799375620515897,0.6324028744476792,-0.16746175841679678,-0.5297918557967569,0.8466278171613205,0.8097629467823,0.38654177648232624,0.29131358353942416,0.5672644409289768
74,-1.4935099660429476,-0.3631553078413695,-1.178962694164256,-0.7120347074777168,-0.5657459499965168,0.8127734744478623,0.15796607747727753,-0.3177790913793155,0.05967436806844475,-0.39709998888554804,-0.7878948044470656,-0.9401676658913335,0.014881016634037337,0.03893349530452366,-1.4147012730640487,1.1827441648648331,-0.7563221454767012,-0.26741744874492135,0.2832483629038276,0.23212664691254767,0.13383493750371436,-0.08223149774388501,-0.6023042748460398,-0.4829644916602195,-1.4676034755605287,1.309368809455843,1.2856919032657792,-0.4944032148830632,-0.6461056521133245,-0.6534898989362766,-0.3238326093669062,0.3281985838359813,1.0761441864405181,1.097269015162111,0.12830323920279443,-0.41582967615891203,-1.1671453263894778,-1.698162153372111,-0.5601903941486535,0.3479249115582211,-0.5105928719546187,-0.1725791123611852,-0.6040492840324334,-0.25293881447799277,-0.5702575424850945,-0.4127318562221382,-0.942725742449817,-1.157527173673792,-1.6112846918817147,0.0394104836309854,-1.2054535612458455,-0.5425049714179455,-2.8647354810611767,-0.010374298338582463,1.2619835515200843,-0.8781651537629398,-1.051994285863345,-1.3164095636552153,-0.33724881735895057,-0.056355395660326706,-0.3742313446014028,-1.395218256634115,-0.9049085162220002,-1.3203705135531298,-1.0782525708176693,-0.47666335775997004,-0.3151582597690029,-1.1919991642436891,-1.1076563133218393,-1.0511972737032,0.12344482249736297,-0.08929576924905408,-0.39792668290156635,,-0.7716820280010963,-0.7481868903777502,-0.25293881447799277,0.950523602043307,0.34478592516539874,0.07419277591576842,0.5247668058448767,0.004944216008518036,-3.300467866883513,0.7611749571091617,-0.3220476436987127,0.16859629339158633,-0.6779725250979619,-1.2574975259317296,-0.9810033452217962,-0.2962807808679693,-1.5448471111923734,-0.8515927898933636,0.8452500059962524,-0.5619300171040446,0.06776770332305278,-0.22068248325264145,1.251124755830143,-0.18824619589864666,-0.48270871825887035,-0.6430981857217686,-0.6483903576016089,-0.8114736091620248,-1.191471854717971,0.17392058029408522,-1.0841534713360605,-1.047327600828114,-1.225690134930918,0.31673830790791596,-2.7443532140623965,-1.1034285085431619,0.10070807044213118,-0.7168931241831482,-0.05974730605832327,-0.4220179959566499,-0.4931383862279319,-0.07851067434702583,-0.24802687450986566,0.29829580318489685
75,-0.8466507652316473,-0.35872073180060887,1.4018541015109622,1.1143250062395786,1.5895042334917695,-0.7224525653403949,0.41797286500379444,1.2760199408952835,0.5030959823332422,-0.9089652120154492,2.137384700611289,0.12495174858922871,0.934524788081888,-0.005208843279295774,-1.610893882912363,-0.5529244436371982,0.7619938479347097,0.2859403255540012,0.13691972071562772,0.5913169195994631,0.506193802270016,0.16813521131637238,1.0159269740116563,0.6092671734396767,1.918254996618706,-0.7764568367502434,-0.5555452752475102,1.093646445458914,-1.118717222912501,2.2224816315210707,0.9708446681123694,0.4149969421506854,0.30341840361670763,-0.5690526092498741,-0.10946294466540078,-0.319214955562452,-1.3167855744842436,-0.3242949538391128,0.21131867404351706,0.10568813425678779,1.4632044058759248,1.042937439765915,-0.02311499667709354,0.8602855573435415,-1.3610485672667394,1.0197429069041275,-1.056402776128699,0.0015666631464658501,-1.4364010216846446,0.813332456374036,0.7751624400140954,-0.04839230600643995,-2.8076265367028737,-0.15594158557847096,-0.23409183823300483,0.786596201545471,0.6663461454118852,-0.6140900837889509,1.5680254660384287,-0.22092324615361922,0.4956486576018925,0.8830942278891867,0.3155727754296221,2.2411804586114745,1.0077231214567917,0.8873397019469617,0.610447903656121,2.172294445514743,-1.2630569670889757,-0.699213201118398,0.9398321450118607,0.8478680182209895,0.3495563681724872,-0.7716820280010963,,0.7249030845935313,0.6857926961158236,0.48780423361782316,0.9214063661350858,0.15309214352834818,-0.9442255141958317,0.05445948359199156,-2.172258939158586,0.7012101899186619,-0.7356211574197811,-0.22276745087856176,-0.5648352347973707,2.027672431122493,0.34072922937194916,0.26545530261388445,0.24200682628676456,0.021544466543035094,-0.5506716617333081,-0.6426185583927315,0.48808318552891444,0.7049236801724814,-0.525515207790981,0.07176059162786974,1.6533815535577536,0.5969819914776427,0.3939203863333081,-0.03105833549298566,-0.5030604759770843,-0.30008397150579463,2.3458195965706667,0.7828854056192013,0.522226966389899,0.0863295810039083,-2.178059938931985,0.6372786200358419,0.5938615189271812,1.1550839306254375,0.5858518569294984,0.5916708583312109,1.9512697647251733,0.5079312796642602,1.1871749723453562,0.5203827616649569
76,-0.8701459028549937,0.9529260601501534,0.2624167058902659,-0.38354577251626076,-0.35763928203384127,-0.25448915591957705,0.18472571648339672,-0.8116010943135531,0.26984883381284386,0.8367904197201955,0.9171985109197709,-0.10829539993116902,0.8559214037768533,-1.4179565047056881,-1.1650210310814921,-0.10705159180632784,-0.9324603496387958,0.8266428926329813,0.18956101381441537,-0.16936603859012986,-0.25448915591957705,0.8818278942592733,-1.0175834669682429,1.1527136217236824,0.5678217819761171,-0.7999519743735893,0.010709843582140511,1.3923406704154917,-1.1933201363208026,0.7651298050329021,1.4437728170577084,1.0656247991807728,0.7222359583331086,-0.5925477468732201,-0.1329580822887468,0.39447772738044845,-1.7394099417201934,-1.5272906043684538,2.553784606662183,0.8450238299183251,0.8008131570951648,1.6362478557100355,1.1856578696850115,-0.04907877308414133,-1.413689860365527,1.7478427435638324,-0.9947747964225978,1.3119696469723854,-0.8701459028549937,0.9755368509772548,-0.21932500774303565,-0.2803956464019965,-2.8311216743262198,1.1944916290641188,-0.2575869758563514,1.583255273898978,-0.03685766332492344,1.0182433253779368,0.9478200275320626,0.2589649472217432,1.5029726606464506,1.131665547946694,2.1725425529813953,0.4872209743209657,0.24579635514235756,1.3196209118165656,2.4674176812078934,1.3252445618708617,-0.9446867012391315,-1.0175834669682429,0.05876691982348731,0.571652730286819,2.2021291056889445,-0.7481868903777502,0.7249030845935313,,0.4555483660394088,0.8202548628799363,0.5097091304009297,1.4255547030580684,0.22399970811517858,1.3566586148630466,-2.156248300543775,0.8197913077454608,0.07139849540743101,0.07425555244322808,-0.4562169798445771,1.3436255093874265,1.2629301150870595,0.3767495857061234,-0.09917211010872547,-0.27394196715773816,0.11983755848244815,-1.0461119415720237,1.129127171781618,-0.6184542373556395,0.4207381565946157,1.0803284027972686,2.367203362531215,1.9474152061202326,0.8991048665039976,0.5963466888269434,0.5988343050766267,0.4746793500960666,0.15176951885053686,1.2960621673390582,2.2007466567279126,0.5989067418825992,-2.241371417873222,1.218886500817891,1.1291720831476775,0.02757131895928407,-0.4265227667594477,0.776683923480075,0.6138114837847845,1.2700464578684563,0.38396763019463703,1.3639725587125993
77,-0.5301173595410694,-0.01585014195125979,-0.005092411176953603,1.2439918265233523,1.0095771332687253,0.16799537846337195,0.6493831533649241,0.8114742423116353,0.6493831533649241,0.8951124268870071,1.1377438804723152,-0.18795038842208728,0.5510914439560923,-0.09972945115586578,-1.2722699196318374,0.6402668913369315,0.8951124268870071,-0.4480153072037926,0.3917290958882982,-0.40858628591023916,-0.33663176066017764,-0.09162060009379316,0.7729711495690864,-0.12077752493285326,0.8945022231999157,0.42678692124575096,-0.2565659691061392,0.3824994832467655,-1.340300602720821,1.3209597981406185,0.29829580318489685,0.06924340750370168,0.02498553737920245,0.4981296563592036,1.1636503709547341,-0.2843880860189874,-1.6326499008297994,-0.35426543143637057,1.001512987357913,-0.2901830046022786,0.04770811295738342,0.33345995136143924,0.8567857376769394,1.4178296527037717,-1.499270075408205,1.0608246156977326,-0.8249924877675683,0.36582260540587924,-1.0215759065852343,0.4061797099603628,-0.050583596451449886,0.9551421681825242,-2.260494370650138,-0.16463418172456223,0.8951124268870071,0.14145928523462392,0.12289482601589762,-0.44375043408678105,0.9794224297679633,0.7578406364091611,0.9959299664133611,-0.44375043408678105,0.5862555921326332,-0.14664179985601325,-0.5539669274501583,-0.25170755240070725,1.176005848585631,0.35751243003192557,-1.0404326899172118,-0.44871517361130214,0.11363716832177523,-0.11384351484425982,0.23960381810146947,-0.25293881447799277,0.6857926961158236,0.4555483660394088,,-0.09757085022039168,0.012678332652520892,0.31175549542580394,-0.3619240457640845,0.3667942235172004,-1.704759455741633,-0.12674314654799637,-0.1874299397403654,0.521286999074433,-0.610748901693334,1.663581943284919,0.4173392605660447,0.027491824438716197,0.4177699542423965,0.08541996709064081,-0.23038381460913954,-1.141525893458146,-0.6509640688187559,0.9934041362958389,0.1293794716183084,-0.6872884171638536,0.19172900582411218,-0.2079235836259691,-0.4556752180413255,0.0888346531111965,0.1573144026336692,0.34954328561390513,0.6331934962933691,1.264592546525318,0.4036538798428426,0.3768340068569773,-1.7911263811959213,-0.5879888856103325,-0.1987129614969156,0.15571665577707916,1.0453758340377979,2.2436921212716574,-0.05235086652823749,1.787341948608328,0.15963724732525295,-0.027198470821266595
78,-1.0136180834935116,0.21502828411689925,0.3043212730705666,-0.3525250919270612,-0.2062363344458608,-0.18749121270534622,0.7896480274099718,-0.2531446040551583,0.8879397368188044,-0.49510423933487846,0.7213371208046591,-0.7280956144539271,1.6673133676594445,-0.22070410170543656,-1.0136180834935116,0.5358099028258166,-0.20022911110838007,0.8453563684955002,0.7840822612648134,0.9560320375756175,0.8314031440080135,0.8748661462322113,-0.20022911110838007,0.9040603477466209,-0.0268850565127114,0.6513337531191666,1.1361079197478874,1.1742468382664897,-0.2077873435837689,0.9849600361187789,0.8566382592534159,1.659249221748632,1.3854237537486387,0.579991018005713,0.06830883295934757,0.31403810648143005,-0.82972626842877,-1.3758876567804739,0.7544838792334309,1.3627312362498978,0.9113820397092579,1.2316363488924587,-0.5291783625725599,-0.034286456523173664,-0.9090708787306669,2.201912160427119,-0.8391252222657937,-0.42005189414804306,-0.9374169316746265,1.5513653149731663,-0.3357418912670848,-0.8882710769702096,-2.505225865510521,1.519489972475598,0.8047785405698961,0.9000497366751992,-0.19048091146737978,-0.612878965173645,0.9560320375756175,-0.3544853986510254,1.4056867611790582,-0.24937496581279645,0.3171359264182039,0.3875714225974155,0.49439316127086275,1.144048522975147,0.8085944734623683,-0.03298728134298406,-0.7029875322885317,-0.5713053911537636,1.0235588397965998,1.108227027463917,1.6886342637064944,0.950523602043307,0.48780423361782316,0.8202548628799363,-0.09757085022039168,,2.190675393031308,-0.4097690649346532,1.4292755936908246,1.7167157224797702,-2.813269585816405,1.8237131757261948,-0.7149270223745414,0.17162973870716425,-0.1791939401278926,0.1568837089573174,1.1452694234381693,0.8842959644535392,-0.5614924704160124,-0.2804022175956579,0.3355168739347693,-0.21747148748509654,1.2253391399041371,-0.10193740169954676,1.7762291651212785,1.1586124442385626,0.7419424899353243,1.2041942875046996,0.041253535844878814,-0.7443319575267221,-1.2555314241231224,0.018444865299233674,0.45218953086016805,0.3314259975333012,0.19293772652695163,1.0685752998552196,-2.38484359851174,-0.006412072574837862,1.4910451202802413,0.4593525139586464,-0.3868416308011473,-0.3082376539280758,0.6259742659227286,-0.18621290972653964,0.9959481458763079,1.293228501992494
79,-0.5517756370051489,0.09904525810680924,0.82055385328492,0.43820782433229255,0.255606112042502,0.540209143814508,1.042982271126125,0.3983546006458108,0.9226000041273446,-0.10946294466540078,0.8010689304965143,-0.3173609437505194,2.3699203481453686,-0.5517756370051489,-0.9940883293448964,0.35875623815676627,0.426176717558659,1.4155768707998813,0.480287311787597,1.390819186949511,1.390819186949511,0.9485064946097636,0.1854121835610981,0.5072977775418567,0.3046456439278287,0.4030436761557517,0.5388321203290366,1.7985779347998092,-0.665197859573906,1.3679143624000258,1.1143250062395786,1.9760570466577896,1.7040752626925764,0.8010689304965143,0.480287311787597,0.480287311787597,-0.7881059566902071,-0.7666076461788609,0.8567950917183424,1.3398118869510862,1.2174751323538429,2.1087361906060997,-0.6059654980654038,-0.2228851672341584,-0.7541870384828816,1.9601946512210089,-0.13651824177986954,-0.6733067106359791,-0.5517756370051489,2.0742784001204906,-0.7855801265726864,-0.594959099732293,-2.1245493103655644,1.443062949121626,1.0700375682405938,0.27478077494831976,-0.5098650791015804,-0.5788309341196176,1.80607658217479,-0.0754476031209087,1.8404739105529517,0.36686508921883887,0.9485064946097636,0.2664243049242562,-0.40433807289189916,0.810420437172379,1.243381622836262,0.5683684162008166,-0.3784315824094797,-0.10946294466540078,0.6720123138998311,1.3785931162827125,1.5933866609611078,0.34478592516539874,0.9214063661350858,0.5097091304009297,0.012678332652520892,2.190675393031308,,-0.2700107389935466,1.018928639944589,1.331533592951121,-2.4084973070902698,1.1659690576526827,-0.11061175129745057,-0.2982504897417494,0.14954391522323054,0.8096267217831267,1.3666268754260233,0.4307800426589493,0.1951456770706326,-0.03174347321814287,0.9668874421263295,-0.27422231238358424,0.97882361961738,0.6277248759008461,0.716299751898815,0.6697147006357316,1.0724040897394576,0.42190045948772975,0.1422287208339534,-0.9681818388624774,-1.2630569670889764,0.480287311787597,1.2088276783468126,0.2435068993669494,0.6277248759008461,1.0219709231678245,-1.7144929492511676,0.572421514124443,0.5866732314535795,0.3350576982180283,-0.7697973056305396,0.2469317624445987,0.6892259701104118,-0.0754476031209087,0.22550763343845803,1.4481916090715963
80,-0.44941483622675604,0.48783117888474586,-0.31659412395213943,0.09292102970752675,0.10733762087104322,0.20641224850864476,0.6815932138337681,0.33734227597649874,0.6815932138337681,0.4860506923795463,0.5111037248798732,0.562358015394104,-0.13742843566939708,-1.109300250962752,-0.7271786921223944,0.37961555798075164,-0.4224242602090382,0.13436979861109863,0.06240573202471947,-0.5709459098575862,-0.6470823405797199,-0.2589595093002273,-0.4764701333412248,0.28003208296504933,-0.05497915655796455,-0.06723450718799268,-0.2434324635720667,0.31859154397964645,-1.1878464649178437,0.37737191770377837,0.7611398015020853,0.21780716367950453,-0.20195409851897214,-0.2589595093002273,0.21163655361735675,-0.5968524003400052,-1.700696832373699,-0.9962005623563618,0.6885747911886884,0.18364862343935348,0.4980795862454128,0.7362249861480972,1.268247607990412,-0.32815306406840494,-0.9223167091700121,-0.17432095779404172,-0.6681535337311207,0.6604571205247165,-0.7442899644532543,0.3049925775827126,-1.174677872838458,0.5298270700926628,-2.644052615245042,1.0599748342080402,0.06903428683512572,0.7616167898285475,-0.7956271096026802,0.12461449080042176,-0.07955208391017325,0.4625528047179301,-0.17965770629905078,0.21398423469869254,0.19207223778868485,0.12040633863141156,-0.6840988309538641,1.0058761419251632,0.48694736601518374,0.6881469343474974,-0.43055805289477744,-0.8746162562356435,-0.11025227000127272,0.5926769418894319,0.5156625031425258,0.07419277591576842,0.15309214352834818,1.4255547030580684,0.31175549542580394,-0.4097690649346532,-0.2700107389935466,,1.0499243139278358,0.22285303863634676,-2.5578281718112312,0.12479803933395632,0.9416217318040491,0.8650008945444708,-0.31415784984175804,0.42181852727296665,0.1810564029276678,0.6098701891454488,-1.3487467115717007,0.00010242190639458287,-0.24057856178366185,-1.0143658071070454,0.26781582596865827,-0.38564007895373964,0.8202856940438196,0.6294732346318933,1.6064072740761681,1.8389297633032424,0.02333730491321432,1.3503115229021168,0.8187570950430071,0.01000912844385211,-0.08855080436533871,-0.35671169032690414,-0.04234245546594415,0.9066789218952305,-2.168843239647972,1.0225857969341081,0.9823220404588173,-0.6795038105142768,-0.014537848659670958,0.4254289939451252,-0.2262694711282986,1.2713260497539163,-0.4874484764970678,0.2663686178802439
81,-1.5294997747155346,-0.10426998828745805,-0.851174642264568,-1.0428996443768022,-0.9306262284400938,0.20334303834207418,-0.34999926180954005,-0.3537689000519024,-0.15341584299187444,0.20252992389358476,-0.46428706269029085,-0.7423529849963824,0.23975099464345723,-1.0134683003191618,-0.8193672512637569,0.806261886874456,-0.8906036635581214,-0.1605244258002459,0.2901216800067332,-0.5698220448492035,-0.5961592290079744,-0.2307658014428094,-0.9025284475126654,-0.2078508080780746,-1.1469241579045366,0.43032719012364207,0.9371919143423105,-0.2248007936645871,-0.6016909273088947,-0.6835173156315913,-0.004874303606785528,0.6754589850428346,0.3068471031880868,0.3589844550101879,-0.03231546303739652,-0.5957285353316225,-1.2371504766065569,-1.5105272943217096,-0.3511480684415898,0.41262999312329895,-0.769503283603643,0.5412617964427168,-0.2600408471490747,-0.48478868252512547,-1.39643782886778,0.1762877412276054,-1.2346246464890362,-0.7783302476214136,-0.8414578088537045,-0.17107218626931994,-1.4312080653067019,-0.7071888368198409,-2.605850161507265,1.9574737087260639,0.6820636869832053,-0.5580521618151087,-0.9791618794574187,-1.0440036196486429,-0.07836349780503858,-0.32594678313905373,-0.08419005862073155,-1.2346246464890362,-1.0612805918933674,-0.3789085707359414,-0.21448648165083528,-0.39460457938236465,-0.5578972608946591,-0.04724465188543928,-0.9495252273313313,-0.8804378899227177,-0.7971703708547201,-0.25762004698548735,1.1863818325425664,0.5247668058448767,-0.9442255141958317,0.22399970811517858,-0.3619240457640845,1.4292755936908246,1.018928639944589,1.0499243139278358,,1.4550142163977016,-3.0109417830971403,0.019272562719571857,-0.11558456855491103,1.1252999964978363,-0.6181331485162866,-0.7432428543894757,0.24514286009137673,-0.12376238676834617,-1.3854973091721365,-0.5308825928899324,0.13660086852919245,-0.5115529003223431,-0.06984186731355203,-0.42371804386616463,2.487735412704344,0.5570077597771543,-0.23935739796365157,1.048322386585157,-0.2648761444800929,-0.14447814281983848,-0.36727623405426574,0.03820283630127003,-0.7883752581626863,-0.9101308019057865,-1.000820156921498,0.32626629730688095,-2.605850161507265,-0.40653259209809084,0.6744429419946769,-0.5605461406068927,0.39863362671540037,0.131742451823761,0.1420873380006273,-0.18090602474198414,0.22745419910950113,0.16200070117344684
82,-1.4456400085689356,-0.22891842491306855,0.14710814388729224,-0.6641647500037037,-0.6993288981802455,0.7142512917353752,-0.25597372202753726,-0.03734845246260601,-0.25597372202753726,0.9625068719474694,-0.15024444335119297,-0.33956561195279755,1.6234935406948303,-1.7549222905122388,-1.533765944342365,0.49695481538572545,-1.1135438095925647,0.45558255786952856,-0.33085074816292265,-0.20301193443064908,-0.3013036438394819,0.8851569134965355,-1.2729061576603584,0.9452929776111422,0.4526744051811899,-0.2840715029549662,-0.022936052258378692,0.7251613993006994,-1.6601106033184172,0.540227100422997,0.6627733270155406,1.3828976336914196,0.7220849553553591,0.2343360183845779,0.1761731966768071,0.5574152503575948,-2.1260420309128825,-1.3944111969497586,1.3815802000652206,0.5288463341504661,0.11385874989300505,1.77756677838084,0.5610067395637718,-0.2780642796174854,-2.0532230490850623,1.9318246802800605,-1.4354742349335319,-0.6453246267703966,-0.9440156878893678,0.44146719767131654,-0.2169936409585246,0.31044216871067065,-3.025373726359374,1.8963089175680534,0.48121409853870967,1.1899423770747588,-0.7259979969842104,0.5243975612658528,0.7749404201331572,0.0036422565296278142,1.8041796265541925,0.2744649060856404,0.6173370823845059,0.719670273370683,-0.9780310294338594,0.5769277224911471,1.2070873388375025,0.7966116053730519,-1.5129187565675515,-1.4203437217736075,-0.36928962177720526,0.35696768697487574,2.0804656109148043,0.004944216008518036,0.05445948359199156,1.3566586148630466,0.3667942235172004,1.7167157224797702,1.331533592951121,0.22285303863634676,1.4550142163977016,,-2.2522086431680965,0.3190025313350958,0.34951725127247624,0.7501734179583136,-1.1815266777525057,0.03793254788735825,1.8428840436086245,0.48753318904744913,0.03334510226873618,-0.49135727359376913,0.2306264083111957,-1.4978330747678361,0.6085795631400239,-0.3153846453919976,1.6386655141369921,0.5840807037248315,0.03148479465036692,0.9969165286296693,1.1416750721169258,0.001175621428842221,0.45377135265858126,0.1761731966768071,-0.12224291462892377,0.9237207501547863,0.8252350814696244,0.4720829062735273,-2.4356234699063766,0.133373239752799,0.6816472089687373,0.19006084375515178,-0.4452594044306928,0.49341383230649194,0.14553085315969783,0.5742054788120201,0.6121630733016398,0.7560171272532731
83,-1.8269007330595541,-1.8269007330595541,-2.2840695193406466,-1.6626799682863285,-1.7588252186103615,-2.1871881280066288,-2.0175217598999473,-2.2198264460656496,-1.9192300504911146,-2.0234841518772195,-2.0459158666320496,-1.9404179571211033,-1.8311473596283778,-2.50301791496684,-2.3123968881264463,-2.2400116692000327,-1.4349777035490636,-2.3477175292546604,-2.3183592801037185,-2.245974061177305,-2.4425574799949703,-1.9230459833835865,-2.0055969759454038,-2.093678080358624,-1.6706362049285348,-2.9723410730608477,-2.684947808951043,-2.1320031263803365,-2.5149426989213843,-1.8999210197136187,-2.356684326125431,-2.5495133035095057,-2.2715612087959838,-2.217921111610085,-2.1217758612860527,-2.1217758612860527,-1.765063274602214,-1.5941815479540256,-1.7324249565431926,-2.7602569095628016,-2.416650989512551,-2.0877156883813517,-1.9695029998417852,-1.6675383849917604,-2.7181925818133026,-1.7029357810645782,-2.1217758612860527,-1.6693923968036932,-2.0234841518772195,-2.3548135310552105,-2.233236162774271,-1.8281445411843953,-1.317491932175176,-2.808786474557737,-2.214105178717613,-2.060380315258803,-1.3320260649115208,-2.7115261177390497,-2.1297951758366556,-2.416650989512551,-1.885445541600994,-2.066049700064224,-1.8528072235419737,-2.943097101302319,-3.0064012459655487,-2.74063958222285,-1.8528072235419737,-2.1068466724380093,-2.1897784993224474,-2.1217758612860527,-2.3447595421708867,-2.244881587678964,-2.1645641508690745,-3.300467866883513,-2.172258939158586,-2.156248300543775,-1.704759455741633,-2.813269585816405,-2.4084973070902698,-2.5578281718112312,-3.0109417830971403,-2.2522086431680965,,-3.03099729269217,-2.3574343626655234,-2.56507869107385,-2.2515532581427338,-1.451598054296972,-1.897094661540958,-2.6405100363035467,-1.2349591861615474,-1.464435247724646,-2.08094018195559,-2.2550973509997485,-2.342158088097413,-1.809013557127738,-2.654786742908182,-3.102501664929372,-2.216798490521014,-2.483823853001785,-2.5412798830801555,-2.4306326960404263,-1.964267525030192,-1.8269007330595541,-2.1379655183576087,-1.061217573516966,-1.8269007330595541,-2.824712916179204,-1.2469736328365095,-2.0190843298040857,-2.84648689070513,-2.112059027875189,-2.4017218006645082,-1.9154756090575236,-2.7775697556801795,-2.1217758612860527,-2.225862489278177,-2.525572914835693
84,-0.8639309671142428,0.19015781817169866,0.09128624710214733,-0.4534672674976445,-0.24794614850794244,-0.3986688591052883,1.294218537125197,-0.8311519039316608,1.218082106403063,-0.5552338549494128,0.6496432611345516,-0.3351106041966451,0.6275559463491112,-0.19599879967142467,-0.7425655933972778,-0.024700225343443235,-0.13697364128015105,1.855934090559163,0.9553840425705975,0.5650500311095535,0.4127771696652862,0.16796628176463738,-0.25911491859807273,1.0221772156683078,0.7124875952228037,0.802003976216619,0.530538605053754,1.0979830797149581,-0.25911491859807273,0.6419757871675591,1.4529905712424414,0.8214888990050258,0.962159513112138,0.020528717651387668,0.09199555095636834,-0.4977547054966289,-0.8493455249009034,-1.209089268070345,0.5060248727182799,1.9738165692007716,1.3918783308611429,0.6977498748305151,-0.6698153510161662,0.06871317762341463,-0.5878987973926662,1.1073442953214976,-0.3886653067795058,-0.5190968697348386,-1.2732906914590025,2.0130388319097947,-0.2986206948362296,-0.490511432746549,-2.6603579021413593,0.0430130271518025,0.27238608306460704,1.0064086349279389,-0.2649468228841035,-0.5971735095517158,0.931226292727168,-0.03341617666368469,0.6861007548905508,-0.49291940816561025,0.5060248727182799,0.26733119319169474,0.1351790136835125,2.342746807004077,0.8009000009447793,0.5733713761863888,-0.4740626248336327,-0.6130152052158447,1.3816894378513263,1.5325340845628348,1.0539149037624862,0.7611749571091617,0.7012101899186619,0.8197913077454608,-0.12674314654799637,1.8237131757261948,1.1659690576526827,0.12479803933395632,0.019272562719571857,0.3190025313350958,-3.03099729269217,,-0.8955036260846082,0.7912305005496169,-0.193549168508981,0.3124425932720211,-0.13268564878872666,1.1070347400519258,-0.839131681541535,-0.5887199398867232,0.01977868111129577,-0.16301449963424938,2.1362630910211,-0.016384171164141578,0.028830186158316267,1.918998573883057,1.0554506781613973,1.7142765584106487,0.22336811154165986,-0.7529013593023772,-1.1292219183693355,-0.4977547054966289,0.13517578404564162,0.17674854316351984,0.4190477435769006,2.2099318975454403,-2.6603579021413593,1.2279745628959033,2.7591416817405614,-0.21266113177774548,0.015798184127424935,-0.4804809628897751,1.2131110809016228,0.20030904607253538,0.7244710773063386,2.1176058097517507
85,-0.23585243500166198,0.8453563684954992,0.4742135689977131,-0.17918103733139207,-0.4999626560403104,1.2872383671588945,0.5725717978589485,0.48019115778375593,0.3759883790412824,2.0740027361059092,-0.6654272289383767,-0.1379914192691815,-0.21376187741171485,-1.2458248262044598,0.08111325081478404,0.5931779592058452,-0.0884148708884128,0.3895211453446177,-0.06632431329846515,0.13407503841167176,0.13407503841167176,0.2544573054104527,-0.3832899991149112,-0.26740197459761356,-0.8860631264265286,-0.11176055792949985,-0.0951466984650145,0.3312071694575482,-1.0594071810221972,-0.22580106191828778,-0.22832689203580844,0.3686578280657917,0.3211994752233344,0.5493324336369511,0.6979188043822501,0.1081685479292528,-1.5474317820075603,-0.5639224408406294,0.7999617255868022,-0.16947749306712792,-0.3341441444104953,0.4186780701836773,1.4841877585561605,-0.518802779273617,-1.3599413623570278,-0.6426185583927315,-0.1375607255928297,0.47809602134258705,0.0590226932248364,-0.34087597198709646,-0.9611154716133645,0.9783815324045216,-2.32217521299619,-0.21172311385564754,0.5234259431545322,-0.21073526985511495,-1.5309415192977573,1.8724545777637234,-0.06250838040599382,1.2995938447897903,-0.3259916144992627,1.097665948534994,0.8442075618634495,-0.10881052541905033,-1.218769529089991,0.4862933826140286,0.5493324336369511,0.4553734457644061,-0.4977713655953,-0.6560745697514624,-0.5232020202623069,0.2100791119732874,-0.9157886034558175,-0.3220476436987127,-0.7356211574197811,0.07139849540743101,-0.1874299397403654,-0.7149270223745414,-0.11061175129745057,0.9416217318040491,-0.11558456855491103,0.34951725127247624,-2.3574343626655234,-0.8955036260846082,,0.15899139144604144,-0.6578378338244203,-0.7280956144539271,0.19404170179879185,0.545059772726698,-1.0173276935668938,0.7991822291750453,0.837751398301428,-1.1036946190211823,-0.48954479817763175,0.26256615647252535,-0.006528176959724113,-0.4156526531593527,0.5496884503722104,-0.5209940697186258,1.7257351266061707,2.0016175171794965,2.075336299236121,0.6979188043822501,-0.6916876581525441,-0.8743703609792438,0.22855081492803322,0.05439762063581961,-1.8528072235419737,0.32415110064169494,-0.5168274539454109,-1.6367734778039096,-0.8343435605049657,-0.5674894582612917,-1.5278753142927808,0.7098435883367945,-1.200985850851002,-0.09637796054230005
86,-0.7515404837158737,-0.014352663149626714,-0.748088725047351,-0.35006347070658833,-0.19952808665656432,0.5429622558008333,0.9313433601888288,-0.313114550603928,1.016466477518277,0.8660260949610453,-0.5624487961714372,0.2595678063431592,0.04796178363417531,-1.0692242824880172,-0.18584270593336275,1.2761774575682345,-0.7287318131702285,0.5313225133560168,0.9464091522520021,-0.7879484400172562,-0.8107571105629019,0.13493891277555511,-0.6892260369320716,0.6215390431142871,-0.16205952873535556,0.9164141713407865,0.548819284515363,0.35983247057228074,-0.9407174297656902,0.03436898916186035,1.061997723642102,0.3414515230557148,0.16596800368978432,0.13493891277555511,0.9325871683136709,-0.8138549304996757,-1.2204314848436288,-0.8539938057799347,0.3255599396159485,1.5521356973856004,0.27088238661061215,0.7689766072275374,0.2553169888150464,-0.09947578047907439,-1.3251533965992885,-0.09637796054230005,-0.8989780478291228,-0.6633195464496522,-0.8138549304996757,1.0090191527869263,-0.3985975352743964,0.20660601874627094,-2.5459477070171923,0.23687816633679432,0.4507686997357665,1.198169852164494,-0.919381936709357,-0.6539668872627383,0.011553827332792255,0.3149842349591895,-0.1883685360508834,-0.921786718374768,-0.31460783176419355,-0.1661090883147262,-0.7515404837158737,0.3605460410716516,-0.07356928999665491,0.21140341516857344,-0.7623054272986193,-0.77559296238636,0.26249545629205406,1.1049357647569522,-0.437124392818242,0.16859629339158633,-0.22276745087856176,0.07425555244322808,0.521286999074433,0.17162973870716425,-0.2982504897417494,0.8650008945444708,1.1252999964978363,0.7501734179583136,-2.56507869107385,0.7912305005496169,0.15899139144604144,,-0.8240801861189053,-0.6006511609341018,-0.17671941611091918,1.0126302873664568,-0.8580037881754998,-0.36470720659630196,-0.05518834248008946,-0.4298673981172189,0.3666357198543686,-0.4205267006604714,1.2423183904815145,0.7699511138798983,-0.2109794973170113,1.1047089685108276,0.24630945925840395,0.7465906343438761,0.558683388875755,0.4039075505196345,-0.47793176489108347,-0.23885107271757677,0.08701962562691458,0.8021705905452413,-2.6502018084032977,0.2654341006133093,1.5595673360985576,-0.6018949690589435,0.81402206277385,-0.07321535126490657,0.1671328776575703,0.3557967949152389,0.4664657738523189,0.8508880667964192
87,0.7042643913713643,-0.4380150507847568,-0.7426070124221191,0.0977309342583921,-0.4661128317121862,-0.7201522806082223,0.802556100780197,-0.9823890907756995,0.9991395195978636,-0.7328901790112556,-0.4252771523817234,-0.5727147164949726,-0.09399406785384201,-0.6226736856478784,-0.3888691960803409,-0.5967671951654595,-0.14313992255825841,0.38731695210310674,-0.3397233413759245,-0.11723343207583893,-0.21552514148467222,-0.684893130938889,-0.5363067601935901,-0.5152586864166026,-1.1492963808685843,-0.318675267598937,-0.2092240075844218,-0.27438782959995206,0.43219793369051207,-0.1266746014721222,-0.5411651768990211,-0.04749867931117661,0.09648712613355091,-0.0951428744858918,-0.2414316319670912,-0.4380150507847568,-0.012640588766756212,-1.3408890258202995,-0.5104002697111706,-0.2038108400350646,-0.3888691960803409,-0.17123770348568781,-0.6891395217079763,-0.7701112497611281,0.39386587460453226,-0.48759159916552547,0.5940478980079881,-0.5367374538699419,-0.09399406785384201,0.3798081359128775,-2.097049326780372,-0.8934963352038905,-2.349844967551567,-0.8526440833056814,0.25002691507707275,-0.7439150396752291,-1.6197068541357613,-1.8632448372128338,-0.11723343207583893,-0.6226736856478784,-0.33032438753890025,-1.2734945807598366,-0.21977176805349585,-0.655760514156746,-1.1752028713510037,-0.43347451365316503,-0.0951428744858918,-0.4673566398370279,0.6464851382488163,0.6431937527124044,-0.6394568863078544,0.17777405331117796,-0.88587052418308,-0.6779725250979619,-0.5648352347973707,-0.4562169798445771,-0.610748901693334,-0.1791939401278926,0.14954391522323054,-0.31415784984175804,-0.6181331485162866,-1.1815266777525057,-2.2515532581427338,-0.193549168508981,-0.6578378338244203,-0.8240801861189053,,-0.2774856495367259,-0.7609879599386851,-0.2860174064819094,-1.521415144726928,-0.6315774046102525,-0.07676192696932584,0.45634382740427337,-0.4765306895748644,0.053443496259407176,-0.719798341876474,-0.7350814694562651,-0.02354436597108852,-0.11136414852676475,-1.4832465916568878,-0.9035671073465023,-1.1984422355730011,-0.4159244931948097,-0.0778044107822865,-1.079561628103922,-1.005674749647807,0.23962571731306562,-1.7600947110985696,-0.04086434732676951,-0.6574420129683897,-1.2832114141707,-1.3507382163916823,-0.4968777389000366,-1.0870686758199268,-0.5243819762390456,-1.6020500504454245,0.25569239146686096
88,-0.45912697670984765,0.3941964842863561,1.2500172964090226,1.416725677431931,1.3021546482311241,-0.7149270223745414,0.634006610741858,0.6937952274081398,0.7191297280713052,-0.14144317793770364,2.6585240693080077,-0.16239783667141613,0.733542128275532,-0.10193740169954676,-1.0999850089478,-0.3751526660124498,1.2346407537859554,0.19329166525869995,-0.14144317793770364,0.6839655798947643,0.6611569093491192,0.2799148556683314,0.8988236234099052,0.7510616884393944,2.0960267742434553,-0.5604230910121792,-0.7577717431787084,1.14719154115202,-1.3678048400598302,2.446272961873071,0.7333590505118389,0.4685420378437917,0.45838151069581035,-0.457272964897915,0.04550016241370243,0.36318396118584645,-1.5177682342906,-0.15867872302819455,1.2077237030749717,0.09816259129093376,0.9301255470931976,0.9462088813456649,0.34683572933783174,1.4335088780919059,-1.2643200088464879,1.3940981033465414,-0.754002104936346,0.9788407081212627,-0.9637541158333978,1.1157331275663884,0.8665672921845554,0.34037529064020133,-1.8975884331257074,0.2165311170116221,-0.14144317793770364,1.0272517230943579,2.1265873852214083,-0.3116894125965985,1.6378654557880838,-0.7780545836068329,1.2835454838611366,0.5957446426285433,1.1034696016888668,0.5185147405155678,0.6580590894123444,0.560886552084123,1.398344729915365,2.0934530630263075,-0.8054611471694366,-0.48317945538033397,1.2650414867498583,1.0105887099140298,1.0551661671023944,-1.2574975259317296,2.027672431122493,1.3436255093874265,1.663581943284919,0.1568837089573174,0.8096267217831267,0.42181852727296665,-0.7432428543894757,0.03793254788735825,-1.451598054296972,0.3124425932720211,-0.7280956144539271,-0.6006511609341018,-0.2774856495367259,,1.371331034523235,0.5678559738062359,1.2029859772050118,0.45226204529647235,-0.6474002201535596,-0.9067572614717683,-0.1451698765149681,0.9030702499787288,-0.2345188718714512,0.21167261277526542,1.9802369150565557,0.6697442685102167,-0.7654064402091686,-0.644216305249321,-0.41041181568178303,-0.1883043271538356,2.0619963621679416,1.7760648376488517,0.8588244137020815,0.37243535813971146,-1.4828845851674588,1.3943317843617038,0.15964366669362307,0.5596906250589081,0.04197530883848223,1.6935737968736124,1.0412316611480075,0.7814441748551072,0.6711036418235236,0.36541965458585374
89,-0.8207442747492277,0.7469583362675768,1.1477570396878516,0.255606112042502,-0.013362525701577425,-0.05764996370056235,0.5672644409289768,-0.025011645641541163,0.5672644409289768,0.3815649087024119,0.29829580318489685,0.003420674958398494,1.660398028380683,-1.2630569670889757,-0.9071112002035161,0.4074713991848309,-0.20818534775058536,0.3846627286391857,-0.20818534775058536,0.7023465274113292,0.8269754209789333,1.1829211878643926,-0.5030604759770837,1.4838217859765612,0.55490896329808,-0.5420421434956139,0.14523458901735317,1.3303587519776416,-1.6442990207697636,1.217378978350002,1.0156026031543937,1.9789268651857097,0.9927939326087485,-0.1440168891548512,0.21131867404351756,1.5610654216084063,-1.7942624150005329,-0.9078371009524555,2.319238238043243,0.5376597339096821,0.6536313663832651,1.8492152135417261,0.8452500456764096,0.2723893127024784,-1.549458413925581,2.0039883176352453,-1.115619402975726,0.4074713991848309,-0.35562291186383455,0.859613739037954,0.2951979832481236,-0.08355645418298081,-2.486844917993955,1.2672312782762756,0.08668978047591352,1.5986210320307896,-0.16389790975160043,0.5913169195994641,0.5321002927524349,-0.759673636090267,2.6288645083969464,0.9485064946097645,1.2261046505915367,0.41501067566955513,-0.5030604759770837,1.0471327436911075,1.8158549070445344,0.7848959335236299,-0.8238420946860021,-0.759673636090267,0.573289910814646,1.1348100291796959,1.8301782343111532,-0.9810033452217962,0.34072922937194916,1.2629301150870595,0.4173392605660447,1.1452694234381693,1.3666268754260233,0.1810564029276678,0.24514286009137673,1.8428840436086245,-1.897094661540958,-0.13268564878872666,0.19404170179879185,-0.17671941611091918,-0.7609879599386851,1.371331034523235,,1.0088512325197854,0.13097721847489793,1.2453054165273596,0.255606112042502,-1.3051364545442798,0.24278460568318325,-0.3784315824094797,0.3852729323262772,-0.18670658029724557,0.9069843482016003,0.5662402036642046,-0.2309940182962305,-0.01695411722310105,0.216850372344437,0.714702005042226,0.8497840915245785,1.2578672102321382,1.1942357681318465,0.21218254840740042,-1.8275919272835548,0.8288212753021755,0.4361378474035565,-0.008934802672497225,-1.4877381668340703,0.4105692191216052,-0.5719071944998314,0.714702005042227,-0.06765592033888088,0.8325348621361806
90,-0.24208701699245416,0.23248200657264476,0.42041840969298666,-0.04911820675537836,-0.3180868444994583,-0.1412179363285684,1.3161679333446448,-0.10857961826954773,1.2310448160151974,-0.21803453832196784,0.14100904850026622,-0.08014729766960807,0.809106915856949,-0.6652687252755449,-0.43146423570800685,0.8158824222827091,-0.5129096665484663,1.5573153264240505,0.2865926008015823,0.16506152717075254,0.07993840984130537,0.3316300753406596,-0.8929079121044122,0.5665385401800379,0.10274708038695052,0.5233550774528937,-0.1594897297805272,0.6462035847099219,-0.8090286028998063,0.7849154765816363,1.0680678593668136,0.627822637193357,0.38054634218670547,-0.2581201811123377,0.496344611698634,0.054031919358885905,-0.9398610130739183,-1.3834840654479659,0.6696886662943031,1.4165689113649935,1.0860948681516307,1.2605428980191395,0.5536753414919323,0.05278811123404421,-1.4532422978999102,0.8272867575555327,-0.5752241133322682,-0.48700317606604676,-1.0403454762176614,1.3963313421924255,-0.24208701699245416,0.34890704758538427,-2.3924400071792324,0.47882200962245064,-0.008282527424916631,1.2129065792506584,-0.3866094006229153,0.5191532822442791,0.16506152717075254,0.2002256753472934,0.954018649852677,0.37171571813102944,1.1958806678386558,0.23791652588953052,-0.24084320886761298,1.5221032971478832,0.8781968690665122,0.5538903967823741,-0.47236872689988496,-0.873776928047755,1.2155054234800629,1.5018487947613772,0.28901574729551727,-0.2962807808679693,0.26545530261388445,0.3767495857061234,0.027491824438716197,0.8842959644535392,0.4307800426589493,0.6098701891454488,-0.12376238676834617,0.48753318904744913,-2.6405100363035467,1.1070347400519258,0.545059772726698,1.0126302873664568,-0.2860174064819094,0.5678559738062359,1.0088512325197854,,-0.30148628329346766,-0.15618049524968977,-0.4303602604361661,-0.5352907728610057,0.5703175950267092,-0.578901799821256,0.4077702662953229,1.0254517937257754,0.7693959746597332,0.808650075678283,0.34890704758538427,0.37356972994296256,0.017623963057503352,-0.38828077298086217,0.33219747242676617,-0.05922167621572248,0.26254012213109595,1.7587218268950768,-2.4966941085653374,1.7736665359163306,1.012928623882291,-0.8213965499968099,-0.4655244086127075,-0.08420872943056293,-0.3103663384290952,0.49510080357379177,-0.2052442938807486,1.0940757182069167
91,-1.6329844405023102,-0.8957966199360636,0.04018256999152939,-0.15154243212070473,-0.29836979254686247,-1.3876858606565803,-1.043234184049313,-0.5950510514856671,-1.043234184049313,-0.40433807289189916,0.5024623778954914,-1.412982147451908,0.0379746194478484,-0.490704998346188,-2.0802618723665796,-1.0664735482713108,0.2692914927657036,0.21398580030393963,-1.0923800387537297,-0.7715984200448118,-0.7979356042035831,-0.2851046125251685,-0.6753636332093097,-0.6781651273414101,0.7362668674630289,-0.8305674309791808,-1.4270020678476203,0.5649668276648773,-2.5548308959316786,0.9003053832649488,0.04504098669696137,0.04320254914960387,-0.18980440023401993,-1.317167561317914,-0.8238420946860021,-0.8957966199360636,-1.5252937772564534,-0.29027961229462124,0.3317009410422975,-0.5397978577917593,-0.5517756370051489,0.5251849534736733,-1.2128270268492616,-0.1347592314607288,-1.9065529874430898,0.3815649087024114,-1.9278595687288091,-1.459640385906642,-1.5346927310934777,0.06946413087482031,1.180254061603972,-0.7868239346975281,-1.6323726503657028,-0.6210629484638637,-1.0923800387537297,-0.11838606268701192,1.9524716624750809,-1.1393405770412577,0.8368432823601477,-1.0804552547991852,0.39139455621578745,0.1362663288566817,0.6536313663832641,-0.03861659693764543,-1.190671748162562,-0.8064280285488414,0.21131867404351706,0.6343605494736069,-1.6562238047243074,-1.6379491800268318,0.19247855081021056,-0.21781920305420366,-0.10660845527445524,-1.5448471111923734,0.24200682628676456,-0.09917211010872547,0.4177699542423965,-0.5614924704160124,0.1951456770706326,-1.3487467115717007,-1.3854973091721365,0.03334510226873618,-1.2349591861615474,-0.839131681541535,-1.0173276935668938,-0.8580037881754998,-1.521415144726928,1.2029859772050118,0.13097721847489793,-0.30148628329346766,,-0.21172676913952562,-1.2446760195724105,-2.065563639332524,-0.22276745087856176,-0.19707367824453081,-0.882704782801282,-0.6535024449838323,-0.6266079197779207,-0.2763720011062555,-0.4666525196757017,-1.447715601952098,-0.7715984200448118,-0.873706062346116,0.9020277661657696,1.3072435307110366,-0.10946294466540078,-0.32532403340440663,-1.628126023796879,-0.19452572217032782,-0.1877356598625389,2.1253624862724387,-0.5438961553075465,0.12654949544581826,0.3373808725372431,-1.0804552547991852,1.9064518871932825,-0.32105916028739456
92,-0.7799085954187656,0.8147416905076218,1.5115354650227388,0.5900731114746219,0.4181245229166464,0.8054966535255945,0.5314640838049124,0.40702895024371355,0.5314640838049124,0.4224005880328741,0.2768170357315576,0.06830883295934757,-0.27528145629521544,-0.6337148394303576,-0.36164838174950376,0.15343195028879472,1.5611515165758707,-0.07567697248537945,-0.25247278574957027,0.6185533131741885,0.5106215252990951,0.571692163958056,0.7470444312350409,-0.034841293154917206,-0.4135096356185574,-0.5863295814945988,0.015824033688921078,0.8709085258457081,-1.1383419785539075,0.8176203465501157,-0.06074778363733618,0.9436153883947968,0.43247502021339135,0.2768170357315576,0.01959367193128346,0.4224005880328741,-1.2487995965465206,0.9708474279120898,0.3718749001575512,-0.1004234478132316,-0.27528145629521544,0.5617631310269176,0.2324375663021187,0.10222917301104775,-0.9695313137025368,-0.40866479944428585,-0.7799085954187656,-0.25613732440876175,0.1503341303520209,0.0740128597383177,-0.5235063251115419,-0.47362913191944406,-1.5963634641562772,-0.40838328761791703,0.042402342476928596,0.13675672869251188,-0.21172676913952562,-0.1698440043569696,0.5106215252990951,-0.8039610740892519,0.05415578368140124,0.02993088953997446,-0.42638355906765607,0.31061674143044915,-0.40115415798766063,0.6342963303453371,-0.13150843084115768,0.5068040059571074,-0.15879187713351026,-0.8039610740892519,-0.10025355987549306,0.527032763941881,-0.583184186622598,-0.8515927898933636,0.021544466543035094,-0.27394196715773816,0.08541996709064081,-0.2804022175956579,-0.03174347321814287,0.00010242190639458287,-0.5308825928899324,-0.49135727359376913,-1.464435247724646,-0.5887199398867232,0.7991822291750453,-0.36470720659630196,-0.6315774046102525,0.45226204529647235,1.2453054165273596,-0.15618049524968977,-0.21172676913952562,,0.6265760692687964,-1.2124877942489787,0.21363871458387274,0.7160319081345323,-0.6290192726369936,-0.4704345291828512,0.001837618800441172,-0.4215353071295553,-0.7175941486349635,-0.054509899235257585,-0.4426327305147502,0.5661604656571361,0.21795434761627774,0.8881825605376781,-0.06597737964358183,-0.5890975562803715,-1.0066132077032799,0.1182307478403441,-0.4042000992769547,-0.3977023993191385,-1.176079837947596,-0.38145322787204433,-1.203736938408132,-0.3225905397567645,-0.33796784624643067,0.12851559725442557
93,-0.17107218626931994,0.5321002927524349,0.3223482818553837,-0.013362525701577425,-0.3341441444104953,1.7655602457080684,1.0406846578620255,0.07663420514207185,0.920302390863245,0.7406084955246439,-0.6214937296711401,-0.07492693594528704,0.5321002927524349,-0.7948377842668088,-0.2914544532681004,1.191714428460413,0.23722516452593603,0.9926876097896578,0.44573336729814655,1.9417688723442348,1.9417688723442348,2.3071622999094,0.08978760041268684,0.19329166525869995,-1.0638064220108876,0.7659494874712333,1.7637214307049074,0.8010689304965143,-0.6133848786090675,-0.15827425969730644,0.42895016663817065,1.3192071503635783,2.264472608767005,2.3071622999094,0.7406084955246439,1.1218505492054327,-1.059682845036778,-0.07617350386984763,0.634143213956988,0.8219412448509098,-0.20508752781381154,0.9927939326087485,0.33735364517763616,-0.46594731449581833,-0.7518101583874651,0.09531929871360728,0.24418520895595935,-0.3146938174900968,-0.20508752781381154,0.7095679243222143,-1.2252256926520124,-0.23634620658641178,-2.1660632992850375,-0.1441963116346657,2.411374621752948,-0.06707203691199944,-1.7582898453032745,-0.46594731449581833,0.9732641784601337,0.18487358061613976,0.2672552319824657,-0.0847052608150311,0.3614233644171888,-0.4021942296080488,-0.7948377842668088,0.3661587315279064,0.5580067832348549,0.07690986915665256,0.08820455968756309,-0.3525250919270612,-0.4556752180413255,0.5724810424207671,-0.21924499376427914,0.8452500059962524,-0.5506716617333081,0.11983755848244815,-0.23038381460913954,0.3355168739347693,0.9668874421263295,-0.24057856178366185,0.13660086852919245,0.2306264083111957,-2.08094018195559,0.01977868111129577,0.837751398301428,-0.05518834248008946,-0.07676192696932584,-0.6474002201535596,0.255606112042502,-0.4303602604361661,-1.2446760195724105,0.6265760692687964,,-0.620910421574921,0.4846979463127934,0.6795378568656841,-0.0660820592990052,-0.23966836789413382,-0.17804038818803267,0.026066495591976022,0.107674776344503,-0.11811039867243121,-0.3146938174900968,1.9822741437993023,-0.5258691465227294,-0.04929885863902876,0.5321002927524349,-0.07465899596086463,-1.5763130428320402,0.01057833120236761,-0.054890005964255695,-1.0897129124933076,-1.1145154277038865,-0.37958038904152996,-1.0401263773219984,-0.3185097503825691,-0.6449385989330867,1.10150349988026
94,-0.3432674342329388,-0.2941215795285224,-1.4341930711409636,-0.4464175603472031,-0.6290192726369936,-1.1411094425233037,0.04989940340239284,-1.322874028415232,0.04989940340239284,-1.2770386736168509,-0.8404971628683067,-0.6504980400903334,-0.227131793802982,-0.5788309341196176,-0.3432674342329388,-0.7596736360902674,-0.6551149029815264,-0.3638396721945137,-0.30604636348306635,-0.6613819266814346,-0.7596736360902674,-1.2290416255444843,-0.699213201118398,-0.9238944008634925,-1.3122028217933923,-0.27307350575153444,-0.34579326435045904,-0.8552982192386777,0.3819956023787637,-0.6589904644355923,-1.0972384554591608,-0.6651709639830331,-0.7412926885737015,-0.639291369091487,-0.7855801265726864,-1.3753303830256842,0.3983546006458108,-1.4427248280861475,-1.0545487643167664,-0.18385209090630003,-0.8466507652316473,-0.595003931092502,-1.4315657243536264,-0.3924132889373547,-0.5178082461806757,-0.8249909013180519,0.04989940340239284,-0.9681818388624774,-0.6381425624594372,-0.16434035869271774,-1.9650806394786813,-1.3512779043551972,-2.3042432057041653,-1.336595096075804,-0.3924132889373547,-1.3470324302974228,-1.5741050922883593,-1.9278595687288091,-0.6613819266814346,-0.8957966199360636,-0.754090615145715,-1.6329844405023102,-0.8960982819569188,-1.3774794579114336,-0.8466507652316473,-0.9538655926620911,-0.639291369091487,-0.8400150916588865,-0.16992337963726967,0.3939203863333081,-0.5938551244604523,-0.4228347174703121,-1.3471796068394102,-0.5619300171040446,-0.6426185583927315,-1.0461119415720237,-1.141525893458146,-0.21747148748509654,-0.27422231238358424,-1.0143658071070454,-0.5115529003223431,-1.4978330747678361,-2.2550973509997485,-0.16301449963424938,-1.1036946190211823,-0.4298673981172189,0.45634382740427337,-0.9067572614717683,-1.3051364545442798,-0.5352907728610057,-2.065563639332524,-1.2124877942489787,-0.620910421574921,,-0.8616635620359754,-0.37032273134740756,-0.6729527719042308,-0.5048210727457414,-0.43002450096025513,-1.1016210363491796,-1.5610299152522487,-1.0715175546271487,-1.3553862845205369,-1.0804552547991852,-0.7570065098298449,-1.4311730919828896,-1.107510551913654,-0.6321239455854489,-2.1838609387053842,-0.7081395479011909,-0.8877024096789135,-1.8392846927308397,-0.7455235804810512,-1.0410262335056317,-0.6001112982463489,-0.8957966199360636,-1.4930521136056056,-0.5548636498549325
95,-1.0069098357042152,-0.17143030572913592,0.3690973410748415,-0.35006347070658833,-0.4944032148830632,-0.07356928999665491,0.8606326430636094,-0.8272646472082971,0.8606326430636094,-0.17143030572913592,0.35975671573577966,0.4526227115476991,1.0301607647668072,-1.0339651328186839,-1.0069098357042152,-0.24381552465554976,0.12344482249736297,2.1926414948399167,0.31996352021827706,0.29678887709303164,0.19849716768419834,0.7611921270227269,-0.5645971433644676,1.7531375094407065,0.10020545827536605,-0.05209052254331513,0.37857304985646817,1.0131409819339223,-1.1424226158629205,0.6685897613775356,1.8116360233320372,1.4981433654160636,1.31001170265247,-0.1234332576567688,0.025153113088529664,0.17259067720177937,-0.9754203242772442,-0.48455402431168176,0.7882474241371956,1.8320246743795474,1.4731915700622524,1.3952298214747094,-0.41232428192019976,-0.7492557782275893,-0.9820507992898058,1.1141350754642037,-0.6137429980688834,-1.1284409093350454,-1.0069098357042152,1.8258933938744928,-0.7984016329320052,-0.7743491542615188,-2.42728120542686,0.6223021254896537,0.12344482249736297,1.5939289051630052,-0.5397978577917593,-0.6137429980688834,1.476289389999025,-0.5526723594099232,0.49895531685524913,-0.023992741615886225,0.31887943468297875,0.40459281780687695,0.04796178363417531,2.522963648065974,0.6137545629094776,0.559224596330486,-0.5130476401634106,-0.859472271590966,0.6050802133115738,1.6691784785376702,0.43364886075405973,0.06776770332305278,0.48808318552891444,1.129127171781618,-0.6509640688187559,1.2253391399041371,0.97882361961738,0.26781582596865827,-0.06984186731355203,0.6085795631400239,-2.342158088097413,2.1362630910211,-0.48954479817763175,0.3666357198543686,-0.4765306895748644,-0.1451698765149681,0.24278460568318325,0.5703175950267092,-0.22276745087856176,0.21363871458387274,0.4846979463127934,-0.8616635620359754,,0.21180705285715304,-0.36809047949140544,1.934685416591239,0.45425379799917415,2.2579538872414737,0.13308490096362247,-0.6501509543702666,-1.0301491999262127,0.025153113088529664,-0.06806782156324002,1.064262768674759,0.5878480724270576,1.5015722032456573,-1.935822658382696,1.2204907867707977,2.12650892200591,0.4577489720174153,-1.132645934181531,-0.8200432502974125,-0.2653593665460635,-0.476535928687789,0.27455849749846023,3.4268473036075737
96,-0.1608000898148266,0.5763877307514198,1.070154000342936,1.6252338802041402,1.0095771332687244,0.359860213428607,1.139082690089949,0.7424792905948646,1.0187004230911685,0.1951456770706326,0.8453563684954992,0.12605572386106895,0.5763877307514198,0.7238252948646691,-0.7505503462678239,-0.3341441444104953,2.3456385001104123,0.1399759389300639,0.28151260252492144,0.8453563684954992,0.8453563684954992,0.255606112042502,1.669521318203125,-0.12673991691012548,0.5971447252111567,0.06388110993026838,-0.07190733424301758,0.5229770029299918,0.020652815842914663,1.2718139434362021,-0.20508752781381154,0.20972092718692803,0.23722516452593603,0.8453563684954992,0.5763877307514198,0.28151260252492144,-0.8090951548092645,0.704852814470844,-0.03926901618399639,0.1184008161415239,0.3425832411838818,0.6536313663832651,-0.21498995087508208,1.17309803163444,-0.44015182950099085,0.38266888397425214,0.2544573054104527,-0.3341441444104953,-0.1608000898148266,0.6652804863232283,-0.480971504836653,0.38576670391102597,-1.7928853915150627,-1.0731091343131467,0.5763877307514198,-0.55850746458175,-0.18894909252098377,-1.2199183357220407,1.469121966492988,0.020652815842914663,0.2229677939834808,-0.33529295104254453,-0.18670658029724557,0.4028845674031291,0.42895016663817065,-0.14325006935647125,0.4030436761557517,0.8368432823601477,0.02885132962540535,-0.013362525701577425,0.3846627286391857,0.605496010252033,-0.922785422473665,-0.22068248325264145,0.7049236801724814,-0.6184542373556395,0.9934041362958389,-0.10193740169954676,0.6277248759008461,-0.38564007895373964,-0.42371804386616463,-0.3153846453919976,-1.809013557127738,-0.016384171164141578,0.26256615647252535,-0.4205267006604714,0.053443496259407176,0.9030702499787288,-0.3784315824094797,-0.578901799821256,-0.19707367824453081,0.7160319081345323,0.6795378568656841,-0.37032273134740756,0.21180705285715304,,-0.6306170194935837,-0.06279945972324495,0.09167828609613814,-0.34545169688349886,-0.6284090689499027,-0.6290192726369936,-0.7153861980912825,0.28151260252492144,0.6093439283842802,0.4422816086296249,0.13407503841167176,-0.1756951788461475,-1.3235174020608458,-0.40830428951887604,-0.30892945486029233,0.10569129591309265,0.03858482313494037,0.46075755763898124,0.08243855418734794,0.020652815842914663,0.02390930496368848,0.32002824131502855
97,-0.816316551720148,-0.45912697670984765,-0.8377967768816829,-0.4999626560403104,-0.47405616555789043,0.2841309034675528,-0.3116894125965985,0.17776375301176717,-0.14144317793770364,0.28524913133000046,-0.0305256703537327,-0.6784293110677888,0.7826879829799483,-1.0602815684356675,-0.7971855676634907,1.0411551549050646,-0.9637541158333978,-0.4743934210501428,0.7276168089462257,-0.6429724971244799,-0.6657811676701251,0.07016284477128021,-0.9990342393159966,-0.6008083724099063,-0.8767769866920174,0.4525088737239077,0.7932949196847893,0.27349328797431816,-0.8212380463339776,-0.19543225253878138,0.216850372344437,0.25511234045775216,0.027473153628884816,0.36503797299777907,0.48781285475345,-0.8786309985039501,-1.3703306701773508,-1.7683363814601076,-0.011541201026351002,0.29474601010859935,-0.2265662952671508,0.7029567310984217,-0.11750279949511251,-0.26202310921046024,-1.3802208307639499,0.6725612446219407,-1.111191679946647,-0.2785946346405779,-0.816316551720148,-0.23401361999850098,-0.9962386901023269,-0.12301764069565387,-2.505225865510521,1.8070577913868773,0.6808677599579894,-0.2440004619514906,-0.5652795989863093,-1.0920606958899897,-0.379383899768468,0.1293794716183084,0.4325988380316128,-0.9367197925321945,-0.5962784334127214,-0.8324758151741628,-0.36259952410757795,-0.4232691036416249,-0.22346847533037698,0.17254868175484625,-0.9841852421531733,-1.0297462491061875,-0.26740197459761356,-0.24479802238879758,1.4651232331921518,1.251124755830143,-0.525515207790981,0.4207381565946157,0.1293794716183084,1.7762291651212785,0.716299751898815,0.8202856940438196,2.487735412704344,1.6386655141369921,-2.654786742908182,0.028830186158316267,-0.006528176959724113,1.2423183904815145,-0.719798341876474,-0.2345188718714512,0.3852729323262772,0.4077702662953229,-0.882704782801282,-0.6290192726369936,-0.0660820592990052,-0.6729527719042308,-0.36809047949140544,-0.6306170194935837,,0.6299328264445266,0.3220873907079342,0.9166244099486989,-0.028218619642922167,-0.06289814439476668,-0.12396878305372752,0.25400836518591247,-0.37364992064865216,-0.592291973471871,-0.8391252222657937,0.036939650639589566,-2.505225865510521,-0.1660684176597105,0.7563539675766432,-0.2638641209616267,0.8373165136657885,0.661510848080867,0.4785367018094794,0.1761285206065447,0.3697574719373146,0.07054452635935482
98,-0.7483590558228145,-0.40433807289189916,-0.020888068667430947,-0.27617132568830827,-0.5688281391376034,-0.1230622304211382,0.5294331664920123,-0.9750492970416131,0.3328497476743473,-0.09753816071085634,0.7387544837127112,-0.06199159176217787,0.6006695787863774,-0.873706062346116,-0.13651824177986954,0.014735255225851479,-0.8957966199360636,1.6613061443219632,0.6879160094002353,-0.230994018296231,-0.230994018296231,0.21131867404351706,-0.8957966199360636,0.8453563684954992,0.23589160139572526,0.22855081492803322,0.24395699210253824,0.9732641784601337,-0.6872884171638536,0.5205100484704017,1.3600542797616606,0.9548832309435688,0.46226030300277987,-0.6733067106359791,-0.10946294466540078,-0.5517756370051489,-1.1100363820311743,-1.5579060609740458,0.35875623815676627,1.824038465351247,1.2785457710128039,1.2606137637207782,-0.9179518986227627,-0.3924132889373547,-1.1423098697623748,0.8861920478259605,-0.6500673464139817,-0.6733067106359791,-0.7483590558228145,1.396402207894064,-0.3313426502783944,-0.5289669664595037,-2.2719868744788134,0.7446324994668246,-0.40433807289189916,1.3789596411949987,0.1459998223662162,-0.6500673464139817,1.0467982040185952,-0.6872884171638536,0.3643392591013187,-0.35519221818748326,0.03682581281579912,0.7226237022990863,0.6277248759008461,2.191469108420561,0.4791385051555472,0.8428687522458169,-0.5750150012271453,-0.873706062346116,1.0651791515351623,1.2963906920246917,0.8541533601271746,-0.18824619589864666,0.07176059162786974,1.0803284027972686,-0.6872884171638536,1.1586124442385626,0.6697147006357316,0.6294732346318933,0.5570077597771543,0.5840807037248315,-3.102501664929372,1.918998573883057,-0.4156526531593527,0.7699511138798983,-0.7350814694562651,0.21167261277526542,-0.18670658029724557,1.0254517937257754,-0.6535024449838323,-0.4704345291828512,-0.23966836789413382,-0.5048210727457414,1.934685416591239,-0.06279945972324495,0.6299328264445266,,0.7986218666501558,2.819782271344092,-0.25814431690349166,-1.2630569670889764,-1.3494238925432647,-0.40433807289189916,-0.3266186014446413,-0.05012442073470781,0.15835688644662885,1.0166264457306926,-2.5127514084763747,1.2187792803032047,2.2936095540287686,-0.10813449928129042,0.044610293020609586,-0.36490905159834625,1.0361090607161987,-0.6872884171638536,0.8452080394424618,1.8905043014113447
99,-0.2803956464019965,0.7417378233417061,0.8648151057409273,0.5010796121632348,0.6312402040317588,-0.4414324962709831,1.015283751844647,0.18095607824103535,1.015283751844647,-0.1329580822887468,1.8119585198021626,0.03914216418208017,1.2249925178310055,-0.45488850762971444,-1.0607669296953877,-0.29767261864672173,-0.04783496495929964,0.6072508032696705,0.4963350230503728,0.7775737928731683,0.7775737928731683,0.43951520191952476,-0.028703980902642298,0.6989965941111133,0.8003824634188135,-0.40082274476098595,-0.18587357523552508,1.4965947718015977,-0.5082377439922623,1.3578828799298823,0.9985005511846711,0.47587454272777596,0.6904568308787871,-0.29767261864672173,0.16191704593775158,-0.03466637287991401,-1.0131492526557404,-1.1281613747558505,1.6740246664825686,0.4833029662045517,1.5739782402864415,1.3143174303690683,0.9349526869355264,0.3212793940055452,-0.7580035207536882,1.5171954918035604,-0.4769790652196621,1.791503410062006,-0.8701459028549937,1.1050872391586875,-0.42907701864008685,0.12241126969959469,-2.6608754396673246,0.5819327020654779,0.06958772850619101,0.9806267655894059,0.4558257143781006,0.6593379849591877,0.7835361848504405,0.6389631927776888,1.2368738414302913,0.9973965759128303,1.7284708503225075,0.3720829863437595,0.33392753740320946,1.2350182431688403,2.0233459785490058,1.495490796529755,-0.6498115730126326,-0.4278332105152457,1.0476464058890875,1.2117736721030916,1.2302971108108995,-0.48270871825887035,1.6533815535577536,2.367203362531215,0.19172900582411218,0.7419424899353243,1.0724040897394576,1.6064072740761681,-0.23935739796365157,0.03148479465036692,-2.216798490521014,1.0554506781613973,0.5496884503722104,-0.2109794973170113,-0.02354436597108852,1.9802369150565557,0.9069843482016003,0.7693959746597332,-0.6266079197779207,0.001837618800441172,-0.17804038818803267,-0.43002450096025513,0.45425379799917415,0.09167828609613814,0.3220873907079342,0.7986218666501558,,1.3504328466200355,0.4987318287665529,0.7353879825987742,0.3171277689295135,-0.012575815289966367,1.1118779423932201,0.6193450197692542,1.1669246976160272,0.7734175157388289,-2.1209891508744416,1.7766271733843642,0.7686512119851485,-0.008405943665746192,-0.14064399838671018,0.5945129048666362,0.8977594805094895,1.5835062185248057,0.16355259620018575,0.686096366486173
100,-0.4384430771568088,-0.6079711988600056,0.14230845884102197,-0.3671003420433557,-0.3411938515609367,-0.20206646282164065,0.5665645745214672,-0.8574701106244506,0.7631479933391329,-0.006296158452464454,1.1432861479545278,0.05558759465498579,0.768112732863654,-1.4045699427907123,-0.7333182053833077,0.12806781507419102,-0.8045546176776718,2.16038632165887,0.7115699229265348,-0.04146030662900633,-0.06779749078777708,1.1551660243424153,-0.9028463270865046,1.4910247564408032,0.6142260329828336,-0.247866881676625,0.33519899436092965,1.2978514945693227,-1.1908406777142975,1.0133385371614896,2.1342942415260446,1.3162324420858875,1.0759733754058458,-0.31920961679007814,0.34860871106955155,0.10287943754746903,-1.7289269032245604,-1.3904629068967682,1.0618390544581036,1.464986515506081,1.510135850760919,1.722932046024554,-0.06259622087715813,-0.7266937505642861,-0.8352085193779313,1.0937296489035904,-0.8537004723820881,0.007685548075410069,-0.7554087629732553,1.3893525007436236,-0.240100648020002,-0.22797295330406012,-2.962113807966564,1.5563341754254199,0.003869615182938745,2.020207130200308,0.2150865459379095,-0.7604527693290939,1.0397484968681558,-0.3454818440523611,0.5317824131785952,0.08076790614425589,0.4499982404151581,1.0444389566344459,0.2934444142739148,2.139190246014561,0.7125177423916664,1.340446184218925,-0.36554042069264475,-0.8807557694965569,0.6158167520449733,1.4155831447318499,1.651986818241996,-0.6430981857217686,0.5969819914776427,1.9474152061202326,-0.2079235836259691,1.2041942875046996,0.42190045948772975,1.8389297633032424,1.048322386585157,0.9969165286296693,-2.483823853001785,1.7142765584106487,-0.5209940697186258,1.1047089685108276,-0.11136414852676475,0.6697442685102167,0.5662402036642046,0.808650075678283,-0.2763720011062555,-0.4215353071295553,0.026066495591976022,-1.1016210363491796,2.2579538872414737,-0.34545169688349886,0.9166244099486989,2.819782271344092,1.3504328466200355,,0.3245562323990652,-0.2740399655376843,-0.3735565056053767,0.4191270104082181,0.292843842891046,0.7688503559445078,0.6206751687504047,1.935449038059022,-2.3723635515135664,1.8984307436196872,2.963807051746702,0.6204843644251032,-0.2506357000793259,-0.07708363052228875,0.7866702313948674,-0.2225379191518965,1.1213573517188231,2.3243550022048205
101,-0.8979879103810731,-0.28542898338243067,-0.24937496581279645,-1.0897129124933076,-0.7164901733631227,0.255606112042502,-0.8128647930516258,0.13660086852919245,-0.8128647930516258,1.398698668647113,-0.27307350575153444,-0.5679486339780333,0.09089157568452759,-2.120671886014212,-1.192863038607572,0.19329166525869995,-1.255177485391374,0.6321525989299254,0.07176059162786974,-0.01646034563835125,-0.18670658029724557,0.6547353416551058,-0.9603023571648751,-0.4407460291932817,0.10692473980441161,-0.968181838862477,-0.5142200265827657,0.8178521311564912,-1.2564212935162151,-0.32594678313905373,0.3846627286391857,0.2960878526412164,0.45838151069581035,-0.08245247891114107,0.42895016663817065,-0.4556752180413255,-2.1792166945556524,-1.7152188500001064,0.8954206088213488,-0.14481090633382762,0.13407503841167176,0.818956106428332,1.2165086725676937,-1.0849312507324795,-1.8713440079063393,0.1081685479292528,-1.1077399212781247,-0.10158346296779841,-1.1077399212781247,-0.11509079697016225,-0.8128647930516258,0.2688644591272572,-3.3012763741920472,0.4932704017474997,-0.07567697248537945,-0.031071654912554827,-1.4987154684684465,1.607206871419323,0.34072922937194916,1.6935737968736124,-0.15827425969730693,2.0495195637590706,1.0970480339948534,0.23015071649455193,-0.8979879103810731,-0.031071654912554827,0.5072977775418567,0.700294851325421,-1.4214718328366012,-1.340300602720821,-0.41483953871086326,-0.34744509365039944,0.08683135092480922,-0.6483903576016089,0.3939203863333081,0.8991048665039976,-0.4556752180413255,0.041253535844878814,0.1422287208339534,0.02333730491321432,-0.2648761444800929,1.1416750721169258,-2.5412798830801555,0.22336811154165986,1.7257351266061707,0.24630945925840395,-1.4832465916568878,-0.7654064402091686,-0.2309940182962305,0.34890704758538427,-0.4666525196757017,-0.7175941486349635,0.107674776344503,-1.5610299152522487,0.13308490096362247,-0.6284090689499027,-0.028218619642922167,-0.25814431690349166,0.4987318287665529,0.3245562323990652,,1.3906793540965097,1.477046279550798,0.42895016663817065,-0.6324710313055163,-0.4842834306521747,1.565267216817021,0.2906699921640869,-2.607272016352945,0.2733583699599884,0.6367665684781647,-0.9878065945038841,-0.4521503644661043,-0.9014396690495957,-0.09553432925538217,0.3666357198543686,0.016547759722987252,0.17259067720177937
102,-0.5679486339780333,0.6217176525633649,-0.37090603944362616,-0.4129855268989301,-0.1440168891548512,0.17005230103670305,0.02180162247496445,0.16126355088677075,0.21838504129263003,1.2385232061308313,-0.30099438117799643,0.21919815574111945,-0.5679486339780333,-1.4399258752598652,-0.535692302752682,-0.0014377417470329802,-0.4324358538193281,-0.15108325640396317,0.3011113529058971,-0.4065293633369091,-0.4328665474956799,-0.15384004538480378,-0.23585243500166198,-0.21825611989319768,-0.6403338529044471,-0.6744555172680283,-0.43916768139592977,0.09740267989001067,-1.021267724650892,-0.17069281523660015,0.03528955741808969,-0.36852999250045526,-0.4512474950122453,-0.06747311993051493,0.6343605494736069,-0.4324358538193281,-1.81525161311959,-0.7384945688996652,0.7578406364091611,-0.6184238818716065,-0.1028272710926401,-0.1440168891548512,1.9251919216743147,-0.6416674160346579,-1.3108602287493625,-0.5192334729499687,-0.6560745697514624,1.0797710617501282,-0.5577828603426296,-0.515368833214815,-1.3101804609001184,0.7458208509618253,-3.0323077364479682,-0.18715018650343934,-0.03926901618399639,-0.10541879491950733,-2.0596211370917943,1.6056323991044439,-0.5048210727457414,1.6122336372060957,-0.6178639242817792,0.6115518789279617,0.6374583694103797,-0.48094917901393647,-0.8010297641024515,0.04450113895600241,0.3425832411838818,-0.16222948759007538,-0.940084057935048,-0.8035121338647121,-0.7570065098298449,-0.08479601625321147,-0.9206239007868355,-0.8114736091620248,-0.03105833549298566,0.5963466888269434,0.0888346531111965,-0.7443319575267221,-0.9681818388624774,1.3503115229021168,-0.14447814281983848,0.001175621428842221,-2.4306326960404263,-0.7529013593023772,2.0016175171794965,0.7465906343438761,-0.9035671073465023,-0.644216305249321,-0.01695411722310105,0.37356972994296256,-1.447715601952098,-0.054509899235257585,-0.11811039867243121,-1.0715175546271487,-0.6501509543702666,-0.6290192726369936,-0.06289814439476668,-1.2630569670889764,0.7353879825987742,-0.2740399655376843,1.3906793540965097,,2.8694336959385836,0.4100037205857745,-0.6306170194935837,-0.8666742909650113,0.5031721568074518,0.24501864747621296,-2.4425574799949703,0.37323223424935986,-0.32816834818555674,-1.3190896790317654,-0.4628355903363493,-0.6538563837155806,-1.3234426099972334,1.4000287704789158,-0.9438489525250513,-0.4183083858832677
103,-0.7764568367502434,0.7962105137910819,-0.7280956144539271,-0.6214937296711401,-0.3525250919270612,-0.02653111778096305,-0.361199441524964,-0.04724465188543928,-0.16461602270729844,1.7299817531749944,-0.8141086011764671,-0.1620438979396678,-0.7764568367502434,-1.8085197855429882,-0.8305674309791808,-0.209945944519243,-0.727310982045827,-0.34766667522162875,-0.03926901618399639,-0.7014044915634075,-0.7277416757221787,-0.24196598115823287,-0.5307275632281608,0.07661900833330121,-0.050583596451449886,-0.8489483784957468,-0.6357511002135954,-0.11110552288219935,-1.4093905559303848,-0.4834551193949147,-0.2774727467402249,-0.6634051207269537,-0.6257403562399637,-0.24196598115823287,0.4258523467013968,-0.1375607255928297,-1.962689177232839,-0.7977269304081674,0.9916451259766986,-0.8437962758407017,-0.4815817085237445,-0.1440168891548512,1.967377731948709,-0.3341441444104953,-1.6057353569758612,-0.4556752180413255,-0.9509496979779613,1.3135755513176668,-0.852657988569128,-0.957681525554563,-0.5307275632281608,1.335571107414822,-3.0323077364479682,-0.6421110222408511,-0.21376187741171485,0.3077138532067668,-1.3073675244623741,1.648815861831588,-0.7996962009722403,1.2444855981081027,-0.38405943471424114,0.9927939326087485,0.8712628589779182,-0.6625835192470163,-1.169623674385575,-0.3623547394404363,0.5763877307514198,-0.16314787321150906,-1.234959186161547,-1.0983872620912105,-0.9655147126020549,-0.4509722778708254,-0.764754241075144,-1.191471854717971,-0.5030604759770843,0.5988343050766267,0.1573144026336692,-1.2555314241231224,-1.2630569670889764,0.8187570950430071,-0.36727623405426574,0.45377135265858126,-1.964267525030192,-1.1292219183693355,2.075336299236121,0.558683388875755,-1.1984422355730011,-0.41041181568178303,0.216850372344437,0.017623963057503352,-0.7715984200448118,-0.4426327305147502,-0.3146938174900968,-1.3553862845205369,-1.0301491999262127,-0.7153861980912825,-0.12396878305372752,-1.3494238925432647,0.3171277689295135,-0.3735565056053767,1.477046279550798,2.8694336959385836,,0.20149551781356448,-0.8391252222657937,-0.6405658714117057,0.6547353416551058,-0.18805065647704372,-2.4425574799949703,-0.00800981943142739,-0.44855061518433714,-1.4893359136906603,-0.7643024649373289,-0.42005189414804256,-1.3067189681229063,1.4470314089030405,-1.0259043188610901,-0.7131835141097665
104,0.13407503841167176,0.28151260252492144,0.04550016241370243,0.23722516452593603,-0.08355645418298081,2.024856881401494,0.42895016663817065,0.13660086852919245,0.5493324336369511,0.9916451259766986,-0.3162569684786791,0.02180162247496445,0.7238252948646691,-1.192863038607572,-0.013362525701577425,2.481815917181214,0.10701974129720301,0.31446880015778184,1.11202739297548,0.9657386354942796,1.0538645712677082,1.8774193172882445,-0.18785538692929538,0.009770515701330878,-0.6560745697514624,-0.08355645418298081,1.9381079691135357,1.0516566207240288,-0.9843548358353619,0.21269569752898848,0.920302390863245,1.2035219078663573,1.9201090084306394,1.2876690608352468,1.3746461899766267,1.9966527776549752,-1.546282975375511,-0.683155901207361,0.9927939326087485,0.4132759443680228,0.13407503841167176,1.1425679102495105,0.6696354338044136,-0.24716701526911547,-1.090972724612949,0.2784147825881471,-0.1608000898148266,0.20149551781356448,-0.040417822816046174,0.37040535809673,-0.8639725688365815,0.09089157568452759,-2.1217758612860527,0.14040672013733985,1.444970736563045,0.15162505887002764,-1.4634563187991132,-0.4556752180413255,0.6708635072677803,0.4900208052971315,0.37040535809673,0.16931935735541784,0.2973077525969438,-0.6872462016045946,-0.509785812270263,0.0312427918712472,0.5504812402690009,0.12495174858922922,-0.35414973437452263,-0.4556752180413255,-0.008568830092897434,0.2775643124719311,-0.13140774084716308,0.17392058029408522,-0.30008397150579463,0.4746793500960666,0.34954328561390513,0.018444865299233674,0.480287311787597,0.01000912844385211,0.03820283630127003,0.1761731966768071,-1.8269007330595541,-0.4977547054966289,0.6979188043822501,0.4039075505196345,-0.4159244931948097,-0.1883043271538356,0.714702005042226,-0.38828077298086217,-0.873706062346116,0.5661604656571361,1.9822741437993023,-1.0804552547991852,0.025153113088529664,0.28151260252492144,0.25400836518591247,-0.40433807289189916,-0.012575815289966367,0.4191270104082181,0.42895016663817065,0.4100037205857745,0.20149551781356448,,-0.03451692229765455,0.10398500362812066,0.5763877307514198,-0.1945614541313389,-1.5320256048330558,0.02136025942320776,0.43646221826081916,-0.5602924729071658,-0.968181838862477,-0.1289926988140155,-0.9369762512077336,0.020652815842914663,-0.3781017372584786,0.7623409336547766
105,-0.4227190204084646,-0.17698974688638214,1.6174390357658068,1.8331318792892586,1.0965542624101032,-0.754002104936346,0.46190636427103104,1.3113809201935533,0.6584897830886977,-0.668448293930547,1.8122633155230103,0.19169391840211042,1.0516566207240288,0.31446880015778184,-1.1869621380891804,-0.44595838463046206,0.9761735818608411,0.37980431193375425,0.01959367193128346,0.8318338376843658,0.8054966535255935,0.4337022605245125,0.6212687123388246,0.13893345511710323,1.1495176364565094,-0.5270179531547792,-0.609903485389107,1.2001533287489088,-1.246273766429,2.2104013839662855,0.7638478597466414,0.6783890502336354,0.529002472815661,-0.30348556004173394,0.1898399065901778,-0.07869803747754985,-1.3962371606597703,-0.4901134654689279,0.46075755763898124,0.20465202797655924,1.0516566207240288,1.0354836237511433,-0.4178837230774465,0.6704145670432421,-1.1509842193602782,0.8054966535255945,-0.7175941486349635,-0.34766667522162925,-0.6193024392261302,1.0831461321509988,0.6212687123388246,-0.48503346719226664,-2.3608861213340453,0.03621411021011544,0.01959367193128346,0.5155927561070403,0.5783636627878411,-1.1599068409747115,1.4454336620464505,-0.6565235099760026,0.8153263010389691,0.16703123604453265,0.34037529064020133,1.1964859342347856,0.5110522189754474,0.4173010466982069,0.6352504188666992,1.8577945616468365,-0.704071617823829,-0.44977431752293334,0.8993606399053461,0.959705377815368,-0.016926374366774268,-1.0841534713360605,2.3458195965706667,0.15176951885053686,0.6331934962933691,0.45218953086016805,1.2088276783468126,-0.08855080436533871,-0.7883752581626863,-0.12224291462892377,-2.1379655183576087,0.13517578404564162,-0.6916876581525441,-0.47793176489108347,-0.0778044107822865,2.0619963621679416,0.8497840915245785,0.33219747242676617,0.9020277661657696,0.21795434761627774,-0.5258691465227294,-0.7570065098298449,-0.06806782156324002,0.6093439283842802,-0.37364992064865216,-0.3266186014446413,1.1118779423932201,0.292843842891046,-0.6324710313055163,-0.6306170194935837,-0.8391252222657937,-0.03451692229765455,,0.6190774218938148,0.01959367193128346,0.23366131586073968,-1.6465069713134446,0.6371794766346177,0.35932490544806245,1.435106624948496,-0.20508752781381154,0.943648077904331,1.3027016515171062,0.031518455885827905,0.832205623339996,0.5437729924797049
106,-1.1795315966161186,0.30304789707123975,0.8077596734540575,0.69632105752566,0.6599131012242779,-0.3625549343820931,-0.12465997727772772,-0.24354969086878356,-0.12465997727772772,0.062283363073678856,1.1080025958908892,-0.35412283878365025,1.1554169505253846,-0.5465978774359768,-1.4744067248426171,-0.0011798903421729563,0.7215363537840798,0.39370502792472,-0.34785226487203585,-0.381178135898119,-0.5015604028968994,0.615625663225292,0.059280544629696424,1.1697412744587097,0.7558749398649406,-0.8144625399082154,-0.24354969086878356,0.851638103336511,-1.6136404364010022,1.9584188576435806,0.8678111003093956,1.0797710617501282,0.5908231480147128,-0.7113124137939506,-0.23259176515282004,0.35715849130017724,-1.500985033630624,0.22744959945591187,2.0584407657173207,0.5152262713277347,0.26903255552674765,1.3155994408361154,0.24189799158096142,0.9809240892976666,-1.7888992088365296,1.6869049876734106,-1.5595298421720643,-0.27941907041536446,-1.1442724469467849,0.6564678338391783,0.6081141312153217,-0.37159723366762637,-1.993491429450279,0.05928578948122472,-0.44234377604987124,1.3018489128807862,1.0910967035251224,-0.3477729980407184,1.7087592506769973,-0.7019597546070369,1.3936556544054253,0.2960878526412164,0.9882073782640597,0.4776790611851055,-0.18940830242567586,0.6895486008393162,1.5084549004596537,1.0002384850376926,-1.1384431440523926,-1.4120922780588145,0.3659127718598511,0.6159435106143599,0.9311794586306158,-1.047327600828114,0.7828854056192013,1.2960621673390582,1.264592546525318,0.3314259975333012,0.2435068993669494,-0.35671169032690414,-0.9101308019057865,0.9237207501547863,-1.061217573516966,0.17674854316351984,-0.8743703609792438,-0.23885107271757677,-1.079561628103922,1.7760648376488517,1.2578672102321382,-0.05922167621572248,1.3072435307110366,0.8881825605376781,-0.04929885863902876,-1.4311730919828896,1.064262768674759,0.4422816086296249,-0.592291973471871,-0.05012442073470781,0.6193450197692542,0.7688503559445078,-0.4842834306521747,-0.8666742909650113,-0.6405658714117057,0.10398500362812066,0.6190774218938148,,1.0402357176374872,0.2171158751552611,-1.2478715132855895,0.3655902279581402,0.6815029467016888,1.443506966776422,-0.4682793632310263,0.8339354654089556,0.22794901158196595,0.10142047189773506,1.160209192906378,0.9083931089630659
107,-0.7505503462678239,1.4069025212019786,0.69632105752566,-0.3525250919270612,-0.3784315824094797,0.359860213428607,0.2884726469549443,-0.8522786175364087,0.16809037995616385,1.461013115430916,0.16923918658821363,-0.16881940436542994,0.8712628589779182,-1.63517573094732,-1.0454254744943228,-0.03926901618399639,-0.3082376539280758,0.8501084623818411,-0.013362525701577425,0.5504812402690009,0.5504812402690009,1.2876690608352468,-0.39460457938236465,0.6536313663832651,0.5504812402690009,-0.8207442747492277,-0.36678246246951646,1.9109857186081953,-1.0724807716087914,0.38718855875670644,0.8269754209789333,0.8858381090942137,0.8269754209789333,-0.03926901618399639,0.28151260252492144,0.8712628589779182,-1.6937205394887602,-0.6220852625484002,2.3197320096279923,0.560713508481272,0.7238252948646691,1.3908191869495121,1.6916896367167986,-0.040417822816046174,-1.6196523424069853,1.7096069609934954,-0.8046609404967614,0.8453563684954992,-0.4556752180413255,0.8127180504364786,0.28151260252492144,-0.20398355254197129,-2.7115261177390497,-0.12741311097469027,-0.3082376539280758,1.063305740663992,-0.40433807289189916,0.9916451259766986,1.2606137637207782,0.6967699977502003,1.4024683068894754,2.171145638882693,2.3197320096279923,0.14326858884596402,-0.013362525701577425,0.8024459539819857,2.3197320096279923,0.7578854677693702,-0.8557740550540903,-0.8979879103810731,0.3846627286391857,0.3046196095863999,0.9328322723396156,-1.225690134930918,0.522226966389899,2.2007466567279126,0.4036538798428426,0.19293772652695163,0.6277248759008461,-0.04234245546594415,-1.000820156921498,0.8252350814696244,-1.8269007330595541,0.4190477435769006,0.22855081492803322,0.08701962562691458,-1.005674749647807,0.8588244137020815,1.1942357681318465,0.26254012213109595,-0.10946294466540078,-0.06597737964358183,0.5321002927524349,-1.107510551913654,0.5878480724270576,0.13407503841167176,-0.8391252222657937,0.15835688644662885,1.1669246976160272,0.6206751687504047,1.565267216817021,0.5031721568074518,0.6547353416551058,0.5763877307514198,0.01959367193128346,1.0402357176374872,,0.04124511952450537,-2.0522731270286494,0.6502476247002618,0.785447940716255,-0.6916876581525441,-1.0545487643167664,0.16588242941248285,0.05190323485786701,0.9916451259766986,0.025153113088529664,1.2046536259945253
108,-0.6180078711858956,-0.4263891918927506,-0.13626615755259405,-0.4262828690736615,-0.5393818471060483,0.10558066362461348,1.1343787069762115,-0.4786618390876706,1.3309621257938782,0.07763698485781653,0.12213734494660287,-0.715486466146239,0.7656789507196461,-1.164574664911748,-0.9483703921253055,0.018005755302508454,-0.21723814336868236,2.2147012844011607,0.4137975322508874,0.48910742279368563,0.4627702386349144,0.4553537081177344,-0.5112840661786194,0.8654910597690408,-0.10496472743197452,0.8215715714576864,-0.07232640937295384,0.7184214453434222,-0.9128829994123939,0.7219028385633832,1.2531082864749403,0.8758078613747945,0.8455290486353814,0.7502288363442328,0.879176440492243,-0.1265493241417311,-1.239902138324404,-1.4310222324110482,0.7517387879738593,1.5369383658830058,0.9156793982864184,0.8486268685721552,-0.2860411144030277,-0.8518123607534336,-0.38127682640976635,0.9145305916543677,-0.18412727444459034,-0.6947149838849718,-1.0399636839726563,2.2147953583928124,-1.3204622372519523,0.1092923537101844,-2.964547590110571,0.6633339246750111,1.0733080683172507,0.7711036785442774,-0.8375364441759913,0.2750496090920434,0.7551935758687539,0.5344373446056307,0.7674750143747883,-0.34207836330028646,0.9321172542758642,-0.316405345687814,-0.525678553754335,1.3523668541223535,0.8822742604290168,-0.254182622602834,-0.16202686144602435,-0.35018804007386545,0.30725931689401886,1.697132283837195,0.7260958969048602,0.31673830790791596,0.0863295810039083,0.5989067418825992,0.3768340068569773,1.0685752998552196,1.0219709231678245,0.9066789218952305,0.32626629730688095,0.4720829062735273,-2.824712916179204,2.2099318975454403,0.05439762063581961,0.8021705905452413,0.23962571731306562,0.37243535813971146,0.21218254840740042,1.7587218268950768,-0.32532403340440663,-0.5890975562803715,-0.07465899596086463,-0.6321239455854489,1.5015722032456573,-0.1756951788461475,0.036939650639589566,1.0166264457306926,0.7734175157388289,1.935449038059022,0.2906699921640869,0.24501864747621296,-0.18805065647704372,-0.1945614541313389,0.23366131586073968,0.2171158751552611,0.04124511952450537,,-2.4315460785438723,1.9891808528550923,1.4379953327801485,-0.17524623862160724,-0.8105120065369567,0.15860897067390434,-0.42314987064754245,0.3107193618421784,-0.4103761634896625,1.970297346948016
109,-1.5320256048330558,-1.2912610708354944,-1.9154756090575236,-1.3678048400598302,-1.6275158201097872,-1.8528072235419737,-1.5320256048330558,-2.0100744351685984,-1.5320256048330558,-1.8269007330595541,-1.6264118448379474,-1.939174148996262,-1.6794631689463049,-2.50301791496684,-1.8269007330595541,-2.0273000847696916,-0.8583960391754525,-1.9413820995399427,-2.1217758612860527,-1.7324249565431926,-1.8528072235419737,-1.8528072235419737,-1.5843771887428526,-2.071587522768676,-2.063803042563866,-2.486844917993955,-2.1803206698274926,-1.7328738967677328,-1.9673782527427806,-1.5990834995098475,-1.9575550965128274,-1.6648879188300094,-1.766934069672434,-1.8528072235419737,-1.8269007330595541,-1.8269007330595541,-2.0328831057142436,-1.9933107775666286,-1.705369659428724,-2.230697786609195,-2.1217758612860527,-1.688586458768748,-1.959025423975655,-1.7318147528561016,-2.1673231114046785,-1.7689279143373677,-1.5320256048330558,-2.0273000847696916,-1.4116433378342748,-1.5905704133744953,-2.972385904421057,-1.9132676585138428,-1.317491932175176,-2.591772213444624,-1.8269007330595541,-2.1042258408276973,-2.0974940132510955,-2.7115261177390497,-1.4357908179975536,-2.2081427867403414,-1.885445541600994,-1.8269007330595541,-1.8528072235419737,-2.6482219730758203,-2.7115261177390497,-2.2246081078264774,-1.8528072235419737,-1.9834615869952466,-1.577937685279502,-1.8269007330595541,-2.1320479577405456,-1.8308490231125445,-2.294010937491893,-2.7443532140623965,-2.178059938931985,-2.241371417873222,-1.7911263811959213,-2.38484359851174,-1.7144929492511676,-2.168843239647972,-2.605850161507265,-2.4356234699063766,-1.2469736328365095,-2.6603579021413593,-1.8528072235419737,-2.6502018084032977,-1.7600947110985696,-1.4828845851674588,-1.8275919272835548,-2.4966941085653374,-1.628126023796879,-1.0066132077032799,-1.5763130428320402,-2.1838609387053842,-1.935822658382696,-1.3235174020608458,-2.505225865510521,-2.5127514084763747,-2.1209891508744416,-2.3723635515135664,-2.607272016352945,-2.4425574799949703,-2.4425574799949703,-1.5320256048330558,-1.6465069713134446,-1.2478715132855895,-2.0522731270286494,-2.4315460785438723,,-1.8532485865937294,-2.5295212048886833,-2.2103507372840223,-2.9723410730608477,-1.9154756090575236,-2.542006255793501,-2.2081427867403414,-2.7272003400091975,-1.935822658382696
110,-0.21932500774303565,0.06846063385993692,0.8221304692401578,-0.02760000563080104,-0.12960215826526214,-0.2369187173302213,1.1479051805505367,-0.6457135864513776,1.2240416112726697,-0.3787520769075808,1.1306023053607255,0.31969570273785447,0.5238640852623455,-1.3666484562549968,-0.2803956464019965,-0.19100086859510712,-0.438943210406971,2.4193727247723706,-0.21448971041201753,0.48753396197768806,0.33526110053342023,0.5632982243019999,-0.720290690076235,1.1305152443955782,0.2979753086867963,-0.5787956282037156,-0.3803984018655303,0.8535005254734734,-1.0991150950915132,0.6841833466881058,1.3017557200539502,0.6614126827504687,0.8541081246507921,-0.6772729272629555,-0.07188744362978647,0.09061591254663605,-1.2479125142141658,-0.9375403479154566,0.9244053918826822,1.394514787185466,1.2550506333894567,1.1973359187539816,0.12469597518787912,-0.44829419997955505,-0.7382579103932932,0.5706207638833972,-0.12812278495772866,0.11237244756735304,-0.2779779977364869,1.2916619120959927,-0.19641966609026887,-0.11450813853982098,-2.4158642791009397,0.5969984941286502,-0.34927913112760245,1.37982944959176,0.03859353546215801,0.11022410037432313,0.856127872260811,-0.3769930665884395,0.520234216768511,0.7414368076585931,1.2659043716356775,0.17437247287984037,-0.20425921567986233,1.9423241362645534,0.6761541151826808,1.518187366847505,-0.08473859842425396,-0.5752707746284949,0.8594430277142037,1.7655338033209347,0.799375620515897,-1.1034285085431619,0.6372786200358419,1.218886500817891,-0.5879888856103325,-0.006412072574837862,0.572421514124443,1.0225857969341081,-0.40653259209809084,0.133373239752799,-2.0190843298040857,1.2279745628959033,0.32415110064169494,0.2654341006133093,-0.04086434732676951,1.3943317843617038,0.8288212753021755,1.7736665359163306,-0.19452572217032782,0.1182307478403441,0.01057833120236761,-0.7081395479011909,1.2204907867707977,-0.40830428951887604,-0.1660684176597105,1.2187792803032047,1.7766271733843642,1.8984307436196872,0.2733583699599884,0.37323223424935986,-0.00800981943142739,0.02136025942320776,0.6371794766346177,0.3655902279581402,0.6502476247002618,1.9891808528550923,-1.8532485865937294,,1.4983852429625977,-0.8631026549802941,-1.0493218617366926,-0.03258786452973599,0.00040668560101215985,-0.060092101868744995,-0.07197198163133528,1.7842724543861253
111,-0.8363652645294876,-0.0008857345544078212,0.13683499614797792,-0.34976513419075456,-0.20347637670955465,-0.36814608170732055,0.34313524837650694,-0.9252580201012967,0.44142695778534025,-0.08725266000869668,0.7080317850947021,-0.012200314821861314,0.6380103766030059,-0.9236116951433465,-0.42110786930420824,0.7891991525119744,-0.677002916461694,1.7354088371717227,1.089704532451843,0.12331246533684394,0.09697528117807268,0.7842991340842053,-0.7872194098250712,1.3674572957948101,0.9084023324826646,0.2388363156301929,0.7457010398488629,1.671132469307382,-0.8867549273587452,0.7768198857684612,2.204575502314058,1.1861300858252384,1.0851047307035815,-0.5426389429350384,0.3659439189221521,-0.1974691533720739,-1.5150082765542938,-1.4935099660429476,1.0521189651962348,1.855131681441027,1.6616412297973084,1.592829689763905,-0.24177971074547217,-0.027061526509306457,-0.9923661727530486,0.9659802827855248,-1.1312403927559864,-0.6630212099338189,-0.9346569739383209,1.138867877484194,0.5144223803988445,-0.30892945486029233,-2.6499034718874643,0.7107546567612952,-0.1974691533720739,1.822051426640592,0.10713946836395948,-0.8986797113132896,1.2045212688340052,-0.20240856061441465,0.4016800569179476,0.19569768426325776,0.5164793029721756,0.6729979413486094,0.15759710835381469,2.250113110979984,0.5164793029721756,1.0388537851745414,-0.6209250623798439,-1.1582956898704553,1.6771396926448632,1.3233022149563454,0.6324028744476792,0.10070807044213118,0.5938615189271812,1.1291720831476775,-0.1987129614969156,1.4910451202802413,0.5866732314535795,0.9823220404588173,0.6744429419946769,0.6816472089687373,-2.84648689070513,2.7591416817405614,-0.5168274539454109,1.5595673360985576,-0.6574420129683897,0.15964366669362307,0.4361378474035565,1.012928623882291,-0.1877356598625389,-0.4042000992769547,-0.054890005964255695,-0.8877024096789135,2.12650892200591,-0.30892945486029233,0.7563539675766432,2.2936095540287686,0.7686512119851485,2.963807051746702,0.6367665684781647,-0.32816834818555674,-0.44855061518433714,0.43646221826081916,0.35932490544806245,0.6815029467016888,0.785447940716255,1.4379953327801485,-2.5295212048886833,1.4983852429625977,,0.5419266177378536,0.07744584931124306,-0.6494986791226849,0.9706300375313232,0.020420512909224798,1.8747662671648584,2.697635976942881
112,-1.5763130428320402,-1.3305837693099576,0.10877875161634426,0.08978760041268684,0.237835368213028,-1.3178458709069243,-0.6916876581525441,0.3594143229434841,-0.49510423933487846,-1.0237838571289153,0.9583797186569533,-1.2567752322479635,0.7826879829799483,0.13062327974314958,-2.340556160512756,-1.0098021506010397,0.6208380186624723,-0.5307275632281608,-0.09710210436852862,-0.6166353129657086,-0.6429724971244799,-0.1301415054460653,-0.237450181858252,-0.17918103733139207,0.5594980785310324,-0.5011114626723592,-0.8788721231331869,0.6455672204724527,-1.984610393627296,1.677354505250618,0.8237696917735524,0.5050449956379661,-0.3297164213814156,-0.8673293260123117,-0.3740038593804005,-0.9374169316746265,-1.3703306701773508,-0.464206974986509,0.19178891989490235,-0.3998858366443641,0.242083581231368,0.8267061195064541,-1.276602617274523,-0.25061877393763765,-1.4717658380691954,0.6120110546447027,-1.8711881710585387,-1.206385569418706,-1.7728964616497058,0.5193023661804219,0.7082458414802044,-1.0488772331628449,-2.3349796308516257,-0.15394417106350497,-0.5442500940392948,-0.08519784654689189,1.170537228193107,-1.8982434681730076,0.7341523319626234,-0.6186922355390393,0.5463576632948907,-0.6916876581525441,-0.5183436035568759,0.6503319215567734,-0.1151059937789329,-0.028863704368873838,0.3662817811226203,0.8263418165411835,-1.9094786212122434,-1.6033683399465088,0.44573336729814655,-0.19655577086862805,-0.16746175841679678,-0.7168931241831482,1.1550839306254375,0.02757131895928407,0.15571665577707916,0.4593525139586464,0.3350576982180283,-0.6795038105142768,-0.5605461406068927,0.19006084375515178,-2.112059027875189,-0.21266113177774548,-1.6367734778039096,-0.6018949690589435,-1.2832114141707,0.5596906250589081,-0.008934802672497225,-0.8213965499968099,2.1253624862724387,-0.3977023993191385,-1.0897129124933076,-1.8392846927308397,0.4577489720174153,0.10569129591309265,-0.2638641209616267,-0.10813449928129042,-0.008405943665746192,0.6204843644251032,-0.9878065945038841,-1.3190896790317654,-1.4893359136906603,-0.5602924729071658,1.435106624948496,1.443506966776422,-0.6916876581525441,-0.17524623862160724,-2.2103507372840223,-0.8631026549802941,0.5419266177378536,,0.6239127192248339,0.37980431193375425,0.9557442408532887,-0.5274900127537322,2.014709713372106,0.08667269197203076
113,-1.325371413872778,-1.1779338497595282,-0.7942275805797173,-0.03926901618399639,0.2993997784567376,-0.7948377842668088,-0.650498040090333,0.4173010466982069,-0.8207442747492277,-0.5881835933065309,0.4162458544754966,-1.0286422738343468,-0.4216150451366244,0.08663373036196542,-1.6011155580426188,0.11259627095833198,-0.37967539053432087,-1.2994649233903588,0.03439359710761844,-1.446902487503608,-1.5320256048330558,-1.2371504766065569,-0.20818534775058536,-1.4739161828957388,-0.2926982613929416,-0.056545988428722105,-0.6147619020945384,-0.48207548010849427,-0.8953089279909823,0.1323699766218433,-0.3895778135955919,-1.0038397586237682,-1.0713319649767417,-0.6474002201535596,-0.08355645418298081,-2.1476823517684718,-0.8053829289349322,-0.8035829995663505,-0.7720851638351117,-0.6574061767918782,-0.66847141330496,-0.2903504779962596,-0.7601732418226593,0.5985601923495435,-1.9485876435381846,-0.49512735870929175,-1.535123424769829,-0.5622771028241125,-1.8299985529963279,-0.7621994662077877,0.19094388186201802,-0.6122360719770177,-2.38259081660785,-0.34847267434474505,-0.3784315824094797,-1.095019513203026,0.4258523467013968,-1.7367508499433337,-0.3537689000519024,0.3802349032947599,-0.6579453648216831,-1.8299985529963279,-1.1328963752204524,-0.05992701530964446,0.1298171930891101,-0.9282484001898957,-0.5431461187674551,1.1103063810796097,-1.7084674793654981,-1.1588028657028708,-0.3977023993191385,-1.076753432519044,-0.5297918557967569,-0.05974730605832327,0.5858518569294984,-0.4265227667594477,1.0453758340377979,-0.3868416308011473,-0.7697973056305396,-0.014537848659670958,0.39863362671540037,-0.4452594044306928,-2.4017218006645082,0.015798184127424935,-0.8343435605049657,0.81402206277385,-1.3507382163916823,0.04197530883848223,-1.4877381668340703,-0.4655244086127075,-0.5438961553075465,-1.176079837947596,-1.1145154277038865,-0.7455235804810512,-1.132645934181531,0.03858482313494037,0.8373165136657885,0.044610293020609586,-0.14064399838671018,-0.2506357000793259,-0.4521503644661043,-0.4628355903363493,-0.7643024649373289,-0.968181838862477,-0.20508752781381154,-0.4682793632310263,-1.0545487643167664,-0.8105120065369567,-2.9723410730608477,-1.0493218617366926,0.07744584931124306,0.6239127192248339,,1.5888259239027571,1.6624088876306065,0.6435570528538112,0.755481653046002,-1.0841534713360605
114,-0.5933959487437113,-0.18310329304295353,0.25621631572959347,0.6795378568656841,0.4445845606660968,-0.1383453580009298,0.20486251048149606,1.0737934729640854,0.20486251048149606,0.34037529064020133,0.5747899838948298,-0.9619001040214651,0.6081951217522304,-0.5983606882682323,-1.5763130428320402,0.0714066528961214,0.04550016241370243,-0.4324358538193276,-0.15108325640396317,-0.8132187317833742,-0.8132187317833742,-0.5183436035568759,-0.18502793744814167,-0.45369928600490317,-0.0760309112171278,-0.03174347321814287,-0.6822887043155208,0.014567570274963837,-1.4169506947642465,0.6232009988679249,-0.2542333825182279,-0.28302235766965755,-0.41483953871086326,0.0714066528961214,0.6352504188666992,-0.7408335128569604,-1.5448235314050687,-1.0539572314395063,0.6611569093491192,-0.4711869700354796,-0.2265662952671508,0.3564586248926677,0.4385375578555306,0.7946127669344928,-1.5921481050679758,1.0639638254507098,-0.8882710769702096,0.4645734905314536,-0.9865627863790429,0.25148253506839174,-0.3357418912670848,0.3008695144020444,-2.505225865510521,0.32038392161443324,0.43866700004903464,-0.3224950244705315,0.23080359683192275,-0.7386481964400725,0.5747899838948298,0.3642248585492892,1.3768724537454482,-0.7899793675613773,0.48666404812140124,-0.0580669238580439,-0.29852082051721235,-0.6054453687424854,1.076414304574398,0.9990756674497603,-1.1231449459415808,-0.8391252222657937,-0.6474002201535596,-0.49143089909512644,0.8466278171613205,-0.4220179959566499,0.5916708583312109,0.776683923480075,2.2436921212716574,-0.3082376539280758,0.2469317624445987,0.4254289939451252,0.131742451823761,0.49341383230649194,-1.9154756090575236,-0.4804809628897751,-0.5674894582612917,-0.07321535126490657,-0.4968777389000366,1.6935737968736124,0.4105692191216052,-0.08420872943056293,0.12654949544581826,-0.38145322787204433,-0.37958038904152996,-1.0410262335056317,-0.8200432502974125,0.46075755763898124,0.661510848080867,-0.36490905159834625,0.5945129048666362,-0.07708363052228875,-0.9014396690495957,-0.6538563837155806,-0.42005189414804256,-0.1289926988140155,0.943648077904331,0.8339354654089556,0.16588242941248285,0.15860897067390434,-1.9154756090575236,-0.03258786452973599,-0.6494986791226849,0.37980431193375425,1.5888259239027571,,0.8937940970347582,1.433508878091907,-0.1541565631222816,-0.20820243625446813
115,-1.3792889435474818,-0.9029609096632416,0.3058028509009022,-0.00806342852925308,0.37378882883862563,-1.396565915792207,-0.669156420095704,0.2308303103980876,-0.7895386870944845,-1.231851379434232,1.493436505950069,-1.0406201489067477,0.6848369540380089,-0.34722599475473637,-1.67416407177398,-0.6161946324988158,-0.5217188559824543,-0.2597999253888163,-0.05235086652823749,-0.6161946324988158,-0.6161946324988158,-0.4687570683855666,-0.19978843064148719,-0.6965360880674354,0.8184775681215446,-0.7193447586130806,-0.5835563144397952,0.5044431922918994,-0.8868327440505667,0.9351067646916827,0.34788233835620613,-0.0058554779855720905,-0.302938556755752,-1.205944888951813,-0.6421011229812348,-1.5267265076607308,-1.1733065708927923,-1.446683388607945,-0.24760072221569232,0.234941879177345,0.24252426169826088,0.6686639570651245,-1.4334788046077367,0.3629065286970413,-1.7891722043525342,0.6243765190661396,-1.5537818047751997,-0.6161946324988158,-1.67416407177398,0.2147021447854122,0.614598194196396,-1.2139642035024163,-2.7775697556801795,0.18384099606279602,-0.9369762512077336,-0.2985836092745673,0.7809373730018329,-1.7012193688884494,0.8921963501781692,-0.5420936481639539,0.30106907023970103,-0.7555233455499923,-0.17388194015906772,1.4726920488976925,0.9797120822645073,-0.01975737982942687,0.12099318806743066,1.9956020340843672,-1.6553072884420026,-1.231851379434232,0.2868116996972453,-0.31014186831682505,0.8097629467823,-0.4931383862279319,1.9512697647251733,0.6138114837847845,-0.05235086652823749,0.6259742659227286,0.6892259701104118,-0.2262694711282986,0.1420873380006273,0.14553085315969783,-2.7775697556801795,1.2131110809016228,-1.5278753142927808,0.1671328776575703,-1.0870686758199268,1.0412316611480075,-0.5719071944998314,-0.3103663384290952,0.3373808725372431,-1.203736938408132,-1.0401263773219984,-0.6001112982463489,-0.2653593665460635,0.08243855418734794,0.4785367018094794,1.0361090607161987,0.8977594805094895,0.7866702313948674,-0.09553432925538217,-1.3234426099972334,-1.3067189681229063,-0.9369762512077336,1.3027016515171062,0.22794901158196595,0.05190323485786701,-0.42314987064754245,-2.542006255793501,0.00040668560101215985,0.9706300375313232,0.9557442408532887,1.6624088876306065,0.8937940970347582,,-0.7123398828228482,1.2348277635760558,-0.0908665053183456
116,-0.44375043408678105,1.0256604675211907,-0.48317945538033397,0.44573336729814655,0.6265760692687964,-0.04051282430883808,0.9442582815914224,0.516599114085138,0.9442582815914224,1.0797710617501282,0.20082231242452453,0.19204785713385877,0.46296550818266274,-0.38277909045246045,-1.42666752817511,0.16923918658821363,0.10877875161634426,-0.5582318005671694,0.41138743777006515,-0.12563594163828526,-0.12563594163828526,-0.42051106986478365,-0.013362525701577425,0.44681745283344537,0.6115518789279617,-0.022485815524020472,-0.354857678514972,0.35024315202141465,-0.706448497919246,0.48043626180970067,0.48859140752188274,-0.3800293292660692,-0.3537689000519024,0.16923918658821363,0.7848959335236299,-0.0014377417470329802,-1.4259007083767306,-1.2729061576603584,1.3487396994942076,-0.49869120737448863,0.9599774655135433,0.3657162825867901,2.1386951443670874,0.8880530874323436,-1.3247772141804866,1.1438229859281746,-0.7386255623132795,1.5333983343573288,-1.131792399948611,0.28403843264244166,-0.7505503462678239,1.3351404137384697,-2.7978930431933384,-0.2952815173833866,0.5883125147059642,0.6422992957878776,-0.7855801265726864,1.0136564167353292,-0.12563594163828526,1.9320106730107696,1.1145532230929993,0.8340417882280463,1.1742468382664897,-0.37532452214398665,-0.8811976819266477,0.5261200645290529,1.7639970947194865,0.21007486591867638,-1.1506491832805892,-0.6031127821545746,0.21192887773060853,0.07081512001886182,0.38654177648232624,-0.07851067434702583,0.5079312796642602,1.2700464578684563,1.787341948608328,-0.18621290972653964,-0.0754476031209087,1.2713260497539163,-0.18090602474198414,0.5742054788120201,-2.1217758612860527,0.20030904607253538,0.7098435883367945,0.3557967949152389,-0.5243819762390456,0.7814441748551072,0.714702005042227,0.49510080357379177,-1.0804552547991852,-0.3225905397567645,-0.3185097503825691,-0.8957966199360636,-0.476535928687789,0.020652815842914663,0.1761285206065447,-0.6872884171638536,1.5835062185248057,-0.2225379191518965,0.3666357198543686,1.4000287704789158,1.4470314089030405,0.020652815842914663,0.031518455885827905,0.10142047189773506,0.9916451259766986,0.3107193618421784,-2.2081427867403414,-0.060092101868744995,0.020420512909224798,-0.5274900127537322,0.6435570528538112,1.433508878091907,-0.7123398828228482,,-0.8946666460102939,-0.23570667359347663
117,-1.7111446882754726,-0.5868171431479177,0.6709479065441676,-0.016926374366774268,0.12011499510045559,-0.74119939102902,-0.826519303595977,-0.24735541062145452,-0.7503828728738429,-0.6323067875494067,1.2306355590570368,-0.726989901586191,0.2577137945312265,0.5842626053090673,-1.201656483279014,0.08884786889695626,-0.3374316593229078,0.24062929060159,0.15805925241582686,-0.605156488942146,-0.701693614790863,0.19437154694979292,-0.25395364690159616,0.22707799649654842,0.6582233331684555,-0.05621614327772054,0.1113418895066331,0.9154143835452269,-1.6755194580237174,1.3377159053855676,0.7757877658454184,0.5135703542145015,0.4374389851089865,-1.1325665300694507,-0.7276001052732826,-1.002074538373197,-1.685552847729022,-0.26916504394076635,0.3034910928357793,0.6672824849275498,0.36563176229574224,0.9367889635222856,-0.7843812377876028,0.3348831435722418,-1.5483086115456302,0.5405648716855983,-2.006019816501971,-1.4046587562921944,-1.2639966986047064,-0.11792950354353483,2.020325558364239,-0.8182136572963945,-2.052326966226753,0.18255373198808758,-0.8216840062649583,0.6247674784305894,1.9354797893734836,-1.4335672600620197,1.6534741929018835,-1.1120202685424447,-0.06373964248327937,-0.3182144779834391,-0.15869240732610207,1.172096868506551,0.34460445819828295,0.4630116769079949,-0.24381552465554976,1.1716714231012317,-1.6930779059706609,-1.852477378390972,1.243545866592372,0.17207399024362485,0.29131358353942416,-0.24802687450986566,1.1871749723453562,0.38396763019463703,0.15963724732525295,0.9959481458763079,0.22550763343845803,-0.4874484764970678,0.22745419910950113,0.6121630733016398,-2.225862489278177,0.7244710773063386,-1.200985850851002,0.4664657738523189,-1.6020500504454245,0.6711036418235236,-0.06765592033888088,-0.2052442938807486,1.9064518871932825,-0.33796784624643067,-0.6449385989330867,-1.4930521136056056,0.27455849749846023,0.02390930496368848,0.3697574719373146,0.8452080394424618,0.16355259620018575,1.1213573517188231,0.016547759722987252,-0.9438489525250513,-1.0259043188610901,-0.3781017372584786,0.832205623339996,1.160209192906378,0.025153113088529664,-0.4103761634896625,-2.7272003400091975,-0.07197198163133528,1.8747662671648584,2.014709713372106,0.755481653046002,-0.1541565631222816,1.2348277635760558,-0.8946666460102939,,0.5221978696911643
118,-0.4171595792512179,0.32002824131502855,0.7034782455394962,0.06944055108751458,-0.19952808665656432,0.3459347317974475,1.4724734571065548,-0.8009274630495263,1.5928557241053352,0.32002824131502855,0.4933722959106972,0.40700537045640833,1.4995287542210236,-0.859472271590966,-0.4171595792512179,0.3459347317974475,0.025153113088529664,2.6078988900651954,0.4404105083138095,0.7882474241371956,0.7882474241371956,1.230560116476943,-0.26972201513796873,1.9849800779277063,0.19849716768419834,0.5376597339096821,0.7938304450817475,1.602891238386919,-0.9458391970452549,1.0736813829674123,2.1065111515585366,2.0878936218690605,2.0040160604915727,0.3459347317974475,0.6149033695415275,0.882723200653557,-1.0958025912760248,-0.48455402431168176,1.3779976805901935,2.4388862031634058,1.4995287542210236,1.8645978109289258,-0.08322660903198024,-0.5035265047055067,-0.6871756710633075,1.2533687870225894,-0.0019021840259390889,-0.7131835141097665,-0.4171595792512179,2.295261383328709,-0.20865137647900786,-0.46034304197836257,-2.525572914835693,0.6576259962557389,0.7352856365403079,1.7497985648746974,-0.6159342885138934,-0.4171595792512179,2.0881302040419705,-0.3560889405922576,0.9683233063094655,0.17259067720177937,0.9356849882504448,0.721558503623323,0.46321917885945463,2.6344239495541935,1.230560116476943,0.8936055007951413,0.0767026162895866,-0.26972201513796873,0.9540659357670107,2.1827923042685335,0.5672644409289768,0.29829580318489685,0.5203827616649569,1.3639725587125993,-0.027198470821266595,1.293228501992494,1.4481916090715963,0.2663686178802439,0.16200070117344684,0.7560171272532731,-2.525572914835693,2.1176058097517507,-0.09637796054230005,0.8508880667964192,0.25569239146686096,0.36541965458585374,0.8325348621361806,1.0940757182069167,-0.32105916028739456,0.12851559725442557,1.10150349988026,-0.5548636498549325,3.4268473036075737,0.32002824131502855,0.07054452635935482,1.8905043014113447,0.686096366486173,2.3243550022048205,0.17259067720177937,-0.4183083858832677,-0.7131835141097665,0.7623409336547766,0.5437729924797049,0.9083931089630659,1.2046536259945253,1.970297346948016,-1.935822658382696,1.7842724543861253,2.697635976942881,0.08667269197203076,-1.0841534713360605,-0.20820243625446813,-0.0908665053183456,-0.23570667359347663,0.5221978696911643,
