,1,2,3,4,5,6,7,8,9,10,11,12,13,14,15,16,17,18,19,20,21,22,23,24,25,26,27,28,29,30,31,32,33,34,35,36,37,38,39,40,41,42,43,44,45,46,47,48,49,50,51,52,53,54,55,56,57,58,59,60,61,62,63,64,65,66,67,68,69,70,71,72,73,74,75,76,77,78,79,80,81,82,83,84,85,86,87,88,89,90,91,92,93,94,95,96,97,98,99,100,101,102,103,104,105,106,107,108,109,110,111,112,113,114,115,116,117,118,119,120,121,122,123,124,125,126,127,128,129,130,131,132,133,134,135,136,137,138,139,140,141,999,997,666,777,987,964
1,,0.7936010559717122,0.7744409617730876,0.8149549629784716,0.7973848290373682,0.779222248691804,0.8171815157629333,0.7413730081156655,0.7945338650301357,0.8035685557854534,0.778574764270193,0.7518169497527457,0.8039221191180498,0.7953475772792064,0.8518296159370496,0.8590427109993628,0.9010679964882129,0.7956649029350619,0.7895670913073317,0.7785385076472566,0.8153126364223597,0.831545815029159,0.749379943816298,0.7652934065103257,0.7478692456768674,0.7569885496381552,0.7831255066593342,0.7616906717297826,0.7880380147431982,0.7773403302106553,0.7625240899847083,0.7928452236111556,0.8367491469697312,0.8503640998433903,0.7971763972055493,0.799244653549924,0.770618823043729,0.752332188275512,0.7619267081343287,0.7924506896996669,0.8792064343166974,0.7739451837177806,0.8403164791285946,0.7504663553989107,0.7844069705029024,0.7750781861737779,0.806161624904733,0.7914645540811069,0.8120329003690624,0.7453253199070629,0.8327616162677641,0.7728727081125695,0.8254228382287154,0.7705828855146264,0.8660325571217673,0.7900338996092775,0.758636416983704,0.7783215206775028,0.7834706563201232,0.7523915449041049,0.7664872734047337,0.8137980137657239,0.7821253958157386,0.7812993365947384,0.7780720080033859,0.7600851486486347,0.7486299020952282,0.732656810071448,0.7486322019083769,0.8157718230286491,0.7444243853404021,0.7869715023908253,0.7693827067201574,0.7826641338020025,0.8013037762551722,0.7490326414622036,0.7999826702898004,0.7822222023031326,0.7750578341532932,0.7391478843675309,0.7729064041113648,0.7426884125181842,0.736488328013593,0.73846010980067,0.7731283438254517,0.8138938051369013,0.7771060780067692,0.7462646332487057,0.7625630353631142,0.7946398835379774,0.7608243645750615,0.7927180291204925,0.9045701976065299,0.7816244339219676,0.7670233539364311,0.7728477913401202,0.8011355007916294,0.767868113127707,0.7594111458247479,0.7251894922742804,0.7996326049311988,0.7842337331976599,0.8307424100913907,0.7674199163186828,0.8004695789376496,0.8115279872283002,0.784179823433102,0.7650294414126432,0.7535114287698705,0.7744721695777272,0.7211846841107409,0.7703803721059882,0.7554695917980088,0.7086501486420758,0.793065765529409,0.7893956744744456,0.7950463933681233,0.7834746247407771,0.7809829987432737,0.7388782304024295,0.8042510943517549,0.7627477534596205,0.7796558118475463,0.7741707400443212,0.8241001355435252,0.7472367497730732,0.8100367999263783,0.7902004925543766,0.7654517323881642,0.7989148751817864,0.7791119824478495,0.7724845215410105,0.783057837741136,0.7442464564641672,0.7681794295850946,0.8560143535441687,0.8024042446708021,0.77979859967146,0.7317315694439391,0.7798046766953041,0.7645963490740264,0.7645963490740264,0.7645963490740264,0.7645963490740264,0.7645963490740264,0.7645963490740264,0.7645963490740264
2,0.7936010559717122,,0.9087754484094586,0.884295875573212,0.8312806822381893,0.8523635827135938,0.7789756235147007,0.8709647101869885,0.8854107446720524,0.7605739627734062,0.8186493263464032,0.8193802616079622,0.879685877101709,0.8831798126802805,0.8522292631790763,0.8148117768970278,0.8321244233035523,0.834777670759123,0.8447688951608545,0.9069797708724938,0.8508904846536873,0.8330597912337232,0.7605489301901356,0.7302879394560564,0.752981050007618,0.8382051306302906,0.8851084846345221,0.8126445224807938,0.8707721851898774,0.8092046937758341,0.7661680112252943,0.8365141032084393,0.8939419621285406,0.7659987918246136,0.888389941549099,0.852316600913363,0.8651134297427772,0.7872688809370038,0.771092376461118,0.7494956860457797,0.7838176094740888,0.8245166276028167,0.7898690304470111,0.900643906489862,0.8637630246886926,0.8557460088295848,0.8266808189482882,0.8577644185403981,0.8342169791753852,0.8042446429002039,0.8662995005228331,0.822066918310762,0.8715480358208995,0.8432659786655292,0.7902323530482733,0.8789991986705851,0.8815429758249637,0.8477433699650255,0.8978276186362871,0.8305368427291114,0.7418470317325078,0.8640438773149106,0.8908478210653132,0.8672604364045412,0.8458897321062226,0.8218924380755983,0.8408334659919959,0.8501857545414169,0.7723214880661751,0.8783307337250317,0.7753656156741907,0.8588104406316792,0.8223255777254641,0.8494154066089326,0.858645813957245,0.8371870296663523,0.8858225190410074,0.8793082687225336,0.8542000943979544,0.7932023960159681,0.8536795886944488,0.8197250263284426,0.7735132137760397,0.8170806959778582,0.8713923566429231,0.8320760905320888,0.8296923097290037,0.8894714162328782,0.8492128304248296,0.8198257722578955,0.8803503586066336,0.8305128482960137,0.8162035514585347,0.8858107120806256,0.8400616345485861,0.8509707167596873,0.836044631152409,0.8801769580517806,0.8803374009050184,0.707912373607954,0.852095076355952,0.8029689235696944,0.8614764122798055,0.8166364698107714,0.8595592617858187,0.8581354909663147,0.8706574917700826,0.869328272440728,0.8459844121908838,0.8099183670389831,0.7788183717173651,0.8783242919165921,0.8904897037428553,0.7630759532071549,0.8475647258674416,0.8624978843433247,0.8402080423318175,0.8827978834053474,0.8016782288770371,0.7877123580209155,0.873324333592409,0.8110921066205964,0.8798002039344979,0.8216840330599233,0.8586147594441941,0.8411002637104357,0.8275881668899269,0.8349482249767279,0.8778131201309748,0.7847550505974694,0.773124743820827,0.8783533022456416,0.872682157384095,0.8539669969749468,0.7697410381982636,0.8109576928722133,0.8384700024553253,0.8357499869290457,0.8343765869794473,0.8536998405788032,0.862787226958755,0.862787226958755,0.862787226958755,0.862787226958755,0.862787226958755,0.862787226958755,0.862787226958755
3,0.7744409617730876,0.9087754484094586,,0.8752163376832283,0.8460343526166398,0.8564514133087937,0.8061236351632758,0.8683040130559724,0.8718670971892082,0.7887302122935318,0.7983002582392137,0.8340155405874063,0.8773334790378511,0.8665726459897002,0.8234424174049818,0.8008902663026634,0.7969326825088029,0.7995184590716133,0.8619730824928289,0.8838898619458181,0.8591834826726696,0.8549564324910904,0.7738746952392098,0.7570614924717316,0.7525261529933603,0.8671470534864574,0.8867805355663282,0.8167795167383886,0.8598200289384281,0.8149816876329417,0.7825945093817464,0.8472510709665932,0.8570844504623343,0.7544846680663579,0.8845213263022285,0.8594115495611839,0.8676294202305063,0.7994583997553478,0.7741343657537085,0.753732584659256,0.7602899304496142,0.8121394158904961,0.7883603890107718,0.8868689381735829,0.8468537626887992,0.8589699029096785,0.8369310535646979,0.8342970196129035,0.8255562637983241,0.8178766887313745,0.849260523817047,0.8198525350792241,0.8368750875326413,0.8564997918451269,0.7664028523628474,0.8862620658111295,0.8600605279423524,0.8298863477344655,0.8771342554947266,0.8197334245948765,0.759801073067095,0.8647856698211891,0.8647083177444763,0.8179637680827871,0.8374773203613985,0.8102956577012822,0.8369417556910812,0.8301237257222733,0.7819400659194523,0.8653897671834547,0.7935634757918391,0.8577753945133025,0.8295223325670659,0.8377583081797981,0.8280644728015811,0.8149266975331827,0.85513417443924,0.8686572499090675,0.8465525544823046,0.7827636358088496,0.8485025535871599,0.8230995102106863,0.7796372653750335,0.8005776950884047,0.871779787263183,0.8187834411501363,0.804147105330801,0.8634842050102547,0.8377308047042191,0.8293338544300594,0.8530209647634256,0.8076191856923635,0.8163040460124752,0.8739784341434491,0.8168254289711147,0.8299034042548895,0.8473090930888547,0.8567315470234174,0.850869342090721,0.7324719047095317,0.8251827323485809,0.7941706418896206,0.851911059242658,0.7984642361427635,0.8530357569114854,0.8544524165634039,0.8339614858140607,0.8411376878160605,0.8182633476480777,0.8039903938378441,0.795874098812085,0.8591987909901556,0.8702248051029844,0.7792967795892994,0.8334709154181368,0.8369525716587346,0.8291659400711893,0.8656744129907964,0.7855500408548516,0.7850082596942933,0.8557563601471051,0.8023265492583891,0.8601494913109837,0.8102640835581745,0.8201687105651214,0.8425090670330762,0.8309652074477634,0.80162123364954,0.8694530569247273,0.8046923968463571,0.7851700691405175,0.8609537450708997,0.8540500831391571,0.8414861220330623,0.7708999387722375,0.7829552386831686,0.8291102247376,0.8132689871137627,0.8316263906937332,0.8428714113666935,0.8480722272582625,0.8480722272582625,0.8480722272582625,0.8480722272582625,0.8480722272582625,0.8480722272582625,0.8480722272582625
4,0.8149549629784716,0.884295875573212,0.8752163376832283,,0.9208367934952455,0.8550014758836432,0.8001661466939187,0.8419367849510875,0.8962240436708149,0.7765875625633544,0.797520918347057,0.8453596861995636,0.9358091291507722,0.8956898862819536,0.8407943722713836,0.8211302071095277,0.8435356820769473,0.8659303397000461,0.8704678258558783,0.8954983818982873,0.8237413132671801,0.8523754629868289,0.785724185733132,0.7886294738214268,0.7693561180170895,0.8686047556290093,0.8594648807485694,0.813396600905707,0.855704336274926,0.8230223964830584,0.7918545805584192,0.8487823192633264,0.8902529870410086,0.7854797497903734,0.9012978559998389,0.8535269737278911,0.8615972407310115,0.8078912529980457,0.7942124281839442,0.8014525575220938,0.7890348396172249,0.8383140245912835,0.7921494900714233,0.8666430765855766,0.8520955844602994,0.8455694517681501,0.8655044123907604,0.8439501493004988,0.8284706742739438,0.7927122608477747,0.8894627570817895,0.8192689459241193,0.8846130328010826,0.8448633432850963,0.82263058793331,0.8598284198617029,0.8533157991797468,0.8271650449079774,0.8742710982750602,0.8172186156408201,0.7854686858074666,0.8708539616229223,0.8597076633978237,0.8324033754921696,0.8684138236359109,0.831258713387202,0.8146307060537177,0.8281800062900158,0.7641701973270453,0.8345765592467744,0.7971688838150746,0.8486519180868888,0.8070052598554689,0.8421725986934104,0.8708949876686041,0.8423225211393957,0.8749929660583113,0.8464159524003035,0.8407723040677738,0.7816142764073917,0.8425852637957912,0.8083768263336875,0.7732618300226528,0.800417273243805,0.8586771396208321,0.8236749107949328,0.825186233005187,0.8499007287092367,0.8384412145148039,0.814740948950368,0.8461579334388523,0.8249363693045209,0.8519038536075232,0.8698273228004559,0.8257549045918642,0.8555161293651725,0.8060176954084644,0.8377338603173314,0.8818358303001756,0.7449961366998639,0.8711048685919818,0.8098615354121734,0.89326272254333,0.8057712898315986,0.8509946794555869,0.8405325119717105,0.8610445195214007,0.8430687756208033,0.8181038871164591,0.8455668211507326,0.7788444768003604,0.8630123440775174,0.8623752626609182,0.7738549837490165,0.8226084659541801,0.8270961071142451,0.8303117246231756,0.8697325847306018,0.8029703053858044,0.7841933004319745,0.8578256430141988,0.80339184349022,0.8555155208714335,0.8200218421934375,0.8878121535184726,0.8209412112644834,0.8044561536528729,0.850192481556454,0.8707876599048473,0.8067651146974679,0.7853435246754152,0.8377022656734255,0.8663501794599153,0.8224531324069576,0.8160327781412525,0.8287085993409595,0.8214239116947109,0.8166808420464792,0.8104676164170163,0.848249019587064,0.845213840501097,0.845213840501097,0.845213840501097,0.845213840501097,0.845213840501097,0.845213840501097,0.845213840501097
5,0.7973848290373682,0.8312806822381893,0.8460343526166398,0.9208367934952455,,0.8123757719813572,0.7748841656313555,0.8211395786381919,0.8566110489355451,0.7546812503779081,0.7874948708025923,0.8171330663587422,0.9298957455767575,0.8770410702072589,0.8139095607808315,0.7923062068555041,0.816579828149176,0.8272652878866303,0.8397236708189333,0.8398568695602711,0.8061597442784229,0.8424991557420523,0.7677336374007196,0.7875269742436224,0.7402006888680343,0.8569081487962789,0.8255957616419449,0.780079028306331,0.8422969692251276,0.7907322911504168,0.785182771230875,0.8288707120210458,0.8263000023854131,0.7599289043374177,0.8646826851353999,0.8253417494855592,0.8355263476867288,0.7888878181104336,0.7739017764403916,0.7941250037111852,0.7638750926859628,0.8000983588006402,0.788398526068748,0.8190281149759423,0.8220951966733145,0.8160692242582791,0.8337593981232987,0.8031261382187644,0.8080613147641014,0.7708875011263474,0.8375552363480047,0.7893764970796896,0.8232125995862323,0.8153387814732923,0.7920489916789599,0.8332410497554198,0.8094421374918996,0.8179195978652298,0.8219245539932727,0.8106060265991468,0.7859332845392278,0.8444912816080543,0.8215674203107353,0.8028887180329352,0.864945427022108,0.814868367917098,0.7789159514980547,0.7966890647598721,0.7521401467354075,0.8128623501817801,0.7992921959824738,0.8289281279872263,0.7836850682647843,0.8204443242879539,0.8136270414689617,0.8088169882179543,0.8133332446781883,0.8036984343671081,0.8043106025982171,0.761232823136047,0.823129150709055,0.7949481777198704,0.7610185124355835,0.7692646543558236,0.8155279010518406,0.8013224011805458,0.8044785876604582,0.79395179986717,0.812612855429114,0.8028529774115937,0.8058404750166946,0.7960029592329214,0.8428906346569066,0.8346887105459077,0.7871219457817473,0.8251427806655137,0.7999502467536053,0.7943262232182187,0.8590953601484855,0.7640615169401488,0.8095627784431095,0.794934555050228,0.868091368785475,0.7921145410060706,0.8238028042593283,0.8140276269459485,0.8257465437429521,0.808859170261994,0.7947957997822248,0.8321204720509952,0.7855148123256319,0.8127206437746641,0.807411657611482,0.7571011751189879,0.7894510392224741,0.7914742795098226,0.8070488706208075,0.8418675355081163,0.776282274093133,0.7694536031171468,0.8330382689334874,0.7874038712338278,0.8216238421222921,0.7882643068853377,0.8501436300246977,0.780927388686291,0.7802553204148043,0.7923324725393786,0.8349489842783826,0.7860856226552934,0.7869505596587476,0.8214273237059851,0.8288618511375127,0.7903696437602351,0.7889301779493653,0.8012219596844801,0.7956681263051786,0.7928488482707968,0.7749549258301209,0.8128496761864286,0.8154944234866125,0.8154944234866125,0.8154944234866125,0.8154944234866125,0.8154944234866125,0.8154944234866125,0.8154944234866125
6,0.779222248691804,0.8523635827135938,0.8564514133087937,0.8550014758836432,0.8123757719813572,,0.8072362463599705,0.8670147309697542,0.8832396724720193,0.7912975825839158,0.8267096314435918,0.8386726694584681,0.8661612663113952,0.8544621211287889,0.8270297426160595,0.797566195173324,0.8003442569132783,0.8286983177275119,0.9168885111116208,0.8424258722889757,0.8460923650469934,0.8569171178721167,0.813329638766865,0.788520283073146,0.8306044167460271,0.8258425613652194,0.8475749779207392,0.8415789892065784,0.8101032743780003,0.8560174143655228,0.8381386129742733,0.863478723621067,0.850262161840884,0.8494866092879425,0.874604799066071,0.8462653509193184,0.8532985769674806,0.8512776648605118,0.8430256557484075,0.7635816786023902,0.8427084818387018,0.8244233426678101,0.8075220873841418,0.8575951298101069,0.832469448316536,0.8592229299960518,0.8649451618824296,0.8629380084081111,0.857468404165574,0.8048278140531736,0.8410414810775163,0.8368359215053053,0.8362771462448951,0.8596503668962103,0.7771931293643549,0.8460637860622826,0.8246471943318269,0.8138059394421989,0.8564111405897312,0.8331711059101701,0.805827884280334,0.8351661992279331,0.8359788443312681,0.8240870770580146,0.8304403989141951,0.8185591252996732,0.8302667038687328,0.8400624701174889,0.7852186263228762,0.8218931666017988,0.800305445485759,0.8413204829913293,0.8161352054219818,0.8281646031571532,0.8236013017630799,0.8251184703774507,0.8430196075972191,0.8353467350679284,0.8464208475952271,0.8259115492088989,0.8382912610029453,0.8104090585485755,0.7643903454141721,0.8249877509085777,0.8787458510528616,0.8210229559336815,0.8265358232992852,0.8302653604755855,0.8256489596849571,0.8289804464275109,0.8502309974806054,0.8001339214236943,0.8092935183984361,0.8417461523062264,0.8279490224555055,0.8385443828643843,0.8213102609892616,0.8223915253822076,0.8443414677708827,0.7654115858034366,0.8287908624339518,0.8315224443618707,0.8451113159491157,0.8166627968976737,0.8367754605055469,0.8366889490067712,0.8607981722802928,0.8638452881873849,0.8381111249674026,0.8549451818431214,0.776005188465158,0.8549749041555063,0.8386751687502468,0.776105380468538,0.8295797909921719,0.8441308633963643,0.8214531882200884,0.8528353138111473,0.7750520278772984,0.7731002352393406,0.8255184951223627,0.7966807983709522,0.8346980782873956,0.8364595246197006,0.8218605080819418,0.8850017738522307,0.818497244207332,0.8199462082332165,0.8390211487179638,0.8661090850441604,0.8135410619441199,0.8260713384968782,0.8390432289955883,0.83656498549563,0.7965309106174768,0.7868763103971236,0.8067423278622023,0.8022275284738632,0.8911216495848792,0.8505634543644879,0.8477676297001536,0.8477676297001536,0.8477676297001536,0.8477676297001536,0.8477676297001536,0.8477676297001536,0.8477676297001536
7,0.8171815157629333,0.7789756235147007,0.8061236351632758,0.8001661466939187,0.7748841656313555,0.8072362463599705,,0.7714321394650028,0.7885980102123926,0.9553277863951057,0.76179330276249,0.8087291851175533,0.7944097389112981,0.7829601928038591,0.8028841612084225,0.8028219829435318,0.8264825007118568,0.7461943799646776,0.8240578570023038,0.7836474626770702,0.8160687331616205,0.8324740517676438,0.7946921714336086,0.7892435571149643,0.7687544585243969,0.7719076555298529,0.8169550230987646,0.7871165049583679,0.7745966966515571,0.8088613221109224,0.7844814202297258,0.8402811455676983,0.7995859129904905,0.8035390622310085,0.8030469029203191,0.8216754154930259,0.8084622589747759,0.7982127311545689,0.7865664311391993,0.7701746607034647,0.8060331870527504,0.7726275457149038,0.818467586678378,0.7837925187464296,0.7673811046591871,0.8312715905914184,0.8393427252066061,0.7892139895516556,0.8030319210228516,0.7679351131352535,0.8021796143004907,0.7739658127885266,0.7965045543745489,0.8210555002715026,0.7509667297099208,0.8447777650809339,0.7771332366150014,0.7647014613979509,0.7889653054703185,0.7752846195330116,0.7761001625537718,0.8276364704002761,0.7710221160059645,0.746541130533721,0.7690745376748945,0.7566788095382537,0.7789964378371053,0.7628812035379584,0.774670504328219,0.7920220357314931,0.7586373841766687,0.8265462144329612,0.7812185344247365,0.7730551954227763,0.7765014761939714,0.7588679379226059,0.806790494176787,0.831448807653852,0.783714563155991,0.7661570879492365,0.7768220099873064,0.7793261492650257,0.7331121756252111,0.7476293445199025,0.8018510712577215,0.786230120853928,0.7643271458191546,0.7597996500525191,0.771267734934723,0.8151484003133993,0.776024767137681,0.7738359015932058,0.8120584726785988,0.7821196903325814,0.7608467360410819,0.7744370731531983,0.8032356736437909,0.7645431342426919,0.7681571137201019,0.7359072654576959,0.7746681017929287,0.7850448885310067,0.8024783262701233,0.7725758079480655,0.8092156610940557,0.804175410774517,0.793493373902134,0.7889823714658667,0.7674765948840965,0.7870992309803959,0.7359722502924847,0.7763141950586472,0.7737718488047909,0.7509580457913734,0.7941796192866942,0.7904588870209777,0.7747402778873755,0.7776264606455885,0.7405819379164169,0.731078881418079,0.7782554087029196,0.7563608772112888,0.7775838149344376,0.7802838830881744,0.7854070526915609,0.7858534218791556,0.8252788815090715,0.7728529910377255,0.7726023181329743,0.882025746249697,0.8128248478050668,0.7694485417280331,0.7889892954685817,0.7616027038153865,0.7597766864583696,0.8106651212184375,0.7634145742150771,0.7530721519619636,0.7685779502084495,0.8184576406896071,0.7796440884568641,0.7796440884568641,0.7796440884568641,0.7796440884568641,0.7796440884568641,0.7796440884568641,0.7796440884568641
8,0.7413730081156655,0.8709647101869885,0.8683040130559724,0.8419367849510875,0.8211395786381919,0.8670147309697542,0.7714321394650028,,0.8695802617166418,0.7561960675873388,0.7823054713914859,0.8452346396157487,0.8569516778522973,0.8570654050708033,0.8144087624776088,0.7782053313722259,0.7921873973304555,0.8175522235777046,0.8711605787902517,0.8724768005718412,0.8334344056256195,0.8245349484944302,0.7639385729824721,0.7613159636287323,0.7804577306533678,0.8546177915422045,0.8676222410913657,0.8035995735072836,0.8334712782657081,0.8138057212546199,0.8017966739697594,0.8457407422059953,0.8514428025240897,0.7482825894833423,0.8935112088702879,0.8480152317615638,0.8605929193154581,0.8275435730885765,0.7971168791223244,0.7504490368738508,0.7437502397166544,0.8366213498636222,0.7654219062781347,0.8937180316818354,0.8543219181658243,0.8618330998925199,0.8358192158075325,0.8473664109139548,0.8398240648773831,0.8099316130942136,0.8490241789159155,0.834283876929199,0.843304863666848,0.8591310764505516,0.7458579292541068,0.8565140735566574,0.8604760510898363,0.8314969380337998,0.8850341914828131,0.852966080780252,0.7680524193921252,0.8449561295105892,0.8758183540301459,0.8359056705501928,0.8316913582636554,0.8105996332146017,0.8383429294415469,0.8494062565917081,0.7929041487829598,0.8662630914250973,0.8021341042644959,0.8513096292382616,0.829803356733748,0.8364977533631017,0.8388109472687341,0.8411899054630052,0.8359754108789899,0.8675535886037794,0.8485989234548088,0.8136656924605601,0.8830034392502462,0.8304230141030712,0.7747949111880276,0.8262832332941984,0.8912854746690314,0.8064677812627548,0.8320817915618598,0.8647315438420583,0.8425457178552105,0.812931419075947,0.8587629798519837,0.8047532895706107,0.8005383419876073,0.875269137168095,0.8339075023912262,0.8646680658997327,0.8677532487505377,0.8638832003176956,0.8668606769389968,0.7186536650657107,0.8303142845897123,0.8066675635067387,0.8463266220151137,0.8251579513484883,0.8215572668576234,0.8283311386052715,0.8611716017709307,0.865086716247706,0.8467670072553086,0.8277551967904903,0.8191011549878013,0.9014163511471306,0.8937082247315328,0.7752702336737733,0.8239141105694716,0.8252199263012187,0.8202383396186202,0.8919188839058299,0.7748392811444639,0.781713954673165,0.8537191062542494,0.8009976035313827,0.8723697778619118,0.8194750178406347,0.8369239325630117,0.8659418324262557,0.8241844908020584,0.8222681516970924,0.8569548485966324,0.7953956388810679,0.7851017498600079,0.8750075849575796,0.854126602037667,0.8641572050950765,0.7831652266703925,0.7908031358674172,0.7972755244236907,0.812698313234237,0.8556557625039453,0.8413595332755665,0.8674454851821147,0.8674454851821147,0.8674454851821147,0.8674454851821147,0.8674454851821147,0.8674454851821147,0.8674454851821147
9,0.7945338650301357,0.8854107446720524,0.8718670971892082,0.8962240436708149,0.8566110489355451,0.8832396724720193,0.7885980102123926,0.8695802617166418,,0.7671997206098464,0.8100282582507858,0.8287923699564158,0.9083598360995975,0.9194629940832519,0.8490947049234592,0.8208741576255543,0.8330731603382034,0.881855195027899,0.9019726985588495,0.89276413882595,0.8409076172822876,0.8637186560654849,0.7753911595301343,0.7668371871495233,0.7865482351658046,0.8673479751454315,0.878742825181824,0.8249900348835956,0.8504709003789075,0.8298229458029939,0.824797567853328,0.870191907129835,0.8767037256446699,0.7995241987627013,0.9147817629201145,0.8773178154496512,0.8799683317201406,0.8155665687019562,0.802487448891561,0.789639415524859,0.7962406639729207,0.8542847207224313,0.8052289798934302,0.8691019743962144,0.8741922126385184,0.873250964741603,0.8734702797965792,0.8671992572189474,0.8385794463327582,0.825440197593441,0.8821593859862472,0.8490069254444884,0.8755630830263124,0.8383779371711177,0.7914452489446376,0.87324590221279,0.8771368244473223,0.8530705839273784,0.8921139697042495,0.8343006530368798,0.7810710445431008,0.8832206891650991,0.8804897469747214,0.8531713981062918,0.8705434153661255,0.8332655850789749,0.8364132914991995,0.8516235321523911,0.7853854233207627,0.8567712885326425,0.8113817837066204,0.8669013730913232,0.8353342989841749,0.8647968200161236,0.8640129047376479,0.8696534740334289,0.8894880514945698,0.8696572016590534,0.8662003230383359,0.8282592902710395,0.871880229637083,0.8200564016635324,0.8104019830675175,0.8325941298378867,0.8774552328366781,0.8479138187411432,0.8506437344297768,0.8671191640368675,0.8586407528125359,0.8236277588533671,0.8736158797498661,0.8366845534822397,0.8331691646839761,0.8870868296464738,0.8592169643606631,0.8708882196652044,0.8306001074687014,0.8628505171591085,0.88088859375761,0.7606922644969625,0.87464020676899,0.8418028954609094,0.8702509333542388,0.8325236619283596,0.863325995423168,0.8586845299051638,0.8890446301199169,0.8738384962775887,0.848333356474527,0.8725241842425325,0.7834895772034842,0.8775354177354978,0.8737767122237399,0.7726027246009572,0.8463782770043968,0.8494146386345541,0.858683569994837,0.8841394146015662,0.81061525783709,0.7937030664777893,0.8602618027741847,0.8182951525670936,0.8886309592950236,0.8610330660786157,0.8838568332458572,0.8555857275350431,0.8419946631345976,0.8362552998194793,0.8747496960936226,0.8151531610067972,0.8084570253139877,0.8553577894056305,0.8841575914535128,0.8455921790858282,0.8068504440230893,0.8081801338988535,0.8304869841382239,0.8278985188625081,0.8469263463690443,0.8745031450099222,0.8752690708404671,0.8752690708404671,0.8752690708404671,0.8752690708404671,0.8752690708404671,0.8752690708404671,0.8752690708404671
10,0.8035685557854534,0.7605739627734062,0.7887302122935318,0.7765875625633544,0.7546812503779081,0.7912975825839158,0.9553277863951057,0.7561960675873388,0.7671997206098464,,0.7368527112503563,0.7801847561372398,0.7700663305509529,0.7621354819854158,0.7770586780296839,0.7766686015292968,0.8038167025147143,0.7249200309166823,0.8052686372778178,0.759553603541841,0.7965397487759825,0.8120185717211007,0.7829569415704754,0.7865084147259548,0.7673406768312113,0.7550411939673567,0.7877415429214609,0.7697685285833793,0.745135680230685,0.7991849630136134,0.761680183409161,0.8032014153489917,0.770061042673239,0.7918567147579398,0.7826327762551712,0.7912249608700422,0.7787846238367377,0.7842240754175913,0.7781089578016229,0.7450125010771277,0.7909412490753015,0.7470858880096392,0.8098283481858196,0.7574466470921319,0.7461544561994965,0.8021175614435506,0.8098237624640957,0.7631307213361117,0.7741048991690437,0.7453870417653403,0.7721829285250404,0.74375019226348,0.7717439028906806,0.8005922353501463,0.7321858986662164,0.8044044750885615,0.7520208230382206,0.7356139234050967,0.7612810747287135,0.7442734602256942,0.77143593071292,0.7905163918405971,0.7496596602006286,0.725777678778773,0.7383614676660911,0.7286427056778795,0.7500594608377993,0.7298813202946827,0.7415038755128092,0.7692983355013994,0.730086474075081,0.7908555881197321,0.7553383620566473,0.7480379858795643,0.751716688750927,0.7361264750324468,0.7733455869560377,0.793853291048584,0.7542638157664238,0.7381076299154641,0.7548486265941529,0.7452132229488359,0.7062576842477499,0.7212424339786916,0.7742262350474532,0.7692937090204998,0.735186719435062,0.7332672849696741,0.7368310048884499,0.7867238297983922,0.745345441724588,0.7423690163246803,0.7970611058476573,0.7565415282004254,0.7363369287500955,0.751441146307579,0.7822963439786277,0.7370258934243141,0.7416840899194498,0.7208736080104993,0.7461785532280071,0.7601459120531362,0.7794548800815957,0.7493987301422993,0.7819083056959806,0.7834686113214655,0.7616095983654543,0.7573072937702205,0.7390707496679246,0.761170599059945,0.7181923695006202,0.7555443474695908,0.7505551272202036,0.7206243907603485,0.7711638291865256,0.7722584972959068,0.7560281495839415,0.7564031605488667,0.7163016157045107,0.706989936968641,0.7602008550014693,0.7248503727475759,0.7530974874231929,0.7615056453826475,0.7593873820929876,0.7587161582805164,0.7904756194281954,0.7444387204120548,0.748868465810119,0.879088160511805,0.8090416744169245,0.7474629084465603,0.7629344931671085,0.7393461640415865,0.7391609682766213,0.7900563660656084,0.750381499591332,0.7275076834351949,0.7413911503243275,0.7859530409126432,0.751214611075128,0.751214611075128,0.751214611075128,0.751214611075128,0.751214611075128,0.751214611075128,0.751214611075128
11,0.778574764270193,0.8186493263464032,0.7983002582392137,0.797520918347057,0.7874948708025923,0.8267096314435918,0.76179330276249,0.7823054713914859,0.8100282582507858,0.7368527112503563,,0.7968345890176398,0.8211040016900931,0.8174681023257613,0.8296712277963008,0.8301181245747502,0.8000586371478011,0.762585021785813,0.7933651089778545,0.7940271522502551,0.8354042272125046,0.8350195649779539,0.7389361241509238,0.7274678446042337,0.7494100636119904,0.7502075710553981,0.8050514313553776,0.7719988040307793,0.8296723916162415,0.7762925073992468,0.77831842966574,0.833733374752645,0.7861598723717469,0.782655636300627,0.821206405830976,0.8101500954761149,0.7916247287951874,0.7677607721606395,0.7657439505607504,0.7695046028594865,0.8181180669548513,0.7730686449797408,0.823047079479133,0.7784931381788128,0.819427378923925,0.7852390450494687,0.790049352094366,0.8344284538225862,0.847980465786037,0.7912248497498774,0.7789100400108983,0.820360972907922,0.7791843853272848,0.8151699589712337,0.807321870290256,0.8015485930251878,0.8147098345415549,0.8739055255254348,0.7976595953769037,0.8038137189302603,0.7445035983241275,0.8306879108860257,0.8088889285095705,0.8652537117605651,0.8080902457127265,0.7987551880851896,0.8267648892991012,0.804560758194284,0.79103845428841,0.8464005616783052,0.7467414791530019,0.8172302948665916,0.8108678509202663,0.8185541276040438,0.7600734698525373,0.7564438644330812,0.7881574847918568,0.7962272623711626,0.8104911634247848,0.791857977846603,0.8107835256841431,0.8036736878644457,0.7862234810759595,0.7846237909252878,0.812727779648032,0.8427651695674256,0.8325601197031479,0.7592711649236128,0.8212390235997344,0.8279031357232239,0.8709249441348275,0.8197883146813641,0.8195448155317253,0.8036676953239202,0.8221052737934741,0.7900121920303923,0.8079871965717847,0.8164378178823593,0.7849501806355499,0.719287664905925,0.7612114742698557,0.8072384471460232,0.8516543586241481,0.8176176329179037,0.8414602165362746,0.8303988073958359,0.8731773862105393,0.8706175081965402,0.8655365643199584,0.7762994791166326,0.7801113444409343,0.7942852513282738,0.7855644277231149,0.7788759359856788,0.8086924732320928,0.8138855889387445,0.8336651216069758,0.8263016387079094,0.8009040269750576,0.7752900311663123,0.8149028353546184,0.8123342436230743,0.8311069361915003,0.8101252674936488,0.7858365505636923,0.7940367137569798,0.8064006351133213,0.7790577326766633,0.7718367573370433,0.7797537526128921,0.7640872279555891,0.8165982435318144,0.8295247315612477,0.8072067959286782,0.7259526224558561,0.7583700302511286,0.837626952214105,0.8106619586212288,0.7976126928268122,0.8052200544005967,0.7995971538295062,0.7995971538295062,0.7995971538295062,0.7995971538295062,0.7995971538295062,0.7995971538295062,0.7995971538295062
12,0.7518169497527457,0.8193802616079622,0.8340155405874063,0.8453596861995636,0.8171330663587422,0.8386726694584681,0.8087291851175533,0.8452346396157487,0.8287923699564158,0.7801847561372398,0.7968345890176398,,0.8363701302823622,0.8243111515445191,0.8061648705737249,0.7953948710265843,0.7778165997288332,0.7819081278035372,0.843604091122723,0.829158330880091,0.8053998738861838,0.8300554866463818,0.7689583398312507,0.7764175503222402,0.7581634223310617,0.8215416760808514,0.8191053493661077,0.8013820992965365,0.8252346566518579,0.793260110094598,0.8168391699982834,0.8468463675583106,0.8294559591733389,0.7525781633831592,0.8518278842625363,0.8197891991418294,0.8448131224644687,0.8255524314192085,0.7870143872984228,0.8099954994351466,0.7483119833285632,0.8085688874210407,0.7710730331501096,0.8220697666391806,0.8355850197371991,0.8259278406953074,0.8304718289453705,0.8258747910238515,0.831972904046082,0.8172197544530388,0.8247425388698164,0.8138604364702083,0.8145014053439967,0.8361077148700535,0.7561831012660589,0.8469928598995872,0.8123063134145283,0.81832161271043,0.8274010450985175,0.8179144018999905,0.7631891906251813,0.8262767429684611,0.8260111014941182,0.8056857270456304,0.8272487060111591,0.8252628767965452,0.8302220787959596,0.8152108490244081,0.8180678759602018,0.8155975064385647,0.8196113394740574,0.8345292308202548,0.8327581659287953,0.8303421772592713,0.8104425681596669,0.8099749475656468,0.8091800639549449,0.8319538707769231,0.832558394100496,0.8006762805447449,0.8225038411442012,0.8371399797512298,0.7897183535739256,0.8038301644060439,0.848968991041184,0.7916396334715882,0.8066706706182988,0.8126470819350726,0.8150004712432782,0.809459188251333,0.8355410702367253,0.7899773345081132,0.7972114051726377,0.8389280928141875,0.8325927798725128,0.8156094692031273,0.8233304000195364,0.8121646731846003,0.8321801971642343,0.7520884478822494,0.8136825913667325,0.8001869500840836,0.8265382449005664,0.8033516481041172,0.8014423094013972,0.8086251955078088,0.8405729431748867,0.8485305588113918,0.8226397285328273,0.82198857633255,0.7845287115298651,0.8339471341000119,0.8273395985596348,0.8267280456260017,0.7875817311052249,0.7930988099053745,0.7939033050720427,0.8231478375452371,0.7676637630374363,0.7862691940049058,0.8095595534898584,0.8067797969233331,0.8276135306371444,0.8057507854330359,0.8054278291703305,0.8286538857658381,0.8057856567784311,0.7867325970997932,0.815893680954763,0.804719841707528,0.7839184371740562,0.8140739130413418,0.8218212510653529,0.830608107688127,0.7832188380486724,0.787234362137486,0.7729087135511145,0.7826481579383107,0.8300208971456278,0.8318859377793127,0.8130956786351591,0.8130956786351591,0.8130956786351591,0.8130956786351591,0.8130956786351591,0.8130956786351591,0.8130956786351591
13,0.8039221191180498,0.879685877101709,0.8773334790378511,0.9358091291507722,0.9298957455767575,0.8661612663113952,0.7944097389112981,0.8569516778522973,0.9083598360995975,0.7700663305509529,0.8211040016900931,0.8363701302823622,,0.9092117499770632,0.8478569617829927,0.8234237514118483,0.8414103480416351,0.864359644259024,0.8844663947222754,0.8790228627271952,0.825663897950729,0.8597824563992016,0.7722961470351879,0.7688945275416912,0.7646751383124739,0.863908987285957,0.8644459006673192,0.8014097853218449,0.8659792751858822,0.8101274063865791,0.7977551821734504,0.8617850360803295,0.8635140477152143,0.7866963506738407,0.9075609156771531,0.8633221489816199,0.8637932849392367,0.8041084119372681,0.7934518631201838,0.7955027618299355,0.790457634593937,0.8262228677452859,0.8009686843187621,0.8583323344187963,0.8619738310174829,0.8533719970030376,0.8741984310778887,0.8501930075905098,0.8366005232522111,0.8057950218719948,0.8695233832471465,0.8199799539081621,0.8635590070528765,0.8475676971867465,0.7992353220984014,0.8669880681207396,0.860936705402237,0.8561157366460933,0.8753926414062709,0.8230885712758336,0.7793158575429071,0.8840566774903108,0.8706479922484105,0.8449045739373,0.9000489280597357,0.8486598115470151,0.8189391890848089,0.8340367304351273,0.7806133731708936,0.8472777234115977,0.8028257028938135,0.8641495115212775,0.8085004881032268,0.8655729750973897,0.8509003066670069,0.8332942993272882,0.8672540355569929,0.8668708358423667,0.837139143167646,0.7861722321189766,0.8626443075960879,0.8247129284044807,0.7963387807388349,0.7969230063556185,0.8691981914726721,0.8306465742394178,0.838357023062059,0.8437744942255994,0.8501886252328069,0.826575956161985,0.8652777580686821,0.8276283407747109,0.8471532974110821,0.8750298383911702,0.831386219747789,0.8705065093065358,0.8208394773286596,0.8502631295382534,0.8918689361555864,0.7513525433326066,0.8428634209745004,0.8263711140252689,0.8989484681359787,0.8208227447907922,0.8701175519973307,0.8469805555912153,0.8791926734282728,0.8667043015401028,0.8464395708599567,0.8497545682249525,0.7957484747085726,0.8735798281457112,0.8545291122090741,0.7758192673922513,0.8285428249431084,0.8278965001453656,0.8380267105313508,0.8956161694432236,0.8092618095305971,0.7926363014685136,0.8637123092129633,0.8158536797583107,0.8658116399867936,0.8221940685030564,0.8874142495407128,0.8302395413128507,0.8178902866869131,0.830721603808228,0.8687124848492763,0.8113262100294616,0.7921390029351065,0.8583542198244419,0.8768387400710724,0.8372431248762747,0.7942713998627908,0.822683727487476,0.8209587872364075,0.8260372509590487,0.8215935429050458,0.8579792114983743,0.8625076917580929,0.8625076917580929,0.8625076917580929,0.8625076917580929,0.8625076917580929,0.8625076917580929,0.8625076917580929
14,0.7953475772792064,0.8831798126802805,0.8665726459897002,0.8956898862819536,0.8770410702072589,0.8544621211287889,0.7829601928038591,0.8570654050708033,0.9194629940832519,0.7621354819854158,0.8174681023257613,0.8243111515445191,0.9092117499770632,,0.854037896092843,0.8318761656396623,0.8297693782337521,0.8490087388579198,0.8805471405553484,0.8951555150503183,0.8495551940682591,0.8643496405381171,0.7673022905167807,0.7643925902711137,0.7587226194609612,0.866682079463125,0.8810349302072621,0.8026933923432472,0.8748999731196822,0.8098232650108057,0.8114509405177018,0.8673455292864678,0.857313315021309,0.7843642167597048,0.904846161881955,0.8719036815502795,0.8715819498416915,0.7991205872431593,0.7811104222234386,0.7961043323218809,0.7912001836001783,0.8500794009934665,0.8048061339774213,0.8721667297025185,0.8779245046916561,0.8592475475730004,0.8654253757890973,0.8609104377487296,0.8442114371355456,0.813201876739878,0.8702296657280575,0.8387411807596381,0.8683397534448225,0.8382667965356607,0.792317553330212,0.8709106942728921,0.8819926443671889,0.8662635757705881,0.8910559807897451,0.8467730588880993,0.7843111401563101,0.8842383232700328,0.8854869052030482,0.867843798353435,0.8787417170228135,0.8506991675165969,0.8237348357214265,0.8644415593655507,0.7811218094169687,0.8563668206600253,0.8118811078245739,0.8680849201564126,0.82186060900949,0.8706801938398834,0.8551549299937725,0.8596088080273685,0.8851995750785253,0.8610541504316512,0.8609751426241388,0.7987939952820781,0.8823267929687547,0.8166838952838122,0.8060159883027119,0.8183191691338952,0.8714103605024575,0.8542249806622195,0.8573086306937128,0.8667664212662296,0.862438975224559,0.8375176177407756,0.8852879906493616,0.8343766757054901,0.8282728943447706,0.8869923313876213,0.8652721463700914,0.873055260781032,0.8266871098039259,0.8666084677968094,0.8876434839524793,0.755167226142174,0.8604008099976248,0.8286631680313508,0.8728851847340661,0.8500488864944832,0.8710160552418142,0.8697723056395954,0.88975513305242,0.87650983034707,0.8541742293293674,0.8669756241289173,0.792389743849832,0.8771817700281404,0.8739132824269289,0.7730644200926828,0.8524697118739714,0.8444361267081839,0.8664513558584553,0.8884821314749414,0.818699988568975,0.8062459928240522,0.8622747198557026,0.8114970626445315,0.8879209045281907,0.8340301869486587,0.8895895748848909,0.8284565624551876,0.8390875069376809,0.8334252029977108,0.8832629960346798,0.8015262255989792,0.7913302476977632,0.8536445948176221,0.8860631780990627,0.8413535351977115,0.8062978381735442,0.8143657919203917,0.83942178640501,0.8283024972786832,0.8354061519439323,0.8661133263475783,0.8695543065716744,0.8695543065716744,0.8695543065716744,0.8695543065716744,0.8695543065716744,0.8695543065716744,0.8695543065716744
15,0.8518296159370496,0.8522292631790763,0.8234424174049818,0.8407943722713836,0.8139095607808315,0.8270297426160595,0.8028841612084225,0.8144087624776088,0.8490947049234592,0.7770586780296839,0.8296712277963008,0.8061648705737249,0.8478569617829927,0.854037896092843,,0.9406607946685365,0.9009644944804728,0.8023756547828418,0.8378825388294431,0.8630344683574181,0.8663046848018946,0.8620384258421776,0.7895967427755792,0.7674326614817502,0.7739879951416131,0.8235094613973656,0.8515705548762196,0.8039590612976831,0.8321990555053654,0.8090126109707194,0.8251076124768286,0.866789463764432,0.8486041112752916,0.8512810326580031,0.8591354300278424,0.8710609740759644,0.860853373546777,0.8017456393421521,0.7960206819834694,0.8124640157286923,0.8545386718060601,0.8159843881566246,0.8704050685316316,0.8262274463751071,0.8847321154875094,0.8366087532705859,0.8409446559183551,0.844964224046413,0.9084276918300369,0.8615180234805028,0.8634993843133207,0.8565873369713695,0.8660120777494653,0.8437955424453025,0.7885000330679619,0.8592164198344514,0.8441914159168014,0.8569202595459359,0.861850476195049,0.8480784744129359,0.7996698635349823,0.8589738705268272,0.8614106267169442,0.8426615459063884,0.8618823529626256,0.8647326359737955,0.8627875546501601,0.833816179530396,0.840364227070109,0.8598165332895934,0.8191611778549723,0.8586369396143313,0.8592222574541244,0.8761368102501973,0.8451124864709292,0.8214262076607641,0.8596572714970688,0.8599227101271568,0.8640898029191849,0.8083461532058677,0.8609148543377766,0.8470951736064557,0.8100952383665967,0.8165821887283494,0.8531880388669301,0.8581218068094306,0.8624682879344456,0.8370629479717777,0.8545704900625297,0.8550688649492704,0.841685262338828,0.8487718954633767,0.8607120955886085,0.8676526955182599,0.874680346553797,0.8540766815185501,0.8627623795559858,0.8533113669223521,0.8544221436386634,0.7747172350897785,0.8583967711930498,0.8495136612327358,0.8632561237124733,0.8431161489986113,0.8682520644663716,0.8679396846684455,0.8622989551720603,0.8634769311005044,0.8284319827134163,0.870305773196774,0.8109511051838745,0.8562396943887323,0.8486937980104686,0.807730797346244,0.8610184758060867,0.8595352656827017,0.8471879402075141,0.8652627893354758,0.8332376642574822,0.8078692757192487,0.8798700519596448,0.8247800188461213,0.8582726450363761,0.8421855051056037,0.8767891233443038,0.8486057696536407,0.8662165979410821,0.8149521832259412,0.8511954159449031,0.8330968252724614,0.8186878849770999,0.8552144138310683,0.8472694248601643,0.8592261276765403,0.802635809834605,0.8549646864381505,0.8469616816423018,0.852364124324417,0.8434290416948977,0.8782068225495998,0.8582417629470961,0.8582417629470961,0.8582417629470961,0.8582417629470961,0.8582417629470961,0.8582417629470961,0.8582417629470961
16,0.8590427109993628,0.8148117768970278,0.8008902663026634,0.8211302071095277,0.7923062068555041,0.797566195173324,0.8028219829435318,0.7782053313722259,0.8208741576255543,0.7766686015292968,0.8301181245747502,0.7953948710265843,0.8234237514118483,0.8318761656396623,0.9406607946685365,,0.8896506924114889,0.7698925534067067,0.8073941886288112,0.8236539672286733,0.8527557443631957,0.8517307925743023,0.7617045104817286,0.7445866559763292,0.7636219520572133,0.7754228494912214,0.8185942667821944,0.7942770244260574,0.8227616723146811,0.792680904085791,0.8059559931279757,0.8617734683412133,0.8128813460507358,0.8511416997809031,0.8335003538885002,0.8411011593360138,0.8262192201566125,0.791185838072503,0.7755288356987912,0.8134804747185643,0.8549348912326337,0.7876887574963711,0.8635752142623669,0.7738850025478676,0.8616973451430084,0.8026079862452087,0.8255358924387078,0.8386419792763622,0.881009901399397,0.8455320331868212,0.8257493584010255,0.8473981372734276,0.8238768427164413,0.8005489610833556,0.7972410707818391,0.835669096418298,0.8268256375621532,0.8383709422600533,0.8262252819260313,0.8075003502859879,0.7703594244890966,0.8389040332334134,0.846111886812193,0.822998187634097,0.8393523211693772,0.8285544732718122,0.8634145918134654,0.7985107197600047,0.8493638437256011,0.8536278374939846,0.7886925558264729,0.8220050879976546,0.8605671136561798,0.8551046583290087,0.8056490940460213,0.7799836553853575,0.8323197550704663,0.8379516992655236,0.8447966925910116,0.7924632546937446,0.8398127498279148,0.8354696043402557,0.8215713123997953,0.8045444208536767,0.8322828248388708,0.8653466043697389,0.8466819279191728,0.796172420028244,0.8321644981139396,0.8373818751605512,0.8187336056679251,0.8434294862489615,0.8647334545454678,0.8435088695264317,0.8532276000228141,0.8286596727618343,0.8526409031143303,0.8348742066997336,0.7998076000464942,0.7398996000122433,0.8248361550893791,0.8411461593697902,0.8516384416203769,0.8266633456093617,0.8503633084702801,0.8579733504334729,0.8354150014827327,0.8312371021787726,0.797520840915575,0.8284121445552335,0.8006731048901116,0.8285590786454572,0.8174738221846094,0.8191272703918552,0.8461717405387517,0.8406342600901184,0.8485871159852264,0.8417872769561371,0.8302992623300307,0.8123626557370743,0.870128826394635,0.8305908165970395,0.8420969601891153,0.8389674947137689,0.8400153003909154,0.8299511573405,0.8597208901476966,0.7805653260221189,0.8121917843416406,0.8348420386208745,0.8139297795751466,0.8323898293313315,0.8320562868938223,0.8455995553504894,0.7713007195222328,0.8319386586780287,0.8469956332100177,0.8471069990716976,0.8185616310085515,0.8524411167008555,0.832536764741499,0.832536764741499,0.832536764741499,0.832536764741499,0.832536764741499,0.832536764741499,0.832536764741499
17,0.9010679964882129,0.8321244233035523,0.7969326825088029,0.8435356820769473,0.816579828149176,0.8003442569132783,0.8264825007118568,0.7921873973304555,0.8330731603382034,0.8038167025147143,0.8000586371478011,0.7778165997288332,0.8414103480416351,0.8297693782337521,0.9009644944804728,0.8896506924114889,,0.8295339880807997,0.8230166307676438,0.8434604975769834,0.8301299645258396,0.8332728107517742,0.7828550901831388,0.770931844680464,0.7738902721034251,0.8032993370530525,0.8260094980909796,0.7823691875906239,0.8176412562762788,0.8047644298321369,0.7791358712786867,0.8260156293489228,0.8762076978382473,0.8513140070478298,0.830148096148671,0.8362746347140163,0.8153043656461859,0.7760819536832706,0.7878494269335502,0.7876001967854401,0.867060982044833,0.8099090820867574,0.8438442600942911,0.8084059694301178,0.8256831425105883,0.8137638645325819,0.8209844836602019,0.8187217380172281,0.8541543439927164,0.7839159298824196,0.8777847592085603,0.7994908539610649,0.8765088013798751,0.8191831446912022,0.8215314840886341,0.829976414953801,0.805564176061702,0.8247247877391618,0.8378599380516424,0.7935594734845939,0.7819035611836963,0.8516285887823214,0.8254408931071394,0.8389078404132969,0.8302867590676236,0.8120878494016729,0.7964139958299774,0.7938409303797549,0.7778506758911985,0.8503288722018818,0.7777500822343828,0.8287601851552604,0.79381778087095,0.8243939584974201,0.8583623218128965,0.8117258141913124,0.8452747770443326,0.8394840142103884,0.8186037597861434,0.7731822733764655,0.8204827416419769,0.7851135823351224,0.7655535502659777,0.7731692787487927,0.8192818595416959,0.8272699238166663,0.82105741634319,0.7978150004226406,0.8137789404148978,0.8225137171652502,0.8156039720211602,0.8215904059238137,0.8974074428185422,0.8306366446086226,0.814827352957644,0.8174591817686993,0.8279409806993246,0.8147144769697975,0.8242667925680474,0.7432430140326618,0.85168887386874,0.8075500129829078,0.8628538254925762,0.8122367492219956,0.837512568307001,0.8391172916967344,0.8450619270825019,0.8279523074330617,0.8162949965393913,0.8325456598135098,0.7582548909183819,0.8183455110298222,0.8112980496886708,0.750227360549766,0.830521892733939,0.8172187978209755,0.8232456341393984,0.8373207858862788,0.8072838273555993,0.7651452688280869,0.8413975114779927,0.7907573297987728,0.827622657047482,0.8046424368039813,0.8783705542510203,0.8024835750544397,0.8440433991413003,0.850564028429593,0.8127584050822295,0.8333783675687696,0.7980809413246307,0.825162464422277,0.83285305233648,0.7871195729303175,0.8013043868631846,0.9020161386106597,0.81548144708685,0.8061192153994959,0.7788748157632782,0.8258081412183009,0.8120377656810623,0.8120377656810623,0.8120377656810623,0.8120377656810623,0.8120377656810623,0.8120377656810623,0.8120377656810623
18,0.7956649029350619,0.834777670759123,0.7995184590716133,0.8659303397000461,0.8272652878866303,0.8286983177275119,0.7461943799646776,0.8175522235777046,0.881855195027899,0.7249200309166823,0.762585021785813,0.7819081278035372,0.864359644259024,0.8490087388579198,0.8023756547828418,0.7698925534067067,0.8295339880807997,,0.8277093562540242,0.8349220933843282,0.7860310229728686,0.8005490730053604,0.7544139253893021,0.7432359106128675,0.7623872019943324,0.8257268473847816,0.8144177338915107,0.7782315172019494,0.8108510335010348,0.7810508783117367,0.764888308223105,0.8036329940121051,0.8562847842468267,0.7607221622073774,0.8487351848758413,0.8136005633390423,0.816945933630044,0.7618572740838575,0.7701680320649472,0.7431980690274278,0.7652275896404703,0.8406452465804413,0.7600393083660694,0.8122276886011779,0.811367467210913,0.8120016688676674,0.83085996480233,0.8328765853612747,0.7829655992849047,0.7422841250975168,0.8794654914163521,0.7966853361234457,0.8892418759527245,0.7851788067900535,0.8111834365622319,0.8113240154336895,0.7987690918091365,0.8023530113354087,0.8305080847848041,0.7995097666207603,0.7496534087048452,0.8367202432915101,0.8220998985837225,0.817415310558967,0.8205918969465562,0.7874443324528788,0.7697727605826215,0.7938857891341199,0.7264355571456688,0.8074474058704219,0.7830412579966166,0.803575655976701,0.7749435720385511,0.8050277829422823,0.8947299337192423,0.8257929711397044,0.8355491882152004,0.8048677799327864,0.8176952119585266,0.7737303162407234,0.8029556369149171,0.7624605976110601,0.7401985934658942,0.794230533365901,0.8251978388645446,0.7886926871562443,0.8120456302485762,0.7969263456663193,0.8170427087333609,0.7687742560860267,0.8085893712593695,0.7904578852099927,0.8200627359649248,0.8257524930624213,0.7956771214164685,0.823699168286503,0.7716911499443326,0.7973699407783387,0.8345285243568631,0.7156211281422443,0.8449620541027658,0.7832457560521064,0.8362909790886827,0.7958400405376744,0.8065111229503976,0.802655790888332,0.845118199875271,0.817934758530182,0.8001336583859957,0.8095665296790225,0.7346390592419663,0.8208625327786435,0.8080919865916619,0.7221744521562268,0.7953600198563016,0.7933237038346411,0.8002048449913142,0.8374961883997354,0.7694910574798283,0.7373774836213364,0.8171466190249783,0.7700908898389117,0.8260531723890113,0.7859382929190937,0.8660959332097696,0.7845519166419761,0.7834541836394991,0.8574208570578825,0.80724788256913,0.7566049046667287,0.75427004318826,0.8081210026880252,0.8248245087807919,0.773966598990178,0.8450197663135097,0.8297483445951532,0.7819220468635786,0.7811322239111319,0.77765624150437,0.8058153617428778,0.8058537461411983,0.8058537461411983,0.8058537461411983,0.8058537461411983,0.8058537461411983,0.8058537461411983,0.8058537461411983
19,0.7895670913073317,0.8447688951608545,0.8619730824928289,0.8704678258558783,0.8397236708189333,0.9168885111116208,0.8240578570023038,0.8711605787902517,0.9019726985588495,0.8052686372778178,0.7933651089778545,0.843604091122723,0.8844663947222754,0.8805471405553484,0.8378825388294431,0.8073941886288112,0.8230166307676438,0.8277093562540242,,0.8812326746165513,0.8482277013240247,0.8757281324825557,0.8294677023866749,0.8467537351768761,0.8310012367872843,0.8795063323422216,0.8627656996735802,0.8394016444673071,0.825818732203173,0.863476044834194,0.8622582026879775,0.8778448294056023,0.8520634894106008,0.8484943606215433,0.9098994364597919,0.882612612716545,0.8998363303210845,0.8665479289402402,0.8530025184369547,0.8215787133945691,0.8298894452915083,0.8510668659671203,0.8174941699143778,0.8719019112978037,0.8638110146893467,0.8761118979924771,0.896851754105037,0.8695250430983783,0.855490147612166,0.8118547161902916,0.8691837911658249,0.8431457036000224,0.8661318551360269,0.8622346074761478,0.7731071347735815,0.8623366741774934,0.8474154539335041,0.8367946445316088,0.8927862189182966,0.8399916664712952,0.8499736769597115,0.880786974471171,0.864837722833775,0.8290739501037127,0.8600554194638472,0.8421731282132463,0.8273462296935938,0.8386221287968759,0.8003467949653343,0.844351172674731,0.829213319877977,0.8593413100987546,0.8209465498459314,0.8630979690376125,0.8587534513461269,0.8427954867017298,0.8735483142272424,0.8738042756261264,0.8606946989848339,0.8407237074886265,0.8810892819177082,0.8277262646904576,0.799338072119538,0.8296542425531757,0.896226733676602,0.847583875293247,0.8514564126688806,0.8541804083484401,0.8440582846437015,0.8413096533006634,0.8641925552092354,0.828972124796131,0.8440344062360341,0.8870300537578797,0.8451368427535151,0.8742750525829267,0.8351766568806648,0.8464997663559286,0.861962177688005,0.8126354683561956,0.8575932179012642,0.8597202760791594,0.8804208073823259,0.8438038399175896,0.8515116011528299,0.8519976934335974,0.8730792182584197,0.8645669703963268,0.8433893849437879,0.9051084617672884,0.8135830569520796,0.8865633836002164,0.879477784663176,0.7827244644365745,0.8405922103780002,0.8520978128493921,0.8443251886645842,0.8849620585509714,0.8170072032266558,0.7896191702300193,0.8608078548677928,0.8133896118178233,0.8666891585040553,0.8574171561835643,0.8708785654102275,0.8935343866005707,0.8383271265742787,0.8240800260402764,0.8733332679143612,0.8847164804923978,0.8526166923618511,0.8466583084754243,0.8686616300583065,0.8459917086430729,0.815677524616724,0.8304125987729357,0.8089872242990037,0.8230012186773761,0.8651617786507219,0.8731092572634266,0.8764240616151147,0.8764240616151147,0.8764240616151147,0.8764240616151147,0.8764240616151147,0.8764240616151147,0.8764240616151147
20,0.7785385076472566,0.9069797708724938,0.8838898619458181,0.8954983818982873,0.8398568695602711,0.8424258722889757,0.7836474626770702,0.8724768005718412,0.89276413882595,0.759553603541841,0.7940271522502551,0.829158330880091,0.8790228627271952,0.8951555150503183,0.8630344683574181,0.8236539672286733,0.8434604975769834,0.8349220933843282,0.8812326746165513,,0.8490148851634538,0.8513926395697083,0.7944772243479559,0.7765735509188026,0.7816839311715986,0.8896352225356967,0.8951593154103634,0.8201255933559267,0.8639518117081433,0.8308692537004698,0.7953701758435836,0.8510514518184532,0.8835966748095706,0.7845927951117176,0.923005338818663,0.8772677053900693,0.9080310182142863,0.802307442586453,0.7939192129275188,0.7869644200858611,0.7758140999330495,0.8700250976405298,0.7892637059789074,0.9119935935798884,0.890797752401736,0.8777052454606176,0.8500269686286303,0.8681213647823364,0.8500943429782012,0.8170564588279821,0.9075382414096271,0.8450044292413248,0.8994588155487581,0.8658739637610666,0.7834728155710723,0.8885464572309616,0.8997822129732093,0.8576817599873758,0.926671047586891,0.8493180869785754,0.7933265385534517,0.8905720116247064,0.9100465893974042,0.8704660100457722,0.8682760432976137,0.847520468081295,0.8482590591014249,0.8781620645356654,0.7949496299989697,0.8622721374059624,0.8164267994788632,0.8680994378496543,0.8274306939983986,0.8713107996133209,0.8956506088783165,0.8702112520509332,0.9058659092832209,0.8926302788561497,0.8903982167102878,0.8166166957722802,0.8852822720452683,0.8279023345190556,0.7922343167852872,0.8343284335185016,0.8880589447353121,0.8470028612569045,0.8606216213749853,0.8989699405074182,0.8651328888852123,0.8443962855380865,0.8898694680817638,0.8475908882860269,0.8290207430699559,0.9213515955614511,0.8727760647030406,0.8705890402036763,0.8397068391405337,0.8866657592052649,0.9030734764203285,0.7466724500947615,0.8977627787652223,0.8244070169810226,0.8885949196146747,0.8474386682961247,0.8691894834233469,0.8713234404953155,0.884284019162089,0.8774034961916944,0.8538600122405469,0.869187164063906,0.807565921286103,0.8945592321286773,0.9195527401908815,0.7896769653268281,0.8596051723554383,0.8550482595459884,0.8629805693267207,0.8917318459582817,0.8257485060411529,0.804363232559401,0.880259347469004,0.8241858521431555,0.8948924507993347,0.8391438462967379,0.9013033453236482,0.8557979938904428,0.8436818332683628,0.855226258599555,0.9091818631320914,0.8069728370084559,0.7875681347822475,0.881588814304472,0.897584818784488,0.8673419437132378,0.8121864946215483,0.8369545592894845,0.8366965058846926,0.8439971618057006,0.851789389567152,0.8751723704206522,0.8855084697277249,0.8855084697277249,0.8855084697277249,0.8855084697277249,0.8855084697277249,0.8855084697277249,0.8855084697277249
21,0.8153126364223597,0.8508904846536873,0.8591834826726696,0.8237413132671801,0.8061597442784229,0.8460923650469934,0.8160687331616205,0.8334344056256195,0.8409076172822876,0.7965397487759825,0.8354042272125046,0.8053998738861838,0.825663897950729,0.8495551940682591,0.8663046848018946,0.8527557443631957,0.8301299645258396,0.7860310229728686,0.8482277013240247,0.8490148851634538,,0.9012256994620576,0.7786951979506077,0.7823658872389438,0.7808582128400108,0.8254127672537789,0.8916942771766586,0.8254376082678347,0.8482850706567895,0.8263113699643916,0.8302941344323456,0.8922202584383129,0.827019549206398,0.8035748311234993,0.8635175938615952,0.9024473540261997,0.8622541161455798,0.8251461802111271,0.7991139086672582,0.8020810687010403,0.8071100321608462,0.8270972777384853,0.900768399332503,0.8425042682179488,0.8608053409676499,0.8858638156004459,0.8564577800530816,0.8639248164180913,0.8672341301582752,0.8301548130158729,0.8388521269254205,0.8750752159456561,0.8348191720650668,0.8340060694023261,0.7903696738888916,0.8871959993158428,0.8650351297193173,0.8562534030562085,0.8549390369910475,0.871304380267057,0.7947811532141968,0.8886729468941823,0.8641373501941066,0.8363358591479375,0.8387018829315493,0.8306070554634037,0.8534840671671756,0.8224319595708661,0.8256364825961343,0.8905890053607785,0.8078123293320778,0.8943234131740221,0.8725211711689361,0.8528218841046673,0.825473923961423,0.8059812169117537,0.8603451393234743,0.8713791594633212,0.8708170877627662,0.8415520886870775,0.8555921916309553,0.8295523034386278,0.7907620442331875,0.8382104227142974,0.8536378947931043,0.9191884790000098,0.8537071327517013,0.8337247819991134,0.8635108548678534,0.9167051019449266,0.8543482087333745,0.8548974590004345,0.864442998188383,0.8611448494018182,0.8445794768161411,0.8318356127475504,0.8887548918110297,0.8669178655058579,0.8271682602154425,0.7597370566789324,0.8211617423823184,0.8772443748697647,0.8649950437436956,0.8530601437127583,0.9295902706953145,0.9220749587706439,0.8449232386881217,0.8456137663423289,0.8231092910421203,0.8289989370114552,0.7994146546027001,0.8400627153117239,0.8471268467033167,0.7789458078199732,0.9108425388669636,0.9214484284358667,0.9144249746928664,0.8557900391222064,0.8274206379682049,0.811351990683066,0.8709733265122201,0.8259375235805461,0.8714670205575569,0.8849980861094677,0.8340255032551032,0.848334804996453,0.9070068117690493,0.8104313455741241,0.8501400416482814,0.8217057697494732,0.8604803375231053,0.8607803433573656,0.8711194629152389,0.8546945859599429,0.7780235619636106,0.8088580245835664,0.908030415850923,0.8508591861799202,0.8349774422795323,0.8930320326662904,0.8649190461685335,0.8649190461685335,0.8649190461685335,0.8649190461685335,0.8649190461685335,0.8649190461685335,0.8649190461685335
22,0.831545815029159,0.8330597912337232,0.8549564324910904,0.8523754629868289,0.8424991557420523,0.8569171178721167,0.8324740517676438,0.8245349484944302,0.8637186560654849,0.8120185717211007,0.8350195649779539,0.8300554866463818,0.8597824563992016,0.8643496405381171,0.8620384258421776,0.8517307925743023,0.8332728107517742,0.8005490730053604,0.8757281324825557,0.8513926395697083,0.9012256994620576,,0.8034457029498602,0.825576954492881,0.7996535512323876,0.8351330220310762,0.8661650283139396,0.8245840445978365,0.8443591571225434,0.8438043937396693,0.8634599088208591,0.8935464003729316,0.8158206464311916,0.8398629055120596,0.8880326743144134,0.8998242114069676,0.8903431543364095,0.8521980429631004,0.8255185208323613,0.8766672711909633,0.8351246453010903,0.8511684069325949,0.878427100804471,0.8270403857881753,0.8643804763631296,0.8740178637095313,0.9034136622352001,0.8784716140349171,0.8572104317734064,0.8336436313268397,0.8506890198643418,0.8759221858665001,0.836665193078785,0.8373511207228888,0.8232547281605076,0.8772408911943267,0.846066603151335,0.8551713510001062,0.8642096853990741,0.8561941790309633,0.8393282231651,0.9009691475124969,0.8473242367600589,0.8138320452170683,0.8682104899052862,0.8352019725534751,0.8427384437552344,0.8163474467021434,0.8443324624964452,0.8538170237261086,0.8499715030689221,0.8878126131247147,0.8491590413364987,0.8772767586680413,0.8256452779688427,0.8216979256808781,0.8596757002121376,0.8651777867247336,0.8728622861519768,0.8602210083173598,0.8657724666483544,0.841412993668104,0.8018592682873278,0.8563932891292713,0.86814708002384,0.8924586270541441,0.8773109935117512,0.8106640778892357,0.8669024320653438,0.8935905667638331,0.8478380866144792,0.8560094748504659,0.8797272953567503,0.8722329554947906,0.8502195746146777,0.8376350950815246,0.8512975257892188,0.8395203733877055,0.8186729425003214,0.8172003452331553,0.8345947997784282,0.8923238447512245,0.8830976946797219,0.8628537527715503,0.8957502836368179,0.888264730169926,0.8527118661112222,0.8373790734861962,0.8232153616744441,0.8743853272226654,0.8309960252409783,0.8264695947073049,0.8302875767658784,0.8006444990365472,0.8651737598530749,0.8693966814263168,0.8815871100795627,0.8576143159148928,0.8362975252758538,0.8026145630777065,0.8598433533551,0.818154453249889,0.8604365293673492,0.8822513809677076,0.849788265100119,0.8525108095522207,0.8627688260906696,0.7989828166958926,0.8305786509750555,0.8552541425207094,0.8529181168383119,0.8445201427748884,0.8664256489307025,0.8248401716452812,0.8135752983979785,0.8306383225157026,0.8563961471804797,0.8398414043179008,0.8134396527836246,0.8789449846544806,0.8721565277812293,0.8721565277812293,0.8721565277812293,0.8721565277812293,0.8721565277812293,0.8721565277812293,0.8721565277812293
23,0.749379943816298,0.7605489301901356,0.7738746952392098,0.785724185733132,0.7677336374007196,0.813329638766865,0.7946921714336086,0.7639385729824721,0.7753911595301343,0.7829569415704754,0.7389361241509238,0.7689583398312507,0.7722961470351879,0.7673022905167807,0.7895967427755792,0.7617045104817286,0.7828550901831388,0.7544139253893021,0.8294677023866749,0.7944772243479559,0.7786951979506077,0.8034457029498602,,0.8742218872476305,0.9081920359109553,0.7848643033989064,0.7692831123844004,0.8809557035204584,0.7502620121049705,0.9092950724633411,0.8519265110161156,0.7982309709142852,0.7812974983338409,0.8432562317540877,0.7841974734338462,0.7898164560215487,0.8201295200312054,0.8064506760461987,0.916377774073273,0.747259372557551,0.7697231724321576,0.7665310428649579,0.8091171708025594,0.7634208457835723,0.7798088730293694,0.823204955535545,0.7955079644671461,0.766891287861405,0.7842538047330768,0.7668510025711248,0.8106813842170278,0.7707629180788911,0.7822383615285672,0.8021617051629011,0.7502821324769747,0.7813293051195606,0.7453956515749676,0.7576834495218013,0.7768808651311826,0.7673672861844376,0.9104169373568615,0.7782181119890114,0.7655464201899835,0.7487448863030274,0.7713045027236564,0.7683745265933886,0.76454271191445,0.7619311899240014,0.7578452033402202,0.7565942643400798,0.7592185741594561,0.780091762704408,0.7740520212721772,0.7705141087717322,0.7766095987946087,0.7745916583426773,0.7791586567593227,0.768094299513105,0.7878730707265675,0.7815905962918819,0.771801097007095,0.7611308071047287,0.7377266361918469,0.771113132960023,0.7710695838320785,0.7732418982335354,0.7676190955585792,0.7385000039983651,0.7556296515151784,0.7763593133595468,0.7454708576812397,0.7494757246030812,0.7871530630529433,0.7758716554333823,0.7716472854616745,0.7618326660215777,0.7660782225473464,0.732763118176023,0.7599972234835861,0.8353197178887145,0.7822378697694135,0.8179601803826908,0.7791177956770933,0.7519359134771492,0.7710828164154524,0.7755196356605273,0.7785378484033637,0.7738602157409215,0.7623498556822286,0.8489518552060156,0.7605654435046615,0.7583023356495092,0.7563607933062476,0.7581570604135245,0.7727467994786922,0.7904639230121361,0.7662673498058494,0.7595721202199,0.7366423828444711,0.7334656598205368,0.7806424786357742,0.756193828696967,0.7646988477528593,0.7881630901819356,0.7660688614954649,0.7830961908755825,0.7526016596068724,0.7685683214562282,0.7717220705078884,0.8416871752038448,0.8202092544780303,0.7545440166386622,0.7575119120920378,0.7617669245393535,0.7655604341943841,0.7782940146205609,0.7495967279393858,0.7472713745900116,0.765698697060424,0.7946836411667044,0.7646064223233653,0.7646064223233653,0.7646064223233653,0.7646064223233653,0.7646064223233653,0.7646064223233653,0.7646064223233653
24,0.7652934065103257,0.7302879394560564,0.7570614924717316,0.7886294738214268,0.7875269742436224,0.788520283073146,0.7892435571149643,0.7613159636287323,0.7668371871495233,0.7865084147259548,0.7274678446042337,0.7764175503222402,0.7688945275416912,0.7643925902711137,0.7674326614817502,0.7445866559763292,0.770931844680464,0.7432359106128675,0.8467537351768761,0.7765735509188026,0.7823658872389438,0.825576954492881,0.8742218872476305,,0.8552893643917847,0.8147625947436196,0.7704308371161128,0.8307244266880691,0.7582686791750082,0.8752624434105395,0.8649057767181935,0.7845252808186738,0.7602620152567466,0.8174827267532812,0.7963929452444686,0.7953829989687031,0.8194468649706736,0.835570570847357,0.8824757788635257,0.8176952870973111,0.7636942533834731,0.7803360411919971,0.8119392845844842,0.7507717059175829,0.7882058910842036,0.8149433663785576,0.8012324813455788,0.7702183814395172,0.7807490703057001,0.7565210503913702,0.7983276099095247,0.7798647805868993,0.790422569455266,0.7884763607667036,0.7573036430253807,0.7748608854966267,0.7330714657210238,0.7662410605456034,0.7821569931274135,0.7769559937026812,0.9172543870846779,0.8042964119045453,0.7667715562263079,0.7368020587830415,0.7920903649917599,0.782457545508671,0.7449528212048872,0.7419302068774327,0.7618293251905564,0.7541414108521135,0.7878589317794864,0.7876464225605211,0.7696940571929646,0.7856004606514325,0.7869818650872459,0.7737124565240566,0.762563987246484,0.7596335423304947,0.792763520559012,0.7933271103401142,0.7828489171038396,0.7660210147489935,0.7320735429037989,0.7669677809331673,0.7567384436085207,0.7821316760043644,0.7817601151263508,0.7411672119617786,0.7685053291508348,0.7918978077729933,0.7425427289582703,0.762478675424296,0.8189313983933003,0.7882015084580016,0.7600608635037955,0.7617075673321526,0.7784193133267157,0.7273755414983207,0.7678072884660184,0.8676387958699194,0.7738253292782404,0.8292987543084958,0.8074776559814475,0.7838767847985828,0.7703748794179599,0.7843889564280786,0.7710275189868596,0.7599740541701107,0.7541087311650575,0.8568233829767191,0.7774733913510248,0.7602501350157903,0.7644726233930452,0.7364749675934418,0.7691647493013976,0.7858970783317114,0.7740867605233952,0.7726873432366279,0.7589840387523936,0.7360284458828047,0.7921313822332242,0.745415358885927,0.7759730101875667,0.8010984038731098,0.7976572537949523,0.7743159544089269,0.7482809351798151,0.7568106039301014,0.7757408059710178,0.8443838609284815,0.8536949292586996,0.7667105763662424,0.7673552454577601,0.7525218802843571,0.7987581599034298,0.7940330452594997,0.7495969675935052,0.7624306603835875,0.759706877512089,0.7975902261357831,0.7825481838857123,0.7825481838857123,0.7825481838857123,0.7825481838857123,0.7825481838857123,0.7825481838857123,0.7825481838857123
25,0.7478692456768674,0.752981050007618,0.7525261529933603,0.7693561180170895,0.7402006888680343,0.8306044167460271,0.7687544585243969,0.7804577306533678,0.7865482351658046,0.7673406768312113,0.7494100636119904,0.7581634223310617,0.7646751383124739,0.7587226194609612,0.7739879951416131,0.7636219520572133,0.7738902721034251,0.7623872019943324,0.8310012367872843,0.7816839311715986,0.7808582128400108,0.7996535512323876,0.9081920359109553,0.8552893643917847,,0.7427936962573619,0.7540116649279159,0.8854716720318908,0.7208901403600578,0.9296202096994522,0.8466879477210612,0.8078618121854033,0.7756788649728447,0.8608184912120724,0.8013450253474212,0.7791170737921149,0.7935662274795893,0.8224679752998254,0.9590725659855801,0.7514087360289582,0.7768720489830486,0.7701882437372332,0.806743200620167,0.7456475679432643,0.7793648369048215,0.8066959047530655,0.8069667586395952,0.8024385103550956,0.7897776283879683,0.7622511128906835,0.8020986225285579,0.7889724237407791,0.7852040713925843,0.7924108215504634,0.7669821707356331,0.764328633325972,0.7415312483402092,0.7561519362084974,0.7889456784770176,0.770121676989567,0.9126080432302529,0.7722475726646975,0.7745946693471508,0.756363234757203,0.756845868764248,0.7525590794490814,0.7668989488444105,0.7550204929154927,0.7705054838514381,0.7745369118522876,0.7501101068080782,0.767791014801086,0.7764445909277224,0.7697654888891005,0.7774476112495006,0.7585401901990374,0.7742693652341543,0.7700453158487552,0.796716031315174,0.7962481161163556,0.7924886026620578,0.7729720584518581,0.7595109179240527,0.7964308235546406,0.7895841211244037,0.8037510449137555,0.7838072890454545,0.7321719522348039,0.7611254925657697,0.7732810551314009,0.7534007642804164,0.7661231970067681,0.806328637583912,0.7858408699775306,0.7724284070187036,0.7862992730384464,0.7767103519660542,0.7416546909069945,0.7440631726949016,0.7985825730880962,0.7717445716779139,0.835927228733117,0.7911276581207486,0.7797581278222411,0.7675368131216422,0.7846397874557227,0.7786310247625455,0.7732632137517796,0.7728869874924125,0.8406733946675385,0.7664461936201499,0.7846800782393684,0.7693513058208241,0.7547485877841151,0.777512605233763,0.7962673500677224,0.7941886626693071,0.7853379367056608,0.7621820079245879,0.7410339296284404,0.7958784002203154,0.7811899974676344,0.7706395651795928,0.8095835571573688,0.7764629355287869,0.8132950998364296,0.7649592916097513,0.7760693695613123,0.7591957298854171,0.8523867732356648,0.8144893603835063,0.7605482251010562,0.7645377121170686,0.7820697915008711,0.7653157254643915,0.7941599253769153,0.754458429208569,0.7653853303179564,0.7765244622507136,0.7904723531932082,0.7826437634675549,0.7826437634675549,0.7826437634675549,0.7826437634675549,0.7826437634675549,0.7826437634675549,0.7826437634675549
26,0.7569885496381552,0.8382051306302906,0.8671470534864574,0.8686047556290093,0.8569081487962789,0.8258425613652194,0.7719076555298529,0.8546177915422045,0.8673479751454315,0.7550411939673567,0.7502075710553981,0.8215416760808514,0.863908987285957,0.866682079463125,0.8235094613973656,0.7754228494912214,0.8032993370530525,0.8257268473847816,0.8795063323422216,0.8896352225356967,0.8254127672537789,0.8351330220310762,0.7848643033989064,0.8147625947436196,0.7427936962573619,,0.8723134587614888,0.7954217614950184,0.8612822733769215,0.7930727087631921,0.8204258165566326,0.8359922561743189,0.8547184840554135,0.7372776665105345,0.8964350739436601,0.8757633350022003,0.8995361655387799,0.8067520184754902,0.7798733293232474,0.8006635380938469,0.7310586659464204,0.8396939501537749,0.7773467532660702,0.8765202942070306,0.8694024115500181,0.8670591309798923,0.8311305887398779,0.8240214252306638,0.8174861569839846,0.8095525385979263,0.8843841683848754,0.8236260706246922,0.864835225798694,0.8282508211983881,0.7425443240977128,0.869029465182079,0.8507212647566375,0.8397296406722301,0.8695416545349736,0.8461886221238824,0.7951733145761076,0.8697529637811888,0.8621842514378073,0.8071456847919166,0.855297973894054,0.8427400272587804,0.8076597171759267,0.8373528221306399,0.7725736714106735,0.8259727148175467,0.8491885940437637,0.8691741777164583,0.8206229444551052,0.8527158640171587,0.8664158554931886,0.852808554236823,0.8515734390324219,0.853217998727422,0.8552837395983465,0.8044019993526361,0.8481351011942562,0.8040940818031397,0.7813577234083854,0.8057066766853893,0.8524340036007204,0.7950090462894407,0.835040381893622,0.8563149836176517,0.8520429548159958,0.8241150736030242,0.836633754046619,0.8147731510525444,0.8083836736892192,0.8821631438160159,0.8324639895983676,0.8411740897005353,0.8213621622044787,0.84234716002004,0.8809333277640934,0.7834046575311429,0.8688598296892427,0.8034689220657201,0.8693729281090071,0.8188955042936881,0.8374905143934931,0.8377337411648598,0.8484980293781687,0.8419371891476306,0.8131858922170293,0.8523462314306464,0.8019778190551796,0.8467793195029373,0.8677567932406074,0.7665358651009645,0.8237748320076408,0.8254520998231022,0.8147240897793133,0.8548801928590695,0.7996131557092095,0.7873498328653715,0.8445343882057167,0.7753864196655327,0.8710544542861838,0.8193152572615197,0.8661359790111853,0.8194371512411093,0.81679824752996,0.8259718830778907,0.8905569074280735,0.7922753357928339,0.8148221846299183,0.8526408191384116,0.8638092018712569,0.8161703930778265,0.8240333401828331,0.8046335515561408,0.8045555910234513,0.8122757360469545,0.8240729050012734,0.8566352800422214,0.8560548798889456,0.8560548798889456,0.8560548798889456,0.8560548798889456,0.8560548798889456,0.8560548798889456,0.8560548798889456
27,0.7831255066593342,0.8851084846345221,0.8867805355663282,0.8594648807485694,0.8255957616419449,0.8475749779207392,0.8169550230987646,0.8676222410913657,0.878742825181824,0.7877415429214609,0.8050514313553776,0.8191053493661077,0.8644459006673192,0.8810349302072621,0.8515705548762196,0.8185942667821944,0.8260094980909796,0.8144177338915107,0.8627656996735802,0.8951593154103634,0.8916942771766586,0.8661650283139396,0.7692831123844004,0.7704308371161128,0.7540116649279159,0.8723134587614888,,0.8122227760805942,0.8663913067530482,0.8131321761264914,0.8110385741488771,0.8703020250741009,0.8680604686762938,0.7653795049587808,0.8953821254556056,0.9005943391075161,0.8761063948225876,0.8121191378715753,0.7803688544931299,0.78533201606078,0.7718519004928452,0.8418350445853748,0.8170316819833896,0.8978389229098723,0.8788441365280817,0.9076200884022284,0.8629118375754662,0.8593745619122206,0.8394437204186819,0.8257081425842069,0.8746316685587958,0.8437023735736339,0.873372518958829,0.8405191785578844,0.7677125441775792,0.9368785919676401,0.8934962642188133,0.8565580568115281,0.898094362950065,0.8577245164554282,0.7793332758986091,0.9051446168383629,0.9078895036257459,0.8364048601106441,0.8639698278586093,0.8461412961153212,0.8419704359256582,0.8609781329388002,0.8002448422607935,0.8725408745931782,0.8163735733394453,0.9050616101509202,0.8431567834130879,0.8759375916980106,0.8613331809799619,0.8575333771947592,0.8957934232122274,0.917709793999455,0.871489590072783,0.8086528472867275,0.8690519272748448,0.8191783484284312,0.7850689432910838,0.8182316883071276,0.8785096486274325,0.8486267564704917,0.8502629103276043,0.8951055890847132,0.8644348420069005,0.880829527888612,0.8759347482417137,0.8590039357114521,0.8216662550127035,0.898006547410777,0.8606489078961284,0.8587942505726818,0.8483634947786122,0.8757766656895598,0.8806180943089948,0.7459769804786336,0.853457839600086,0.8367551973865084,0.8855686935059578,0.8392650012257418,0.9003803603846461,0.8956376141140139,0.8684967028935159,0.867899149952214,0.8519216791324571,0.8423497532550568,0.7860690864675843,0.8797894602947491,0.8814019012116063,0.770673338408459,0.8920681201136272,0.8720882414157104,0.8580596057677421,0.8861075833354135,0.8171307971737551,0.800732346851436,0.8701073870182194,0.7979597376794606,0.8880936599904808,0.8492879642250541,0.8770375326382562,0.8478256175013649,0.8505925411245455,0.8387487862933598,0.9041824199302382,0.8017293425690564,0.81641100891394,0.8684322743256538,0.8948212943531445,0.848874271503721,0.810619955026177,0.8119538514791231,0.8549741668826596,0.8385666019587135,0.851722628877119,0.8919294337301514,0.8829289604024788,0.8829289604024788,0.8829289604024788,0.8829289604024788,0.8829289604024788,0.8829289604024788,0.8829289604024788
28,0.7616906717297826,0.8126445224807938,0.8167795167383886,0.813396600905707,0.780079028306331,0.8415789892065784,0.7871165049583679,0.8035995735072836,0.8249900348835956,0.7697685285833793,0.7719988040307793,0.8013820992965365,0.8014097853218449,0.8026933923432472,0.8039590612976831,0.7942770244260574,0.7823691875906239,0.7782315172019494,0.8394016444673071,0.8201255933559267,0.8254376082678347,0.8245840445978365,0.8809557035204584,0.8307244266880691,0.8854716720318908,0.7954217614950184,0.8122227760805942,,0.7873290613924331,0.9186059335499039,0.861969376800042,0.8479680280894049,0.8131564012664475,0.8330331916374655,0.8371409435175757,0.8087862879149329,0.8404362114484654,0.8244387083786718,0.8861486583200825,0.7568512806939298,0.7729887982627275,0.7929943251369167,0.8031162294541718,0.8068404377611432,0.8321634600386848,0.8543872633931825,0.8166790762440782,0.8242279352677968,0.8194482517853845,0.8081951747311458,0.8358816193129278,0.8289707321640951,0.8185161235553289,0.8077733933831869,0.7844343109246662,0.8324068694601248,0.8098963977063958,0.8027020310872959,0.830196758225743,0.8167843859615374,0.8725605696221087,0.823184734592407,0.8333344050368856,0.7962138920730826,0.8211834186530266,0.7958837153974985,0.8222982416370939,0.8088554433709036,0.8046899421007646,0.8209081511540471,0.7989257289623463,0.8271449165839826,0.8326934146384761,0.8154443872115837,0.8058474553892114,0.8015705688879131,0.8265083954046704,0.8202296264808743,0.8478742379734673,0.8172289236501126,0.8351038372501794,0.8274350817470236,0.851791895546602,0.8308930080619428,0.8208008114677632,0.8196440441400275,0.8163208116810249,0.8008814013553608,0.8124475781505583,0.80014906268454,0.8029873713379791,0.8688507362830102,0.7978903399869682,0.8355573472749269,0.8268159905243189,0.8060540029701572,0.8140305065292316,0.7903490382633901,0.8060667232077611,0.7997835097859385,0.8057498871797,0.8434515792635897,0.813405804770667,0.8099819670656743,0.8227890501900408,0.8295475305361184,0.8167334494776012,0.8119313094372965,0.7883106216839261,0.8584242703866201,0.7960973743016813,0.8127118139448426,0.8203661641972894,0.8038451420048253,0.8218860339916906,0.8354190749223268,0.8198025899618274,0.8067153907769813,0.8524727658956736,0.8558149338005325,0.8327442304243682,0.883507253661641,0.8237348210008822,0.8343306703268873,0.7978264443392893,0.8532034120780329,0.7928672586529025,0.7941592477177009,0.8223239083006316,0.840900076430165,0.8063993634220202,0.8075694624124964,0.8075478407650172,0.8270842450752035,0.7893434926680326,0.7856340870157662,0.8309490223227899,0.8691601550922803,0.8270944303881163,0.8368293550836159,0.8258556880499115,0.8258556880499115,0.8258556880499115,0.8258556880499115,0.8258556880499115,0.8258556880499115,0.8258556880499115
29,0.7880380147431982,0.8707721851898774,0.8598200289384281,0.855704336274926,0.8422969692251276,0.8101032743780003,0.7745966966515571,0.8334712782657081,0.8504709003789075,0.745135680230685,0.8296723916162415,0.8252346566518579,0.8659792751858822,0.8748999731196822,0.8321990555053654,0.8227616723146811,0.8176412562762788,0.8108510335010348,0.825818732203173,0.8639518117081433,0.8482850706567895,0.8443591571225434,0.7502620121049705,0.7582686791750082,0.7208901403600578,0.8612822733769215,0.8663913067530482,0.7873290613924331,,0.7824723816017366,0.793033676795997,0.8518424908753294,0.8520511974081985,0.738034144532387,0.8705871931154973,0.8673694805593528,0.8589929785711073,0.7785959570459768,0.7492867331001267,0.7908636582403124,0.7554251387528977,0.8062809903979252,0.7962486187055874,0.8362187647886485,0.8703985107791563,0.8341445020438396,0.811945827560715,0.8520306076520541,0.8309344745434348,0.8067979193455328,0.8383525727754937,0.830012451558175,0.8322296117882668,0.8301665891864403,0.797498677560237,0.8642519947754504,0.8643543361886769,0.9024084024566417,0.8436379832472317,0.8362761242341186,0.7490851838500612,0.8926206433949343,0.866152314677791,0.8723196231170262,0.8696267505475309,0.8366150592024089,0.824631218795333,0.8420831828926877,0.7783995235260321,0.8846707306116354,0.7982458556473011,0.8592796951233097,0.8329518113605712,0.8633492767529373,0.8264538092593416,0.8038525437004649,0.8582499931772105,0.8469669895254757,0.8477809427958657,0.7890884526704129,0.8420923827050285,0.8145098124911906,0.7770592558644239,0.8143674143875771,0.8321531938671037,0.8350315368223649,0.8599092805467787,0.8279019402532947,0.8744767501478898,0.8265774815956995,0.8925257757555471,0.8432074772390664,0.8273729512122618,0.8507897412683282,0.8340202929174392,0.8263735203264948,0.8295935927494368,0.8670914590606826,0.8555958657689899,0.7373225091571602,0.8142165862623417,0.8001924478832793,0.8716173423322859,0.8390719303104323,0.8779033621375878,0.8760259190720595,0.8916165467174345,0.8749358674477263,0.859157168908677,0.8150005038210022,0.7991870031001516,0.8239009076208371,0.8345294098275367,0.7821527123846983,0.8399182230740339,0.831811342958681,0.8734137449650732,0.8715199972107064,0.80708791184058,0.7933825401932595,0.8560155750190548,0.8070763365487085,0.9045439839305043,0.8173806372635809,0.8390282449121417,0.8075272511388877,0.8247252253357947,0.8181810775753934,0.8486508353754715,0.7836588904664539,0.7775724665829136,0.891460085360151,0.8817841867173403,0.8233320111227191,0.775159018468882,0.7961814731762299,0.8703705891729934,0.8346694704999608,0.8077566250537719,0.8484475191518932,0.8363423462071881,0.8363423462071881,0.8363423462071881,0.8363423462071881,0.8363423462071881,0.8363423462071881,0.8363423462071881
30,0.7773403302106553,0.8092046937758341,0.8149816876329417,0.8230223964830584,0.7907322911504168,0.8560174143655228,0.8088613221109224,0.8138057212546199,0.8298229458029939,0.7991849630136134,0.7762925073992468,0.793260110094598,0.8101274063865791,0.8098232650108057,0.8090126109707194,0.792680904085791,0.8047644298321369,0.7810508783117367,0.863476044834194,0.8308692537004698,0.8263113699643916,0.8438043937396693,0.9092950724633411,0.8752624434105395,0.9296202096994522,0.7930727087631921,0.8131321761264914,0.9186059335499039,0.7824723816017366,,0.8692263730009254,0.8322409286361014,0.809951805033949,0.8627648288309013,0.8485490021154604,0.8223886080020687,0.8483014471389366,0.8451526624783471,0.9335499356373931,0.7654307263929839,0.7951694310825048,0.8104783279139506,0.8260860042348792,0.8151607044238004,0.820679544431145,0.8526292251754755,0.8286717236832035,0.8203154523174612,0.8179963605716872,0.7931052762913124,0.8359001198477198,0.828054998668957,0.8196661716778137,0.8339309807798156,0.7909382909447628,0.8275899137771252,0.79153136340447,0.7884025990114114,0.8443330798677634,0.8025866245425147,0.9211353533274285,0.8331563012271993,0.8305897346841861,0.7980959241050007,0.8127968484225498,0.7880449812911183,0.8252721376644887,0.7910713601118661,0.7898880902406159,0.8188175607591538,0.7817338115626462,0.8145584253209462,0.8196354509827526,0.8100478635571671,0.803781723539219,0.811388130692065,0.8336745165581102,0.823883245486178,0.8392465596644899,0.8078505789547497,0.8337439305143147,0.810444488303476,0.7686227548614853,0.8131215945804048,0.8223411729927795,0.8181208666855977,0.811720774887653,0.8061721930263998,0.8051925258641289,0.8134159779301469,0.7985114151608657,0.7947286868657177,0.8189213375474861,0.8292799608732142,0.80705900826377,0.8103226765637351,0.8088616651605351,0.792331536073446,0.802711996667551,0.8211006386412185,0.805342742049675,0.8476896851241498,0.8307596527609779,0.8036279366032191,0.822605334968978,0.8272828832124209,0.8112981155971132,0.8031432653337134,0.7894616158146518,0.8671872133561414,0.8029929353285966,0.8190177690287745,0.8270313681386143,0.7827639959494331,0.813977250740012,0.8409840266535606,0.8161645194885284,0.8187428232408218,0.779283559254303,0.7681185866519222,0.8281353049186047,0.7924699159649806,0.8271048390015542,0.837042626380258,0.8139346783149306,0.8554099719491435,0.7942127849266237,0.8066070544823497,0.8143609119959934,0.8771416213263992,0.828730073954042,0.8120187762837925,0.8128785133417955,0.824196673553458,0.7918565356179447,0.807802465685662,0.7951230217410219,0.7997253851940045,0.8188851628253725,0.8370548310174534,0.8312213907909438,0.8312213907909438,0.8312213907909438,0.8312213907909438,0.8312213907909438,0.8312213907909438,0.8312213907909438
31,0.7625240899847083,0.7661680112252943,0.7825945093817464,0.7918545805584192,0.785182771230875,0.8381386129742733,0.7844814202297258,0.8017966739697594,0.824797567853328,0.761680183409161,0.77831842966574,0.8168391699982834,0.7977551821734504,0.8114509405177018,0.8251076124768286,0.8059559931279757,0.7791358712786867,0.764888308223105,0.8622582026879775,0.7953701758435836,0.8302941344323456,0.8634599088208591,0.8519265110161156,0.8649057767181935,0.8466879477210612,0.8204258165566326,0.8110385741488771,0.861969376800042,0.793033676795997,0.8692263730009254,,0.8493937417989462,0.7930396787453878,0.825400137733597,0.8362416979400595,0.8452909957068289,0.8665304079579762,0.8659382382010125,0.8746288488543551,0.8229911231049711,0.787809387332042,0.7912578567220643,0.8299860837448451,0.781984936946783,0.8517617102495268,0.8573848261869463,0.8388698913229102,0.8196617154253343,0.8334698674682216,0.8333084975439647,0.8158790883167089,0.8464161305716946,0.8123484436016741,0.8077977271842759,0.7583394194603248,0.8229980868115613,0.7867729510054159,0.8225072105802047,0.8152156932217947,0.8373249460466092,0.8920950985446876,0.8434983109146978,0.8183108707873294,0.7826041243314226,0.8432782441431558,0.8324826514432156,0.8144160787735808,0.809162083839738,0.8326099482818271,0.8034982680428103,0.8507929397202787,0.8521564793798737,0.8408091577177502,0.8523841549255013,0.8056789114814003,0.8171307964564972,0.8020146325160825,0.8149454643665619,0.8519915413406872,0.8543708364372394,0.8436114977520894,0.8342355280630543,0.8108018695555231,0.8380582529871059,0.8111056267647127,0.8260553734412456,0.8523792901105661,0.7874594404524816,0.8356274294524878,0.8261086495475879,0.7948315801765276,0.8215177540752118,0.8176838788626275,0.8376264056879688,0.8372588234683929,0.8035653744474685,0.8175794996588777,0.7906425908428338,0.8008708253521992,0.8745532203430967,0.8016872885336984,0.8705481172797864,0.820820212788085,0.8341886929227292,0.8249400205395239,0.8302253276349232,0.8239833141784009,0.8192285128152498,0.8069146114254482,0.9013215961263443,0.8253811114741094,0.7999156568544142,0.8012900713724113,0.8167711899079148,0.8191004988871203,0.83088419803995,0.8192318820535598,0.8111466154876225,0.8137843305496736,0.8044204090026527,0.8241921713682361,0.8026700025320251,0.8296767972975213,0.8647662816203849,0.8149693420856642,0.8512244653401307,0.8073636097162441,0.7775955244571964,0.817025063729771,0.8534728457882957,0.8569960855117793,0.817716682412457,0.8153258732959401,0.8178856929087568,0.8217752995559784,0.7907757160364992,0.797764658169999,0.8146166347453788,0.8295361136236006,0.8612576383892759,0.8378261268568103,0.8378261268568103,0.8378261268568103,0.8378261268568103,0.8378261268568103,0.8378261268568103,0.8378261268568103
32,0.7928452236111556,0.8365141032084393,0.8472510709665932,0.8487823192633264,0.8288707120210458,0.863478723621067,0.8402811455676983,0.8457407422059953,0.870191907129835,0.8032014153489917,0.833733374752645,0.8468463675583106,0.8617850360803295,0.8673455292864678,0.866789463764432,0.8617734683412133,0.8260156293489228,0.8036329940121051,0.8778448294056023,0.8510514518184532,0.8922202584383129,0.8935464003729316,0.7982309709142852,0.7845252808186738,0.8078618121854033,0.8359922561743189,0.8703020250741009,0.8479680280894049,0.8518424908753294,0.8322409286361014,0.8493937417989462,,0.8374513047484146,0.8051618413332641,0.8993687300239177,0.9172480256794927,0.890406903358633,0.8489796604452832,0.8136890998722562,0.8336869964984488,0.7923034108583401,0.8402940035644996,0.848903444787005,0.8357322443813658,0.888597048784851,0.8720507201039874,0.8890483600016303,0.9094759651575524,0.8831983186959963,0.8567626129092498,0.8463196385075544,0.899454669297516,0.8442886189001981,0.8510382723213774,0.794156269703669,0.8818426337978817,0.8634599110721775,0.8835956314380594,0.8585702920485,0.8878802381631936,0.8038467414784382,0.8982720037482587,0.8708256705097076,0.834684883081509,0.8697022315857399,0.8532970567901519,0.8792326052236559,0.8443334883013724,0.8768769091552587,0.8814401429492688,0.8596671733460458,0.9085982770948099,0.8820124981532736,0.8954804823815739,0.8326132716588147,0.8134951234129834,0.8739936216869114,0.8835789481459465,0.9030274375631167,0.8626163007441595,0.8886793879342484,0.886144480656845,0.8496493040421753,0.8747235858076838,0.9056002166126189,0.8836170536321529,0.8942199782960789,0.8259480908570422,0.8966612990976291,0.8796971635029804,0.879496584582553,0.8787981705250159,0.8492380318126088,0.8864959755175571,0.8794712065679408,0.8972646910426552,0.8690320044262745,0.866122745547579,0.8441515606409566,0.7746258667675241,0.8372476701837285,0.879907413586535,0.8776026574331329,0.885107723832806,0.893428546189194,0.8869618017248404,0.8819881035879962,0.8847274300391487,0.8556440460382375,0.8659837737253883,0.8198685879812728,0.8690657298722606,0.8536956622422865,0.8304316586710038,0.8756223049341312,0.8674321556172281,0.888402058945504,0.8866262447453788,0.8551707254108997,0.838726348410836,0.8708942876193753,0.8743298213329233,0.8927491185650079,0.8852555417473342,0.855047440089014,0.8766513068436221,0.881896282455598,0.8339964033929373,0.8543783343708101,0.8582851717160578,0.8395553093584477,0.8650305925979863,0.8847832544118898,0.8752489032188142,0.797443980585152,0.8107073278410705,0.859484249535758,0.8707543908913487,0.8633738562289479,0.9055914421602139,0.8878268985434421,0.8878268985434421,0.8878268985434421,0.8878268985434421,0.8878268985434421,0.8878268985434421,0.8878268985434421
33,0.8367491469697312,0.8939419621285406,0.8570844504623343,0.8902529870410086,0.8263000023854131,0.850262161840884,0.7995859129904905,0.8514428025240897,0.8767037256446699,0.770061042673239,0.7861598723717469,0.8294559591733389,0.8635140477152143,0.857313315021309,0.8486041112752916,0.8128813460507358,0.8762076978382473,0.8562847842468267,0.8520634894106008,0.8835966748095706,0.827019549206398,0.8158206464311916,0.7812974983338409,0.7602620152567466,0.7756788649728447,0.8547184840554135,0.8680604686762938,0.8131564012664475,0.8520511974081985,0.809951805033949,0.7930396787453878,0.8374513047484146,,0.7767019324059161,0.8740000430701157,0.8462184380438414,0.8500330989077577,0.8073779973073052,0.7962803542715576,0.7673187603605854,0.7813380076001467,0.8361345500688113,0.789976826495515,0.8719586096392624,0.8578400767251737,0.8563758738832573,0.8337281699039196,0.8377194369732772,0.8346287609243966,0.8081568535043335,0.9203552948112868,0.8178470041381859,0.9170694520337237,0.8371344364503126,0.8030451821520792,0.8677399738949149,0.8525737213087865,0.8348329776994071,0.8769976339939625,0.8268709122881699,0.76739753741525,0.8589825496765395,0.8666069955432418,0.8451673349639235,0.8381420061346695,0.8262517732437455,0.8195771972463484,0.8435179780655715,0.7755055015555319,0.8566175663241846,0.797005971663279,0.8614572694586171,0.8272250618439184,0.8399524242968336,0.9066780240929009,0.8339021674097955,0.8737601646128517,0.8598906897676611,0.8485109634085028,0.7742168465640723,0.838144460021557,0.8054976324105309,0.7837222388347403,0.8060166026842953,0.8566899359552804,0.8092951501729051,0.8182978955065722,0.8670219093330122,0.8257253761306835,0.8097025603251982,0.849211472209118,0.8178636797071764,0.8548528003589169,0.8649334385409123,0.8395318123715085,0.8434912995929822,0.8273038624055169,0.8529917478073875,0.8701590403352326,0.7289392656564025,0.9026618819662793,0.8030088969402018,0.8638175132427488,0.8044111176090037,0.8406356111108763,0.8426726237372524,0.8605822872614898,0.8601554484777024,0.8389266834934783,0.8264370988565745,0.7641520553626239,0.8694886824288621,0.8690620857492117,0.776280314656845,0.831952447837125,0.8334937108193562,0.826228700269747,0.8637413337376326,0.7950420851169767,0.7856738588832336,0.8457304630165814,0.7981882582836354,0.8600035031118757,0.8192846727469224,0.8809869211664367,0.835124531055166,0.8262997281725794,0.8786304536540018,0.8727581212824842,0.8087390611398779,0.7820769486784769,0.8456880348253295,0.8561466132435022,0.8278125430891109,0.8280507479022808,0.8687109667784995,0.812890314677644,0.8080758871006721,0.8337181168299284,0.8492373677069547,0.842780374331946,0.842780374331946,0.842780374331946,0.842780374331946,0.842780374331946,0.842780374331946,0.842780374331946
34,0.8503640998433903,0.7659987918246136,0.7544846680663579,0.7854797497903734,0.7599289043374177,0.8494866092879425,0.8035390622310085,0.7482825894833423,0.7995241987627013,0.7918567147579398,0.782655636300627,0.7525781633831592,0.7866963506738407,0.7843642167597048,0.8512810326580031,0.8511416997809031,0.8513140070478298,0.7607221622073774,0.8484943606215433,0.7845927951117176,0.8035748311234993,0.8398629055120596,0.8432562317540877,0.8174827267532812,0.8608184912120724,0.7372776665105345,0.7653795049587808,0.8330331916374655,0.738034144532387,0.8627648288309013,0.825400137733597,0.8051618413332641,0.7767019324059161,,0.794638060683352,0.7961532097190575,0.801407639522627,0.8065481033354351,0.8634127835703453,0.7892176644939197,0.9415410795973356,0.7637542848365517,0.8558693878458126,0.7462514607975315,0.7753732200201207,0.7953488743667584,0.8258484024262318,0.8048443132035116,0.8491684663658154,0.7624983528904995,0.7992837409915584,0.7887522911401295,0.7912231939783554,0.7834079760559364,0.8104821169112087,0.7797092555512181,0.7522968320980276,0.763820870748951,0.7957326808058639,0.7627692699013326,0.8623503357461663,0.7968424045601975,0.7735392862818352,0.7807260255071117,0.78672643535985,0.7693109040938756,0.7700435840425698,0.7570817963156946,0.7698286098877327,0.7831169691052176,0.7559209030804955,0.7716873194632894,0.77273685143493,0.7834157856538133,0.7707874232017746,0.7549258888612999,0.8005483536681205,0.7760067113881329,0.7927215158200722,0.7922305852221994,0.7880596453642899,0.7593423679733298,0.7550726831169539,0.7668835246556419,0.7856310815232563,0.8190531963798344,0.791891133616308,0.7406792540008478,0.76496073689129,0.8013969565299708,0.7741517436625757,0.78318927760491,0.843237396756159,0.7856315189002723,0.7863111351224232,0.7781532347522252,0.7764913241913672,0.7592425875119135,0.7562271239383042,0.8046583541751449,0.784661455688976,0.836126877707337,0.8182629086921361,0.7810449790030445,0.7957063392441447,0.7973746938339806,0.7966361763847556,0.7831639957350978,0.7694249013016411,0.8484156460902945,0.7564432545341484,0.7712280924009007,0.7628894823885052,0.748571057320217,0.7861882962386852,0.8042917995251683,0.7915415649748677,0.7833564615219775,0.7868358756688368,0.7372768494174395,0.7940186654265937,0.7808150667730058,0.7730302693882447,0.8092871505209736,0.7973670955262633,0.8177640274669833,0.7934921596510258,0.766564694952471,0.7631432137993334,0.8672376971159655,0.8138439140514862,0.7627923398410261,0.7753510732525535,0.7658363856403338,0.7667292604694839,0.8347927345257748,0.7726973270264466,0.7806126004157842,0.790059957850913,0.7920443453763242,0.7841085669865063,0.7841085669865063,0.7841085669865063,0.7841085669865063,0.7841085669865063,0.7841085669865063,0.7841085669865063
35,0.7971763972055493,0.888389941549099,0.8845213263022285,0.9012978559998389,0.8646826851353999,0.874604799066071,0.8030469029203191,0.8935112088702879,0.9147817629201145,0.7826327762551712,0.821206405830976,0.8518278842625363,0.9075609156771531,0.904846161881955,0.8591354300278424,0.8335003538885002,0.830148096148671,0.8487351848758413,0.9098994364597919,0.923005338818663,0.8635175938615952,0.8880326743144134,0.7841974734338462,0.7963929452444686,0.8013450253474212,0.8964350739436601,0.8953821254556056,0.8371409435175757,0.8705871931154973,0.8485490021154604,0.8362416979400595,0.8993687300239177,0.8740000430701157,0.794638060683352,,0.9002855981188473,0.9155764452491435,0.8445913262963556,0.8105089037077968,0.8306435035340717,0.7916458290534579,0.8678266264953944,0.8149179756791795,0.900148952633207,0.9003501410344135,0.8986502696343157,0.9027883513166621,0.9051961894433141,0.8596269360630274,0.8397069884063078,0.8944343414312299,0.8727770988983712,0.890624371593326,0.8638686421070358,0.8045103026742239,0.8959363439819166,0.8984010245482512,0.872739360670682,0.9268179580010963,0.8774743085258054,0.8026332346465265,0.9165213747478612,0.9085505677333654,0.8589430867464157,0.8878981618358995,0.8601966701578938,0.8602352925744345,0.8659996275802481,0.8346974870271795,0.8772148353309217,0.8477204335594122,0.8970740689841423,0.8499025895224583,0.8891661615356773,0.8828006936133176,0.857606542426006,0.9040012792219726,0.9093615643936919,0.8919315401238469,0.8435348734068487,0.9089256031387956,0.864141263159992,0.8296805117748826,0.8562400270282076,0.9275379911511736,0.8685170316091095,0.889230706872699,0.8860114908111417,0.8868584897503751,0.8620709898749428,0.8974391224765119,0.8725870090657396,0.8490314596170077,0.9245667722079063,0.8804605983677631,0.9102027008152703,0.8531529473445736,0.8930758208586733,0.8958325855926778,0.7596986376565737,0.882067727795454,0.8604205125696466,0.911683461960719,0.8803044930262416,0.8813738654938537,0.8820571326080315,0.899002160980619,0.8883891536155376,0.8648960711210272,0.8736001048073462,0.8266915248236999,0.9146203809519293,0.9119380816998384,0.8102349540678897,0.8667208812791654,0.865876591165189,0.8739982910019577,0.9228672695881903,0.850398317299283,0.8239907032970176,0.8905118861119142,0.8462584842588592,0.9099561923733699,0.8690329975596851,0.9003049082554687,0.8845001109881767,0.855908316216324,0.847783936920169,0.9017508329072254,0.8304429519727382,0.8178764228165412,0.8837660948030529,0.9174329482578811,0.87855046408046,0.8128239938091563,0.8334758981180426,0.8438785340628056,0.8618560629076978,0.8616211815323614,0.8995916978834442,0.9162357947686032,0.9162357947686032,0.9162357947686032,0.9162357947686032,0.9162357947686032,0.9162357947686032,0.9162357947686032
36,0.799244653549924,0.852316600913363,0.8594115495611839,0.8535269737278911,0.8253417494855592,0.8462653509193184,0.8216754154930259,0.8480152317615638,0.8773178154496512,0.7912249608700422,0.8101500954761149,0.8197891991418294,0.8633221489816199,0.8719036815502795,0.8710609740759644,0.8411011593360138,0.8362746347140163,0.8136005633390423,0.882612612716545,0.8772677053900693,0.9024473540261997,0.8998242114069676,0.7898164560215487,0.7953829989687031,0.7791170737921149,0.8757633350022003,0.9005943391075161,0.8087862879149329,0.8673694805593528,0.8223886080020687,0.8452909957068289,0.9172480256794927,0.8462184380438414,0.7961532097190575,0.9002855981188473,,0.8977046947003435,0.8321453332368052,0.806947269938274,0.8323428388874189,0.793025963767664,0.8485633499674377,0.8514167303852436,0.8583846400105248,0.8879245810063949,0.9084625995833518,0.8974376747515058,0.8704254672360137,0.8561483416390168,0.8369154541545026,0.8696707809237142,0.8765491828962636,0.8671611266800399,0.8468560989679212,0.7702281278594684,0.8996563503613749,0.8865244585675368,0.8799360761276213,0.881514902602633,0.874511070397599,0.8078291030840206,0.9189486148399828,0.884445947331501,0.8246121964480427,0.88073624025007,0.85059300488434,0.8527112788712999,0.8475132445451861,0.8360913836177218,0.8748069543921974,0.8500352096418644,0.9172524305945179,0.8635759574911634,0.9050250010747822,0.864573581975147,0.8332257329211067,0.889945595077053,0.9047632640191042,0.8838897698053328,0.8462163859637042,0.8798008820012694,0.8445497238894007,0.798392144732059,0.8480643083057047,0.8817862084747019,0.8868298153659633,0.8814376629466893,0.8488342118579234,0.8927292246604195,0.9042939438343798,0.8776510318349997,0.8690894280694909,0.8580017122990445,0.8916586453513498,0.8661685773148324,0.8791540153244686,0.8623891095721331,0.8902543975641984,0.8662641869386443,0.7882500527718866,0.8474391290186077,0.8760758414641587,0.8893207726905169,0.8614692280428208,0.9145730656478045,0.9061958301498141,0.8769902927985299,0.874943466757528,0.8489757028280361,0.8702700834532402,0.8243067131128297,0.8630233489069302,0.8666902366065797,0.7793912748217047,0.8922802577725927,0.88649962414067,0.8904287393353996,0.8835180868834547,0.8344697616103713,0.7989851795276786,0.8640259216124049,0.813327922089328,0.9032582867614587,0.8835240763734423,0.876508345735756,0.8624139797986564,0.89768265682507,0.8421001045426483,0.8756353238916926,0.835054304129252,0.8568408325970496,0.8817840478976252,0.9209365749517473,0.8577875400978614,0.8145683692440887,0.8234947117926554,0.8671221736941899,0.852531070460342,0.8478133395724858,0.9131658101917899,0.8942116615797705,0.8942116615797705,0.8942116615797705,0.8942116615797705,0.8942116615797705,0.8942116615797705,0.8942116615797705
37,0.770618823043729,0.8651134297427772,0.8676294202305063,0.8615972407310115,0.8355263476867288,0.8532985769674806,0.8084622589747759,0.8605929193154581,0.8799683317201406,0.7787846238367377,0.7916247287951874,0.8448131224644687,0.8637932849392367,0.8715819498416915,0.860853373546777,0.8262192201566125,0.8153043656461859,0.816945933630044,0.8998363303210845,0.9080310182142863,0.8622541161455798,0.8903431543364095,0.8201295200312054,0.8194468649706736,0.7935662274795893,0.8995361655387799,0.8761063948225876,0.8404362114484654,0.8589929785711073,0.8483014471389366,0.8665304079579762,0.890406903358633,0.8500330989077577,0.801407639522627,0.9155764452491435,0.8977046947003435,,0.859190771566284,0.823893238893599,0.8368262195477394,0.7812957312316823,0.8719891418066648,0.8236051267352431,0.8830968478940219,0.8961159119510091,0.8963077401945441,0.8801002837872038,0.9014678793448629,0.8555221256806108,0.8432541584383011,0.880081683226896,0.8921952620197559,0.8704193202179245,0.849254850639489,0.773280343055089,0.8881298417126029,0.8733460419237455,0.866673223143012,0.9025934950517348,0.8946734610740759,0.8365300088783885,0.9092496338083841,0.8890372339649165,0.8324240320372979,0.8782170913043904,0.8600377162309284,0.8638686465736525,0.8525451668891004,0.8372679949492898,0.8611766673890724,0.8622727798731027,0.8911351290450931,0.8564815449352594,0.890388673112365,0.8741681425819035,0.8649597562593804,0.8849007681261088,0.8937377409819129,0.9177555619380589,0.8804527606526605,0.8930020631569241,0.8655855823183642,0.8119152230785662,0.8759926280191312,0.9083862770652172,0.8525306738776152,0.8984650535587658,0.8675047089499531,0.9025459011344317,0.8559534665466906,0.8710670698543178,0.8517594071526072,0.8320625426515564,0.9101292853738552,0.8801407317653447,0.870164825973822,0.8524098071898355,0.8760320646852027,0.8749868910256521,0.8209148519662615,0.873349261238134,0.8709470279381106,0.8858823762497379,0.8825519263775505,0.8755021660013065,0.8721441585356766,0.8752828610013086,0.8698504381063807,0.8424906858591727,0.9021351958593672,0.8414496205548653,0.8783690387954372,0.8946393255294569,0.8030773058996877,0.8577505365931524,0.880022563403386,0.8587485155860534,0.881489634955043,0.832618770426494,0.8139226978122526,0.8747815401557162,0.828116900802425,0.9042247265010246,0.8840444530608091,0.8742453006059329,0.8768896250245002,0.8488972216905177,0.8314830991551555,0.8884493668606963,0.8503655379942536,0.8610496219983275,0.8833618270589617,0.8889244142305852,0.8632692348901306,0.8234665727583079,0.820906495085881,0.8295029675220618,0.8457852244971624,0.8559943291953694,0.9059313893563645,0.8988181501262494,0.8988181501262494,0.8988181501262494,0.8988181501262494,0.8988181501262494,0.8988181501262494,0.8988181501262494
38,0.752332188275512,0.7872688809370038,0.7994583997553478,0.8078912529980457,0.7888878181104336,0.8512776648605118,0.7982127311545689,0.8275435730885765,0.8155665687019562,0.7842240754175913,0.7677607721606395,0.8255524314192085,0.8041084119372681,0.7991205872431593,0.8017456393421521,0.791185838072503,0.7760819536832706,0.7618572740838575,0.8665479289402402,0.802307442586453,0.8251461802111271,0.8521980429631004,0.8064506760461987,0.835570570847357,0.8224679752998254,0.8067520184754902,0.8121191378715753,0.8244387083786718,0.7785959570459768,0.8451526624783471,0.8659382382010125,0.8489796604452832,0.8073779973073052,0.8065481033354351,0.8445913262963556,0.8321453332368052,0.859190771566284,,0.8424165759212848,0.799892687365159,0.775663559648062,0.8460335815546642,0.8116054856047871,0.8150821635971843,0.8367663525317492,0.8495485248084442,0.83385573068556,0.8400306682697163,0.8363218388541441,0.8219861545440811,0.8082029685869588,0.8666590598808813,0.8137204460814604,0.874330396624551,0.7412494962764271,0.8242556058771631,0.7901712287573964,0.8043147054768571,0.8300523145642743,0.8419596266801056,0.8299863682002111,0.8282514309031388,0.8230705217006211,0.7787551705021621,0.8143915616982822,0.8048991979876495,0.8394771318750256,0.8091932682283083,0.827397163146773,0.8212363848952317,0.8314010100765714,0.845953077945946,0.8403434678048637,0.827723547500054,0.8051350000555488,0.8126870583617812,0.8057620341666607,0.8312205425657584,0.8619017029958067,0.8470152142160491,0.8439152980917746,0.8401758600438015,0.7901718252148971,0.8561312618125598,0.8412454258248485,0.8211025707877904,0.8433083360939367,0.8036737966436649,0.8296147563987641,0.8253711705083672,0.8063584337315451,0.7994400366653485,0.8324387314919137,0.8399481695985732,0.8214837617554013,0.8109625241176984,0.8435858054024212,0.8033952640229969,0.8012823659118902,0.7951493477076251,0.7856781547455473,0.849883551897167,0.8282434212351688,0.8335332222640969,0.8042664080412426,0.8156975183712382,0.8144144349593415,0.8175328672907637,0.8051560521381813,0.8507134239433403,0.8262001706141222,0.8236409798341224,0.8189172672047108,0.8008734754469977,0.8103241709053164,0.8310537604504938,0.8121072036917739,0.8185681182205945,0.7851137459906571,0.7878886035468814,0.8256153246204884,0.8013918061729255,0.8241772045025357,0.8592475239619943,0.8029948497087861,0.8722421231308168,0.8089885024354764,0.7802519296594876,0.8053930820738014,0.8767804350013975,0.8517344453086757,0.8219569848312054,0.8108837216513131,0.8380930669192308,0.7932245790022215,0.7893029866952442,0.7797602555398412,0.802631655557687,0.8389458362927349,0.8465443010315765,0.8395945523896704,0.8395945523896704,0.8395945523896704,0.8395945523896704,0.8395945523896704,0.8395945523896704,0.8395945523896704
39,0.7619267081343287,0.771092376461118,0.7741343657537085,0.7942124281839442,0.7739017764403916,0.8430256557484075,0.7865664311391993,0.7971168791223244,0.802487448891561,0.7781089578016229,0.7657439505607504,0.7870143872984228,0.7934518631201838,0.7811104222234386,0.7960206819834694,0.7755288356987912,0.7878494269335502,0.7701680320649472,0.8530025184369547,0.7939192129275188,0.7991139086672582,0.8255185208323613,0.916377774073273,0.8824757788635257,0.9590725659855801,0.7798733293232474,0.7803688544931299,0.8861486583200825,0.7492867331001267,0.9335499356373931,0.8746288488543551,0.8136890998722562,0.7962803542715576,0.8634127835703453,0.8105089037077968,0.806947269938274,0.823893238893599,0.8424165759212848,,0.7804817639748975,0.7880240961824504,0.783439172208404,0.8356861452679567,0.7684760111408104,0.8072513826070713,0.8325957457478215,0.8201803106826726,0.8071153032753606,0.8142842956685911,0.7785226659680644,0.8232944871683355,0.810999567096813,0.8039663793669678,0.8070692191984905,0.7707671677373766,0.7946262254006233,0.7598609256973418,0.7811474845334004,0.8063035973999717,0.7901923070829014,0.9364975354429707,0.7932704429811005,0.7884997046395394,0.7644822708429916,0.7981599539306559,0.7874587270146852,0.785584153902708,0.7807199298191276,0.7883103448914247,0.7885427231235185,0.78215771769461,0.7989965358151876,0.7992310849104184,0.799098639442277,0.7992824944743837,0.7862933188355776,0.7892287481960634,0.7912910473979836,0.8161311878751342,0.8124659797729687,0.8109178586570407,0.7993807714143941,0.7780265533907126,0.8115621622321083,0.7983440391137236,0.818294424999935,0.7982902803536451,0.7569604803274437,0.7835544665742565,0.8017096010016092,0.7727447968671589,0.7836455783949892,0.8327903887366934,0.8040587593775322,0.7924804420286041,0.7988013308361116,0.7982234128091431,0.7571701554561777,0.7727957762033345,0.8488238213888069,0.7892894381235602,0.8533900548999558,0.816097640552304,0.7914943167524002,0.7917241902264314,0.8040599957386834,0.8019424161598904,0.797004503419608,0.796074218883718,0.8694131280634002,0.8112943252794721,0.7994432371932351,0.7872110643459591,0.7774754786799459,0.7931240344599503,0.8135155197609922,0.8050893997774129,0.8020237214066034,0.7760746004293798,0.7712246887838903,0.8094125465459227,0.7886384355288305,0.7924803944986786,0.8308639569246036,0.7977354669577347,0.8294905412130544,0.7814608865352076,0.7865422699193172,0.7882217401276767,0.8676301825143804,0.8450985710320597,0.7802546953321148,0.7839226757767066,0.799376161833283,0.7917116516495452,0.8119865191318236,0.7671122908331353,0.7822114399586934,0.7967634441444849,0.818833960196554,0.8084998800121832,0.8084998800121832,0.8084998800121832,0.8084998800121832,0.8084998800121832,0.8084998800121832,0.8084998800121832
40,0.7924506896996669,0.7494956860457797,0.753732584659256,0.8014525575220938,0.7941250037111852,0.7635816786023902,0.7701746607034647,0.7504490368738508,0.789639415524859,0.7450125010771277,0.7695046028594865,0.8099954994351466,0.7955027618299355,0.7961043323218809,0.8124640157286923,0.8134804747185643,0.7876001967854401,0.7431980690274278,0.8215787133945691,0.7869644200858611,0.8020810687010403,0.8766672711909633,0.747259372557551,0.8176952870973111,0.7514087360289582,0.8006635380938469,0.78533201606078,0.7568512806939298,0.7908636582403124,0.7654307263929839,0.8229911231049711,0.8336869964984488,0.7673187603605854,0.7892176644939197,0.8306435035340717,0.8323428388874189,0.8368262195477394,0.799892687365159,0.7804817639748975,,0.7863651321952584,0.7924564605240558,0.8101787399577531,0.74197192689055,0.8308879310215245,0.7961489645102672,0.8527993967557697,0.832905575063249,0.8173425257990695,0.7911929172866273,0.8100400428416096,0.8217921080955384,0.7994438622664807,0.75428696138865,0.7844113962282739,0.8032178574216495,0.7726794633838635,0.8129020526742142,0.8045993538762843,0.7978023758953481,0.8144232330919714,0.8507764080351532,0.7839310129489163,0.7700876164296825,0.8160784984801586,0.8250539152871397,0.7735784702926092,0.7460143982466743,0.8144612626371016,0.7764208756700789,0.810708506895588,0.8264303549436542,0.7960179908794824,0.8387776367691376,0.7994396756315582,0.7573330167944147,0.7944460623322587,0.8086929999557865,0.8258317365758301,0.8111291185199875,0.8142140800717426,0.795452119504923,0.7880459656062446,0.7888450325185965,0.7981999798760558,0.8221106129032195,0.8330545492130456,0.7478324515047423,0.8013422927488665,0.8305889020170808,0.7793671452040325,0.8182645902454063,0.835986608186999,0.83181231764414,0.8036299008961341,0.8091977039210768,0.783899716518965,0.7726961957147636,0.7605282050664366,0.8048013198533251,0.8058026200838667,0.8336120358584445,0.8438013996820395,0.8285347665377645,0.8042574948445047,0.8090717389484674,0.8026067275882365,0.7893339276901065,0.7684807926688271,0.8397552549633354,0.7921681869609963,0.7846515190715961,0.7774070587942576,0.770623307857349,0.7921107410814299,0.7800995668273796,0.8076443355878891,0.8004850748784418,0.8116472271085455,0.77695377176796,0.8117058723595089,0.7816585003306274,0.8020843954051514,0.8139329562594134,0.8318459569411795,0.7878157751385533,0.7997698986880284,0.7534380257977944,0.7832464384872952,0.7849426360967555,0.8033797136321913,0.7832476783690748,0.8033124596027529,0.7667484039821063,0.7823038348268725,0.8036871411840041,0.7627718205668608,0.8028351047792268,0.7621719984509534,0.8220426721261119,0.8089604981134746,0.8089604981134746,0.8089604981134746,0.8089604981134746,0.8089604981134746,0.8089604981134746,0.8089604981134746
41,0.8792064343166974,0.7838176094740888,0.7602899304496142,0.7890348396172249,0.7638750926859628,0.8427084818387018,0.8060331870527504,0.7437502397166544,0.7962406639729207,0.7909412490753015,0.8181180669548513,0.7483119833285632,0.790457634593937,0.7912001836001783,0.8545386718060601,0.8549348912326337,0.867060982044833,0.7652275896404703,0.8298894452915083,0.7758140999330495,0.8071100321608462,0.8351246453010903,0.7697231724321576,0.7636942533834731,0.7768720489830486,0.7310586659464204,0.7718519004928452,0.7729887982627275,0.7554251387528977,0.7951694310825048,0.787809387332042,0.7923034108583401,0.7813380076001467,0.9415410795973356,0.7916458290534579,0.793025963767664,0.7812957312316823,0.775663559648062,0.7880240961824504,0.7863651321952584,,0.7584767518188162,0.8449634890590654,0.7568048720314828,0.7663791168400488,0.7714710740949228,0.8139710795238928,0.8035698218009366,0.8428347438655143,0.7451801116539072,0.788388605399756,0.772781926792799,0.7884498049018781,0.7796238026716377,0.8317538761698998,0.7778973405701893,0.7577492792209302,0.7745552813365154,0.7922775005765721,0.7584848344475418,0.7874566950044831,0.7972123922314303,0.767952618052618,0.7973517346122829,0.7843330097708174,0.7680993050298279,0.7665748343102207,0.7564272413246395,0.7522167554100461,0.7892644824955605,0.7369080103631368,0.7689489178778164,0.7566076760482765,0.7783448556379314,0.7678769346792469,0.7414863469796652,0.7998836242805919,0.7743609093282152,0.7765645956275575,0.7698127251357214,0.7772165094139674,0.7490533397418887,0.7361255185965377,0.7460617612431639,0.7820865141400524,0.8209264428821645,0.7893171923746193,0.7442608359642463,0.767687167092419,0.7958458556192317,0.7865635281423798,0.787395064832598,0.8419161275572247,0.7749074454657812,0.7787056335874142,0.7677724954644035,0.7713067263733285,0.7652819513196152,0.7568625491337655,0.7547940440949339,0.7768049701932426,0.8054281428524539,0.8229850730792143,0.7805876987404798,0.8014012116226582,0.8039370771376468,0.8127670273409355,0.79277776657206,0.7784218200410185,0.8107739257476595,0.7372128858572542,0.7686750737448701,0.7591132026309064,0.7240768723888757,0.7826363911695241,0.7945431209820096,0.7927682646619076,0.7866573185898228,0.7811489424464824,0.7260275601885325,0.7881141445330265,0.7655332778930295,0.772962905144494,0.7927796066998737,0.8034781982396946,0.8029841624380553,0.80200736849672,0.7690943398610818,0.7530021854213204,0.8385116789598701,0.7863881398247987,0.7676062149332388,0.7818257535196196,0.7541699458290773,0.7569919108435313,0.8160637179034333,0.7824341562863703,0.7758549133312613,0.7881892705656804,0.7863911142678436,0.7730986581435797,0.7730986581435797,0.7730986581435797,0.7730986581435797,0.7730986581435797,0.7730986581435797,0.7730986581435797
42,0.7739451837177806,0.8245166276028167,0.8121394158904961,0.8383140245912835,0.8000983588006402,0.8244233426678101,0.7726275457149038,0.8366213498636222,0.8542847207224313,0.7470858880096392,0.7730686449797408,0.8085688874210407,0.8262228677452859,0.8500794009934665,0.8159843881566246,0.7876887574963711,0.8099090820867574,0.8406452465804413,0.8510668659671203,0.8700250976405298,0.8270972777384853,0.8511684069325949,0.7665310428649579,0.7803360411919971,0.7701882437372332,0.8396939501537749,0.8418350445853748,0.7929943251369167,0.8062809903979252,0.8104783279139506,0.7912578567220643,0.8402940035644996,0.8361345500688113,0.7637542848365517,0.8678266264953944,0.8485633499674377,0.8719891418066648,0.8460335815546642,0.783439172208404,0.7924564605240558,0.7584767518188162,,0.7812057585222532,0.8631712374249207,0.8434889180390652,0.844835619683286,0.83790966279864,0.857044756872833,0.8312182607297703,0.7816775065401611,0.8826061270868125,0.8737065090106708,0.869581717327985,0.8563269490311702,0.7790722201612977,0.8401317567271424,0.8374746315582381,0.8160506852450782,0.8704848499553102,0.8537984781692599,0.7785259465823923,0.8590091706167253,0.8521580931990471,0.8216907357147396,0.817604738086962,0.8156984611301892,0.8321186788488721,0.8340479683324729,0.7771760545689868,0.8368525048117054,0.8104530831814609,0.8377498683377654,0.8199664786681037,0.8308447280640592,0.8667079040840397,0.8770629313715659,0.8629091368563339,0.8501536573636328,0.8938511495309234,0.8351758469683859,0.8600353566415709,0.8020660112181968,0.7665223545002365,0.8552137501767676,0.8692167219963748,0.8229782735539218,0.8664259672267369,0.8433212574042064,0.8590740934608372,0.8273258062951001,0.8387752466199182,0.8142032199524178,0.8268360073019152,0.8699555328848687,0.8593561836388095,0.830498439590521,0.8388381612569845,0.8352460513579623,0.841744571164313,0.7381087352154022,0.8603438098335414,0.8110036321736084,0.8372416572212522,0.8475815023172024,0.8257987127804531,0.8357380364899593,0.8460852120250872,0.828567561600567,0.8168384125166723,0.8467408505900941,0.7883446479114596,0.8560930207362796,0.8600795803131038,0.7612210700200869,0.8300853326471573,0.8228247427470273,0.832343591941328,0.8458271523781079,0.8010016105592764,0.7764606439639197,0.8340933825713351,0.7941169582916088,0.8436329179848995,0.8172027017177661,0.8675036722051933,0.8330586046356545,0.8315168701450382,0.844179509356184,0.8353713694439692,0.8009840796502324,0.7985225387915373,0.832198329022048,0.8369429293743682,0.819357814365088,0.8202693732430418,0.8247308205105974,0.8013585584017334,0.8111597362977246,0.8156040628803816,0.8403381997779709,0.8472502143567238,0.8472502143567238,0.8472502143567238,0.8472502143567238,0.8472502143567238,0.8472502143567238,0.8472502143567238
43,0.8403164791285946,0.7898690304470111,0.7883603890107718,0.7921494900714233,0.788398526068748,0.8075220873841418,0.818467586678378,0.7654219062781347,0.8052289798934302,0.8098283481858196,0.823047079479133,0.7710730331501096,0.8009686843187621,0.8048061339774213,0.8704050685316316,0.8635752142623669,0.8438442600942911,0.7600393083660694,0.8174941699143778,0.7892637059789074,0.900768399332503,0.878427100804471,0.8091171708025594,0.8119392845844842,0.806743200620167,0.7773467532660702,0.8170316819833896,0.8031162294541718,0.7962486187055874,0.8260860042348792,0.8299860837448451,0.848903444787005,0.789976826495515,0.8558693878458126,0.8149179756791795,0.8514167303852436,0.8236051267352431,0.8116054856047871,0.8356861452679567,0.8101787399577531,0.8449634890590654,0.7812057585222532,,0.7646850493831089,0.825965145609093,0.8297042012450642,0.8283848015116917,0.8226432759041697,0.8467952757392061,0.7963374617857208,0.8056107782038701,0.8413351247217422,0.8051296824675741,0.7959955882438091,0.7929993587199249,0.8264776512821197,0.8071838652552543,0.8166954686736279,0.8033530684900405,0.8153942507109,0.8303218747949266,0.8403084341819163,0.8109573768281488,0.7932821789640213,0.8149119736980511,0.8146044149044417,0.8004524531784466,0.764316114897897,0.8076391151904843,0.8310156425829909,0.7764819410865752,0.8383995744601447,0.8437124127104356,0.8158458970117435,0.7898012520511827,0.7638856996907571,0.8128263879424705,0.8077231429539697,0.8174302660458914,0.8077255841321759,0.811044685030321,0.8011861227683162,0.775293488288261,0.7903859907049001,0.7968837879812872,0.8986312154860793,0.8218169044474026,0.7615352857168427,0.8117446705599518,0.8714442474267913,0.7844018237785279,0.8157918590018229,0.8852012520002431,0.8085865941908699,0.8028605368512142,0.8029449647126867,0.8390877274278006,0.8060554306802841,0.7803632405766912,0.7968450526072525,0.7822378954773449,0.8805914625062343,0.8476468807997757,0.8131072997391611,0.8802002047340198,0.890656621691917,0.8056920229887604,0.7968200751089453,0.7802383060660625,0.8309135353543255,0.7918402548495301,0.7880240524345677,0.7777622242379323,0.7688435232761707,0.8568039692345614,0.8733788789931456,0.869082314834799,0.8111732549356641,0.7991675709450782,0.7799648443104197,0.8382572647747393,0.7995543832723371,0.8254607675769763,0.8594731874553916,0.8081510516090843,0.7997651052887613,0.8645898285428347,0.7756369298402569,0.7964128708068436,0.8429493741233556,0.892478396755812,0.806447788789217,0.8167230555197145,0.7987368809089201,0.761444646821217,0.8336707217520554,0.8685527200962311,0.8149349963472273,0.7871667379579834,0.8604307998467238,0.8171111776074983,0.8171111776074983,0.8171111776074983,0.8171111776074983,0.8171111776074983,0.8171111776074983,0.8171111776074983
44,0.7504663553989107,0.900643906489862,0.8868689381735829,0.8666430765855766,0.8190281149759423,0.8575951298101069,0.7837925187464296,0.8937180316818354,0.8691019743962144,0.7574466470921319,0.7784931381788128,0.8220697666391806,0.8583323344187963,0.8721667297025185,0.8262274463751071,0.7738850025478676,0.8084059694301178,0.8122276886011779,0.8719019112978037,0.9119935935798884,0.8425042682179488,0.8270403857881753,0.7634208457835723,0.7507717059175829,0.7456475679432643,0.8765202942070306,0.8978389229098723,0.8068404377611432,0.8362187647886485,0.8151607044238004,0.781984936946783,0.8357322443813658,0.8719586096392624,0.7462514607975315,0.900148952633207,0.8583846400105248,0.8830968478940219,0.8150821635971843,0.7684760111408104,0.74197192689055,0.7568048720314828,0.8631712374249207,0.7646850493831089,,0.8635915370720537,0.8793793811838119,0.8283544316262383,0.8405298290441424,0.8380920847245695,0.8082957146382049,0.8748299473321863,0.831133721935414,0.8686485344480214,0.8639219317834602,0.7382953641658175,0.8856786595613602,0.8880026415463009,0.821224341545639,0.9291915135832245,0.851794883192373,0.7604953075906414,0.8681225360675481,0.8930031146547196,0.8442490143792026,0.8378572451160954,0.8349083368131994,0.850803413090105,0.8667284116224427,0.7781351754348399,0.8508662133929861,0.8119852417616594,0.868066510244638,0.8228671709878429,0.8440775630771976,0.8620746015001515,0.8606519469872517,0.8884705417476328,0.8902204377627001,0.8660912237486986,0.7973440042103536,0.8730988912930701,0.820383717407526,0.7614843920259545,0.818569921037185,0.89699557975509,0.8032920285256627,0.8302593508590506,0.9252732665826937,0.8465713411525871,0.8277933427677118,0.8760935671936061,0.8130109761759003,0.7797581240108715,0.8966759253213626,0.8555398264628584,0.8609168042566696,0.8351492295688633,0.8840866458477368,0.9062528374004158,0.7173405913701604,0.8646310577480076,0.7966667671321228,0.8607442506606419,0.8325036386346174,0.8443602751229266,0.8471266069362986,0.8616215815531805,0.864987372632277,0.8506206819263593,0.8304571794305441,0.7934017900677197,0.9064408810215602,0.9267585858079399,0.7634872386537418,0.8447695190768284,0.8478445285946856,0.8133833746760527,0.8839407348434104,0.782414604010746,0.7808038385343392,0.8481230981303454,0.7873132230170989,0.878793480002478,0.8177975242291577,0.8586098907473709,0.8632578494432978,0.8253056827543356,0.8557520625161728,0.8984658926489306,0.7843039326219514,0.7675407792361342,0.866773005323624,0.874784417084553,0.8562206205274847,0.8027714586765017,0.798535188384589,0.8050628322796824,0.8162711613898235,0.8606664503897269,0.8578360784460682,0.8835110011284857,0.8835110011284857,0.8835110011284857,0.8835110011284857,0.8835110011284857,0.8835110011284857,0.8835110011284857
45,0.7844069705029024,0.8637630246886926,0.8468537626887992,0.8520955844602994,0.8220951966733145,0.832469448316536,0.7673811046591871,0.8543219181658243,0.8741922126385184,0.7461544561994965,0.819427378923925,0.8355850197371991,0.8619738310174829,0.8779245046916561,0.8847321154875094,0.8616973451430084,0.8256831425105883,0.811367467210913,0.8638110146893467,0.890797752401736,0.8608053409676499,0.8643804763631296,0.7798088730293694,0.7882058910842036,0.7793648369048215,0.8694024115500181,0.8788441365280817,0.8321634600386848,0.8703985107791563,0.820679544431145,0.8517617102495268,0.888597048784851,0.8578400767251737,0.7753732200201207,0.9003501410344135,0.8879245810063949,0.8961159119510091,0.8367663525317492,0.8072513826070713,0.8308879310215245,0.7663791168400488,0.8434889180390652,0.825965145609093,0.8635915370720537,,0.8660282429465688,0.8531316548039989,0.874500793217654,0.8956595205335638,0.9002759599134627,0.876216354791518,0.9151826512398373,0.8895365933668019,0.8372581227655589,0.7770353411932793,0.8805461519111585,0.8791118107497051,0.9182582543568469,0.895021115470879,0.8765447408782546,0.8107292362089819,0.8992485323136249,0.9161190718338318,0.8737801618315677,0.896622419917033,0.9123070397454832,0.8870859462954015,0.8768159442089208,0.8981099781001571,0.8800258184809312,0.8582868366754737,0.88893758254143,0.9036380014959104,0.9375764099369642,0.8820932653658116,0.8540267504852991,0.8790282070688739,0.8885143651550179,0.9226220025908756,0.8345045821158205,0.927176679480686,0.8871307036303908,0.8614670660709811,0.8732363359677017,0.875612090138237,0.8694508694747602,0.9173281117374531,0.8860660556609636,0.8903604553607105,0.8565125315163999,0.8788032989079206,0.88601328299377,0.8408382518747303,0.9306549236920238,0.9253913252034042,0.891942405799511,0.8744989993506402,0.8824329500936123,0.8856968012367399,0.7866719282925524,0.8705569654951177,0.861705775100533,0.8807177423807698,0.8877180057946216,0.8758507962906109,0.8841771762561197,0.8930016980968294,0.8969166006141754,0.8623654507866835,0.9028417738818613,0.8529257010442337,0.9093877478562863,0.9135061090694739,0.8399551337735771,0.8787062709326834,0.8665856594334036,0.8801440221768544,0.9076835577965676,0.8697163093755054,0.8604726557290245,0.906546314466278,0.8576472659959384,0.9106994902105227,0.8760589969319541,0.8996930093455998,0.8836100562421716,0.8614598358995355,0.8313726542158374,0.8952089995253195,0.8229106647212134,0.8314131731052862,0.8933643417706145,0.8994888807056493,0.9099806215823872,0.8364976814310446,0.823429622037517,0.8553670051367553,0.8901390637799101,0.8840666963170962,0.9181922171087351,0.9117335468918609,0.9117335468918609,0.9117335468918609,0.9117335468918609,0.9117335468918609,0.9117335468918609,0.9117335468918609
46,0.7750781861737779,0.8557460088295848,0.8589699029096785,0.8455694517681501,0.8160692242582791,0.8592229299960518,0.8312715905914184,0.8618330998925199,0.873250964741603,0.8021175614435506,0.7852390450494687,0.8259278406953074,0.8533719970030376,0.8592475475730004,0.8366087532705859,0.8026079862452087,0.8137638645325819,0.8120016688676674,0.8761118979924771,0.8777052454606176,0.8858638156004459,0.8740178637095313,0.823204955535545,0.8149433663785576,0.8066959047530655,0.8670591309798923,0.9076200884022284,0.8543872633931825,0.8341445020438396,0.8526292251754755,0.8573848261869463,0.8720507201039874,0.8563758738832573,0.7953488743667584,0.8986502696343157,0.9084625995833518,0.8963077401945441,0.8495485248084442,0.8325957457478215,0.7961489645102672,0.7714710740949228,0.844835619683286,0.8297042012450642,0.8793793811838119,0.8660282429465688,,0.886441059624444,0.8543382965964648,0.837686041444845,0.828718857053782,0.8709898676820086,0.8533143622278164,0.8670241464854682,0.8511825283961625,0.7641858529370735,0.9175668876494294,0.8733877174460825,0.8388487599957869,0.88781785925096,0.8659418786626918,0.8247781801771823,0.902287648648803,0.8719901201049145,0.8163677389779855,0.8621181182837963,0.8369866439533236,0.8386763121285966,0.8567788740314155,0.8230373922322405,0.8484526358440877,0.8373236418485577,0.9280411924864611,0.850686212622141,0.8641615699693213,0.8614058576072612,0.8520241568733306,0.8791750734232879,0.9151715713348626,0.8738226046223494,0.8420135165289396,0.8745153424853656,0.840475678420852,0.805783222530604,0.8366087697283136,0.8750531716804977,0.8546219095290907,0.852008359389055,0.8637086783010322,0.8604600258045249,0.8833650952473169,0.8597077093503911,0.8508579716332965,0.8261863058676485,0.8903088500603981,0.8575124744575641,0.8560134969259824,0.8524726194151241,0.8614157553529349,0.8728137192484893,0.7862861843310275,0.8573550490957205,0.8668689134568208,0.8683005719171875,0.8437602902121337,0.8816881917387718,0.8820437917755667,0.8643011658501478,0.8643762121114299,0.8441077304583264,0.8689235809238961,0.8006460842219076,0.8666396426838724,0.8725569921303858,0.7887081780596561,0.8809269315558917,0.8816457860018188,0.8557844398274785,0.8593370725156823,0.8162507395218901,0.8097072340293475,0.8566177439981078,0.8150119813447371,0.8719100927322702,0.8685575211856464,0.8635410602302094,0.8618849284020919,0.8632442618586902,0.8208087759305277,0.8765671107362307,0.8272807086945893,0.8483514004116713,0.8545992074408384,0.8945105082792799,0.8514269356244245,0.8156110707743925,0.814998817729828,0.8269252883357392,0.8291583833203049,0.8486337444957653,0.8996860932427009,0.8846728716544471,0.8846728716544471,0.8846728716544471,0.8846728716544471,0.8846728716544471,0.8846728716544471,0.8846728716544471
47,0.806161624904733,0.8266808189482882,0.8369310535646979,0.8655044123907604,0.8337593981232987,0.8649451618824296,0.8393427252066061,0.8358192158075325,0.8734702797965792,0.8098237624640957,0.790049352094366,0.8304718289453705,0.8741984310778887,0.8654253757890973,0.8409446559183551,0.8255358924387078,0.8209844836602019,0.83085996480233,0.896851754105037,0.8500269686286303,0.8564577800530816,0.9034136622352001,0.7955079644671461,0.8012324813455788,0.8069667586395952,0.8311305887398779,0.8629118375754662,0.8166790762440782,0.811945827560715,0.8286717236832035,0.8388698913229102,0.8890483600016303,0.8337281699039196,0.8258484024262318,0.9027883513166621,0.8974376747515058,0.8801002837872038,0.83385573068556,0.8201803106826726,0.8527993967557697,0.8139710795238928,0.83790966279864,0.8283848015116917,0.8283544316262383,0.8531316548039989,0.886441059624444,,0.8985893858503526,0.8314804176943708,0.813696544335939,0.8634765815517882,0.8470451923058009,0.8542775325931189,0.8232038471622967,0.8035437386766061,0.8730444738840558,0.8364830683189486,0.826709282468354,0.8677523468527376,0.8387851886988015,0.8160441721976427,0.8922127299456879,0.8473846334997246,0.7972537440782093,0.8529512658201122,0.8306986371164997,0.8090949550381058,0.812609979964809,0.8284301815720931,0.8212545825650908,0.8299066287713734,0.8677122828912504,0.8115569243619668,0.8588829953848885,0.848620004562412,0.8127155176218112,0.8760983751818341,0.8770960176984313,0.8551488037075003,0.8366526133339787,0.8640782071375331,0.8207495004172635,0.7966837486402302,0.8343478859426281,0.9011293272910149,0.8745734358120042,0.8546029090806782,0.8185829426340125,0.8330135698124495,0.8697916456261007,0.8370534335648215,0.8510610380016288,0.8337428430379477,0.8739094179426224,0.8379756669291997,0.8926546429549302,0.8181856441172761,0.8318809809660989,0.8259726052030452,0.7882867406353329,0.8489365831990783,0.8812372008222868,0.8814072095802925,0.8496522967549625,0.8684778834059285,0.864100261466751,0.8438170140017921,0.8328737719746709,0.8193469659578372,0.8727146497210495,0.7952690556649479,0.8748283500322611,0.8480684588717229,0.7747765296113984,0.854838885530153,0.842818545868618,0.8446173526295213,0.8763197340458216,0.831072985073309,0.7938498990822109,0.8439679640880986,0.8112678670909531,0.846080839115344,0.8562984086903135,0.8694627818321297,0.8468097192206231,0.848993634993426,0.8133862012173598,0.8449209398059148,0.8359439944207696,0.8366794933614128,0.8246945809021016,0.8787937171919709,0.8182618104279613,0.8350554416698368,0.8473615518866416,0.8075560173314352,0.8246949009873423,0.8163716618908305,0.8832106060482909,0.8838485510055112,0.8838485510055112,0.8838485510055112,0.8838485510055112,0.8838485510055112,0.8838485510055112,0.8838485510055112
48,0.7914645540811069,0.8577644185403981,0.8342970196129035,0.8439501493004988,0.8031261382187644,0.8629380084081111,0.7892139895516556,0.8473664109139548,0.8671992572189474,0.7631307213361117,0.8344284538225862,0.8258747910238515,0.8501930075905098,0.8609104377487296,0.844964224046413,0.8386419792763622,0.8187217380172281,0.8328765853612747,0.8695250430983783,0.8681213647823364,0.8639248164180913,0.8784716140349171,0.766891287861405,0.7702183814395172,0.8024385103550956,0.8240214252306638,0.8593745619122206,0.8242279352677968,0.8520306076520541,0.8203154523174612,0.8196617154253343,0.9094759651575524,0.8377194369732772,0.8048443132035116,0.9051961894433141,0.8704254672360137,0.9014678793448629,0.8400306682697163,0.8071153032753606,0.832905575063249,0.8035698218009366,0.857044756872833,0.8226432759041697,0.8405298290441424,0.874500793217654,0.8543382965964648,0.8985893858503526,,0.8546043192077759,0.8231588820257021,0.856414258669969,0.9099014860282423,0.8578833957277224,0.8121515769677906,0.814468831097604,0.8584058995642391,0.8502040126631782,0.8669749406287663,0.8774791746323933,0.8871880435548498,0.7893664382451577,0.8823213865696056,0.8745763374540794,0.843593482135299,0.8576905402004041,0.8315408013037261,0.8605045892376497,0.8266573446124755,0.8396969335237504,0.8786480918566194,0.8301422366587227,0.8595456556475114,0.845931356158852,0.8716668726643299,0.8529867894990886,0.8198504021607933,0.876536751936574,0.8752702270097759,0.9226869002103746,0.8818018915696717,0.8789379899652318,0.8494087420326666,0.8250229770262874,0.9042696299501655,0.9235245089802973,0.8986902288296268,0.9160523739178983,0.8346148176810505,0.9044841908589316,0.8526885243703404,0.8883992719698981,0.8869485721694769,0.8411267760323751,0.8925002080192304,0.8664135510809436,0.9002778857050471,0.8449690040267261,0.867965749397425,0.830072647544805,0.7508351040684696,0.8447257138264357,0.8748394644596453,0.9055174060162182,0.9136235341470222,0.8793350491517118,0.8904672198351665,0.8815682333683208,0.8713222661547275,0.8621607820668613,0.850053607215052,0.8157153292315996,0.8900326560329814,0.8627582363626636,0.7851447403653576,0.8671418335369702,0.8693162569124437,0.8950251581554151,0.9072714748279218,0.8663095044850158,0.8281138283257696,0.8916673485216235,0.8591468331468085,0.8896253988846697,0.8897488130414194,0.8692057637743336,0.8702593173532442,0.8682884580036315,0.8201868785270188,0.8518291314162321,0.8251256783455592,0.8231672030464677,0.8687413753141747,0.889300810677533,0.8584508822615694,0.8008369501273299,0.8274012318787194,0.8552057944168323,0.8742333833370546,0.8493459088269574,0.8710390693096783,0.9009866821577406,0.9009866821577406,0.9009866821577406,0.9009866821577406,0.9009866821577406,0.9009866821577406,0.9009866821577406
49,0.8120329003690624,0.8342169791753852,0.8255562637983241,0.8284706742739438,0.8080613147641014,0.857468404165574,0.8030319210228516,0.8398240648773831,0.8385794463327582,0.7741048991690437,0.847980465786037,0.831972904046082,0.8366005232522111,0.8442114371355456,0.9084276918300369,0.881009901399397,0.8541543439927164,0.7829655992849047,0.855490147612166,0.8500943429782012,0.8672341301582752,0.8572104317734064,0.7842538047330768,0.7807490703057001,0.7897776283879683,0.8174861569839846,0.8394437204186819,0.8194482517853845,0.8309344745434348,0.8179963605716872,0.8334698674682216,0.8831983186959963,0.8346287609243966,0.8491684663658154,0.8596269360630274,0.8561483416390168,0.8555221256806108,0.8363218388541441,0.8142842956685911,0.8173425257990695,0.8428347438655143,0.8312182607297703,0.8467952757392061,0.8380920847245695,0.8956595205335638,0.837686041444845,0.8314804176943708,0.8546043192077759,,0.8577834630673131,0.841647357260634,0.8850618396390589,0.8481499618643941,0.8704615755795655,0.7833511847317745,0.8552461651523894,0.834920067410091,0.880823475011346,0.8562156995837776,0.8612972897709925,0.8047301668074304,0.8559382119280812,0.8591953532819526,0.8625923672132046,0.8541284111571765,0.9051732474961589,0.8817163333410082,0.8671601196405282,0.8647382636428146,0.8576369800644249,0.8282294976416409,0.8593212292549324,0.8718687523471766,0.8730371094405598,0.8327539446215182,0.8151643747327741,0.8549724037820765,0.8481740935709552,0.8906477391459543,0.8395107083934448,0.8916790325769551,0.8627179087656894,0.8239748470108209,0.8462846963705126,0.854502931755232,0.854841568788256,0.8782457874446367,0.8364119585405807,0.8551772428741784,0.8581071832351392,0.8786537698451875,0.8497505827134518,0.8456209988524274,0.8880715195199214,0.8837563061204797,0.8533520628633045,0.8766836398789306,0.8370531955247122,0.8420646423227282,0.7660027499848191,0.8380566933882302,0.8386549055328827,0.8537204335619283,0.8656411920843714,0.8467328356282979,0.8568500280917349,0.8972933756835902,0.9021152772709582,0.8661677145929985,0.8713715489201399,0.8273228405217237,0.8702333869538128,0.8611457275291996,0.8283527931781193,0.8555497368987693,0.8426135233608174,0.8478693007376473,0.8658238301543609,0.833980763281588,0.8297787076789576,0.8644222824935232,0.8560115710471065,0.8542072750085564,0.8387641060978285,0.8552728281640245,0.8876730024721,0.8641360346568181,0.8160251197504266,0.8604247982438388,0.8413269992286329,0.8056329335750902,0.8567454719525306,0.8460659150192108,0.8802146883030297,0.804488752952345,0.8262953071188939,0.8343958720193981,0.8557408362788892,0.8861540892317349,0.8817528323022847,0.8657664011423675,0.8657664011423675,0.8657664011423675,0.8657664011423675,0.8657664011423675,0.8657664011423675,0.8657664011423675
50,0.7453253199070629,0.8042446429002039,0.8178766887313745,0.7927122608477747,0.7708875011263474,0.8048278140531736,0.7679351131352535,0.8099316130942136,0.825440197593441,0.7453870417653403,0.7912248497498774,0.8172197544530388,0.8057950218719948,0.813201876739878,0.8615180234805028,0.8455320331868212,0.7839159298824196,0.7422841250975168,0.8118547161902916,0.8170564588279821,0.8301548130158729,0.8336436313268397,0.7668510025711248,0.7565210503913702,0.7622511128906835,0.8095525385979263,0.8257081425842069,0.8081951747311458,0.8067979193455328,0.7931052762913124,0.8333084975439647,0.8567626129092498,0.8081568535043335,0.7624983528904995,0.8397069884063078,0.8369154541545026,0.8432541584383011,0.8219861545440811,0.7785226659680644,0.7911929172866273,0.7451801116539072,0.7816775065401611,0.7963374617857208,0.8082957146382049,0.9002759599134627,0.828718857053782,0.813696544335939,0.8231588820257021,0.8577834630673131,,0.8131215356680146,0.8651857496818658,0.8079241822125686,0.8135871737538046,0.7379094611143332,0.8462030733399235,0.8135500556273649,0.8547627088237975,0.8337649522969206,0.8274433225421421,0.7770630307335733,0.8347795347668664,0.8370305484370877,0.8178270444629471,0.8376451925099405,0.858965837057408,0.8738113815475637,0.8256017836658788,0.8801391741727691,0.8317699444102775,0.8321495944845505,0.8441098649071642,0.8809415225116646,0.875292491675732,0.8049190185171908,0.8037224836461899,0.8111645514041766,0.840056624566112,0.8633045959783032,0.8121062885803576,0.8604731056081567,0.8667657378899841,0.8428578186051594,0.8273948554923327,0.8249187909289292,0.8178253590012377,0.8489508368615829,0.8305483341671552,0.8285684956096173,0.8262772445318194,0.8216786570160362,0.8188226309552672,0.7858469584664811,0.8568446730762435,0.8642626658227677,0.8203119631223306,0.8504800482098503,0.8215855831335691,0.8107458800751162,0.7801934372220246,0.8223814008920751,0.8304599113090829,0.8136379572610304,0.8274648893915699,0.8224960493641056,0.8332916898442543,0.8267248408600266,0.8464811871063561,0.8101527516337775,0.836340462361549,0.82679284238108,0.8353906378196175,0.8382722475487003,0.8263540432764482,0.8216919109272962,0.8250859933416066,0.8189433379134621,0.824484550272753,0.8008911991863537,0.8176971004247476,0.8348945537773667,0.8171194005973734,0.8364093461354304,0.8441244022940042,0.8035876103021281,0.8470401714434621,0.8243013113913369,0.768696102091317,0.8289587643820966,0.8069651209173242,0.8022709954579248,0.8271507705478454,0.8251169985020621,0.8644390055684776,0.785144656363658,0.7705819610563522,0.7984412821202237,0.8273315209038675,0.8434217185852624,0.8564198672290686,0.8470636299356467,0.8470636299356467,0.8470636299356467,0.8470636299356467,0.8470636299356467,0.8470636299356467,0.8470636299356467
51,0.8327616162677641,0.8662995005228331,0.849260523817047,0.8894627570817895,0.8375552363480047,0.8410414810775163,0.8021796143004907,0.8490241789159155,0.8821593859862472,0.7721829285250404,0.7789100400108983,0.8247425388698164,0.8695233832471465,0.8702296657280575,0.8634993843133207,0.8257493584010255,0.8777847592085603,0.8794654914163521,0.8691837911658249,0.9075382414096271,0.8388521269254205,0.8506890198643418,0.8106813842170278,0.7983276099095247,0.8020986225285579,0.8843841683848754,0.8746316685587958,0.8358816193129278,0.8383525727754937,0.8359001198477198,0.8158790883167089,0.8463196385075544,0.9203552948112868,0.7992837409915584,0.8944343414312299,0.8696707809237142,0.880081683226896,0.8082029685869588,0.8232944871683355,0.8100400428416096,0.788388605399756,0.8826061270868125,0.8056107782038701,0.8748299473321863,0.876216354791518,0.8709898676820086,0.8634765815517882,0.856414258669969,0.841647357260634,0.8131215356680146,,0.8430157382606759,0.9344629650479286,0.8373050299419521,0.8103640554787505,0.8750453897957867,0.8539134685412749,0.841690251491365,0.8982051838565238,0.8412086852449037,0.810494145096289,0.8879532839372005,0.8767812146418154,0.8389802505017946,0.8557266463889657,0.8403877149395873,0.826006221263368,0.8540898102794854,0.7944195241182507,0.8451965942416142,0.8305687566730234,0.8670453417092233,0.826498821057909,0.8607409737941927,0.9301962495643419,0.8575558010057995,0.8906937964076618,0.8793174530581436,0.8765447368764117,0.8206605473843505,0.8671834805282558,0.8204959396661154,0.8012071137882173,0.8295759998710588,0.8800489031172413,0.8378893811416697,0.8519066548052902,0.8678273815504519,0.8507165984215711,0.8349865630847961,0.8431956583170004,0.8473308279973378,0.8709482873827742,0.8976833593403534,0.8589084567720713,0.8645320435225295,0.8333106182182192,0.8443125077121437,0.8740560715321171,0.770397470181261,0.9227141090803322,0.8378785499825837,0.8864277612179852,0.8424241348322701,0.8569704195905488,0.858627447698744,0.8634402641895129,0.851202916453623,0.8275734067439277,0.8713275711953394,0.8015231877136375,0.8789234525880159,0.883025126545535,0.787164984585242,0.8548189317360259,0.8445419126274261,0.845463609713357,0.8678790705784503,0.8329052861619801,0.805094816221261,0.8794319741723592,0.8100117499860743,0.8675646480895226,0.8409264645151575,0.9153730728464331,0.8456793351815999,0.845475561212243,0.8845351175249986,0.8861362685360572,0.8171655344786032,0.8144861179216886,0.8559776079612854,0.8711458811259669,0.8344220007883667,0.8593284307691349,0.8877314423008906,0.8192752293427306,0.8388622507711344,0.8250855148623193,0.8750474974995281,0.8667974441973294,0.8667974441973294,0.8667974441973294,0.8667974441973294,0.8667974441973294,0.8667974441973294,0.8667974441973294
52,0.7728727081125695,0.822066918310762,0.8198525350792241,0.8192689459241193,0.7893764970796896,0.8368359215053053,0.7739658127885266,0.834283876929199,0.8490069254444884,0.74375019226348,0.820360972907922,0.8138604364702083,0.8199799539081621,0.8387411807596381,0.8565873369713695,0.8473981372734276,0.7994908539610649,0.7966853361234457,0.8431457036000224,0.8450044292413248,0.8750752159456561,0.8759221858665001,0.7707629180788911,0.7798647805868993,0.7889724237407791,0.8236260706246922,0.8437023735736339,0.8289707321640951,0.830012451558175,0.828054998668957,0.8464161305716946,0.899454669297516,0.8178470041381859,0.7887522911401295,0.8727770988983712,0.8765491828962636,0.8921952620197559,0.8666590598808813,0.810999567096813,0.8217921080955384,0.772781926792799,0.8737065090106708,0.8413351247217422,0.831133721935414,0.9151826512398373,0.8533143622278164,0.8470451923058009,0.9099014860282423,0.8850618396390589,0.8651857496818658,0.8430157382606759,,0.8472096425696258,0.8271273669403383,0.7774582348866906,0.8568290687726063,0.8432298546337837,0.8800775346910119,0.858136777708326,0.9088767145661958,0.8005021583960027,0.8831040117479413,0.8688825041512566,0.8372303168895074,0.8532193437307876,0.8530940035343685,0.9132379172277327,0.840098921670607,0.8821737475156146,0.8692760578561111,0.858010199546609,0.8665982699167349,0.9127236326739308,0.8814198247025923,0.8420506349031036,0.8400502086140564,0.8535094782777419,0.866720074896723,0.9551538963924272,0.9022374941230749,0.8893773695961804,0.8794826972470531,0.839665904260957,0.9260921854387887,0.8801117362161278,0.8877339099968098,0.931595551091589,0.8333221530909019,0.917004404989792,0.8612832248906573,0.8647814720256076,0.8791705134116855,0.8317655017961791,0.8918328492721147,0.897088724268142,0.8524972481058352,0.8751931215298255,0.8601852974075785,0.8317166425574263,0.768135049246413,0.8284371912779973,0.8737945697866984,0.8570404396680207,0.9057159761987511,0.8688955885676962,0.8781129846494266,0.86344115789218,0.8598916244917345,0.8327466469506992,0.8695341975154784,0.8434207418498333,0.8618715194734206,0.8673171581843009,0.8255714301756867,0.8833004192715457,0.8755137499847181,0.8853128349572348,0.8648990224086093,0.8540594218750817,0.8425445987665002,0.8826149808235857,0.8638189846380582,0.8894117798324748,0.8982839002253404,0.84504789089365,0.893401525258058,0.8696733933375087,0.8081280088542739,0.8337546909581577,0.8284476734273504,0.8381977948202388,0.8747725530613093,0.8647428153285279,0.8939722149631779,0.8089062385047942,0.8037029739538301,0.8628763942868496,0.8798887509844537,0.8732139327029834,0.8924217431670262,0.8831635168352507,0.8831635168352507,0.8831635168352507,0.8831635168352507,0.8831635168352507,0.8831635168352507,0.8831635168352507
53,0.8254228382287154,0.8715480358208995,0.8368750875326413,0.8846130328010826,0.8232125995862323,0.8362771462448951,0.7965045543745489,0.843304863666848,0.8755630830263124,0.7717439028906806,0.7791843853272848,0.8145014053439967,0.8635590070528765,0.8683397534448225,0.8660120777494653,0.8238768427164413,0.8765088013798751,0.8892418759527245,0.8661318551360269,0.8994588155487581,0.8348191720650668,0.836665193078785,0.7822383615285672,0.790422569455266,0.7852040713925843,0.864835225798694,0.873372518958829,0.8185161235553289,0.8322296117882668,0.8196661716778137,0.8123484436016741,0.8442886189001981,0.9170694520337237,0.7912231939783554,0.890624371593326,0.8671611266800399,0.8704193202179245,0.8137204460814604,0.8039663793669678,0.7994438622664807,0.7884498049018781,0.869581717327985,0.8051296824675741,0.8686485344480214,0.8895365933668019,0.8670241464854682,0.8542775325931189,0.8578833957277224,0.8481499618643941,0.8079241822125686,0.9344629650479286,0.8472096425696258,,0.8347346686746275,0.7933862416101367,0.8629968321046989,0.8622976185857663,0.8456591063016565,0.8950143368767232,0.8493330354739065,0.8044978509909425,0.8806470084201253,0.88250808515493,0.8474694242989365,0.8619252432291511,0.858817344675942,0.8131288342027649,0.8617556658016489,0.8027663569717993,0.8520998290298667,0.8401329919886126,0.8652339071962805,0.824396814784877,0.8646036077766189,0.963625722993212,0.8552155023290176,0.8928078322537669,0.8808544025956226,0.8811103363568016,0.8108692888209938,0.8840583621535998,0.8184912866494399,0.7976383553008359,0.834129547852014,0.8680070868087721,0.8339692217109095,0.865803750806268,0.8799995047882226,0.8511459192927562,0.8329700838819328,0.853297738384653,0.8549166391237849,0.8575178853204575,0.9043963586933341,0.879118935480536,0.8792678495617648,0.8349142500248335,0.8513237506982498,0.8846155181391773,0.7574493424549739,0.9136220596806501,0.8298373137607188,0.884111178292592,0.8538917022621391,0.8600101213439123,0.8622673545642804,0.8664635922371172,0.8593770043342607,0.840481664435428,0.8731793486487676,0.8005387124884031,0.8966215932055142,0.8979034624297317,0.7781675547161228,0.8659666998033957,0.8535033190300847,0.8442775826536367,0.8875634931924313,0.8446326940353146,0.8076080635164012,0.8801706755369171,0.8114642427336392,0.8712468455216279,0.8366658764969171,0.9332232870197679,0.8527113853099195,0.8517953423777155,0.8845548057733075,0.8870330581313288,0.8206195048922026,0.8081942274579047,0.8613645328655446,0.8773236718264552,0.8383952556780992,0.8883374010932632,0.8888713790727809,0.8240783753665754,0.8475127658649942,0.8333735135722832,0.8783879938879212,0.8792326851984916,0.8792326851984916,0.8792326851984916,0.8792326851984916,0.8792326851984916,0.8792326851984916,0.8792326851984916
54,0.7705828855146264,0.8432659786655292,0.8564997918451269,0.8448633432850963,0.8153387814732923,0.8596503668962103,0.8210555002715026,0.8591310764505516,0.8383779371711177,0.8005922353501463,0.8151699589712337,0.8361077148700535,0.8475676971867465,0.8382667965356607,0.8437955424453025,0.8005489610833556,0.8191831446912022,0.7851788067900535,0.8622346074761478,0.8658739637610666,0.8340060694023261,0.8373511207228888,0.8021617051629011,0.7884763607667036,0.7924108215504634,0.8282508211983881,0.8405191785578844,0.8077733933831869,0.8301665891864403,0.8339309807798156,0.8077977271842759,0.8510382723213774,0.8371344364503126,0.7834079760559364,0.8638686421070358,0.8468560989679212,0.849254850639489,0.874330396624551,0.8070692191984905,0.75428696138865,0.7796238026716377,0.8563269490311702,0.7959955882438091,0.8639219317834602,0.8372581227655589,0.8511825283961625,0.8232038471622967,0.8121515769677906,0.8704615755795655,0.8135871737538046,0.8373050299419521,0.8271273669403383,0.8347346686746275,,0.7513432294740247,0.8473769070876098,0.8277247222152961,0.8262148466502792,0.8559071962056405,0.8262631445046762,0.7917295440427532,0.851708358319348,0.8379638785831266,0.8297430054034018,0.8112871942357712,0.823618144109949,0.8426693474012091,0.8445943601221638,0.8060651222693868,0.8356434829167814,0.7965312852667672,0.8530700936885268,0.8174382161526097,0.8269667786202431,0.8143053932056271,0.8225593725337333,0.834636647694777,0.8395167692613013,0.8399708201837316,0.7991682263616758,0.8478755609194701,0.8230152934632495,0.7551457709811813,0.8014194961532484,0.846811845804057,0.8013705687117397,0.8143421833142562,0.825634639049924,0.8206587310503507,0.8289536772074098,0.8555561478823149,0.7923879927498639,0.8136446934710035,0.8513145315266575,0.8222518423892914,0.8081042010179793,0.841332653491177,0.8217856218530286,0.8507021881974155,0.7396595887867362,0.813376121273852,0.7968422266788145,0.8351102327381632,0.8072614440122753,0.8246140528127045,0.8273778335873093,0.8588327890938184,0.8612188139691423,0.8416550639336532,0.83581700041452,0.7995718851406319,0.8432595796375416,0.8476998421448618,0.7993944596991818,0.8218167657092026,0.8201424711682521,0.80523972998592,0.8352880309814925,0.7662434021456798,0.7648506573304973,0.8169650164399953,0.7972577906992228,0.8362467973819799,0.8069306869984249,0.8256557196814167,0.846440352259539,0.8134060046959857,0.8173111665100651,0.8264911764898992,0.8448892310152213,0.7874834361289683,0.8357855354447503,0.8249221580014293,0.84359029615737,0.7720118488383907,0.8018999759982566,0.8006902727734453,0.7956852247289345,0.830208725503022,0.8471954436432856,0.8234973709175808,0.8234973709175808,0.8234973709175808,0.8234973709175808,0.8234973709175808,0.8234973709175808,0.8234973709175808
55,0.8660325571217673,0.7902323530482733,0.7664028523628474,0.82263058793331,0.7920489916789599,0.7771931293643549,0.7509667297099208,0.7458579292541068,0.7914452489446376,0.7321858986662164,0.807321870290256,0.7561831012660589,0.7992353220984014,0.792317553330212,0.7885000330679619,0.7972410707818391,0.8215314840886341,0.8111834365622319,0.7731071347735815,0.7834728155710723,0.7903696738888916,0.8232547281605076,0.7502821324769747,0.7573036430253807,0.7669821707356331,0.7425443240977128,0.7677125441775792,0.7844343109246662,0.797498677560237,0.7909382909447628,0.7583394194603248,0.794156269703669,0.8030451821520792,0.8104821169112087,0.8045103026742239,0.7702281278594684,0.773280343055089,0.7412494962764271,0.7707671677373766,0.7844113962282739,0.8317538761698998,0.7790722201612977,0.7929993587199249,0.7382953641658175,0.7770353411932793,0.7641858529370735,0.8035437386766061,0.814468831097604,0.7833511847317745,0.7379094611143332,0.8103640554787505,0.7774582348866906,0.7933862416101367,0.7513432294740247,,0.7693230297657424,0.7615883070290226,0.7969406607150821,0.7885151782808969,0.7515769245155494,0.7718220903020041,0.8158759409129134,0.7825230953811436,0.8063358239837164,0.7855432865002836,0.7463365265881565,0.7400857984458015,0.7333151855756845,0.7281464921675312,0.8168139668272447,0.7269163267726093,0.7662078972988278,0.7520861086177262,0.7767149644260213,0.7794719501335513,0.7516030383583046,0.8160118301307178,0.7623119537271754,0.776938366073453,0.7476275058906847,0.7650432388831158,0.7455229289365936,0.7321610260207951,0.7608486084791426,0.7702026571281549,0.8093193702676564,0.7887399093635137,0.7299604260703194,0.7776076339041306,0.7738810714528745,0.7788054757805707,0.7948026284742199,0.8438481629635064,0.7784691499937582,0.7627261907551598,0.763259056001339,0.7690435476503993,0.7622062646728793,0.744111916665747,0.7179880186084923,0.778924670207102,0.780015671582004,0.8366409366802491,0.7752313221424254,0.7955872798752602,0.7959619338147427,0.8011583200911642,0.7780503669924481,0.7692802026191791,0.7693860163995415,0.7207884439845793,0.7564015749578786,0.7528069052289085,0.7160630163864181,0.7687676534648041,0.7712164963412396,0.808490299889004,0.7843733068875518,0.7838857966211866,0.7314109587151982,0.7901220730201565,0.7776528801368681,0.7931139925345518,0.7743115169782172,0.8059623944446372,0.7510616004569833,0.7675299222821343,0.8081193180059355,0.7486481830017503,0.7568617511647568,0.7425633966634947,0.771691351038307,0.7822989381120056,0.7327273915001696,0.7691119450787485,0.8023977874981435,0.7964418391848419,0.7825208666603727,0.7285222255704417,0.7683285101692997,0.7565501617689478,0.7565501617689478,0.7565501617689478,0.7565501617689478,0.7565501617689478,0.7565501617689478,0.7565501617689478
56,0.7900338996092775,0.8789991986705851,0.8862620658111295,0.8598284198617029,0.8332410497554198,0.8460637860622826,0.8447777650809339,0.8565140735566574,0.87324590221279,0.8044044750885615,0.8015485930251878,0.8469928598995872,0.8669880681207396,0.8709106942728921,0.8592164198344514,0.835669096418298,0.829976414953801,0.8113240154336895,0.8623366741774934,0.8885464572309616,0.8871959993158428,0.8772408911943267,0.7813293051195606,0.7748608854966267,0.764328633325972,0.869029465182079,0.9368785919676401,0.8324068694601248,0.8642519947754504,0.8275899137771252,0.8229980868115613,0.8818426337978817,0.8677399738949149,0.7797092555512181,0.8959363439819166,0.8996563503613749,0.8881298417126029,0.8242556058771631,0.7946262254006233,0.8032178574216495,0.7778973405701893,0.8401317567271424,0.8264776512821197,0.8856786595613602,0.8805461519111585,0.9175668876494294,0.8730444738840558,0.8584058995642391,0.8552461651523894,0.8462030733399235,0.8750453897957867,0.8568290687726063,0.8629968321046989,0.8473769070876098,0.7693230297657424,,0.8805889963500687,0.8552857389238422,0.8886417025908001,0.8527435626514182,0.78541639187931,0.9101673738474442,0.8881361167537123,0.8344288187180154,0.8662726833147568,0.8511081894757083,0.8642874148464292,0.8576563102412065,0.8329770788246567,0.8623780396203222,0.8285295839110675,0.9238323937862242,0.8625677014529991,0.8709016104298201,0.8561912176683268,0.8562868176782831,0.8907345169286142,0.9250857438519587,0.8789270826716253,0.8161363550213513,0.8654362059802347,0.8483814154966913,0.8154492638539205,0.8213126266031815,0.876740118702546,0.8564413293588866,0.8497123695430797,0.8786807217736826,0.8647937709078708,0.8935394862035231,0.8663107001101918,0.8627580786107263,0.8274619235940064,0.8920402458805177,0.8638407478439434,0.8538189041168278,0.8512117212036964,0.8665831016541212,0.8722567100658596,0.7583622384520584,0.8629014743596815,0.8472467675480696,0.8705332226776835,0.8430002854863734,0.8973518916178225,0.8881044197803499,0.8669484232222382,0.8691396323150926,0.8372266190105291,0.8508085142321573,0.8008027009232435,0.8723374723915948,0.878282917691582,0.808807388298729,0.8856447377958987,0.8702617803765709,0.8563495178752478,0.8712961765963446,0.8216716958500272,0.8203140659452517,0.8692439091025028,0.823078003299055,0.8782766084775695,0.8551471745441153,0.867614785875831,0.8626972272698592,0.8627141363942105,0.8262342826500927,0.8873830535592014,0.8145597283014799,0.8218366630521985,0.8653620793405833,0.8872672941907596,0.860572517297755,0.8045660137302143,0.8187677371226941,0.8413843058327349,0.8472913221587255,0.8577899081081964,0.9016129594298528,0.8859487070886916,0.8859487070886916,0.8859487070886916,0.8859487070886916,0.8859487070886916,0.8859487070886916,0.8859487070886916
57,0.758636416983704,0.8815429758249637,0.8600605279423524,0.8533157991797468,0.8094421374918996,0.8246471943318269,0.7771332366150014,0.8604760510898363,0.8771368244473223,0.7520208230382206,0.8147098345415549,0.8123063134145283,0.860936705402237,0.8819926443671889,0.8441914159168014,0.8268256375621532,0.805564176061702,0.7987690918091365,0.8474154539335041,0.8997822129732093,0.8650351297193173,0.846066603151335,0.7453956515749676,0.7330714657210238,0.7415312483402092,0.8507212647566375,0.8934962642188133,0.8098963977063958,0.8643543361886769,0.79153136340447,0.7867729510054159,0.8634599110721775,0.8525737213087865,0.7522968320980276,0.8984010245482512,0.8865244585675368,0.8733460419237455,0.7901712287573964,0.7598609256973418,0.7726794633838635,0.7577492792209302,0.8374746315582381,0.8071838652552543,0.8880026415463009,0.8791118107497051,0.8733877174460825,0.8364830683189486,0.8502040126631782,0.834920067410091,0.8135500556273649,0.8539134685412749,0.8432298546337837,0.8622976185857663,0.8277247222152961,0.7615883070290226,0.8805889963500687,,0.8687500104462376,0.8993851977628653,0.8502288819398774,0.7482959173713964,0.8856490069170656,0.9134030089256274,0.8362206309862926,0.8581707689302407,0.8258235607664968,0.8552092346728791,0.8685452051958117,0.8071336089402193,0.8864845582697862,0.8159003519023936,0.8863780683985829,0.8579826662028665,0.8785044557702198,0.8507175466076541,0.8375113235116367,0.8908732375777965,0.9016979505400556,0.8678948818074144,0.8051764916709685,0.8807718061986033,0.8327274800976497,0.8157862488702052,0.8253651364962811,0.8798602670227269,0.8628683811117228,0.8555012055522933,0.8892846883686244,0.8677334171257761,0.8573475391870897,0.8862322253671305,0.8633704043766647,0.8159695528941482,0.8987315822499136,0.8708896873271297,0.8708186452432591,0.8567247818910636,0.9222599305233383,0.882706745449433,0.7163717269648386,0.8433036507568846,0.8395897237733877,0.8671955562535368,0.841934497168982,0.9000328185253438,0.8909958085623912,0.8802360147817697,0.8777592993964962,0.8463523528488271,0.8325487934993026,0.8009963012902959,0.8893805149866992,0.8996304904996243,0.780105637347603,0.8776931940207399,0.873791565598159,0.8766330111546793,0.8944500832611547,0.8315945011278355,0.8233294942083564,0.8715086732473141,0.8277800107742963,0.9150591981106931,0.853874888692062,0.869284363622548,0.8521405286116489,0.8610103765876596,0.8220817251473274,0.880491454066569,0.787326663605587,0.8056325252434311,0.8770941251332772,0.9091125421582416,0.8635811730356817,0.7887449689700625,0.7835387516883492,0.8706663526863391,0.8600513420327953,0.8458205076828641,0.8807463174140912,0.8819381359233567,0.8819381359233567,0.8819381359233567,0.8819381359233567,0.8819381359233567,0.8819381359233567,0.8819381359233567
58,0.7783215206775028,0.8477433699650255,0.8298863477344655,0.8271650449079774,0.8179195978652298,0.8138059394421989,0.7647014613979509,0.8314969380337998,0.8530705839273784,0.7356139234050967,0.8739055255254348,0.81832161271043,0.8561157366460933,0.8662635757705881,0.8569202595459359,0.8383709422600533,0.8247247877391618,0.8023530113354087,0.8367946445316088,0.8576817599873758,0.8562534030562085,0.8551713510001062,0.7576834495218013,0.7662410605456034,0.7561519362084974,0.8397296406722301,0.8565580568115281,0.8027020310872959,0.9024084024566417,0.7884025990114114,0.8225072105802047,0.8835956314380594,0.8348329776994071,0.763820870748951,0.872739360670682,0.8799360761276213,0.866673223143012,0.8043147054768571,0.7811474845334004,0.8129020526742142,0.7745552813365154,0.8160506852450782,0.8166954686736279,0.821224341545639,0.9182582543568469,0.8388487599957869,0.826709282468354,0.8669749406287663,0.880823475011346,0.8547627088237975,0.841690251491365,0.8800775346910119,0.8456591063016565,0.8262148466502792,0.7969406607150821,0.8552857389238422,0.8687500104462376,,0.8556842961734475,0.8604464513693931,0.7823663826828358,0.8990014728353652,0.8768800580089747,0.9007820633859964,0.895067233117199,0.8804161057402695,0.8451603522179955,0.8610896273386404,0.8392004258062824,0.8966404943235048,0.8265279877201692,0.8786694632657988,0.8608533308711276,0.9253593122598676,0.843081024280748,0.8125715601404775,0.8527106570308816,0.8610773400423717,0.8803342364128589,0.8380293465628393,0.8958312564712863,0.8693573091330838,0.8519173082109766,0.8466970605510084,0.8397970832018563,0.8752886415266521,0.9190004383367361,0.8294408022261114,0.8921029711832811,0.8545910400413461,0.9218237911208104,0.8854591908602162,0.8410000007461258,0.8782228080819765,0.8843158727219279,0.8508948435181689,0.8589050896355592,0.8751826343315631,0.8552611829560427,0.77125275199261,0.8289194265714622,0.842020153361496,0.886411996566533,0.890318122285243,0.8855448411936133,0.8802573396716667,0.9300024986782529,0.9343403979407412,0.9151345660109649,0.8578978258116846,0.8285701951883125,0.8509808528529146,0.860162524115219,0.8029678607484977,0.8616943796530028,0.8459585347080096,0.8936392123225996,0.8872347272390206,0.8645415666594469,0.8350914594778353,0.878442279235467,0.8649295452104433,0.9191239892053411,0.8515650465213571,0.8589283431849322,0.8376343661766421,0.8452711265307291,0.8231384552312422,0.8560385444345672,0.7991912880051097,0.8042084511625522,0.9083084240348566,0.8994481186950134,0.8692078166531287,0.7917984930181212,0.7942639751638709,0.8688090049967472,0.87217393852777,0.8438227259798358,0.8770927615956693,0.8651943910763185,0.8651943910763185,0.8651943910763185,0.8651943910763185,0.8651943910763185,0.8651943910763185,0.8651943910763185
59,0.7834706563201232,0.8978276186362871,0.8771342554947266,0.8742710982750602,0.8219245539932727,0.8564111405897312,0.7889653054703185,0.8850341914828131,0.8921139697042495,0.7612810747287135,0.7976595953769037,0.8274010450985175,0.8753926414062709,0.8910559807897451,0.861850476195049,0.8262252819260313,0.8378599380516424,0.8305080847848041,0.8927862189182966,0.926671047586891,0.8549390369910475,0.8642096853990741,0.7768808651311826,0.7821569931274135,0.7889456784770176,0.8695416545349736,0.898094362950065,0.830196758225743,0.8436379832472317,0.8443330798677634,0.8152156932217947,0.8585702920485,0.8769976339939625,0.7957326808058639,0.9268179580010963,0.881514902602633,0.9025934950517348,0.8300523145642743,0.8063035973999717,0.8045993538762843,0.7922775005765721,0.8704848499553102,0.8033530684900405,0.9291915135832245,0.895021115470879,0.88781785925096,0.8677523468527376,0.8774791746323933,0.8562156995837776,0.8337649522969206,0.8982051838565238,0.858136777708326,0.8950143368767232,0.8559071962056405,0.7885151782808969,0.8886417025908001,0.8993851977628653,0.8556842961734475,,0.8535740459450126,0.7968013787083565,0.9021391794863325,0.9194077378801194,0.8626651275774639,0.8811371012695814,0.8583410884469269,0.8627278466256936,0.8733236582837101,0.8141579110880696,0.8763483213145514,0.8213700745505488,0.8774722754786379,0.8430966246375211,0.8904001315882244,0.8902705026487079,0.8615448056646127,0.9125806087734085,0.9170147123817973,0.890751640865624,0.8306055710724691,0.9061542552431613,0.8556355447767319,0.8033492952185435,0.8469359616590265,0.9128717798577188,0.8540266597333941,0.8693864305925105,0.9369793808107161,0.8785713600721392,0.8491267060864363,0.8852945058271113,0.8561249225123191,0.8285659633357021,0.9302749342417606,0.8876853354628917,0.894064941650486,0.855992408158111,0.9038897186657919,0.9021866758317738,0.7528534952378854,0.886539781018889,0.854163538090506,0.8999981729249695,0.8625201233298024,0.8719166789995036,0.87475139272151,0.8814114873288056,0.8809830817366946,0.860319082011033,0.8691526146334244,0.8237816458051285,0.9329989886842608,0.9370191431774769,0.7872398744374954,0.8732090037048983,0.8653628037196092,0.8588095159070385,0.9166236697969542,0.8333843663834003,0.8114407005956331,0.8883661444507116,0.8198819762978566,0.9049478740136381,0.858401737966276,0.8963726495148379,0.8910789707768435,0.8524896334398557,0.8531530103317464,0.9069863724563308,0.8183655072872131,0.8037984432733664,0.8838463313301987,0.9007585624849608,0.8820904541075836,0.8226414430426999,0.8381195442986865,0.8301952527634674,0.8508855989003916,0.8733361821524908,0.8890830318722639,0.910855292533398,0.910855292533398,0.910855292533398,0.910855292533398,0.910855292533398,0.910855292533398,0.910855292533398
60,0.7523915449041049,0.8305368427291114,0.8197334245948765,0.8172186156408201,0.8106060265991468,0.8331711059101701,0.7752846195330116,0.852966080780252,0.8343006530368798,0.7442734602256942,0.8038137189302603,0.8179144018999905,0.8230885712758336,0.8467730588880993,0.8480784744129359,0.8075003502859879,0.7935594734845939,0.7995097666207603,0.8399916664712952,0.8493180869785754,0.871304380267057,0.8561941790309633,0.7673672861844376,0.7769559937026812,0.770121676989567,0.8461886221238824,0.8577245164554282,0.8167843859615374,0.8362761242341186,0.8025866245425147,0.8373249460466092,0.8878802381631936,0.8268709122881699,0.7627692699013326,0.8774743085258054,0.874511070397599,0.8946734610740759,0.8419596266801056,0.7901923070829014,0.7978023758953481,0.7584848344475418,0.8537984781692599,0.8153942507109,0.851794883192373,0.8765447408782546,0.8659418786626918,0.8387851886988015,0.8871880435548498,0.8612972897709925,0.8274433225421421,0.8412086852449037,0.9088767145661958,0.8493330354739065,0.8262631445046762,0.7515769245155494,0.8527435626514182,0.8502288819398774,0.8604464513693931,0.8535740459450126,,0.7873767297579853,0.8706269121363355,0.8753383900601386,0.8234093826915567,0.8579006632030918,0.844471659933243,0.8604565354781991,0.842115091435095,0.8345872786848877,0.861036408261759,0.874755025564729,0.8819397639721229,0.8689982278457383,0.8728325379913117,0.8426215735283893,0.8401155518730374,0.8445754770774001,0.8654350582706879,0.9220739465883244,0.8876139456324121,0.8792703807523071,0.8590431182627752,0.8082143011409506,0.9017327686618555,0.8845552979240472,0.8523653390873387,0.9221565970293601,0.8468023881857905,0.9106362548331328,0.8579583887938038,0.8740168298064233,0.856646788681311,0.80732330701019,0.8764655336161459,0.868581507287013,0.8524593373673467,0.8592537990247447,0.862684277244267,0.8706765141111286,0.759696063207891,0.8325672285635557,0.8581142764757534,0.8430657680928648,0.9097299529205896,0.8733398245410684,0.8786808419276575,0.8649314763801803,0.8654114864827788,0.8458133913759405,0.8586587880401584,0.8300035749207063,0.8586963201984343,0.8643845167512231,0.7830682727280827,0.8777170378379822,0.868726217038899,0.8694958129726008,0.8639231796715949,0.8354531178823528,0.8258630678705626,0.8627406439513948,0.8391841741972786,0.8887435893279675,0.8681755445685119,0.8492225497311949,0.8661991365613395,0.8647824350975883,0.8099120250466667,0.8517609125792336,0.8109276290563402,0.8247339036693532,0.8778707084767028,0.8702746845347152,0.8624114816925506,0.8129662358925558,0.8005987994149457,0.8478114310209142,0.8615921520965388,0.8623865030898987,0.8837359951625875,0.8860075370936138,0.8860075370936138,0.8860075370936138,0.8860075370936138,0.8860075370936138,0.8860075370936138,0.8860075370936138
61,0.7664872734047337,0.7418470317325078,0.759801073067095,0.7854686858074666,0.7859332845392278,0.805827884280334,0.7761001625537718,0.7680524193921252,0.7810710445431008,0.77143593071292,0.7445035983241275,0.7631891906251813,0.7793158575429071,0.7843111401563101,0.7996698635349823,0.7703594244890966,0.7819035611836963,0.7496534087048452,0.8499736769597115,0.7933265385534517,0.7947811532141968,0.8393282231651,0.9104169373568615,0.9172543870846779,0.9126080432302529,0.7951733145761076,0.7793332758986091,0.8725605696221087,0.7490851838500612,0.9211353533274285,0.8920950985446876,0.8038467414784382,0.76739753741525,0.8623503357461663,0.8026332346465265,0.8078291030840206,0.8365300088783885,0.8299863682002111,0.9364975354429707,0.8144232330919714,0.7874566950044831,0.7785259465823923,0.8303218747949266,0.7604953075906414,0.8107292362089819,0.8247781801771823,0.8160441721976427,0.7893664382451577,0.8047301668074304,0.7770630307335733,0.810494145096289,0.8005021583960027,0.8044978509909425,0.7917295440427532,0.7718220903020041,0.78541639187931,0.7482959173713964,0.7823663826828358,0.7968013787083565,0.7873767297579853,,0.8098625301775344,0.7897826762431649,0.7659811790777172,0.805979323891336,0.799518151088476,0.760663500970895,0.7641550544764273,0.779707618286836,0.7684766077864861,0.8008822159923037,0.7901717940008429,0.7848604989652498,0.8052684028126749,0.7957476396627965,0.7884109044963518,0.7869148173073367,0.7740781447675531,0.8131164252720168,0.8031939439205747,0.8120487834003506,0.7822174807383031,0.7572561379849956,0.7859740025588007,0.7754849086731467,0.8055713544864176,0.8084689514895018,0.7488542533222883,0.777568128068563,0.8087297243441913,0.7549569166856571,0.7812962519954213,0.8209258727728822,0.8060613546424639,0.7928665739681406,0.7853329828334913,0.7793387725943542,0.7445945354645077,0.7712004101369412,0.9078502159047792,0.7851984281513977,0.8457152477903069,0.8198348882103963,0.8034473337489635,0.785588070900741,0.8018003147646335,0.784847094524607,0.7777890252873132,0.7759550411935385,0.8913850268932298,0.8086688549796951,0.7760554364960023,0.7832280429148699,0.7640093034875384,0.78831680133874,0.8086460053990624,0.7907353807707836,0.7890976706806282,0.7877695715220201,0.7611139183210518,0.8084576053420701,0.7716552775491674,0.7854469155687794,0.8177446932948557,0.8106741480296388,0.8051116399142776,0.7626193855857017,0.7791073197417546,0.7951953859011109,0.8580191891370547,0.8530687504552109,0.7790265758963911,0.7816896149218984,0.7736240690956648,0.8054470386659122,0.8108997012577778,0.7600134881122549,0.7803617213507952,0.7759560473887094,0.8080350387452627,0.8004979721220491,0.8004979721220491,0.8004979721220491,0.8004979721220491,0.8004979721220491,0.8004979721220491,0.8004979721220491
62,0.8137980137657239,0.8640438773149106,0.8647856698211891,0.8708539616229223,0.8444912816080543,0.8351661992279331,0.8276364704002761,0.8449561295105892,0.8832206891650991,0.7905163918405971,0.8306879108860257,0.8262767429684611,0.8840566774903108,0.8842383232700328,0.8589738705268272,0.8389040332334134,0.8516285887823214,0.8367202432915101,0.880786974471171,0.8905720116247064,0.8886729468941823,0.9009691475124969,0.7782181119890114,0.8042964119045453,0.7722475726646975,0.8697529637811888,0.9051446168383629,0.823184734592407,0.8926206433949343,0.8331563012271993,0.8434983109146978,0.8982720037482587,0.8589825496765395,0.7968424045601975,0.9165213747478612,0.9189486148399828,0.9092496338083841,0.8282514309031388,0.7932704429811005,0.8507764080351532,0.7972123922314303,0.8590091706167253,0.8403084341819163,0.8681225360675481,0.8992485323136249,0.902287648648803,0.8922127299456879,0.8823213865696056,0.8559382119280812,0.8347795347668664,0.8879532839372005,0.8831040117479413,0.8806470084201253,0.851708358319348,0.8158759409129134,0.9101673738474442,0.8856490069170656,0.8990014728353652,0.9021391794863325,0.8706269121363355,0.8098625301775344,,0.8989892173078904,0.8725425229048328,0.8960905523224787,0.8582831108877534,0.8516782556849342,0.8515126834449216,0.8394892215986925,0.8949275310818097,0.8541239372877633,0.9222732001160846,0.8545556970069027,0.9097935455232887,0.8750443907402806,0.836849206236684,0.8960194405263652,0.9203061025028133,0.895628737157576,0.853620636987831,0.8996971687496547,0.8549985950440312,0.81823381212343,0.8516189536172132,0.8788017065936921,0.8794436638118056,0.8953601948891559,0.8578820104336338,0.903012994233138,0.8905216605618088,0.894659738816552,0.8941760254795877,0.8651713169211015,0.9046344086738947,0.8744743229247748,0.8644454769692125,0.8539657957226912,0.888396119548188,0.8772708850681897,0.7858885223033708,0.8599901485068817,0.8707263634561134,0.9104566368571515,0.8928219522971074,0.9136809025052183,0.9049203734917433,0.8985789790369663,0.8814983664751425,0.8635862883631248,0.8712979118196816,0.8230311360845609,0.867283916304157,0.8830365731701866,0.7937526335292028,0.8962014446655995,0.8771196505243011,0.8965181517509733,0.8947183919841855,0.8646671789522333,0.8207791068784206,0.8911733619342006,0.8423978038692862,0.9289914464969,0.8743391987782388,0.8952261856927439,0.8642793526321649,0.8711491062223515,0.846992754636354,0.8759569373459224,0.8275996031989958,0.8325100466242696,0.8967317796137975,0.925350001276711,0.8564349281818597,0.8170758865686061,0.8503816968996135,0.8681935687456832,0.8687082140366907,0.8384243067764998,0.9071018275633054,0.8940300817973349,0.8940300817973349,0.8940300817973349,0.8940300817973349,0.8940300817973349,0.8940300817973349,0.8940300817973349
63,0.7821253958157386,0.8908478210653132,0.8647083177444763,0.8597076633978237,0.8215674203107353,0.8359788443312681,0.7710221160059645,0.8758183540301459,0.8804897469747214,0.7496596602006286,0.8088889285095705,0.8260111014941182,0.8706479922484105,0.8854869052030482,0.8614106267169442,0.846111886812193,0.8254408931071394,0.8220998985837225,0.864837722833775,0.9100465893974042,0.8641373501941066,0.8473242367600589,0.7655464201899835,0.7667715562263079,0.7745946693471508,0.8621842514378073,0.9078895036257459,0.8333344050368856,0.866152314677791,0.8305897346841861,0.8183108707873294,0.8708256705097076,0.8666069955432418,0.7735392862818352,0.9085505677333654,0.884445947331501,0.8890372339649165,0.8230705217006211,0.7884997046395394,0.7839310129489163,0.767952618052618,0.8521580931990471,0.8109573768281488,0.8930031146547196,0.9161190718338318,0.8719901201049145,0.8473846334997246,0.8745763374540794,0.8591953532819526,0.8370305484370877,0.8767812146418154,0.8688825041512566,0.88250808515493,0.8379638785831266,0.7825230953811436,0.8881361167537123,0.9134030089256274,0.8768800580089747,0.9194077378801194,0.8753383900601386,0.7897826762431649,0.8989892173078904,,0.8662526746313188,0.889352865104513,0.8631299258573203,0.8740082297417807,0.8710093229324308,0.8301004196059136,0.9056878401739328,0.8396751464094886,0.8739007828480705,0.87795224595508,0.9140624834914058,0.8720249879741578,0.8582095596464271,0.9064549407137167,0.9087820424035946,0.9004957708205424,0.8320787999406242,0.9145079180303988,0.8587048207386676,0.8177254852256921,0.8540809730078045,0.8971493948085179,0.8679581200230613,0.8890242024276432,0.9182841885809938,0.88791506427437,0.8509363093814021,0.8911832729591886,0.868570980182502,0.8259872835779002,0.9396321927994795,0.8950666065052992,0.8890457615481361,0.8717518883153451,0.9104554427701347,0.8995389233317548,0.755458280165679,0.8625268788173619,0.8601460923557439,0.8925378020867054,0.8743155418988064,0.8881543156098415,0.9095863749091306,0.8851512690540454,0.8856749107563575,0.8619486972824537,0.8608679578186152,0.8355370961578736,0.9158277677460419,0.9275350037417637,0.7984761391869409,0.892286065799454,0.8806806336700752,0.8823716840365613,0.9163076630221658,0.8523412232114931,0.8439538630345219,0.9108164090435787,0.8451959158072954,0.9278661142632423,0.8652870387841706,0.8951695124328441,0.8855853677050978,0.8671276722621567,0.8511316762371723,0.9301824023560505,0.8168838552043527,0.8211078416413575,0.9149534626884654,0.9165647170870356,0.9029991931311077,0.8152682869490907,0.8243947550122581,0.8758948972251221,0.8734600734312641,0.8953976179753391,0.8981257960276469,0.9044188295125554,0.9044188295125554,0.9044188295125554,0.9044188295125554,0.9044188295125554,0.9044188295125554,0.9044188295125554
64,0.7812993365947384,0.8672604364045412,0.8179637680827871,0.8324033754921696,0.8028887180329352,0.8240870770580146,0.746541130533721,0.8359056705501928,0.8531713981062918,0.725777678778773,0.8652537117605651,0.8056857270456304,0.8449045739373,0.867843798353435,0.8426615459063884,0.822998187634097,0.8389078404132969,0.817415310558967,0.8290739501037127,0.8704660100457722,0.8363358591479375,0.8138320452170683,0.7487448863030274,0.7368020587830415,0.756363234757203,0.8071456847919166,0.8364048601106441,0.7962138920730826,0.8723196231170262,0.7980959241050007,0.7826041243314226,0.834684883081509,0.8451673349639235,0.7807260255071117,0.8589430867464157,0.8246121964480427,0.8324240320372979,0.7787551705021621,0.7644822708429916,0.7700876164296825,0.7973517346122829,0.8216907357147396,0.7932821789640213,0.8442490143792026,0.8737801618315677,0.8163677389779855,0.7972537440782093,0.843593482135299,0.8625923672132046,0.8178270444629471,0.8389802505017946,0.8372303168895074,0.8474694242989365,0.8297430054034018,0.8063358239837164,0.8344288187180154,0.8362206309862926,0.9007820633859964,0.8626651275774639,0.8234093826915567,0.7659811790777172,0.8725425229048328,0.8662526746313188,,0.8530790224586415,0.8617733594669744,0.8232957331062517,0.8611850896064999,0.794254287526356,0.8723086851058865,0.7689938992529229,0.828639521141423,0.8196366862517597,0.8513485876125608,0.8380530568093914,0.8169338376871809,0.8522334100217193,0.8380967959610808,0.859480789148374,0.7964524933928916,0.8683310589580128,0.8147688188190257,0.8038826614183423,0.8039755439721261,0.8301068655260934,0.8415283487113968,0.8654729720136057,0.8297219192587066,0.8485033172329682,0.8154154060764949,0.8978136246433814,0.838539733784265,0.8194154133352664,0.8599956488508185,0.8603338618581436,0.8278236633455752,0.8244919191654464,0.8417385816580379,0.8455297724854651,0.7277531520266289,0.8347972203678024,0.7971541113315423,0.8541209965496429,0.8662665975527364,0.8422984283670972,0.8482979622541451,0.903249018135988,0.8976507546052391,0.8937778662685528,0.826046749286443,0.7875850019456971,0.8449577355318004,0.8638058881131827,0.7764343093705891,0.8276904132899834,0.8299423959465506,0.8576544163487834,0.8647852979586524,0.8211511861721308,0.80015693562965,0.8552191959849176,0.8368503120991383,0.8786325818688274,0.811098555490159,0.8537450865982732,0.8304821279666238,0.8274434708546329,0.8529529014761285,0.8413740769791784,0.7810423672570157,0.7540131795784943,0.8799202434070031,0.8665249321618572,0.8471951231856982,0.7725681885211042,0.8094989475348154,0.8331562364477892,0.8331033007502299,0.8367762695854575,0.8344144151848483,0.8344286124489136,0.8344286124489136,0.8344286124489136,0.8344286124489136,0.8344286124489136,0.8344286124489136,0.8344286124489136
65,0.7780720080033859,0.8458897321062226,0.8374773203613985,0.8684138236359109,0.864945427022108,0.8304403989141951,0.7690745376748945,0.8316913582636554,0.8705434153661255,0.7383614676660911,0.8080902457127265,0.8272487060111591,0.9000489280597357,0.8787417170228135,0.8618823529626256,0.8393523211693772,0.8302867590676236,0.8205918969465562,0.8600554194638472,0.8682760432976137,0.8387018829315493,0.8682104899052862,0.7713045027236564,0.7920903649917599,0.756845868764248,0.855297973894054,0.8639698278586093,0.8211834186530266,0.8696267505475309,0.8127968484225498,0.8432782441431558,0.8697022315857399,0.8381420061346695,0.78672643535985,0.8878981618358995,0.88073624025007,0.8782170913043904,0.8143915616982822,0.7981599539306559,0.8160784984801586,0.7843330097708174,0.817604738086962,0.8149119736980511,0.8378572451160954,0.896622419917033,0.8621181182837963,0.8529512658201122,0.8576905402004041,0.8541284111571765,0.8376451925099405,0.8557266463889657,0.8532193437307876,0.8619252432291511,0.8112871942357712,0.7855432865002836,0.8662726833147568,0.8581707689302407,0.895067233117199,0.8811371012695814,0.8579006632030918,0.805979323891336,0.8960905523224787,0.889352865104513,0.8530790224586415,,0.8841207849219461,0.8417794059846619,0.8527190165597041,0.8334139683529027,0.8620661071749487,0.8581354013565976,0.8825818126314187,0.8500253847949586,0.9165999776232162,0.860802250159556,0.8401710522837454,0.8631220710980915,0.8749251007028056,0.8826645841446645,0.8303103978242402,0.8966101166564001,0.868700491480534,0.8354692663926059,0.8488159316494467,0.8624216700452927,0.8629538632854322,0.8858576511474038,0.8603759986835836,0.8923677671137302,0.8535156520358927,0.875441482881244,0.8771670788720077,0.8335014308634049,0.899486361814596,0.8773481927478075,0.8764790873964341,0.8367706752388202,0.8722611687163351,0.8936742111169421,0.812539389122856,0.8430764818122364,0.8636169671000649,0.8944406627172774,0.8718631188475527,0.8864981810925842,0.8716268463352648,0.885972091624256,0.8814819677923733,0.8633101741898802,0.8889774349626454,0.8344303451713987,0.8706948587082931,0.863284020351394,0.8032580558426201,0.8546323029138001,0.8505915560761471,0.8657125746919284,0.8994299536047511,0.8605230881822987,0.8476791886677054,0.8784461394331294,0.8523216312083641,0.8900313180770129,0.8622682900892192,0.890119957880964,0.8570526260508893,0.8425905469210735,0.8229543876624729,0.8826691103785245,0.8140489211036938,0.8222941049304743,0.8863471441473793,0.8952820823784702,0.85690475800099,0.8256446586423967,0.824174182030779,0.8412433262594612,0.8750748374375057,0.8515033782055115,0.8818496904691636,0.9012253275441924,0.9012253275441924,0.9012253275441924,0.9012253275441924,0.9012253275441924,0.9012253275441924,0.9012253275441924
66,0.7600851486486347,0.8218924380755983,0.8102956577012822,0.831258713387202,0.814868367917098,0.8185591252996732,0.7566788095382537,0.8105996332146017,0.8332655850789749,0.7286427056778795,0.7987551880851896,0.8252628767965452,0.8486598115470151,0.8506991675165969,0.8647326359737955,0.8285544732718122,0.8120878494016729,0.7874443324528788,0.8421731282132463,0.847520468081295,0.8306070554634037,0.8352019725534751,0.7683745265933886,0.782457545508671,0.7525590794490814,0.8427400272587804,0.8461412961153212,0.7958837153974985,0.8366150592024089,0.7880449812911183,0.8324826514432156,0.8532970567901519,0.8262517732437455,0.7693109040938756,0.8601966701578938,0.85059300488434,0.8600377162309284,0.8048991979876495,0.7874587270146852,0.8250539152871397,0.7680993050298279,0.8156984611301892,0.8146044149044417,0.8349083368131994,0.9123070397454832,0.8369866439533236,0.8306986371164997,0.8315408013037261,0.9051732474961589,0.858965837057408,0.8403877149395873,0.8530940035343685,0.858817344675942,0.823618144109949,0.7463365265881565,0.8511081894757083,0.8258235607664968,0.8804161057402695,0.8583410884469269,0.844471659933243,0.799518151088476,0.8582831108877534,0.8631299258573203,0.8617733594669744,0.8841207849219461,,0.8331221921062164,0.8572300182300155,0.8425008019679943,0.8179035144427921,0.8294550428219549,0.858940636241084,0.8353806711061531,0.8956247981903,0.8506761998141436,0.8208720130242738,0.8498763636790093,0.8434592734898061,0.8757417380068272,0.8054461617027266,0.8995862700896565,0.8493281177082455,0.8235857267722458,0.8179266199427628,0.8313554091544686,0.8276455472774826,0.8720452972257562,0.8534378620014642,0.8342330798097631,0.8396784214996116,0.8519337941907585,0.8476132198504143,0.7990960165249248,0.8942535668343574,0.8899908734279668,0.8605667782764317,0.8246024569767061,0.8261590991400664,0.8577540584410668,0.7961934329388234,0.848577223407041,0.8245262242305469,0.8477627398861489,0.8593305298930164,0.8390253866667716,0.8391593496667723,0.865484882358627,0.876955435714428,0.8599956486602027,0.8876157139409442,0.8192267902440253,0.8715814516127705,0.868446424732653,0.8174026248042099,0.8406363741072288,0.8253785480599921,0.8205005111416318,0.870998485861509,0.838322553878579,0.8410758865444998,0.8539463398123702,0.8293447968475361,0.8484009835179642,0.8281593793211534,0.8763486183098386,0.846036328638121,0.8312733484794058,0.8219106695329453,0.8996929958180075,0.798137962972134,0.798834745290219,0.8502462941350377,0.8578533760811025,0.8508130364980164,0.8226237947496619,0.8176434364750167,0.8008775934856533,0.851527955391025,0.8571751790648029,0.8974278576300228,0.8737322247906341,0.8737322247906341,0.8737322247906341,0.8737322247906341,0.8737322247906341,0.8737322247906341,0.8737322247906341
67,0.7486299020952282,0.8408334659919959,0.8369417556910812,0.8146307060537177,0.7789159514980547,0.8302667038687328,0.7789964378371053,0.8383429294415469,0.8364132914991995,0.7500594608377993,0.8267648892991012,0.8302220787959596,0.8189391890848089,0.8237348357214265,0.8627875546501601,0.8634145918134654,0.7964139958299774,0.7697727605826215,0.8273462296935938,0.8482590591014249,0.8534840671671756,0.8427384437552344,0.76454271191445,0.7449528212048872,0.7668989488444105,0.8076597171759267,0.8419704359256582,0.8222982416370939,0.824631218795333,0.8252721376644887,0.8144160787735808,0.8792326052236559,0.8195771972463484,0.7700435840425698,0.8602352925744345,0.8527112788712999,0.8638686465736525,0.8394771318750256,0.785584153902708,0.7735784702926092,0.7665748343102207,0.8321186788488721,0.8004524531784466,0.850803413090105,0.8870859462954015,0.8386763121285966,0.8090949550381058,0.8605045892376497,0.8817163333410082,0.8738113815475637,0.826006221263368,0.9132379172277327,0.8131288342027649,0.8426693474012091,0.7400857984458015,0.8642874148464292,0.8552092346728791,0.8451603522179955,0.8627278466256936,0.8604565354781991,0.760663500970895,0.8516782556849342,0.8740082297417807,0.8232957331062517,0.8417794059846619,0.8331221921062164,,0.8376909216354052,0.8767191459622569,0.8692378361732758,0.833133900960403,0.8593698514902225,0.928910883146054,0.8642657744924986,0.8062850237951761,0.8181467213701085,0.8383848934539677,0.87048641025688,0.9037584809704519,0.8578277740377664,0.8664577444980701,0.8918096825413889,0.8275631976246601,0.8650241862308302,0.8742564560282254,0.8452003982619035,0.8696662112384421,0.851499521896653,0.8821371848901677,0.8409512649583446,0.8559114187203751,0.8328797539473476,0.7989245693791857,0.8749891717445842,0.8916235931155065,0.8357709423905114,0.8770698021273702,0.8685829365708521,0.8323620325625295,0.7275706097562925,0.8174445287649796,0.8406349187801487,0.8318799129549468,0.8470995218387871,0.850559960983394,0.8557224448883112,0.8550496954997939,0.8673409062120034,0.8225251082873197,0.8251476846190497,0.8377050125753865,0.8595628429550874,0.8626885116454216,0.8506763767399783,0.8566856891126493,0.857664474727391,0.8471083032935829,0.8545731716313644,0.8033131590536036,0.8203581494509946,0.8661702392295264,0.8476758040656753,0.8746491177174615,0.8782828094945476,0.8096641731945302,0.8927945296351077,0.8545365764913305,0.7909641891752042,0.8290463461227292,0.8213592606743614,0.8050071079409488,0.8631025108330351,0.8467118181705389,0.9195042932392542,0.7686015808461721,0.7736255809777075,0.8388836768363397,0.8493324835247333,0.8822048154344834,0.8736066665909685,0.8638338326617413,0.8638338326617413,0.8638338326617413,0.8638338326617413,0.8638338326617413,0.8638338326617413,0.8638338326617413
68,0.732656810071448,0.8501857545414169,0.8301237257222733,0.8281800062900158,0.7966890647598721,0.8400624701174889,0.7628812035379584,0.8494062565917081,0.8516235321523911,0.7298813202946827,0.804560758194284,0.8152108490244081,0.8340367304351273,0.8644415593655507,0.833816179530396,0.7985107197600047,0.7938409303797549,0.7938857891341199,0.8386221287968759,0.8781620645356654,0.8224319595708661,0.8163474467021434,0.7619311899240014,0.7419302068774327,0.7550204929154927,0.8373528221306399,0.8609781329388002,0.8088554433709036,0.8420831828926877,0.7910713601118661,0.809162083839738,0.8443334883013724,0.8435179780655715,0.7570817963156946,0.8659996275802481,0.8475132445451861,0.8525451668891004,0.8091932682283083,0.7807199298191276,0.7460143982466743,0.7564272413246395,0.8340479683324729,0.764316114897897,0.8667284116224427,0.8768159442089208,0.8567788740314155,0.812609979964809,0.8266573446124755,0.8671601196405282,0.8256017836658788,0.8540898102794854,0.840098921670607,0.8617556658016489,0.8445943601221638,0.7333151855756845,0.8576563102412065,0.8685452051958117,0.8610896273386404,0.8733236582837101,0.842115091435095,0.7641550544764273,0.8515126834449216,0.8710093229324308,0.8611850896064999,0.8527190165597041,0.8572300182300155,0.8376909216354052,,0.8064857438706245,0.8331902237152818,0.8239889186440548,0.8620575749514299,0.8289341258908176,0.8615802249596543,0.8496432210388362,0.8459326013303843,0.8595291869132382,0.8595207601782384,0.8777872145573766,0.8106733176107642,0.8935155840787151,0.8372835795786049,0.8061012485016616,0.8468284203643066,0.8552922521554478,0.8104567273111529,0.8484348533607897,0.8736046863127801,0.8510178193300207,0.8169493215695238,0.8738262333567268,0.8397758277588419,0.7777913389156976,0.8926657536913377,0.8784670281115267,0.8481799672431948,0.828777489423178,0.848060940060143,0.8653515385982147,0.7404037367378977,0.8430237365560094,0.7978090209680266,0.829056307273805,0.8434372875428808,0.8344899673295848,0.8408971090173433,0.8863276455186704,0.8989628546391282,0.8719301680981353,0.8531929094997965,0.8058972859970138,0.8722415197265709,0.8806533674973224,0.7979849872471961,0.8354668192415221,0.8297741945971336,0.819450147958882,0.8633967202796794,0.820551472145832,0.8234724373244313,0.8408151036689577,0.8225104510705821,0.8591333693964676,0.8092034086234371,0.8531527411819165,0.8711800442630706,0.8196659005610826,0.8221432481875204,0.8781347375744082,0.7956160408891103,0.7602741554419398,0.8547099685926836,0.8618031424160064,0.8581851388026275,0.803488182662217,0.7828292945948283,0.8076900850073633,0.8388622324320253,0.868256647275014,0.8598100702676199,0.8669257647706371,0.8669257647706371,0.8669257647706371,0.8669257647706371,0.8669257647706371,0.8669257647706371,0.8669257647706371
69,0.7486322019083769,0.7723214880661751,0.7819400659194523,0.7641701973270453,0.7521401467354075,0.7852186263228762,0.774670504328219,0.7929041487829598,0.7853854233207627,0.7415038755128092,0.79103845428841,0.8180678759602018,0.7806133731708936,0.7811218094169687,0.840364227070109,0.8493638437256011,0.7778506758911985,0.7264355571456688,0.8003467949653343,0.7949496299989697,0.8256364825961343,0.8443324624964452,0.7578452033402202,0.7618293251905564,0.7705054838514381,0.7725736714106735,0.8002448422607935,0.8046899421007646,0.7783995235260321,0.7898880902406159,0.8326099482818271,0.8768769091552587,0.7755055015555319,0.7698286098877327,0.8346974870271795,0.8360913836177218,0.8372679949492898,0.827397163146773,0.7883103448914247,0.8144612626371016,0.7522167554100461,0.7771760545689868,0.8076391151904843,0.7781351754348399,0.8981099781001571,0.8230373922322405,0.8284301815720931,0.8396969335237504,0.8647382636428146,0.8801391741727691,0.7944195241182507,0.8821737475156146,0.8027663569717993,0.8060651222693868,0.7281464921675312,0.8329770788246567,0.8071336089402193,0.8392004258062824,0.8141579110880696,0.8345872786848877,0.779707618286836,0.8394892215986925,0.8301004196059136,0.794254287526356,0.8334139683529027,0.8425008019679943,0.8767191459622569,0.8064857438706245,,0.8230052433793985,0.8486679661513462,0.8521613498345569,0.8953444960769883,0.8768105459843666,0.7905417362713725,0.7701566528505858,0.7999859360781588,0.8450165941757442,0.876232106150053,0.8231437952875771,0.873325851735948,0.8913529909062741,0.8605310420100158,0.8459469952469354,0.8384172409752516,0.8406245691504878,0.8618562091795082,0.7958625810196892,0.8378184102442368,0.8400212141409322,0.8033084951041978,0.8338482323951628,0.8106859154737218,0.857880261609215,0.8713651311534832,0.8364723440557729,0.8534862260927567,0.8166150645604981,0.7895203471133692,0.7751448484416805,0.7907822061068646,0.8608144901044607,0.8102724116671735,0.852691939574426,0.8221764514089502,0.8309399653001887,0.810247394325259,0.8281022970381959,0.7985499303898205,0.8438621131011063,0.8412143123668399,0.8406345823439632,0.8336468433080346,0.8470284670235378,0.8283643871435169,0.8211625160045828,0.8332905022185364,0.8361972281931,0.8278467220862428,0.839936615692602,0.8444503677493548,0.8539814999917278,0.8271814577088266,0.848901940374427,0.8056637518964768,0.8677203347772101,0.8448058154903723,0.7470145894342246,0.7994693388095508,0.8182946993351892,0.8217070922450516,0.8231746534920766,0.8269689900263517,0.8799949256824314,0.7700172403899166,0.7812691678074237,0.7950397355766373,0.842566810547744,0.8392934935837442,0.8674303376217077,0.8599558344236962,0.8599558344236962,0.8599558344236962,0.8599558344236962,0.8599558344236962,0.8599558344236962,0.8599558344236962
70,0.8157718230286491,0.8783307337250317,0.8653897671834547,0.8345765592467744,0.8128623501817801,0.8218931666017988,0.7920220357314931,0.8662630914250973,0.8567712885326425,0.7692983355013994,0.8464005616783052,0.8155975064385647,0.8472777234115977,0.8563668206600253,0.8598165332895934,0.8536278374939846,0.8503288722018818,0.8074474058704219,0.844351172674731,0.8622721374059624,0.8905890053607785,0.8538170237261086,0.7565942643400798,0.7541414108521135,0.7745369118522876,0.8259727148175467,0.8725408745931782,0.8209081511540471,0.8846707306116354,0.8188175607591538,0.8034982680428103,0.8814401429492688,0.8566175663241846,0.7831169691052176,0.8772148353309217,0.8748069543921974,0.8611766673890724,0.8212363848952317,0.7885427231235185,0.7764208756700789,0.7892644824955605,0.8368525048117054,0.8310156425829909,0.8508662133929861,0.8800258184809312,0.8484526358440877,0.8212545825650908,0.8786480918566194,0.8576369800644249,0.8317699444102775,0.8451965942416142,0.8692760578561111,0.8520998290298667,0.8356434829167814,0.8168139668272447,0.8623780396203222,0.8864845582697862,0.8966404943235048,0.8763483213145514,0.861036408261759,0.7684766077864861,0.8949275310818097,0.9056878401739328,0.8723086851058865,0.8620661071749487,0.8179035144427921,0.8692378361732758,0.8331902237152818,0.8230052433793985,,0.8141226588269423,0.869320146778456,0.8774958396264668,0.876760584410016,0.8382470878518465,0.8128017328908416,0.8629128446964586,0.8885925519023345,0.880738451049794,0.8240321974505288,0.8979773947975155,0.8615156719761244,0.8226292453834728,0.8528341583196322,0.8732658169830044,0.8840392461356774,0.8781676973806298,0.8575731041202987,0.8826295979234633,0.8586116697355565,0.8862573705224587,0.8733467154210973,0.8715097663903605,0.8829475271324304,0.8598780665827592,0.8531248649843047,0.92751211615217,0.9084292216290653,0.851636993335267,0.7322254893939967,0.8207131864590966,0.8549835107437634,0.8814367207210958,0.8670636879468108,0.8936619280869513,0.9082978097673987,0.8854511975690039,0.8793685750717084,0.866453745540421,0.8243191823315379,0.8408501954549086,0.8815371172624875,0.8814314607782626,0.7885504462510222,0.8797568280654074,0.8827767312371855,0.9132235360952777,0.9074062924873567,0.843500544260009,0.8177902330993662,0.9071175484005137,0.8507110209630638,0.9279160629297172,0.8672648533205249,0.8490336942051614,0.8637728961830455,0.885445785657522,0.8240286348125747,0.8495007279522233,0.8293858785278124,0.8284022904847647,0.9125967439781633,0.8967263248646485,0.8784393596951898,0.7789904621084796,0.8140307702125996,0.9029374854131298,0.8671800068028074,0.8397861320735477,0.8629889745424034,0.8737922839345572,0.8737922839345572,0.8737922839345572,0.8737922839345572,0.8737922839345572,0.8737922839345572,0.8737922839345572
71,0.7444243853404021,0.7753656156741907,0.7935634757918391,0.7971688838150746,0.7992921959824738,0.800305445485759,0.7586373841766687,0.8021341042644959,0.8113817837066204,0.730086474075081,0.7467414791530019,0.8196113394740574,0.8028257028938135,0.8118811078245739,0.8191611778549723,0.7886925558264729,0.7777500822343828,0.7830412579966166,0.829213319877977,0.8164267994788632,0.8078123293320778,0.8499715030689221,0.7592185741594561,0.7878589317794864,0.7501101068080782,0.8491885940437637,0.8163735733394453,0.7989257289623463,0.7982458556473011,0.7817338115626462,0.8507929397202787,0.8596671733460458,0.797005971663279,0.7559209030804955,0.8477204335594122,0.8500352096418644,0.8622727798731027,0.8314010100765714,0.78215771769461,0.810708506895588,0.7369080103631368,0.8104530831814609,0.7764819410865752,0.8119852417616594,0.8582868366754737,0.8373236418485577,0.8299066287713734,0.8301422366587227,0.8282294976416409,0.8321495944845505,0.8305687566730234,0.858010199546609,0.8401329919886126,0.7965312852667672,0.7269163267726093,0.8285295839110675,0.8159003519023936,0.8265279877201692,0.8213700745505488,0.874755025564729,0.8008822159923037,0.8541239372877633,0.8396751464094886,0.7689938992529229,0.8581354013565976,0.8294550428219549,0.833133900960403,0.8239889186440548,0.8486679661513462,0.8141226588269423,,0.862620748680683,0.853644865352385,0.8730023247699945,0.8424966148756767,0.8156887104077424,0.8099424640805698,0.8410801978323627,0.8737414615501182,0.8571124003503263,0.8595576566943806,0.851249897836715,0.8112833951114831,0.8593812317080848,0.8439683582432137,0.8049616225311405,0.8700938210810774,0.8118755862881699,0.8622544442927793,0.8322559253973539,0.8166852065768891,0.8336681702745191,0.7991437388875933,0.8615304997239274,0.8503964000437364,0.8155880830532,0.8198484069751744,0.8220590932008044,0.8309482662221135,0.8033570429054667,0.8164686235599949,0.8461664667026388,0.8281912019742943,0.8597576194280816,0.8240325812928443,0.838953525874423,0.8248872420090326,0.8225503475988317,0.8046065551382857,0.8584165096327205,0.8351521300787852,0.8172256339424754,0.8214121393575302,0.7943612092612679,0.8220898307592714,0.8220762433977793,0.8188338338018881,0.8288830722143938,0.8299662671003688,0.8167150787115658,0.8368454166290586,0.8150140103808905,0.8531058595392528,0.844742919151144,0.8310582243471902,0.8408400860324337,0.8121432077857401,0.7858428431979665,0.8326500199566849,0.8031304327087161,0.8159397684009572,0.8405021422118543,0.8422344550575759,0.8280767227943786,0.845321341284353,0.7999941722800916,0.7913051684196167,0.8289209673423396,0.8275023163656685,0.8473292434601348,0.8465376779587559,0.8465376779587559,0.8465376779587559,0.8465376779587559,0.8465376779587559,0.8465376779587559,0.8465376779587559
72,0.7869715023908253,0.8588104406316792,0.8577753945133025,0.8486519180868888,0.8289281279872263,0.8413204829913293,0.8265462144329612,0.8513096292382616,0.8669013730913232,0.7908555881197321,0.8172302948665916,0.8345292308202548,0.8641495115212775,0.8680849201564126,0.8586369396143313,0.8220050879976546,0.8287601851552604,0.803575655976701,0.8593413100987546,0.8680994378496543,0.8943234131740221,0.8878126131247147,0.780091762704408,0.7876464225605211,0.767791014801086,0.8691741777164583,0.9050616101509202,0.8271449165839826,0.8592796951233097,0.8145584253209462,0.8521564793798737,0.9085982770948099,0.8614572694586171,0.7716873194632894,0.8970740689841423,0.9172524305945179,0.8911351290450931,0.845953077945946,0.7989965358151876,0.8264303549436542,0.7689489178778164,0.8377498683377654,0.8383995744601447,0.868066510244638,0.88893758254143,0.9280411924864611,0.8677122828912504,0.8595456556475114,0.8593212292549324,0.8441098649071642,0.8670453417092233,0.8665982699167349,0.8652339071962805,0.8530700936885268,0.7662078972988278,0.9238323937862242,0.8863780683985829,0.8786694632657988,0.8774722754786379,0.8819397639721229,0.7901717940008429,0.9222732001160846,0.8739007828480705,0.828639521141423,0.8825818126314187,0.858940636241084,0.8593698514902225,0.8620575749514299,0.8521613498345569,0.869320146778456,0.862620748680683,,0.8717102774145394,0.9033224602973866,0.8557218966479464,0.8427717497807429,0.8750639000575358,0.9091631021974836,0.8839908836405554,0.8427926925606402,0.8810885755540165,0.8655280974980529,0.835979210117442,0.8357229345302731,0.8744577657497297,0.8662049453927145,0.8734240539701393,0.8598025092110086,0.8875801389259886,0.9063457686619507,0.8732513523676496,0.8743210891507964,0.8482784014046513,0.8919088134547424,0.8694391189493487,0.8590633816158234,0.8612306146907409,0.874985700109148,0.8776180807337436,0.7727646976007239,0.855857949334482,0.8676756872991782,0.8775986207296672,0.8674697004198637,0.9096781093561594,0.8946473594394118,0.8811468184322959,0.8892743078896109,0.8550036572671549,0.8549316043934048,0.8118425299485179,0.8615116247164012,0.8594724283764467,0.8091846186613454,0.8924007960455757,0.8767959975594534,0.8744338140952723,0.8702020427392886,0.8478230945913318,0.8419687399137006,0.8628926584741409,0.8392720201758932,0.8926299551848077,0.8760901313682041,0.8697871229235606,0.8593432270422523,0.8792182266291713,0.825605974231861,0.8743906546925774,0.8169069991093952,0.8429610124380253,0.8645386548103869,0.8969996152222884,0.8569409679280608,0.8005571586903839,0.8200628801012988,0.8463728266044007,0.859919409826879,0.851652312421535,0.9125540645505857,0.8865705773359367,0.8865705773359367,0.8865705773359367,0.8865705773359367,0.8865705773359367,0.8865705773359367,0.8865705773359367
73,0.7693827067201574,0.8223255777254641,0.8295223325670659,0.8070052598554689,0.7836850682647843,0.8161352054219818,0.7812185344247365,0.829803356733748,0.8353342989841749,0.7553383620566473,0.8108678509202663,0.8327581659287953,0.8085004881032268,0.82186060900949,0.8592222574541244,0.8605671136561798,0.79381778087095,0.7749435720385511,0.8209465498459314,0.8274306939983986,0.8725211711689361,0.8491590413364987,0.7740520212721772,0.7696940571929646,0.7764445909277224,0.8206229444551052,0.8431567834130879,0.8326934146384761,0.8329518113605712,0.8196354509827526,0.8408091577177502,0.8820124981532736,0.8272250618439184,0.77273685143493,0.8499025895224583,0.8635759574911634,0.8564815449352594,0.8403434678048637,0.7992310849104184,0.7960179908794824,0.7566076760482765,0.8199664786681037,0.8437124127104356,0.8228671709878429,0.9036380014959104,0.850686212622141,0.8115569243619668,0.845931356158852,0.8718687523471766,0.8809415225116646,0.826498821057909,0.9127236326739308,0.824396814784877,0.8174382161526097,0.7520861086177262,0.8625677014529991,0.8579826662028665,0.8608533308711276,0.8430966246375211,0.8689982278457383,0.7848604989652498,0.8545556970069027,0.87795224595508,0.8196366862517597,0.8500253847949586,0.8353806711061531,0.928910883146054,0.8289341258908176,0.8953444960769883,0.8774958396264668,0.853644865352385,0.8717102774145394,,0.8713296351757925,0.8151006404084512,0.8132821003788593,0.8342094788614703,0.8602092901396092,0.896253048201452,0.8363964740410206,0.8678561331147508,0.8828450243316035,0.8475252514690459,0.8596729441255235,0.8539026761425201,0.8624925399739997,0.8739450020431673,0.8399702804352843,0.8762077950975983,0.8555499949835333,0.8345132649144144,0.8368810985844605,0.8236844937360854,0.8706608834966212,0.8896190376319897,0.8349396864402231,0.8867123052514642,0.8694714574915471,0.8334922129168796,0.7592835378166622,0.8153671987326824,0.8581646083169207,0.8334486699336868,0.8478300304775519,0.8655393059352565,0.8815760156593818,0.8431549940195807,0.8516057691194724,0.8101140677107814,0.8426096840365466,0.8414894936462884,0.8513244085335717,0.8515443690951497,0.8435059076168936,0.8639887726720016,0.8683926181700757,0.8686261641014364,0.8531099988422424,0.8079306614094872,0.8288903839541159,0.8753666714437746,0.8534936978172977,0.8861926966750958,0.8704450723693943,0.8173231322682397,0.8689722545061135,0.8712153177554245,0.7835552486855502,0.8278451074713695,0.8176357119729336,0.8472829554109556,0.8654738333065131,0.8486197459609018,0.9029427944936691,0.786669087201727,0.7826964210882535,0.8621107959307746,0.851169115105743,0.8803668014670412,0.8802936264107615,0.8525732390889761,0.8525732390889761,0.8525732390889761,0.8525732390889761,0.8525732390889761,0.8525732390889761,0.8525732390889761
74,0.7826641338020025,0.8494154066089326,0.8377583081797981,0.8421725986934104,0.8204443242879539,0.8281646031571532,0.7730551954227763,0.8364977533631017,0.8647968200161236,0.7480379858795643,0.8185541276040438,0.8303421772592713,0.8655729750973897,0.8706801938398834,0.8761368102501973,0.8551046583290087,0.8243939584974201,0.8050277829422823,0.8630979690376125,0.8713107996133209,0.8528218841046673,0.8772767586680413,0.7705141087717322,0.7856004606514325,0.7697654888891005,0.8527158640171587,0.8759375916980106,0.8154443872115837,0.8633492767529373,0.8100478635571671,0.8523841549255013,0.8954804823815739,0.8399524242968336,0.7834157856538133,0.8891661615356773,0.9050250010747822,0.890388673112365,0.827723547500054,0.799098639442277,0.8387776367691376,0.7783448556379314,0.8308447280640592,0.8158458970117435,0.8440775630771976,0.9375764099369642,0.8641615699693213,0.8588829953848885,0.8716668726643299,0.8730371094405598,0.875292491675732,0.8607409737941927,0.8814198247025923,0.8646036077766189,0.8269667786202431,0.7767149644260213,0.8709016104298201,0.8785044557702198,0.9253593122598676,0.8904001315882244,0.8728325379913117,0.8052684028126749,0.9097935455232887,0.9140624834914058,0.8513485876125608,0.9165999776232162,0.8956247981903,0.8642657744924986,0.8615802249596543,0.8768105459843666,0.876760584410016,0.8730023247699945,0.9033224602973866,0.8713296351757925,,0.8663164132335761,0.833901150590157,0.8762365137736943,0.896199834685433,0.8993848760992416,0.8488280434749211,0.9128559995622423,0.8912684217990219,0.8502604141271949,0.8612817724254471,0.8731590392826863,0.8674574454877935,0.9108455429515899,0.8758876553066163,0.8988761778092299,0.8644123848187355,0.88393089117225,0.8883861766160142,0.8402210323750183,0.9176590411522756,0.9041592955847504,0.8732647900432811,0.8658032448672083,0.8878118535350102,0.8731590040333035,0.7995529344025435,0.8554494279236218,0.8750193154073975,0.8902435728372728,0.8860142256681792,0.8898909914178885,0.8883073510755741,0.8963760918115284,0.9005179911822958,0.8735991346152254,0.886552454505418,0.848520669550782,0.8822189938904796,0.8832505669079694,0.8057782720597865,0.8673732295788439,0.8559685289879162,0.8789589473421541,0.8974871074712355,0.8750067588158333,0.85788248829246,0.8893535278057785,0.8530043092745734,0.9175162003275344,0.8749966011973459,0.8920663979322425,0.8713298216767862,0.8598698315533209,0.8219390979063558,0.8988809668124574,0.8223690990204469,0.8254444233781387,0.898000508161751,0.9105307514673517,0.8882720168843937,0.8268336884582297,0.8153150760978918,0.8494283841347251,0.8800073499850412,0.879095516219339,0.9038370890318778,0.8990733897962006,0.8990733897962006,0.8990733897962006,0.8990733897962006,0.8990733897962006,0.8990733897962006,0.8990733897962006
75,0.8013037762551722,0.858645813957245,0.8280644728015811,0.8708949876686041,0.8136270414689617,0.8236013017630799,0.7765014761939714,0.8388109472687341,0.8640129047376479,0.751716688750927,0.7600734698525373,0.8104425681596669,0.8509003066670069,0.8551549299937725,0.8451124864709292,0.8056490940460213,0.8583623218128965,0.8947299337192423,0.8587534513461269,0.8956506088783165,0.825473923961423,0.8256452779688427,0.7766095987946087,0.7869818650872459,0.7774476112495006,0.8664158554931886,0.8613331809799619,0.8058474553892114,0.8264538092593416,0.803781723539219,0.8056789114814003,0.8326132716588147,0.9066780240929009,0.7707874232017746,0.8828006936133176,0.864573581975147,0.8741681425819035,0.8051350000555488,0.7992824944743837,0.7994396756315582,0.7678769346792469,0.8667079040840397,0.7898012520511827,0.8620746015001515,0.8820932653658116,0.8614058576072612,0.848620004562412,0.8529867894990886,0.8327539446215182,0.8049190185171908,0.9301962495643419,0.8420506349031036,0.963625722993212,0.8143053932056271,0.7794719501335513,0.8561912176683268,0.8507175466076541,0.843081024280748,0.8902705026487079,0.8426215735283893,0.7957476396627965,0.8750443907402806,0.8720249879741578,0.8380530568093914,0.860802250159556,0.8506761998141436,0.8062850237951761,0.8496432210388362,0.7905417362713725,0.8382470878518465,0.8424966148756767,0.8557218966479464,0.8151006404084512,0.8663164132335761,,0.8496091757614374,0.8799170700183163,0.87653017098919,0.8781728857906062,0.813031476778197,0.8682115747901276,0.8144790996842033,0.7876362762229538,0.832767690401173,0.8633618504603157,0.8333761291684556,0.8626927068860817,0.862969038378126,0.8533289859815496,0.825205226135745,0.8496876631168386,0.8473701134100943,0.8556600181873744,0.897089320142996,0.8582716917893137,0.8688616212898098,0.8194754157958235,0.8502272793742041,0.8734336707520192,0.7583857008083151,0.9119439846458247,0.8259766800624218,0.8790152161054587,0.8506556641188624,0.8469137465224951,0.8537871388710432,0.8641394927301769,0.8546932823493172,0.8383811898794739,0.8636455571541027,0.7919171014734196,0.8829814891532799,0.8874063706753077,0.7638077334345812,0.8497359068592799,0.8381603296306862,0.8441712515569076,0.8761672268916416,0.8366507615708851,0.7947662358585302,0.8666667249589389,0.8037105147462418,0.8688999241873615,0.8382115947503692,0.9275519413265996,0.8360305010123661,0.8326325156982363,0.8847029070694354,0.8832489818166894,0.8007784728891973,0.8040310411910441,0.8606807328185808,0.8764754104611318,0.8352436175177193,0.8924706551537273,0.8820454518387361,0.8121304424047717,0.8318474528446395,0.8236565372799172,0.8695301813771101,0.8714748243563833,0.8714748243563833,0.8714748243563833,0.8714748243563833,0.8714748243563833,0.8714748243563833,0.8714748243563833
76,0.7490326414622036,0.8371870296663523,0.8149266975331827,0.8423225211393957,0.8088169882179543,0.8251184703774507,0.7588679379226059,0.8411899054630052,0.8696534740334289,0.7361264750324468,0.7564438644330812,0.8099749475656468,0.8332942993272882,0.8596088080273685,0.8214262076607641,0.7799836553853575,0.8117258141913124,0.8257929711397044,0.8427954867017298,0.8702112520509332,0.8059812169117537,0.8216979256808781,0.7745916583426773,0.7737124565240566,0.7585401901990374,0.852808554236823,0.8575333771947592,0.8015705688879131,0.8038525437004649,0.811388130692065,0.8171307964564972,0.8134951234129834,0.8339021674097955,0.7549258888612999,0.857606542426006,0.8332257329211067,0.8649597562593804,0.8126870583617812,0.7862933188355776,0.7573330167944147,0.7414863469796652,0.8770629313715659,0.7638856996907571,0.8606519469872517,0.8540267504852991,0.8520241568733306,0.8127155176218112,0.8198504021607933,0.8151643747327741,0.8037224836461899,0.8575558010057995,0.8400502086140564,0.8552155023290176,0.8225593725337333,0.7516030383583046,0.8562868176782831,0.8375113235116367,0.8125715601404775,0.8615448056646127,0.8401155518730374,0.7884109044963518,0.836849206236684,0.8582095596464271,0.8169338376871809,0.8401710522837454,0.8208720130242738,0.8181467213701085,0.8459326013303843,0.7701566528505858,0.8128017328908416,0.8156887104077424,0.8427717497807429,0.8132821003788593,0.833901150590157,0.8496091757614374,,0.8499256351961098,0.8422624079855913,0.8691294997055757,0.8116622008120224,0.8493077411574049,0.8041772585524181,0.7663434135770159,0.8323236766914234,0.8430774990463535,0.7956393763900687,0.8409094491635316,0.8620654948959428,0.8445903749882842,0.8070424825176445,0.8210939409063521,0.8065120013846779,0.7942951749263183,0.867677032925709,0.850183881750935,0.8229810284944971,0.8163651794915376,0.8206262105547696,0.8720287898916635,0.7648937617092856,0.8460987911316246,0.8049608366384406,0.821764287510868,0.8154418325135903,0.8163599304309451,0.8211706383589041,0.8490782441172243,0.8330284398650845,0.8125080872896654,0.8680494348544151,0.7860228041025212,0.8447821770673828,0.8613531409026635,0.7701294968134532,0.8196983263638024,0.8187787672758023,0.8095053371234237,0.8352717787666664,0.7930318521967783,0.7811331968695024,0.829653565872551,0.7810947295459975,0.8363428653679863,0.824009358053845,0.862645295896362,0.8275789733353546,0.8062804716786347,0.8299020959568596,0.8521051532569035,0.7923945270028852,0.7853053117524045,0.8276668862208791,0.8326441252585055,0.8131440595120292,0.8167415419716118,0.801424238029476,0.784899594400597,0.8058045903623278,0.8245917321102639,0.8521894227915358,0.8451816095317009,0.8451816095317009,0.8451816095317009,0.8451816095317009,0.8451816095317009,0.8451816095317009,0.8451816095317009
77,0.7999826702898004,0.8858225190410074,0.85513417443924,0.8749929660583113,0.8133332446781883,0.8430196075972191,0.806790494176787,0.8359754108789899,0.8894880514945698,0.7733455869560377,0.7881574847918568,0.8091800639549449,0.8672540355569929,0.8851995750785253,0.8596572714970688,0.8323197550704663,0.8452747770443326,0.8355491882152004,0.8735483142272424,0.9058659092832209,0.8603451393234743,0.8596757002121376,0.7791586567593227,0.762563987246484,0.7742693652341543,0.8515734390324219,0.8957934232122274,0.8265083954046704,0.8582499931772105,0.8336745165581102,0.8020146325160825,0.8739936216869114,0.8737601646128517,0.8005483536681205,0.9040012792219726,0.889945595077053,0.8849007681261088,0.8057620341666607,0.7892287481960634,0.7944460623322587,0.7998836242805919,0.8629091368563339,0.8128263879424705,0.8884705417476328,0.8790282070688739,0.8791750734232879,0.8760983751818341,0.876536751936574,0.8549724037820765,0.8111645514041766,0.8906937964076618,0.8535094782777419,0.8928078322537669,0.834636647694777,0.8160118301307178,0.8907345169286142,0.8908732375777965,0.8527106570308816,0.9125806087734085,0.8445754770774001,0.7869148173073367,0.8960194405263652,0.9064549407137167,0.8522334100217193,0.8631220710980915,0.8498763636790093,0.8383848934539677,0.8595291869132382,0.7999859360781588,0.8629128446964586,0.8099424640805698,0.8750639000575358,0.8342094788614703,0.8762365137736943,0.8799170700183163,0.8499256351961098,,0.8950848903912487,0.8836802713973608,0.8129804727817884,0.8820000920697837,0.8221952946984015,0.7825018742989829,0.8292488258483984,0.8816023755069935,0.862715082181506,0.8655319053730326,0.8921443118767594,0.8683774593740831,0.8560427718360188,0.879785072320332,0.8546611646934382,0.8253775373094893,0.9145384651416111,0.8806658714089294,0.8874240496223555,0.8311000440569302,0.8783062652294658,0.8737183051209653,0.7453748985559993,0.8844929065493402,0.8487753636949046,0.8899081322126188,0.8575054677154977,0.8897466497611406,0.88751321546938,0.879232015950105,0.872108100213696,0.8490439139471967,0.8599505502114722,0.7883242288701635,0.8941829198962084,0.9006774191288869,0.7689439419147512,0.878331804305242,0.8735478173852195,0.8705918410559212,0.8993190797785361,0.8364737467704444,0.7962212879392639,0.8835282237163242,0.8143600652890787,0.893450355652253,0.8556610881603206,0.9027568885318416,0.870077075213581,0.8590460172376122,0.8727881008427377,0.899941920415487,0.8166430367962643,0.8100509261445727,0.8676406586063882,0.9003335096785899,0.8556994715658792,0.8262212372751986,0.8525664783122755,0.8464123959992306,0.8459520346976662,0.8547841532507439,0.8928412687411797,0.8918584719356466,0.8918584719356466,0.8918584719356466,0.8918584719356466,0.8918584719356466,0.8918584719356466,0.8918584719356466
78,0.7822222023031326,0.8793082687225336,0.8686572499090675,0.8464159524003035,0.8036984343671081,0.8353467350679284,0.831448807653852,0.8675535886037794,0.8696572016590534,0.793853291048584,0.7962272623711626,0.8319538707769231,0.8668708358423667,0.8610541504316512,0.8599227101271568,0.8379516992655236,0.8394840142103884,0.8048677799327864,0.8738042756261264,0.8926302788561497,0.8713791594633212,0.8651777867247336,0.768094299513105,0.7596335423304947,0.7700453158487552,0.853217998727422,0.917709793999455,0.8202296264808743,0.8469669895254757,0.823883245486178,0.8149454643665619,0.8835789481459465,0.8598906897676611,0.7760067113881329,0.9093615643936919,0.9047632640191042,0.8937377409819129,0.8312205425657584,0.7912910473979836,0.8086929999557865,0.7743609093282152,0.8501536573636328,0.8077231429539697,0.8902204377627001,0.8885143651550179,0.9151715713348626,0.8770960176984313,0.8752702270097759,0.8481740935709552,0.840056624566112,0.8793174530581436,0.866720074896723,0.8808544025956226,0.8395167692613013,0.7623119537271754,0.9250857438519587,0.9016979505400556,0.8610773400423717,0.9170147123817973,0.8654350582706879,0.7740781447675531,0.9203061025028133,0.9087820424035946,0.8380967959610808,0.8749251007028056,0.8434592734898061,0.87048641025688,0.8595207601782384,0.8450165941757442,0.8885925519023345,0.8410801978323627,0.9091631021974836,0.8602092901396092,0.896199834685433,0.87653017098919,0.8422624079855913,0.8950848903912487,,0.8941112619040701,0.8413977791620514,0.8975251768811026,0.8672418888143212,0.8240091474506411,0.8483294487408246,0.9098935563071792,0.8602738834263994,0.8730560039152638,0.9001546508737623,0.8827734744309315,0.8813902202784769,0.8822912622436824,0.8793033312342386,0.8355468905717891,0.910729354643772,0.8769646696519308,0.8807004513344142,0.8706576120581432,0.9042048029227108,0.8792881369793865,0.7384347791628604,0.8535846274234253,0.8526661981135473,0.8811810076074895,0.8650553831706186,0.8954028410068733,0.8900193558495679,0.8769301093501247,0.8803024139275673,0.8576046197045601,0.8495074672677602,0.8211293321959904,0.905402140718471,0.9081654017832523,0.7939051261964069,0.8884229681491393,0.8834705986861505,0.8661933392974873,0.8995577382964122,0.8426627998051864,0.8268727940321166,0.8899824383982056,0.8339788247257212,0.9023998320012491,0.8627269033967798,0.8885980149926509,0.8951105510191314,0.8837154365227615,0.8313095628783871,0.894829775016735,0.8276814311420307,0.8270615741027156,0.8920214353497932,0.9158567175587429,0.8838466978642938,0.8076039545756356,0.8340766002136694,0.8413901397555743,0.8614665078090502,0.869338879786111,0.9083772991936018,0.9068222085012926,0.9068222085012926,0.9068222085012926,0.9068222085012926,0.9068222085012926,0.9068222085012926,0.9068222085012926
79,0.7750578341532932,0.8542000943979544,0.8465525544823046,0.8407723040677738,0.8043106025982171,0.8464208475952271,0.783714563155991,0.8485989234548088,0.8662003230383359,0.7542638157664238,0.8104911634247848,0.832558394100496,0.837139143167646,0.8609751426241388,0.8640898029191849,0.8447966925910116,0.8186037597861434,0.8176952119585266,0.8606946989848339,0.8903982167102878,0.8708170877627662,0.8728622861519768,0.7878730707265675,0.792763520559012,0.796716031315174,0.8552837395983465,0.871489590072783,0.8478742379734673,0.8477809427958657,0.8392465596644899,0.8519915413406872,0.9030274375631167,0.8485109634085028,0.7927215158200722,0.8919315401238469,0.8838897698053328,0.9177555619380589,0.8619017029958067,0.8161311878751342,0.8258317365758301,0.7765645956275575,0.8938511495309234,0.8174302660458914,0.8660912237486986,0.9226220025908756,0.8738226046223494,0.8551488037075003,0.9226869002103746,0.8906477391459543,0.8633045959783032,0.8765447368764117,0.9551538963924272,0.8811103363568016,0.8399708201837316,0.776938366073453,0.8789270826716253,0.8678948818074144,0.8803342364128589,0.890751640865624,0.9220739465883244,0.8131164252720168,0.895628737157576,0.9004957708205424,0.859480789148374,0.8826645841446645,0.8757417380068272,0.9037584809704519,0.8777872145573766,0.876232106150053,0.880738451049794,0.8737414615501182,0.8839908836405554,0.896253048201452,0.8993848760992416,0.8781728857906062,0.8691294997055757,0.8836802713973608,0.8941112619040701,,0.9006604148859887,0.9131984878890429,0.8874375120530698,0.8415724058014695,0.9353150423910889,0.9009272091882896,0.8778825614475986,0.9381568641412765,0.8745005013229636,0.9288058407870607,0.863879824373995,0.8851113567860012,0.8884494702375239,0.8295069853798485,0.9276993735514462,0.917198132000148,0.8746977776759324,0.8762059945806632,0.8761719056269487,0.865267665409979,0.7844430109717031,0.8626611379347892,0.8687514902280198,0.8667560667699766,0.9238291362198854,0.8766666347967607,0.8865954034824608,0.8850718003928333,0.8828049020067611,0.8568396680640343,0.8895155661057131,0.8461630880739746,0.8929227074754545,0.9019839343459244,0.8224460752689272,0.8917352663203096,0.8893092909199465,0.8846020683213378,0.890182720522077,0.8687275934888958,0.8608060915908475,0.898878393518856,0.8750217906779746,0.903875582009558,0.8919831107241405,0.8874177136023363,0.9082762264514996,0.878467325134348,0.8433760271869261,0.8789517049439537,0.8407500920336975,0.8349306041175691,0.8930483204113351,0.890237446156566,0.9005317833957699,0.8359729085861592,0.8207332485120805,0.8592233781223682,0.8918621132330434,0.889379769185407,0.9066406907499348,0.910813617286059,0.910813617286059,0.910813617286059,0.910813617286059,0.910813617286059,0.910813617286059,0.910813617286059
80,0.7391478843675309,0.7932023960159681,0.7827636358088496,0.7816142764073917,0.761232823136047,0.8259115492088989,0.7661570879492365,0.8136656924605601,0.8282592902710395,0.7381076299154641,0.791857977846603,0.8006762805447449,0.7861722321189766,0.7987939952820781,0.8083461532058677,0.7924632546937446,0.7731822733764655,0.7737303162407234,0.8407237074886265,0.8166166957722802,0.8415520886870775,0.8602210083173598,0.7815905962918819,0.7933271103401142,0.7962481161163556,0.8044019993526361,0.8086528472867275,0.8172289236501126,0.7890884526704129,0.8078505789547497,0.8543708364372394,0.8626163007441595,0.7742168465640723,0.7922305852221994,0.8435348734068487,0.8462163859637042,0.8804527606526605,0.8470152142160491,0.8124659797729687,0.8111291185199875,0.7698127251357214,0.8351758469683859,0.8077255841321759,0.7973440042103536,0.8345045821158205,0.8420135165289396,0.8366526133339787,0.8818018915696717,0.8395107083934448,0.8121062885803576,0.8206605473843505,0.9022374941230749,0.8108692888209938,0.7991682263616758,0.7476275058906847,0.8161363550213513,0.8051764916709685,0.8380293465628393,0.8306055710724691,0.8876139456324121,0.8031939439205747,0.853620636987831,0.8320787999406242,0.7964524933928916,0.8303103978242402,0.8054461617027266,0.8578277740377664,0.8106733176107642,0.8231437952875771,0.8240321974505288,0.8571124003503263,0.8427926925606402,0.8363964740410206,0.8488280434749211,0.813031476778197,0.8116622008120224,0.8129804727817884,0.8413977791620514,0.9006604148859887,,0.847719976966877,0.8495239952482059,0.7996167989345799,0.906376439080433,0.8508034984506175,0.8558037248835966,0.8914189530932967,0.7905820474108536,0.8885182807627756,0.8387420945964662,0.8417370546606359,0.8492089841382962,0.8043469775615304,0.8573814106778002,0.8405107620385666,0.8065886433119838,0.8421059580725043,0.8317987682693144,0.8002934322526194,0.789669434525023,0.7928101019979295,0.8830511905612014,0.8335053718610986,0.8959290270407969,0.8340847482717956,0.8415013673535359,0.8347062507744395,0.8366365174714196,0.8272451076283451,0.8509122139806358,0.8206236609881638,0.811242170286058,0.8200490615098341,0.772782376199785,0.8621790780960624,0.8597360851844676,0.8541663996923323,0.8183711181633879,0.8373353118536855,0.8138938276597658,0.8475052597371456,0.8397669207634224,0.8506681955095031,0.9017649023702246,0.8037683378445484,0.8644178459696313,0.8458828987016707,0.7834414607037155,0.8106821681179399,0.8195377574732287,0.8289661277778192,0.8543678862236659,0.8362579236235526,0.8559758244891592,0.7855937327515512,0.7858699824369104,0.8231446476116413,0.8450511012863106,0.8375991652947832,0.8556025074262502,0.8498853573408764,0.8498853573408764,0.8498853573408764,0.8498853573408764,0.8498853573408764,0.8498853573408764,0.8498853573408764
81,0.7729064041113648,0.8536795886944488,0.8485025535871599,0.8425852637957912,0.823129150709055,0.8382912610029453,0.7768220099873064,0.8830034392502462,0.871880229637083,0.7548486265941529,0.8107835256841431,0.8225038411442012,0.8626443075960879,0.8823267929687547,0.8609148543377766,0.8398127498279148,0.8204827416419769,0.8029556369149171,0.8810892819177082,0.8852822720452683,0.8555921916309553,0.8657724666483544,0.771801097007095,0.7828489171038396,0.7924886026620578,0.8481351011942562,0.8690519272748448,0.8351038372501794,0.8420923827050285,0.8337439305143147,0.8436114977520894,0.8886793879342484,0.838144460021557,0.7880596453642899,0.9089256031387956,0.8798008820012694,0.8930020631569241,0.8439152980917746,0.8109178586570407,0.8142140800717426,0.7772165094139674,0.8600353566415709,0.811044685030321,0.8730988912930701,0.927176679480686,0.8745153424853656,0.8640782071375331,0.8789379899652318,0.8916790325769551,0.8604731056081567,0.8671834805282558,0.8893773695961804,0.8840583621535998,0.8478755609194701,0.7650432388831158,0.8654362059802347,0.8807718061986033,0.8958312564712863,0.9061542552431613,0.8792703807523071,0.8120487834003506,0.8996971687496547,0.9145079180303988,0.8683310589580128,0.8966101166564001,0.8995862700896565,0.8664577444980701,0.8935155840787151,0.873325851735948,0.8979773947975155,0.8595576566943806,0.8810885755540165,0.8678561331147508,0.9128559995622423,0.8682115747901276,0.8493077411574049,0.8820000920697837,0.8975251768811026,0.9131984878890429,0.847719976966877,,0.8888183622343137,0.8612394192315231,0.8729352116145387,0.8969091854871424,0.8670711828449242,0.9063340478465627,0.8955530011262904,0.8796923173641765,0.8610901011978646,0.8854370017254911,0.884725967671602,0.8284025377340558,0.9415397261659983,0.9116322898434814,0.9056679024445846,0.8877869152943987,0.887690178897145,0.8809680333706817,0.789770387664564,0.8607667391738876,0.8688722451317059,0.879723772058925,0.8996459893269866,0.8692662654150304,0.8812635931653847,0.8890209571245309,0.8893879679695652,0.8753857090976862,0.9064957866420422,0.8750000017509916,0.934068170645381,0.9303669942650006,0.8190182202092491,0.8748893488495906,0.8654531595386945,0.8717438815362594,0.9264609843511422,0.8772519308057016,0.8599780716774706,0.9069171120040109,0.865093247866092,0.908440913069561,0.8665269355272944,0.8920536140580148,0.9049267935056964,0.8644984759300308,0.8303476963310665,0.9023849063739807,0.8352828393219789,0.8271445881032915,0.8976186799898532,0.9070119473104983,0.8966348300552485,0.8325190963568421,0.8347369536965227,0.8377875151416145,0.8874137135209355,0.8771907076402049,0.9052760400639925,0.9218505561104048,0.9218505561104048,0.9218505561104048,0.9218505561104048,0.9218505561104048,0.9218505561104048,0.9218505561104048
82,0.7426884125181842,0.8197250263284426,0.8230995102106863,0.8083768263336875,0.7949481777198704,0.8104090585485755,0.7793261492650257,0.8304230141030712,0.8200564016635324,0.7452132229488359,0.8036736878644457,0.8371399797512298,0.8247129284044807,0.8166838952838122,0.8470951736064557,0.8354696043402557,0.7851135823351224,0.7624605976110601,0.8277262646904576,0.8279023345190556,0.8295523034386278,0.841412993668104,0.7611308071047287,0.7660210147489935,0.7729720584518581,0.8040940818031397,0.8191783484284312,0.8274350817470236,0.8145098124911906,0.810444488303476,0.8342355280630543,0.886144480656845,0.8054976324105309,0.7593423679733298,0.864141263159992,0.8445497238894007,0.8655855823183642,0.8401758600438015,0.7993807714143941,0.795452119504923,0.7490533397418887,0.8020660112181968,0.8011861227683162,0.820383717407526,0.8871307036303908,0.840475678420852,0.8207495004172635,0.8494087420326666,0.8627179087656894,0.8667657378899841,0.8204959396661154,0.8794826972470531,0.8184912866494399,0.8230152934632495,0.7455229289365936,0.8483814154966913,0.8327274800976497,0.8693573091330838,0.8556355447767319,0.8590431182627752,0.7822174807383031,0.8549985950440312,0.8587048207386676,0.8147688188190257,0.868700491480534,0.8493281177082455,0.8918096825413889,0.8372835795786049,0.8913529909062741,0.8615156719761244,0.851249897836715,0.8655280974980529,0.8828450243316035,0.8912684217990219,0.8144790996842033,0.8041772585524181,0.8221952946984015,0.8672418888143212,0.8874375120530698,0.8495239952482059,0.8888183622343137,,0.8713360169055471,0.8628265050252109,0.8595926371731162,0.843799712271052,0.8735784113089556,0.8301821675439354,0.8761497981843912,0.8305976434706652,0.832791303026268,0.8527348963928568,0.8201968454256221,0.873276366860139,0.8737138260034892,0.8454660010716052,0.874517462114315,0.8533017129983889,0.8270348015369783,0.7698599834844884,0.8037575593059776,0.8567975079904098,0.8396952693203783,0.8567002579926237,0.8395108719184033,0.8412736006868239,0.850555667171751,0.8650237172239726,0.839899730281076,0.8493949650012933,0.8661883742364895,0.8615492634777502,0.8535174625476946,0.855565470383902,0.8324292012071162,0.837072131331982,0.8463030923846939,0.8609398197116147,0.8359798186936275,0.8504532488234616,0.8655713328040481,0.8674585765019104,0.8702165677107376,0.8687391330317176,0.826001566201289,0.8845467144919912,0.8427930283120386,0.781268786559623,0.8320250248323582,0.8256083252003794,0.8167502819438822,0.8686749388081023,0.8567439945893764,0.9043184219527924,0.7841854488481639,0.78080067689628,0.8132803699045509,0.8622533719958482,0.8646271967771518,0.8760841831189325,0.8767022426298127,0.8767022426298127,0.8767022426298127,0.8767022426298127,0.8767022426298127,0.8767022426298127,0.8767022426298127
83,0.736488328013593,0.7735132137760397,0.7796372653750335,0.7732618300226528,0.7610185124355835,0.7643903454141721,0.7331121756252111,0.7747949111880276,0.8104019830675175,0.7062576842477499,0.7862234810759595,0.7897183535739256,0.7963387807388349,0.8060159883027119,0.8100952383665967,0.8215713123997953,0.7655535502659777,0.7401985934658942,0.799338072119538,0.7922343167852872,0.7907620442331875,0.8018592682873278,0.7377266361918469,0.7320735429037989,0.7595109179240527,0.7813577234083854,0.7850689432910838,0.851791895546602,0.7770592558644239,0.7686227548614853,0.8108018695555231,0.8496493040421753,0.7837222388347403,0.7550726831169539,0.8296805117748826,0.798392144732059,0.8119152230785662,0.7901718252148971,0.7780265533907126,0.7880459656062446,0.7361255185965377,0.7665223545002365,0.775293488288261,0.7614843920259545,0.8614670660709811,0.805783222530604,0.7966837486402302,0.8250229770262874,0.8239748470108209,0.8428578186051594,0.8012071137882173,0.839665904260957,0.7976383553008359,0.7551457709811813,0.7321610260207951,0.8154492638539205,0.8157862488702052,0.8519173082109766,0.8033492952185435,0.8082143011409506,0.7572561379849956,0.81823381212343,0.8177254852256921,0.8038826614183423,0.8354692663926059,0.8235857267722458,0.8275631976246601,0.8061012485016616,0.8605310420100158,0.8226292453834728,0.8112833951114831,0.835979210117442,0.8475252514690459,0.8502604141271949,0.7876362762229538,0.7663434135770159,0.7825018742989829,0.8240091474506411,0.8415724058014695,0.7996167989345799,0.8612394192315231,0.8713360169055471,,0.8163006787948615,0.8128382574824049,0.8329523682338087,0.8407976448669013,0.7835028215495847,0.8243736662815818,0.7941966357421834,0.8106333993730678,0.8846593558562601,0.8027980097719666,0.8419711073981245,0.8467940670143094,0.8192472357673722,0.8146569710505533,0.8096404213689388,0.7862454211122463,0.7521218580753772,0.800924967871444,0.8316357142843549,0.8064391711935548,0.8306824327762381,0.8009902608120081,0.8078955705316608,0.8225681891063175,0.830945596079169,0.8053162890668077,0.8216452324912227,0.8209727564339807,0.8159406972223596,0.802939508156856,0.8359930806561059,0.7944642444995672,0.7867299239892833,0.8314439148341105,0.8160585717095699,0.8900889570931,0.8975225226123427,0.8397216263831178,0.916910156567394,0.83021010321788,0.8265314677873272,0.8025653072845377,0.8260042222123569,0.811997946396234,0.7395841822792312,0.8060369166470731,0.7715013305150404,0.7842419654059735,0.8023662265883591,0.8169881771272958,0.8333214357710029,0.7530244486299456,0.7724688871827703,0.8061228621920853,0.8848481152017591,0.8081047831388486,0.8233024375046033,0.8245566687040642,0.8245566687040642,0.8245566687040642,0.8245566687040642,0.8245566687040642,0.8245566687040642,0.8245566687040642
84,0.73846010980067,0.8170806959778582,0.8005776950884047,0.800417273243805,0.7692646543558236,0.8249877509085777,0.7476293445199025,0.8262832332941984,0.8325941298378867,0.7212424339786916,0.7846237909252878,0.8038301644060439,0.7969230063556185,0.8183191691338952,0.8165821887283494,0.8045444208536767,0.7731692787487927,0.794230533365901,0.8296542425531757,0.8343284335185016,0.8382104227142974,0.8563932891292713,0.771113132960023,0.7669677809331673,0.7964308235546406,0.8057066766853893,0.8182316883071276,0.8308930080619428,0.8143674143875771,0.8131215945804048,0.8380582529871059,0.8747235858076838,0.8060166026842953,0.7668835246556419,0.8562400270282076,0.8480643083057047,0.8759926280191312,0.8561312618125598,0.8115621622321083,0.7888450325185965,0.7460617612431639,0.8552137501767676,0.7903859907049001,0.818569921037185,0.8732363359677017,0.8366087697283136,0.8343478859426281,0.9042696299501655,0.8462846963705126,0.8273948554923327,0.8295759998710588,0.9260921854387887,0.834129547852014,0.8014194961532484,0.7608486084791426,0.8213126266031815,0.8253651364962811,0.8466970605510084,0.8469359616590265,0.9017327686618555,0.7859740025588007,0.8516189536172132,0.8540809730078045,0.8039755439721261,0.8488159316494467,0.8179266199427628,0.8650241862308302,0.8468284203643066,0.8459469952469354,0.8528341583196322,0.8593812317080848,0.8357229345302731,0.8596729441255235,0.8612817724254471,0.832767690401173,0.8323236766914234,0.8292488258483984,0.8483294487408246,0.9353150423910889,0.906376439080433,0.8729352116145387,0.8628265050252109,0.8163006787948615,,0.8732038099684117,0.8536702341733232,0.9080882534363222,0.8225472645895096,0.9008585534137844,0.8184102205136539,0.846186781015445,0.860569410538035,0.8056097602403707,0.8732061459372394,0.8756008924132013,0.8446336149286432,0.8516856694991013,0.8448035227086789,0.8166360123631621,0.7644918666117203,0.8159769749703434,0.8698014012487928,0.8334415179827505,0.8930796008573882,0.839575821420997,0.8533814424619748,0.8433110042152121,0.8428818765504881,0.8295051168331783,0.8575627414239748,0.8311129730001202,0.8438961692228373,0.8516125559158303,0.7875326017468135,0.8560862788616701,0.8566733545517169,0.8703861454377445,0.8491839996061129,0.8432792704459788,0.8310789863199896,0.868577590240994,0.8462907188226748,0.866748292474038,0.8856649369258143,0.827725954537602,0.8840418007105273,0.837796777564637,0.803509030088405,0.8211976177432445,0.81358060490899,0.8079816818584906,0.8563699518138531,0.8506896447501504,0.8694129739944244,0.8146180216766283,0.7805773585644775,0.8356161557044144,0.8568058291968379,0.8513151867635296,0.857760112658029,0.8982270463969172,0.8982270463969172,0.8982270463969172,0.8982270463969172,0.8982270463969172,0.8982270463969172,0.8982270463969172
85,0.7731283438254517,0.8713923566429231,0.871779787263183,0.8586771396208321,0.8155279010518406,0.8787458510528616,0.8018510712577215,0.8912854746690314,0.8774552328366781,0.7742262350474532,0.812727779648032,0.848968991041184,0.8691981914726721,0.8714103605024575,0.8531880388669301,0.8322828248388708,0.8192818595416959,0.8251978388645446,0.896226733676602,0.8880589447353121,0.8536378947931043,0.86814708002384,0.7710695838320785,0.7567384436085207,0.7895841211244037,0.8524340036007204,0.8785096486274325,0.8208008114677632,0.8321531938671037,0.8223411729927795,0.8111056267647127,0.9056002166126189,0.8566899359552804,0.7856310815232563,0.9275379911511736,0.8817862084747019,0.9083862770652172,0.8412454258248485,0.7983440391137236,0.7981999798760558,0.7820865141400524,0.8692167219963748,0.7968837879812872,0.89699557975509,0.875612090138237,0.8750531716804977,0.9011293272910149,0.9235245089802973,0.854502931755232,0.8249187909289292,0.8800489031172413,0.8801117362161278,0.8680070868087721,0.846811845804057,0.7702026571281549,0.876740118702546,0.8798602670227269,0.8397970832018563,0.9128717798577188,0.8845552979240472,0.7754849086731467,0.8788017065936921,0.8971493948085179,0.8301068655260934,0.8624216700452927,0.8313554091544686,0.8742564560282254,0.8552922521554478,0.8384172409752516,0.8732658169830044,0.8439683582432137,0.8744577657497297,0.8539026761425201,0.8731590392826863,0.8633618504603157,0.8430774990463535,0.8816023755069935,0.9098935563071792,0.9009272091882896,0.8508034984506175,0.8969091854871424,0.8595926371731162,0.8128382574824049,0.8732038099684117,,0.8557767498620996,0.8852507403666959,0.8843337030701134,0.891917078091861,0.8478888935815854,0.8856205422363014,0.8519258272227213,0.8227687426977985,0.9068561701800695,0.8743288392075806,0.9161740251651894,0.85741707033716,0.8931854086809113,0.8714606497240427,0.7284815897059138,0.8619537035374888,0.8575394818333679,0.8838531729919413,0.8728762150201959,0.8632475185842102,0.867047268202092,0.876161586144542,0.8734816370870011,0.8527801655854785,0.851791546714875,0.8194571980856998,0.9272675708489435,0.9094811659684514,0.7942067448093012,0.8592691893809105,0.8551023753891035,0.8562486182550129,0.9210959864135725,0.8335771102496199,0.8130974801637877,0.8793225137180555,0.8315793791189806,0.8939575669406045,0.8652211047857391,0.8686872648992886,0.8949537444124757,0.8648108072660323,0.8302317438574198,0.8794806366734295,0.8292937878440086,0.8146818162319341,0.8678457187299038,0.8862507274139232,0.8768515766598747,0.8094102515599394,0.8244887565843937,0.8268321724947199,0.8464928064286448,0.8707144391023863,0.887830578275318,0.9076321741203736,0.9076321741203736,0.9076321741203736,0.9076321741203736,0.9076321741203736,0.9076321741203736,0.9076321741203736
86,0.8138938051369013,0.8320760905320888,0.8187834411501363,0.8236749107949328,0.8013224011805458,0.8210229559336815,0.786230120853928,0.8064677812627548,0.8479138187411432,0.7692937090204998,0.8427651695674256,0.7916396334715882,0.8306465742394178,0.8542249806622195,0.8581218068094306,0.8653466043697389,0.8272699238166663,0.7886926871562443,0.847583875293247,0.8470028612569045,0.9191884790000098,0.8924586270541441,0.7732418982335354,0.7821316760043644,0.8037510449137555,0.7950090462894407,0.8486267564704917,0.8196440441400275,0.8350315368223649,0.8181208666855977,0.8260553734412456,0.8836170536321529,0.8092951501729051,0.8190531963798344,0.8685170316091095,0.8868298153659633,0.8525306738776152,0.8211025707877904,0.818294424999935,0.8221106129032195,0.8209264428821645,0.8229782735539218,0.8986312154860793,0.8032920285256627,0.8694508694747602,0.8546219095290907,0.8745734358120042,0.8986902288296268,0.854841568788256,0.8178253590012377,0.8378893811416697,0.8877339099968098,0.8339692217109095,0.8013705687117397,0.8093193702676564,0.8564413293588866,0.8628683811117228,0.8752886415266521,0.8540266597333941,0.8523653390873387,0.8055713544864176,0.8794436638118056,0.8679581200230613,0.8415283487113968,0.8629538632854322,0.8276455472774826,0.8452003982619035,0.8104567273111529,0.8406245691504878,0.8840392461356774,0.8049616225311405,0.8662049453927145,0.8624925399739997,0.8674574454877935,0.8333761291684556,0.7956393763900687,0.862715082181506,0.8602738834263994,0.8778825614475986,0.8558037248835966,0.8670711828449242,0.843799712271052,0.8329523682338087,0.8536702341733232,0.8557767498620996,,0.8798178784625332,0.805324520335935,0.870327022712889,0.8940728217863503,0.8558567129965431,0.8831928211559807,0.8819841552215074,0.8738599158895943,0.8524498702786264,0.8626180773858032,0.8695455666741684,0.8733226332282191,0.8113852156618897,0.7647441313784161,0.8222049313729058,0.9122850292747413,0.8860609649636796,0.88343687345528,0.9243184239437163,0.9254653172812549,0.8599136732544427,0.8526256556741212,0.8417918776964222,0.8483217662140204,0.8193651574826057,0.8533762766006273,0.84388067238273,0.784025571730407,0.9000214594491357,0.9098481162568637,0.9465383231974034,0.876936438334167,0.8717701735184019,0.8354207912210415,0.8948357289171938,0.8620803227601813,0.8785098903847445,0.9081978665396152,0.8550729974006768,0.8449346041308324,0.8997765549555257,0.8042160234829836,0.8311286028246382,0.8214813919339071,0.8764602711193819,0.8599961305800324,0.8824807572956206,0.8632807613297848,0.7871760630865827,0.8235211274773524,0.9138541030931526,0.8709570266622467,0.8251218648206228,0.8822690317399389,0.8748184768453151,0.8748184768453151,0.8748184768453151,0.8748184768453151,0.8748184768453151,0.8748184768453151,0.8748184768453151
87,0.7771060780067692,0.8296923097290037,0.804147105330801,0.825186233005187,0.8044785876604582,0.8265358232992852,0.7643271458191546,0.8320817915618598,0.8506437344297768,0.735186719435062,0.8325601197031479,0.8066706706182988,0.838357023062059,0.8573086306937128,0.8624682879344456,0.8466819279191728,0.82105741634319,0.8120456302485762,0.8514564126688806,0.8606216213749853,0.8537071327517013,0.8773109935117512,0.7676190955585792,0.7817601151263508,0.7838072890454545,0.835040381893622,0.8502629103276043,0.8163208116810249,0.8599092805467787,0.811720774887653,0.8523792901105661,0.8942199782960789,0.8182978955065722,0.791891133616308,0.889230706872699,0.8814376629466893,0.8984650535587658,0.8433083360939367,0.7982902803536451,0.8330545492130456,0.7893171923746193,0.8664259672267369,0.8218169044474026,0.8302593508590506,0.9173281117374531,0.852008359389055,0.8546029090806782,0.9160523739178983,0.8782457874446367,0.8489508368615829,0.8519066548052902,0.931595551091589,0.865803750806268,0.8143421833142562,0.7887399093635137,0.8497123695430797,0.8555012055522933,0.9190004383367361,0.8693864305925105,0.9221565970293601,0.8084689514895018,0.8953601948891559,0.8890242024276432,0.8654729720136057,0.8858576511474038,0.8720452972257562,0.8696662112384421,0.8484348533607897,0.8618562091795082,0.8781676973806298,0.8700938210810774,0.8734240539701393,0.8739450020431673,0.9108455429515899,0.8626927068860817,0.8409094491635316,0.8655319053730326,0.8730560039152638,0.9381568641412765,0.8914189530932967,0.9063340478465627,0.8735784113089556,0.8407976448669013,0.9080882534363222,0.8852507403666959,0.8798178784625332,,0.8391647693801061,0.9291643606252474,0.8593669947685253,0.9087445211714593,0.8929588869023743,0.8378172115525634,0.8970004700022386,0.9016474282176754,0.872109697140812,0.8493247897615933,0.8739625391280259,0.8498278258313325,0.781815470129027,0.8471300938211218,0.8746619552147216,0.884909939359144,0.9378609298179017,0.8822923789800049,0.8893834031441634,0.9046399955039781,0.8974765230454924,0.8792108742881003,0.8847901496885506,0.8487585989066555,0.8687909295464729,0.8742883219102806,0.8083398492457545,0.8843652580683004,0.8637460156165359,0.8978123936766251,0.8919318929767175,0.8855699828045538,0.841356980420011,0.8970696893113083,0.866533530972627,0.9142621880475862,0.8819314562726367,0.8784677889195563,0.8733721737844058,0.8627308836183554,0.8233631815949845,0.8530890180830416,0.8206783991088887,0.8347070924812893,0.8992886462752633,0.8986852964529487,0.8779310202725917,0.8254393173610186,0.8195681672772849,0.8616455698018972,0.887551710253898,0.8624626516366696,0.8919985632631453,0.8951500926789268,0.8951500926789268,0.8951500926789268,0.8951500926789268,0.8951500926789268,0.8951500926789268,0.8951500926789268
88,0.7462646332487057,0.8894714162328782,0.8634842050102547,0.8499007287092367,0.79395179986717,0.8302653604755855,0.7597996500525191,0.8647315438420583,0.8671191640368675,0.7332672849696741,0.7592711649236128,0.8126470819350726,0.8437744942255994,0.8667664212662296,0.8370629479717777,0.796172420028244,0.7978150004226406,0.7969263456663193,0.8541804083484401,0.8989699405074182,0.8337247819991134,0.8106640778892357,0.7385000039983651,0.7411672119617786,0.7321719522348039,0.8563149836176517,0.8951055890847132,0.8008814013553608,0.8279019402532947,0.8061721930263998,0.7874594404524816,0.8259480908570422,0.8670219093330122,0.7406792540008478,0.8860114908111417,0.8488342118579234,0.8675047089499531,0.8036737966436649,0.7569604803274437,0.7478324515047423,0.7442608359642463,0.8433212574042064,0.7615352857168427,0.9252732665826937,0.8860660556609636,0.8637086783010322,0.8185829426340125,0.8346148176810505,0.8364119585405807,0.8305483341671552,0.8678273815504519,0.8333221530909019,0.8799995047882226,0.825634639049924,0.7299604260703194,0.8786807217736826,0.8892846883686244,0.8294408022261114,0.9369793808107161,0.8468023881857905,0.7488542533222883,0.8578820104336338,0.9182841885809938,0.8297219192587066,0.8603759986835836,0.8534378620014642,0.851499521896653,0.8736046863127801,0.7958625810196892,0.8575731041202987,0.8118755862881699,0.8598025092110086,0.8399702804352843,0.8758876553066163,0.862969038378126,0.8620654948959428,0.8921443118767594,0.9001546508737623,0.8745005013229636,0.7905820474108536,0.8955530011262904,0.8301821675439354,0.7835028215495847,0.8225472645895096,0.8843337030701134,0.805324520335935,0.8391647693801061,,0.8426269094889928,0.8280211062685563,0.8622230364163928,0.8254779422861027,0.7658875212370453,0.9127664053576311,0.8794008418595207,0.8722126323353518,0.8515337599370211,0.8964240795297476,0.904167877726958,0.7307177233511976,0.864260654739133,0.8117938823625298,0.8529700263951052,0.82831867199596,0.8473083707786216,0.8581452788934043,0.8473938316389856,0.858003557363079,0.8303135497758212,0.8413766459872438,0.8052433547132931,0.9281217759330608,0.9392215888657548,0.769456311761998,0.8543798805394573,0.8534735163837832,0.8180601141350844,0.891726190976973,0.8032438835467972,0.8159664268587499,0.8637177690487366,0.7910163625181359,0.8796438730004955,0.8274328419361855,0.8677872591449587,0.8747876537746933,0.8332082272424074,0.8260902453263789,0.9290961913442185,0.7813978918717553,0.782715876637901,0.8670938238432677,0.8818395690897719,0.8710786493618182,0.8037577701884238,0.7915955793788938,0.8129803198148429,0.8354180718613261,0.8808846337872108,0.8724477557058816,0.8983568639062711,0.8983568639062711,0.8983568639062711,0.8983568639062711,0.8983568639062711,0.8983568639062711,0.8983568639062711
89,0.7625630353631142,0.8492128304248296,0.8377308047042191,0.8384412145148039,0.812612855429114,0.8256489596849571,0.771267734934723,0.8425457178552105,0.8586407528125359,0.7368310048884499,0.8212390235997344,0.8150004712432782,0.8501886252328069,0.862438975224559,0.8545704900625297,0.8321644981139396,0.8137789404148978,0.8170427087333609,0.8440582846437015,0.8651328888852123,0.8635108548678534,0.8669024320653438,0.7556296515151784,0.7685053291508348,0.7611254925657697,0.8520429548159958,0.8644348420069005,0.8124475781505583,0.8744767501478898,0.8051925258641289,0.8356274294524878,0.8966612990976291,0.8257253761306835,0.76496073689129,0.8868584897503751,0.8927292246604195,0.9025459011344317,0.8296147563987641,0.7835544665742565,0.8013422927488665,0.767687167092419,0.8590740934608372,0.8117446705599518,0.8465713411525871,0.8903604553607105,0.8604600258045249,0.8330135698124495,0.9044841908589316,0.8551772428741784,0.8285684956096173,0.8507165984215711,0.917004404989792,0.8511459192927562,0.8206587310503507,0.7776076339041306,0.8647937709078708,0.8677334171257761,0.8921029711832811,0.8785713600721392,0.9106362548331328,0.777568128068563,0.903012994233138,0.88791506427437,0.8485033172329682,0.8923677671137302,0.8342330798097631,0.8821371848901677,0.8510178193300207,0.8378184102442368,0.8826295979234633,0.8622544442927793,0.8875801389259886,0.8762077950975983,0.8988761778092299,0.8533289859815496,0.8445903749882842,0.8683774593740831,0.8827734744309315,0.9288058407870607,0.8885182807627756,0.8796923173641765,0.8761497981843912,0.8243736662815818,0.9008585534137844,0.891917078091861,0.870327022712889,0.9291643606252474,0.8426269094889928,,0.8514643538558198,0.8977390427219225,0.8782078437463774,0.8319757553867638,0.8914129968189619,0.8798552526791308,0.8594222749514941,0.853294054164373,0.8833620329863169,0.8649728994588057,0.7557975503265401,0.8339455251876029,0.8592180359576153,0.87923864750526,0.9064279146572789,0.8896698906172547,0.8787500566640287,0.889899500124978,0.8835975357948631,0.8548768004828229,0.8524361964297164,0.8284018650405354,0.8558218410513587,0.8596193682275053,0.7930859649389701,0.8688826051850079,0.8693548617964246,0.895876746909714,0.8797946168915478,0.8562099622444748,0.8220697005472138,0.8846458045810602,0.8458535453933442,0.9218057308717682,0.8862492839938525,0.8631318222560085,0.8690810902126423,0.8651556465915998,0.8255525034051479,0.8516544742729967,0.8038641942306718,0.8185396985090369,0.8937401463975205,0.8978589098396754,0.8771113792495586,0.8046259454232776,0.7995529258392163,0.8636508348389786,0.8747124958187444,0.8542785605510732,0.88573996464226,0.881222591966422,0.881222591966422,0.881222591966422,0.881222591966422,0.881222591966422,0.881222591966422,0.881222591966422
90,0.7946398835379774,0.8198257722578955,0.8293338544300594,0.814740948950368,0.8028529774115937,0.8289804464275109,0.8151484003133993,0.812931419075947,0.8236277588533671,0.7867238297983922,0.8279031357232239,0.809459188251333,0.826575956161985,0.8375176177407756,0.8550688649492704,0.8373818751605512,0.8225137171652502,0.7687742560860267,0.8413096533006634,0.8443962855380865,0.9167051019449266,0.8935905667638331,0.7763593133595468,0.7918978077729933,0.7732810551314009,0.8241150736030242,0.880829527888612,0.80014906268454,0.8265774815956995,0.8134159779301469,0.8261086495475879,0.8796971635029804,0.8097025603251982,0.8013969565299708,0.8620709898749428,0.9042939438343798,0.8559534665466906,0.8253711705083672,0.8017096010016092,0.8305889020170808,0.7958458556192317,0.8273258062951001,0.8714442474267913,0.8277933427677118,0.8565125315163999,0.8833650952473169,0.8697916456261007,0.8526885243703404,0.8581071832351392,0.8262772445318194,0.8349865630847961,0.8612832248906573,0.8329700838819328,0.8289536772074098,0.7738810714528745,0.8935394862035231,0.8573475391870897,0.8545910400413461,0.8491267060864363,0.8579583887938038,0.8087297243441913,0.8905216605618088,0.8509363093814021,0.8154154060764949,0.8535156520358927,0.8396784214996116,0.8409512649583446,0.8169493215695238,0.8400212141409322,0.8586116697355565,0.8322559253973539,0.9063457686619507,0.8555499949835333,0.8644123848187355,0.825205226135745,0.8070424825176445,0.8560427718360188,0.8813902202784769,0.863879824373995,0.8387420945964662,0.8610901011978646,0.8305976434706652,0.7941966357421834,0.8184102205136539,0.8478888935815854,0.8940728217863503,0.8593669947685253,0.8280211062685563,0.8514643538558198,,0.8485041969199117,0.8523832447201077,0.8481369735478401,0.8613377453943661,0.8494758197856604,0.8392160156323348,0.8600040540773362,0.8676315667905354,0.8291607813412185,0.7874753416199033,0.8154898808592073,0.8876795169369286,0.8735084231582821,0.8566049565191634,0.9122863588317461,0.8990419526182708,0.846137678557047,0.861771958289971,0.8350135643144178,0.8429406978317144,0.816283077159692,0.8447255022141397,0.841950181462508,0.7816370915364145,0.9151552236757181,0.9017925114850806,0.8855918359905449,0.8594423770806089,0.8280602315516326,0.8161349349044824,0.8568001674802346,0.8219599001091956,0.8637526084078693,0.8754973406921807,0.8487752107200555,0.8446029189879087,0.9049766008786473,0.8007164804586963,0.8510746800557868,0.8230968308980746,0.8616654108122467,0.8540964145371388,0.883188802048253,0.8438141004667007,0.7865879088049702,0.8253127087130926,0.8636147189311909,0.850193873904901,0.831258087912174,0.8856180058720726,0.8682906904856508,0.8682906904856508,0.8682906904856508,0.8682906904856508,0.8682906904856508,0.8682906904856508,0.8682906904856508
91,0.7608243645750615,0.8803503586066336,0.8530209647634256,0.8461579334388523,0.8058404750166946,0.8502309974806054,0.776024767137681,0.8587629798519837,0.8736158797498661,0.745345441724588,0.8709249441348275,0.8355410702367253,0.8652777580686821,0.8852879906493616,0.841685262338828,0.8187336056679251,0.8156039720211602,0.8085893712593695,0.8641925552092354,0.8898694680817638,0.8543482087333745,0.8478380866144792,0.7454708576812397,0.7425427289582703,0.7534007642804164,0.836633754046619,0.8759347482417137,0.8029873713379791,0.8925257757555471,0.7985114151608657,0.7948315801765276,0.879496584582553,0.849211472209118,0.7741517436625757,0.8974391224765119,0.8776510318349997,0.8710670698543178,0.8063584337315451,0.7727447968671589,0.7793671452040325,0.7865635281423798,0.8387752466199182,0.7844018237785279,0.8760935671936061,0.8788032989079206,0.8597077093503911,0.8370534335648215,0.8883992719698981,0.8786537698451875,0.8216786570160362,0.8431956583170004,0.8647814720256076,0.853297738384653,0.8555561478823149,0.7788054757805707,0.8663107001101918,0.8862322253671305,0.9218237911208104,0.8852945058271113,0.8740168298064233,0.7549569166856571,0.894659738816552,0.8911832729591886,0.8978136246433814,0.875441482881244,0.8519337941907585,0.8559114187203751,0.8738262333567268,0.8033084951041978,0.8862573705224587,0.8166852065768891,0.8732513523676496,0.8345132649144144,0.88393089117225,0.8496876631168386,0.8210939409063521,0.879785072320332,0.8822912622436824,0.8851113567860012,0.8417370546606359,0.8854370017254911,0.832791303026268,0.8106333993730678,0.846186781015445,0.8856205422363014,0.8558567129965431,0.9087445211714593,0.8622230364163928,0.8977390427219225,0.8485041969199117,,0.8666767539383107,0.8095934358240595,0.8860953492580489,0.8700311119525113,0.859201688275446,0.8341871277052991,0.8944669422652448,0.8709628619679044,0.7202033090497305,0.8382552526209562,0.8209861821414033,0.8814662772677818,0.8912520511337509,0.8786338243550527,0.8803015866301543,0.9418951338766665,0.9372644810309669,0.9249499330318247,0.8357978975278711,0.7977412095985106,0.8733938723256716,0.8880814410941097,0.7835890693857672,0.8630069785172996,0.8492784486019493,0.8804351983779355,0.8921813744818681,0.8408691067650786,0.8053003042784408,0.8613966933446449,0.8466663501255784,0.9242511049575077,0.8392222319164695,0.8559467703236994,0.8583444823228303,0.8462228952699963,0.8288921646389293,0.871345397837543,0.7984913035184965,0.7683835175798467,0.8949687717699015,0.9119851676966155,0.8704323225082068,0.7766019502276817,0.7929365277335966,0.8558343962053954,0.8555906109312684,0.8651334388010574,0.8728216828603499,0.8708047683821052,0.8708047683821052,0.8708047683821052,0.8708047683821052,0.8708047683821052,0.8708047683821052,0.8708047683821052
92,0.7927180291204925,0.8305128482960137,0.8076191856923635,0.8249363693045209,0.7960029592329214,0.8001339214236943,0.7738359015932058,0.8047532895706107,0.8366845534822397,0.7423690163246803,0.8197883146813641,0.7899773345081132,0.8276283407747109,0.8343766757054901,0.8487718954633767,0.8434294862489615,0.8215904059238137,0.7904578852099927,0.828972124796131,0.8475908882860269,0.8548974590004345,0.8560094748504659,0.7494757246030812,0.762478675424296,0.7661231970067681,0.8147731510525444,0.8590039357114521,0.8688507362830102,0.8432074772390664,0.7947286868657177,0.8215177540752118,0.8787981705250159,0.8178636797071764,0.78318927760491,0.8725870090657396,0.8690894280694909,0.8517594071526072,0.7994400366653485,0.7836455783949892,0.8182645902454063,0.787395064832598,0.8142032199524178,0.8157918590018229,0.8130109761759003,0.88601328299377,0.8508579716332965,0.8510610380016288,0.8869485721694769,0.8497505827134518,0.8188226309552672,0.8473308279973378,0.8791705134116855,0.8549166391237849,0.7923879927498639,0.7948026284742199,0.8627580786107263,0.8633704043766647,0.8854591908602162,0.8561249225123191,0.856646788681311,0.7812962519954213,0.8941760254795877,0.868570980182502,0.838539733784265,0.8771670788720077,0.8476132198504143,0.8328797539473476,0.8397758277588419,0.8338482323951628,0.8733467154210973,0.8336681702745191,0.8743210891507964,0.8368810985844605,0.8883861766160142,0.8473701134100943,0.8065120013846779,0.8546611646934382,0.8793033312342386,0.8884494702375239,0.8492089841382962,0.884725967671602,0.8527348963928568,0.8846593558562601,0.860569410538035,0.8519258272227213,0.8831928211559807,0.8929588869023743,0.8254779422861027,0.8782078437463774,0.8523832447201077,0.8666767539383107,,0.8380660648384812,0.8874121390768113,0.8750046262723288,0.852835381408788,0.8370822735644952,0.8568086589982525,0.8332745854883195,0.7493557739663059,0.8270519928784542,0.8543943057166951,0.8822806562820826,0.884317826253007,0.8848624879556248,0.8848183034607284,0.8737762171278721,0.8594015414280145,0.8424583810827401,0.8543324505921728,0.8043042684409777,0.8573264566324174,0.8518167487422484,0.7867092753158941,0.8829929716384523,0.8532993315203483,0.8836301930180618,0.8768471971648628,0.9561204524401843,0.9144074761235332,0.8903151900323004,0.9200795065599388,0.8862560843423276,0.864965561874138,0.869964944561821,0.8562126332974578,0.8527618274798198,0.8092877535101453,0.8510294383207825,0.7976137810076733,0.8024732857945185,0.8632614046032281,0.8860182094440896,0.8445179764462206,0.8041321270659954,0.8125466328183628,0.8948159933763051,0.9585520681130719,0.8251589864344985,0.8806979783245872,0.8765870457463165,0.8765870457463165,0.8765870457463165,0.8765870457463165,0.8765870457463165,0.8765870457463165,0.8765870457463165
93,0.9045701976065299,0.8162035514585347,0.8163040460124752,0.8519038536075232,0.8428906346569066,0.8092935183984361,0.8120584726785988,0.8005383419876073,0.8331691646839761,0.7970611058476573,0.8195448155317253,0.7972114051726377,0.8471532974110821,0.8282728943447706,0.8607120955886085,0.8647334545454678,0.8974074428185422,0.8200627359649248,0.8440344062360341,0.8290207430699559,0.864442998188383,0.8797272953567503,0.7871530630529433,0.8189313983933003,0.806328637583912,0.8083836736892192,0.8216662550127035,0.7978903399869682,0.8273729512122618,0.8189213375474861,0.8176838788626275,0.8492380318126088,0.8548528003589169,0.843237396756159,0.8490314596170077,0.8580017122990445,0.8320625426515564,0.8324387314919137,0.8327903887366934,0.835986608186999,0.8419161275572247,0.8268360073019152,0.8852012520002431,0.7797581240108715,0.8408382518747303,0.8261863058676485,0.8337428430379477,0.8411267760323751,0.8456209988524274,0.7858469584664811,0.8709482873827742,0.8317655017961791,0.8575178853204575,0.8136446934710035,0.8438481629635064,0.8274619235940064,0.8159695528941482,0.8410000007461258,0.8285659633357021,0.80732330701019,0.8209258727728822,0.8651713169211015,0.8259872835779002,0.8194154133352664,0.8335014308634049,0.7990960165249248,0.7989245693791857,0.7777913389156976,0.8106859154737218,0.8715097663903605,0.7991437388875933,0.8482784014046513,0.8236844937360854,0.8402210323750183,0.8556600181873744,0.7942951749263183,0.8253775373094893,0.8355468905717891,0.8295069853798485,0.8043469775615304,0.8284025377340558,0.8201968454256221,0.8027980097719666,0.8056097602403707,0.8227687426977985,0.8819841552215074,0.8378172115525634,0.7658875212370453,0.8319757553867638,0.8481369735478401,0.8095934358240595,0.8380660648384812,,0.8321735772815322,0.8011466313914952,0.8204518584085077,0.8618960574801369,0.8219376705268424,0.796316324024938,0.779666177466797,0.8269334704362012,0.856914744376546,0.8853789406927939,0.8226831809929946,0.8521514119511796,0.8606870429585376,0.8348578068953523,0.8191588838044923,0.8143939286535855,0.8317567424538036,0.8008786151788333,0.8105426297198806,0.7965689178065517,0.7675127443814725,0.8343020021145577,0.8424401040014067,0.8816494690571244,0.8404297534609853,0.8288318250839151,0.7912274595758937,0.8740249371253852,0.8190414070302736,0.8431322373646072,0.8489877585260597,0.8628829399918789,0.8046111053207259,0.8590531264421782,0.8203478242856352,0.8001028592958385,0.8440484431511492,0.8527751126983973,0.8306955037981529,0.8396003294767547,0.8131547570176896,0.7956128600812002,0.8800897294714188,0.8479949657807563,0.8256445250802619,0.7734151971791512,0.8331718990184249,0.8218870829498921,0.8218870829498921,0.8218870829498921,0.8218870829498921,0.8218870829498921,0.8218870829498921,0.8218870829498921
94,0.7816244339219676,0.8858107120806256,0.8739784341434491,0.8698273228004559,0.8346887105459077,0.8417461523062264,0.7821196903325814,0.875269137168095,0.8870868296464738,0.7565415282004254,0.8036676953239202,0.8389280928141875,0.8750298383911702,0.8869923313876213,0.8676526955182599,0.8435088695264317,0.8306366446086226,0.8257524930624213,0.8870300537578797,0.9213515955614511,0.8611448494018182,0.8722329554947906,0.7758716554333823,0.7882015084580016,0.7858408699775306,0.8821631438160159,0.898006547410777,0.8355573472749269,0.8507897412683282,0.8292799608732142,0.8376264056879688,0.8864959755175571,0.8649334385409123,0.7856315189002723,0.9245667722079063,0.8916586453513498,0.9101292853738552,0.8399481695985732,0.8040587593775322,0.83181231764414,0.7749074454657812,0.8699555328848687,0.8085865941908699,0.8966759253213626,0.9306549236920238,0.8903088500603981,0.8739094179426224,0.8925002080192304,0.8880715195199214,0.8568446730762435,0.8976833593403534,0.8918328492721147,0.9043963586933341,0.8513145315266575,0.7784691499937582,0.8920402458805177,0.8987315822499136,0.8782228080819765,0.9302749342417606,0.8764655336161459,0.8060613546424639,0.9046344086738947,0.9396321927994795,0.8599956488508185,0.899486361814596,0.8942535668343574,0.8749891717445842,0.8926657536913377,0.857880261609215,0.8829475271324304,0.8615304997239274,0.8919088134547424,0.8706608834966212,0.9176590411522756,0.897089320142996,0.867677032925709,0.9145384651416111,0.910729354643772,0.9276993735514462,0.8573814106778002,0.9415397261659983,0.873276366860139,0.8419711073981245,0.8732061459372394,0.9068561701800695,0.8738599158895943,0.8970004700022386,0.9127664053576311,0.8914129968189619,0.8613377453943661,0.8860953492580489,0.8874121390768113,0.8321735772815322,,0.9160140216040632,0.910218429081858,0.8704024730855668,0.8914736701970196,0.8952331994635491,0.7803517985218225,0.8922239342959639,0.8722372273473157,0.9013408794222545,0.8935194085922746,0.8800240892610576,0.8877569671957257,0.8872578553313946,0.8884755015113526,0.8638626902594578,0.8936639583965637,0.8457133274687599,0.929394459393372,0.936616555522354,0.8166344699850481,0.8841696916779551,0.8733502227536608,0.8709371301559795,0.9225152296098481,0.8771681112391323,0.8565974757207011,0.9127823523903412,0.8564204465973281,0.9088246105936816,0.8799757739005417,0.9162035617336162,0.9007376361960651,0.8671178379629897,0.8493940799345145,0.9255409119913499,0.8250794795221597,0.8222882981868375,0.8988148967516408,0.9116117059794453,0.9023499203180667,0.842893224037423,0.8418384364193193,0.8456329875997575,0.8856137092045803,0.8860094339673895,0.91454845475094,0.9279968768413479,0.9279968768413479,0.9279968768413479,0.9279968768413479,0.9279968768413479,0.9279968768413479,0.9279968768413479
95,0.7670233539364311,0.8400616345485861,0.8168254289711147,0.8257549045918642,0.7871219457817473,0.8279490224555055,0.7608467360410819,0.8339075023912262,0.8592169643606631,0.7363369287500955,0.8221052737934741,0.8325927798725128,0.831386219747789,0.8652721463700914,0.874680346553797,0.8532276000228141,0.814827352957644,0.7956771214164685,0.8451368427535151,0.8727760647030406,0.8445794768161411,0.8502195746146777,0.7716472854616745,0.7600608635037955,0.7724284070187036,0.8324639895983676,0.8606489078961284,0.8268159905243189,0.8340202929174392,0.80705900826377,0.8372588234683929,0.8794712065679408,0.8395318123715085,0.7863111351224232,0.8804605983677631,0.8661685773148324,0.8801407317653447,0.8214837617554013,0.7924804420286041,0.8036299008961341,0.7787056335874142,0.8593561836388095,0.8028605368512142,0.8555398264628584,0.9253913252034042,0.8575124744575641,0.8379756669291997,0.8664135510809436,0.8837563061204797,0.8642626658227677,0.8589084567720713,0.897088724268142,0.879118935480536,0.8222518423892914,0.7627261907551598,0.8638407478439434,0.8708896873271297,0.8843158727219279,0.8876853354628917,0.868581507287013,0.7928665739681406,0.8744743229247748,0.8950666065052992,0.8603338618581436,0.8773481927478075,0.8899908734279668,0.8916235931155065,0.8784670281115267,0.8713651311534832,0.8598780665827592,0.8503964000437364,0.8694391189493487,0.8896190376319897,0.9041592955847504,0.8582716917893137,0.850183881750935,0.8806658714089294,0.8769646696519308,0.917198132000148,0.8405107620385666,0.9116322898434814,0.8737138260034892,0.8467940670143094,0.8756008924132013,0.8743288392075806,0.8524498702786264,0.9016474282176754,0.8794008418595207,0.8798552526791308,0.8494758197856604,0.8700311119525113,0.8750046262723288,0.8011466313914952,0.9160140216040632,,0.8703608865110035,0.8605207438602507,0.8794888407147151,0.8643991121187183,0.7731909198777611,0.8620596109467523,0.8544397019825147,0.8552397450628494,0.8827614837366174,0.8598437102954997,0.8664770541639166,0.8820674873876949,0.8840521664355508,0.8646696391736446,0.8851825754521053,0.8313479018648103,0.8929446789155436,0.9011713272350934,0.8301230239404507,0.8757090429111569,0.8642868451412483,0.859692585003465,0.8897068831497965,0.8613170194769808,0.852032371184138,0.8818217861822224,0.8559798204174108,0.884908687931786,0.861980590220307,0.8740749264464646,0.8852623950592723,0.8572420406425155,0.8381536071979658,0.8784203311663258,0.8075556849428502,0.8093845691007702,0.8684057755039419,0.8797364981915624,0.8961815115550776,0.8280454620130393,0.8128468681273106,0.8412658889624042,0.8699823277857067,0.8809687470101996,0.8961906955829241,0.8911555293133315,0.8911555293133315,0.8911555293133315,0.8911555293133315,0.8911555293133315,0.8911555293133315,0.8911555293133315
96,0.7728477913401202,0.8509707167596873,0.8299034042548895,0.8555161293651725,0.8251427806655137,0.8385443828643843,0.7744370731531983,0.8646680658997327,0.8708882196652044,0.751441146307579,0.7900121920303923,0.8156094692031273,0.8705065093065358,0.873055260781032,0.8540766815185501,0.8286596727618343,0.8174591817686993,0.823699168286503,0.8742750525829267,0.8705890402036763,0.8318356127475504,0.8376350950815246,0.7618326660215777,0.7617075673321526,0.7862992730384464,0.8411740897005353,0.8587942505726818,0.8060540029701572,0.8263735203264948,0.8103226765637351,0.8035653744474685,0.8972646910426552,0.8434912995929822,0.7781532347522252,0.9102027008152703,0.8791540153244686,0.870164825973822,0.8109625241176984,0.7988013308361116,0.8091977039210768,0.7677724954644035,0.830498439590521,0.8029449647126867,0.8609168042566696,0.891942405799511,0.8560134969259824,0.8926546429549302,0.9002778857050471,0.8533520628633045,0.8203119631223306,0.8645320435225295,0.8524972481058352,0.8792678495617648,0.8081042010179793,0.763259056001339,0.8538189041168278,0.8708186452432591,0.8508948435181689,0.894064941650486,0.8524593373673467,0.7853329828334913,0.8644454769692125,0.8890457615481361,0.8278236633455752,0.8764790873964341,0.8605667782764317,0.8357709423905114,0.8481799672431948,0.8364723440557729,0.8531248649843047,0.8155880830532,0.8590633816158234,0.8349396864402231,0.8732647900432811,0.8688616212898098,0.8229810284944971,0.8874240496223555,0.8807004513344142,0.8746977776759324,0.8065886433119838,0.9056679024445846,0.8454660010716052,0.8192472357673722,0.8446336149286432,0.9161740251651894,0.8626180773858032,0.872109697140812,0.8722126323353518,0.8594222749514941,0.8392160156323348,0.859201688275446,0.852835381408788,0.8204518584085077,0.910218429081858,0.8703608865110035,,0.8388743057430903,0.8733409911697648,0.8667627518297795,0.7449812896397251,0.8569111856834041,0.8623547228538828,0.8882897688628315,0.8633977770447023,0.8535196618324332,0.8645980878506042,0.8656188741393425,0.864810302483485,0.8405839484594986,0.8671694530695889,0.8158399625292496,0.9408973636842988,0.9049268759240915,0.786011934793967,0.849310048421267,0.8453489973526866,0.853266026259656,0.9344478422873522,0.8472901950458185,0.8164340407242098,0.885840555562414,0.8255201871318855,0.8760782377360935,0.8519299935987051,0.8955664337489018,0.8722178228051388,0.8511089714054576,0.8419704026391073,0.8797227748451504,0.8038009790004363,0.8083773916337937,0.8572858335703453,0.8834678513727158,0.8692527907570808,0.8184762151355377,0.8355936495089447,0.8122953560133166,0.8526325490510548,0.8539055578823393,0.8783092927324263,0.9280333359784866,0.9280333359784866,0.9280333359784866,0.9280333359784866,0.9280333359784866,0.9280333359784866,0.9280333359784866
97,0.8011355007916294,0.836044631152409,0.8473090930888547,0.8060176954084644,0.7999502467536053,0.8213102609892616,0.8032356736437909,0.8677532487505377,0.8306001074687014,0.7822963439786277,0.8079871965717847,0.8233304000195364,0.8208394773286596,0.8266871098039259,0.8627623795559858,0.8526409031143303,0.8279409806993246,0.7716911499443326,0.8351766568806648,0.8397068391405337,0.8887548918110297,0.8512975257892188,0.7660782225473464,0.7784193133267157,0.7767103519660542,0.8213621622044787,0.8483634947786122,0.8140305065292316,0.8295935927494368,0.8088616651605351,0.8175794996588777,0.8690320044262745,0.8273038624055169,0.7764913241913672,0.8531529473445736,0.8623891095721331,0.8524098071898355,0.8435858054024212,0.7982234128091431,0.783899716518965,0.7713067263733285,0.8388381612569845,0.8390877274278006,0.8351492295688633,0.8744989993506402,0.8524726194151241,0.8181856441172761,0.8449690040267261,0.8766836398789306,0.8504800482098503,0.8333106182182192,0.8751931215298255,0.8349142500248335,0.841332653491177,0.7690435476503993,0.8512117212036964,0.8567247818910636,0.8589050896355592,0.855992408158111,0.8592537990247447,0.7793387725943542,0.8539657957226912,0.8717518883153451,0.8244919191654464,0.8367706752388202,0.8246024569767061,0.8770698021273702,0.828777489423178,0.8534862260927567,0.92751211615217,0.8198484069751744,0.8612306146907409,0.8867123052514642,0.8658032448672083,0.8194754157958235,0.8163651794915376,0.8311000440569302,0.8706576120581432,0.8762059945806632,0.8421059580725043,0.8877869152943987,0.874517462114315,0.8146569710505533,0.8516856694991013,0.85741707033716,0.8695455666741684,0.8493247897615933,0.8515337599370211,0.853294054164373,0.8600040540773362,0.8341871277052991,0.8370822735644952,0.8618960574801369,0.8704024730855668,0.8605207438602507,0.8388743057430903,,0.8741087566399588,0.8357249357180597,0.7521001456460351,0.8066152112815134,0.8561730509307293,0.8430562175980592,0.8502315150899157,0.857981354213327,0.87280852623224,0.845440775120044,0.8568675359696978,0.832216183247096,0.8345500902979033,0.8444763646067135,0.8773666789418387,0.8703849029445015,0.8033951743255587,0.8715334698235963,0.8737452202446904,0.8680738841810669,0.8710864790527757,0.8160841759053392,0.8314931576084117,0.8846602398448106,0.8428749642294434,0.8754812070286038,0.8623791414319033,0.8268049890294561,0.874987390607409,0.8967235838601706,0.7968406963187402,0.8374233990264331,0.8443632819043904,0.8494907043365212,0.8815836507903956,0.8529640648061353,0.8926246693508012,0.7813961010420227,0.8029083709720525,0.8583692609409782,0.8444501061201185,0.8517747823213844,0.8628424573387934,0.8665831118326169,0.8665831118326169,0.8665831118326169,0.8665831118326169,0.8665831118326169,0.8665831118326169,0.8665831118326169
98,0.767868113127707,0.8801769580517806,0.8567315470234174,0.8377338603173314,0.7943262232182187,0.8223915253822076,0.7645431342426919,0.8638832003176956,0.8628505171591085,0.7370258934243141,0.8164378178823593,0.8121646731846003,0.8502631295382534,0.8666084677968094,0.8533113669223521,0.8348742066997336,0.8147144769697975,0.7973699407783387,0.8464997663559286,0.8866657592052649,0.8669178655058579,0.8395203733877055,0.732763118176023,0.7273755414983207,0.7416546909069945,0.84234716002004,0.8757766656895598,0.7903490382633901,0.8670914590606826,0.792331536073446,0.7906425908428338,0.866122745547579,0.8529917478073875,0.7592425875119135,0.8930758208586733,0.8902543975641984,0.8760320646852027,0.8033952640229969,0.7571701554561777,0.7726961957147636,0.7652819513196152,0.8352460513579623,0.8060554306802841,0.8840866458477368,0.8824329500936123,0.8614157553529349,0.8318809809660989,0.867965749397425,0.8370531955247122,0.8215855831335691,0.8443125077121437,0.8601852974075785,0.8513237506982498,0.8217856218530286,0.7622062646728793,0.8665831016541212,0.9222599305233383,0.8751826343315631,0.9038897186657919,0.862684277244267,0.7445945354645077,0.888396119548188,0.9104554427701347,0.8417385816580379,0.8722611687163351,0.8261590991400664,0.8685829365708521,0.848060940060143,0.8166150645604981,0.9084292216290653,0.8220590932008044,0.874985700109148,0.8694714574915471,0.8878118535350102,0.8502272793742041,0.8206262105547696,0.8783062652294658,0.9042048029227108,0.8761719056269487,0.8317987682693144,0.887690178897145,0.8533017129983889,0.8096404213689388,0.8448035227086789,0.8931854086809113,0.8733226332282191,0.8739625391280259,0.8964240795297476,0.8833620329863169,0.8676315667905354,0.8944669422652448,0.8568086589982525,0.8219376705268424,0.8914736701970196,0.8794888407147151,0.8733409911697648,0.8741087566399588,,0.8771860796176325,0.7157509594588195,0.8316256718672863,0.850067551722725,0.8766204399476009,0.8585190840193324,0.8904370734370629,0.892301458630657,0.8762144129991951,0.8836584031707065,0.8599486655409699,0.8278680412483495,0.8266495907031273,0.9047341622063211,0.906221667653406,0.7789828502765406,0.8885168059134768,0.8938408343685154,0.8919042259655441,0.9076833473210368,0.833917425933222,0.8119541244319273,0.8866249621319298,0.82954160146499,0.9281216919465587,0.8657264030681988,0.8558345928001185,0.8654646515740827,0.8772240990475356,0.8213355261150344,0.8762677620854354,0.790382697084386,0.816965682783015,0.8986320588369789,0.9158980015583666,0.8910844560082376,0.7781595034571293,0.7966665329679704,0.8759229051778925,0.8562558909701132,0.8636085079443033,0.8781749854129192,0.8916681295114182,0.8916681295114182,0.8916681295114182,0.8916681295114182,0.8916681295114182,0.8916681295114182,0.8916681295114182
99,0.7594111458247479,0.8803374009050184,0.850869342090721,0.8818358303001756,0.8590953601484855,0.8443414677708827,0.7681571137201019,0.8668606769389968,0.88088859375761,0.7416840899194498,0.7849501806355499,0.8321801971642343,0.8918689361555864,0.8876434839524793,0.8544221436386634,0.7998076000464942,0.8242667925680474,0.8345285243568631,0.861962177688005,0.9030734764203285,0.8271682602154425,0.8186729425003214,0.7599972234835861,0.7678072884660184,0.7440631726949016,0.8809333277640934,0.8806180943089948,0.8060667232077611,0.8555958657689899,0.802711996667551,0.8008708253521992,0.8441515606409566,0.8701590403352326,0.7562271239383042,0.8958325855926778,0.8662641869386443,0.8749868910256521,0.8012823659118902,0.7727957762033345,0.7605282050664366,0.7568625491337655,0.841744571164313,0.7803632405766912,0.9062528374004158,0.8856968012367399,0.8728137192484893,0.8259726052030452,0.830072647544805,0.8420646423227282,0.8107458800751162,0.8740560715321171,0.8317166425574263,0.8846155181391773,0.8507021881974155,0.744111916665747,0.8722567100658596,0.882706745449433,0.8552611829560427,0.9021866758317738,0.8706765141111286,0.7712004101369412,0.8772708850681897,0.8995389233317548,0.8455297724854651,0.8936742111169421,0.8577540584410668,0.8323620325625295,0.8653515385982147,0.7895203471133692,0.851636993335267,0.8309482662221135,0.8776180807337436,0.8334922129168796,0.8731590040333035,0.8734336707520192,0.8720287898916635,0.8737183051209653,0.8792881369793865,0.865267665409979,0.8002934322526194,0.8809680333706817,0.8270348015369783,0.7862454211122463,0.8166360123631621,0.8714606497240427,0.8113852156618897,0.8498278258313325,0.904167877726958,0.8649728994588057,0.8291607813412185,0.8709628619679044,0.8332745854883195,0.796316324024938,0.8952331994635491,0.8643991121187183,0.8667627518297795,0.8357249357180597,0.8771860796176325,,0.7493540250857689,0.8561795535911342,0.8111383078363946,0.8663805151301734,0.8369268249325279,0.8582841625767121,0.858688212136454,0.8814384955558952,0.8819198350755211,0.8563000237748041,0.8622605971773695,0.792700389252137,0.8958111197069861,0.9071533225659076,0.7752231723644637,0.8500948976288416,0.8486519926800574,0.8269280749925753,0.8909623358615273,0.8040697793403897,0.8100865024405371,0.8589575150754334,0.8047503204480713,0.8841705441460982,0.8256107860270065,0.8856658850947935,0.8508841457976994,0.8312105255804081,0.8492120684233295,0.898669961956041,0.7937141463440803,0.7891411976503366,0.8795055903973759,0.8846082828904828,0.8535792709574765,0.8170219005178541,0.8113176497432698,0.8184647666712408,0.8327142094983402,0.8544175439771194,0.8775778696450315,0.8831808943691477,0.8831808943691477,0.8831808943691477,0.8831808943691477,0.8831808943691477,0.8831808943691477,0.8831808943691477
100,0.7251894922742804,0.707912373607954,0.7324719047095317,0.7449961366998639,0.7640615169401488,0.7654115858034366,0.7359072654576959,0.7186536650657107,0.7606922644969625,0.7208736080104993,0.719287664905925,0.7520884478822494,0.7513525433326066,0.755167226142174,0.7747172350897785,0.7398996000122433,0.7432430140326618,0.7156211281422443,0.8126354683561956,0.7466724500947615,0.7597370566789324,0.8172003452331553,0.8353197178887145,0.8676387958699194,0.7985825730880962,0.7834046575311429,0.7459769804786336,0.7997835097859385,0.7373225091571602,0.8211006386412185,0.8745532203430967,0.7746258667675241,0.7289392656564025,0.8046583541751449,0.7596986376565737,0.7882500527718866,0.8209148519662615,0.7951493477076251,0.8488238213888069,0.8048013198533251,0.7547940440949339,0.7381087352154022,0.7968450526072525,0.7173405913701604,0.7866719282925524,0.7862861843310275,0.7882867406353329,0.7508351040684696,0.7660027499848191,0.7801934372220246,0.770397470181261,0.768135049246413,0.7574493424549739,0.7396595887867362,0.7179880186084923,0.7583622384520584,0.7163717269648386,0.77125275199261,0.7528534952378854,0.759696063207891,0.9078502159047792,0.7858885223033708,0.755458280165679,0.7277531520266289,0.812539389122856,0.7961934329388234,0.7275706097562925,0.7404037367378977,0.7751448484416805,0.7322254893939967,0.8033570429054667,0.7727646976007239,0.7592835378166622,0.7995529344025435,0.7583857008083151,0.7648937617092856,0.7453748985559993,0.7384347791628604,0.7844430109717031,0.789669434525023,0.789770387664564,0.7698599834844884,0.7521218580753772,0.7644918666117203,0.7284815897059138,0.7647441313784161,0.781815470129027,0.7307177233511976,0.7557975503265401,0.7874753416199033,0.7202033090497305,0.7493557739663059,0.779666177466797,0.7803517985218225,0.7731909198777611,0.7449812896397251,0.7521001456460351,0.7157509594588195,0.7493540250857689,,0.7565164959309281,0.8284899500194917,0.781856242467834,0.7694788076024575,0.7600869500989236,0.7607649884789661,0.7462167729807777,0.7490368383433859,0.7434697745961696,0.8747226239033206,0.7971497203144652,0.7291862432680984,0.7427336709666337,0.739429253817252,0.7470025519827853,0.7688183890985849,0.7463849856018263,0.7486132343143581,0.7601641213137489,0.7432519422501185,0.7615087993755262,0.7369779410787438,0.7561670421190768,0.8010382215871801,0.7677425418228021,0.7638869497651019,0.7380589609908822,0.7344377357881349,0.7755951373851862,0.8129827805235563,0.8393412943490133,0.7504969027044728,0.7609801271370357,0.7296306840411082,0.7799834846867439,0.7677480457074841,0.7195107231195526,0.751057781773477,0.7396009647721257,0.7848690280873235,0.7791277974237799,0.7791277974237799,0.7791277974237799,0.7791277974237799,0.7791277974237799,0.7791277974237799,0.7791277974237799
101,0.7996326049311988,0.852095076355952,0.8251827323485809,0.8711048685919818,0.8095627784431095,0.8287908624339518,0.7746681017929287,0.8303142845897123,0.87464020676899,0.7461785532280071,0.7612114742698557,0.8136825913667325,0.8428634209745004,0.8604008099976248,0.8583967711930498,0.8248361550893791,0.85168887386874,0.8449620541027658,0.8575932179012642,0.8977627787652223,0.8211617423823184,0.8345947997784282,0.7822378697694135,0.7738253292782404,0.7717445716779139,0.8688598296892427,0.853457839600086,0.8057498871797,0.8142165862623417,0.805342742049675,0.8016872885336984,0.8372476701837285,0.9026618819662793,0.784661455688976,0.882067727795454,0.8474391290186077,0.873349261238134,0.7856781547455473,0.7892894381235602,0.8058026200838667,0.7768049701932426,0.8603438098335414,0.7822378954773449,0.8646310577480076,0.8705569654951177,0.8573550490957205,0.8489365831990783,0.8447257138264357,0.8380566933882302,0.8223814008920751,0.9227141090803322,0.8284371912779973,0.9136220596806501,0.813376121273852,0.778924670207102,0.8629014743596815,0.8433036507568846,0.8289194265714622,0.886539781018889,0.8325672285635557,0.7851984281513977,0.8599901485068817,0.8625268788173619,0.8347972203678024,0.8430764818122364,0.848577223407041,0.8174445287649796,0.8430237365560094,0.7907822061068646,0.8207131864590966,0.8164686235599949,0.855857949334482,0.8153671987326824,0.8554494279236218,0.9119439846458247,0.8460987911316246,0.8844929065493402,0.8535846274234253,0.8626611379347892,0.7928101019979295,0.8607667391738876,0.8037575593059776,0.800924967871444,0.8159769749703434,0.8619537035374888,0.8222049313729058,0.8471300938211218,0.864260654739133,0.8339455251876029,0.8154898808592073,0.8382552526209562,0.8270519928784542,0.8269334704362012,0.8922239342959639,0.8620596109467523,0.8569111856834041,0.8066152112815134,0.8316256718672863,0.8561795535911342,0.7565164959309281,,0.8216813045631408,0.860203573586361,0.8336555057581141,0.8360808792305955,0.8384820331992355,0.8526557544799891,0.8465122588674002,0.8182674274539332,0.8613107334234745,0.7807055802583466,0.8705877720765475,0.8772578969863518,0.7764700564595435,0.8345792034265287,0.8208792044470206,0.8289669814150346,0.8588728665930271,0.8212237659383004,0.793786674331094,0.8555474313364307,0.7951506801040649,0.8490602125855676,0.8261368481395324,0.9006772523778629,0.8252957168667493,0.8229532114285993,0.8503869381207801,0.8810786612508239,0.7837167552125462,0.7851128717567466,0.8291831966887359,0.8588484959598632,0.8210175189977817,0.8497198543159488,0.8564926927381734,0.7923694053366184,0.8187108793408809,0.8296126176721299,0.8593791621832523,0.8663801886950128,0.8663801886950128,0.8663801886950128,0.8663801886950128,0.8663801886950128,0.8663801886950128,0.8663801886950128
102,0.7842337331976599,0.8029689235696944,0.7941706418896206,0.8098615354121734,0.794934555050228,0.8315224443618707,0.7850448885310067,0.8066675635067387,0.8418028954609094,0.7601459120531362,0.8072384471460232,0.8001869500840836,0.8263711140252689,0.8286631680313508,0.8495136612327358,0.8411461593697902,0.8075500129829078,0.7832457560521064,0.8597202760791594,0.8244070169810226,0.8772443748697647,0.8923238447512245,0.8179601803826908,0.8292987543084958,0.835927228733117,0.8034689220657201,0.8367551973865084,0.8434515792635897,0.8001924478832793,0.8476896851241498,0.8705481172797864,0.879907413586535,0.8030088969402018,0.836126877707337,0.8604205125696466,0.8760758414641587,0.8709470279381106,0.849883551897167,0.8533900548999558,0.8336120358584445,0.8054281428524539,0.8110036321736084,0.8805914625062343,0.7966667671321228,0.861705775100533,0.8668689134568208,0.8812372008222868,0.8748394644596453,0.8386549055328827,0.8304599113090829,0.8378785499825837,0.8737945697866984,0.8298373137607188,0.7968422266788145,0.780015671582004,0.8472467675480696,0.8395897237733877,0.842020153361496,0.854163538090506,0.8581142764757534,0.8457152477903069,0.8707263634561134,0.8601460923557439,0.7971541113315423,0.8636169671000649,0.8245262242305469,0.8406349187801487,0.7978090209680266,0.8608144901044607,0.8549835107437634,0.8461664667026388,0.8676756872991782,0.8581646083169207,0.8750193154073975,0.8259766800624218,0.8049608366384406,0.8487753636949046,0.8526661981135473,0.8687514902280198,0.8830511905612014,0.8688722451317059,0.8567975079904098,0.8316357142843549,0.8698014012487928,0.8575394818333679,0.9122850292747413,0.8746619552147216,0.8117938823625298,0.8592180359576153,0.8876795169369286,0.8209861821414033,0.8543943057166951,0.856914744376546,0.8722372273473157,0.8544397019825147,0.8623547228538828,0.8561730509307293,0.850067551722725,0.8111383078363946,0.8284899500194917,0.8216813045631408,,0.873325510769154,0.8641949350375537,0.8901091913345693,0.8947408517387203,0.8349668424709854,0.8341247736047368,0.8190058279188148,0.8739578489079645,0.8477213746404588,0.8495538565397294,0.8397752250901804,0.7928870753885833,0.8814636743617739,0.8992423424071665,0.902829885352545,0.8621194398458487,0.8526726406579201,0.8203080618321699,0.8855509291841263,0.8415115974165239,0.8640208717842921,0.9370912909562691,0.8394273565963396,0.8586611717483814,0.8648365011307739,0.7951471524842602,0.8331768551686719,0.844177433211432,0.8923647387454783,0.8493086859025725,0.8613271871410814,0.8606426381891941,0.8096705049225646,0.8255350501018883,0.8593398067020279,0.8565954078970706,0.8441907443234353,0.8848592913620872,0.887820927741882,0.887820927741882,0.887820927741882,0.887820927741882,0.887820927741882,0.887820927741882,0.887820927741882
103,0.8307424100913907,0.8614764122798055,0.851911059242658,0.89326272254333,0.868091368785475,0.8451113159491157,0.8024783262701233,0.8463266220151137,0.8702509333542388,0.7794548800815957,0.8516543586241481,0.8265382449005664,0.8989484681359787,0.8728851847340661,0.8632561237124733,0.8516384416203769,0.8628538254925762,0.8362909790886827,0.8804208073823259,0.8885949196146747,0.8649950437436956,0.8830976946797219,0.7791177956770933,0.8074776559814475,0.7911276581207486,0.8693729281090071,0.8855686935059578,0.813405804770667,0.8716173423322859,0.8307596527609779,0.820820212788085,0.8776026574331329,0.8638175132427488,0.8182629086921361,0.911683461960719,0.8893207726905169,0.8858823762497379,0.8282434212351688,0.816097640552304,0.8438013996820395,0.8229850730792143,0.8372416572212522,0.8476468807997757,0.8607442506606419,0.8807177423807698,0.8683005719171875,0.8814072095802925,0.9055174060162182,0.8537204335619283,0.8136379572610304,0.8864277612179852,0.8570404396680207,0.884111178292592,0.8351102327381632,0.8366409366802491,0.8705332226776835,0.8671955562535368,0.886411996566533,0.8999981729249695,0.8430657680928648,0.8198348882103963,0.9104566368571515,0.8925378020867054,0.8541209965496429,0.8944406627172774,0.8477627398861489,0.8318799129549468,0.829056307273805,0.8102724116671735,0.8814367207210958,0.8281912019742943,0.8775986207296672,0.8334486699336868,0.8902435728372728,0.8790152161054587,0.821764287510868,0.8899081322126188,0.8811810076074895,0.8667560667699766,0.8335053718610986,0.879723772058925,0.8396952693203783,0.8064391711935548,0.8334415179827505,0.8838531729919413,0.8860609649636796,0.884909939359144,0.8529700263951052,0.87923864750526,0.8735084231582821,0.8814662772677818,0.8822806562820826,0.8853789406927939,0.9013408794222545,0.8552397450628494,0.8882897688628315,0.8430562175980592,0.8766204399476009,0.8663805151301734,0.781856242467834,0.860203573586361,0.873325510769154,,0.8744666905529171,0.9007857333338734,0.8979074471980013,0.8909769114052332,0.880192442930162,0.8691011732969377,0.8588884047372073,0.8224968793806168,0.8798596158886153,0.8737524508162728,0.7825429462868103,0.8732826696145782,0.8676067360030272,0.8875478531795363,0.9099481494846116,0.8667055234931821,0.8179521304748552,0.9060547005705303,0.8371398898856105,0.9038400622417179,0.8756318228816906,0.9006505191729504,0.8481562096370894,0.8548614354119478,0.8561822750592885,0.8861298681420755,0.8344588972752627,0.8383485761861104,0.8838796359539901,0.9099065855979699,0.8458399517892653,0.8237115932789055,0.8602912624652286,0.8623611837501854,0.8680741465600245,0.837494991113577,0.8718109519073748,0.8926289250123255,0.8926289250123255,0.8926289250123255,0.8926289250123255,0.8926289250123255,0.8926289250123255,0.8926289250123255
104,0.7674199163186828,0.8166364698107714,0.7984642361427635,0.8057712898315986,0.7921145410060706,0.8166627968976737,0.7725758079480655,0.8251579513484883,0.8325236619283596,0.7493987301422993,0.8176176329179037,0.8033516481041172,0.8208227447907922,0.8500488864944832,0.8431161489986113,0.8266633456093617,0.8122367492219956,0.7958400405376744,0.8438038399175896,0.8474386682961247,0.8530601437127583,0.8628537527715503,0.7519359134771492,0.7838767847985828,0.7797581278222411,0.8188955042936881,0.8392650012257418,0.8099819670656743,0.8390719303104323,0.8036279366032191,0.8341886929227292,0.885107723832806,0.8044111176090037,0.7810449790030445,0.8803044930262416,0.8614692280428208,0.8825519263775505,0.8335332222640969,0.7914943167524002,0.8285347665377645,0.7805876987404798,0.8475815023172024,0.8131072997391611,0.8325036386346174,0.8877180057946216,0.8437602902121337,0.8496522967549625,0.9136235341470222,0.8656411920843714,0.8274648893915699,0.8424241348322701,0.9057159761987511,0.8538917022621391,0.8072614440122753,0.7752313221424254,0.8430002854863734,0.841934497168982,0.890318122285243,0.8625201233298024,0.9097299529205896,0.8034473337489635,0.8928219522971074,0.8743155418988064,0.8662665975527364,0.8718631188475527,0.8593305298930164,0.8470995218387871,0.8434372875428808,0.852691939574426,0.8670636879468108,0.8597576194280816,0.8674697004198637,0.8478300304775519,0.8860142256681792,0.8506556641188624,0.8154418325135903,0.8575054677154977,0.8650553831706186,0.9238291362198854,0.8959290270407969,0.8996459893269866,0.8567002579926237,0.8306824327762381,0.8930796008573882,0.8728762150201959,0.88343687345528,0.9378609298179017,0.82831867199596,0.9064279146572789,0.8566049565191634,0.8912520511337509,0.884317826253007,0.8226831809929946,0.8935194085922746,0.8827614837366174,0.8633977770447023,0.8502315150899157,0.8585190840193324,0.8369268249325279,0.7694788076024575,0.8336555057581141,0.8641949350375537,0.8744666905529171,,0.8724159964485023,0.8853988749290994,0.8918792525313898,0.8871557124289772,0.8871089180719881,0.866400893989387,0.8408802676297448,0.8596486955745057,0.8661250477155993,0.7975074716940452,0.8829979582628351,0.8619158464046881,0.8891747852511526,0.8797802317069343,0.8720994806827868,0.8448953004628519,0.8931022774293209,0.8610526333602457,0.9029548298747696,0.8740596382757349,0.8702034805908329,0.8701477527632532,0.8634424098250374,0.8241920076221119,0.8457534686885685,0.8172133109616233,0.8251616845283007,0.8885225310249975,0.8896004145623309,0.8644685432864228,0.8105599429424154,0.8274558246846535,0.8487087995500381,0.8808211788769802,0.8550586715507091,0.8846415110688842,0.888753559332047,0.888753559332047,0.888753559332047,0.888753559332047,0.888753559332047,0.888753559332047,0.888753559332047
105,0.8004695789376496,0.8595592617858187,0.8530357569114854,0.8509946794555869,0.8238028042593283,0.8367754605055469,0.8092156610940557,0.8215572668576234,0.863325995423168,0.7819083056959806,0.8414602165362746,0.8014423094013972,0.8701175519973307,0.8710160552418142,0.8682520644663716,0.8503633084702801,0.837512568307001,0.8065111229503976,0.8515116011528299,0.8691894834233469,0.9295902706953145,0.8957502836368179,0.7710828164154524,0.7703748794179599,0.7675368131216422,0.8374905143934931,0.9003803603846461,0.8227890501900408,0.8779033621375878,0.822605334968978,0.8249400205395239,0.893428546189194,0.8406356111108763,0.7957063392441447,0.8813738654938537,0.9145730656478045,0.8755021660013065,0.8042664080412426,0.7917241902264314,0.8042574948445047,0.8014012116226582,0.8257987127804531,0.8802002047340198,0.8443602751229266,0.8758507962906109,0.8816881917387718,0.8684778834059285,0.8793350491517118,0.8467328356282979,0.8224960493641056,0.8569704195905488,0.8688955885676962,0.8600101213439123,0.8246140528127045,0.7955872798752602,0.8973518916178225,0.9000328185253438,0.8855448411936133,0.8719166789995036,0.8733398245410684,0.785588070900741,0.9136809025052183,0.8881543156098415,0.8422984283670972,0.8864981810925842,0.8390253866667716,0.850559960983394,0.8344899673295848,0.8221764514089502,0.8936619280869513,0.8240325812928443,0.9096781093561594,0.8655393059352565,0.8898909914178885,0.8469137465224951,0.8163599304309451,0.8897466497611406,0.8954028410068733,0.8766666347967607,0.8340847482717956,0.8692662654150304,0.8395108719184033,0.8009902608120081,0.839575821420997,0.8632475185842102,0.9243184239437163,0.8822923789800049,0.8473083707786216,0.8896698906172547,0.9122863588317461,0.8786338243550527,0.8848624879556248,0.8521514119511796,0.8800240892610576,0.8598437102954997,0.8535196618324332,0.857981354213327,0.8904370734370629,0.8582841625767121,0.7600869500989236,0.8360808792305955,0.8901091913345693,0.9007857333338734,0.8724159964485023,,0.9396443498786091,0.8767828236759543,0.8709260305957874,0.8498386798871562,0.8494171412850889,0.8095045135638576,0.8524398886168009,0.8571450009222015,0.775568597114743,0.9193353882514252,0.9203362791071047,0.9268108818582866,0.8848666211886183,0.8546888831630977,0.8250266781573511,0.8875970414301813,0.8368851696197656,0.9094210106166914,0.8933295454252104,0.8710832430449591,0.8475499146746337,0.8982617601270666,0.8294165568692429,0.8661368344469255,0.8207413322716345,0.8585146254101932,0.8835802319691863,0.9144035645111428,0.8510126000095923,0.8000871482644902,0.818911978990109,0.918995983491358,0.8733103638238504,0.8392291045819438,0.9048421877141118,0.8829493228500603,0.8829493228500603,0.8829493228500603,0.8829493228500603,0.8829493228500603,0.8829493228500603,0.8829493228500603
106,0.8115279872283002,0.8581354909663147,0.8544524165634039,0.8405325119717105,0.8140276269459485,0.8366889490067712,0.804175410774517,0.8283311386052715,0.8586845299051638,0.7834686113214655,0.8303988073958359,0.8086251955078088,0.8469805555912153,0.8697723056395954,0.8679396846684455,0.8579733504334729,0.8391172916967344,0.802655790888332,0.8519976934335974,0.8713234404953155,0.9220749587706439,0.888264730169926,0.7755196356605273,0.7843889564280786,0.7846397874557227,0.8377337411648598,0.8956376141140139,0.8295475305361184,0.8760259190720595,0.8272828832124209,0.8302253276349232,0.8869618017248404,0.8426726237372524,0.7973746938339806,0.8820571326080315,0.9061958301498141,0.8721441585356766,0.8156975183712382,0.8040599957386834,0.8090717389484674,0.8039370771376468,0.8357380364899593,0.890656621691917,0.8471266069362986,0.8841771762561197,0.8820437917755667,0.864100261466751,0.8904672198351665,0.8568500280917349,0.8332916898442543,0.858627447698744,0.8781129846494266,0.8622673545642804,0.8273778335873093,0.7959619338147427,0.8881044197803499,0.8909958085623912,0.8802573396716667,0.87475139272151,0.8786808419276575,0.8018003147646335,0.9049203734917433,0.9095863749091306,0.8482979622541451,0.8716268463352648,0.8391593496667723,0.8557224448883112,0.8408971090173433,0.8309399653001887,0.9082978097673987,0.838953525874423,0.8946473594394118,0.8815760156593818,0.8883073510755741,0.8537871388710432,0.8211706383589041,0.88751321546938,0.8900193558495679,0.8865954034824608,0.8415013673535359,0.8812635931653847,0.8412736006868239,0.8078955705316608,0.8533814424619748,0.867047268202092,0.9254653172812549,0.8893834031441634,0.8581452788934043,0.8787500566640287,0.8990419526182708,0.8803015866301543,0.8848183034607284,0.8606870429585376,0.8877569671957257,0.8664770541639166,0.8645980878506042,0.87280852623224,0.892301458630657,0.858688212136454,0.7607649884789661,0.8384820331992355,0.8947408517387203,0.8979074471980013,0.8853988749290994,0.9396443498786091,,0.8820219614771495,0.8694932187258918,0.8566033007127174,0.8514076872024837,0.8296017016354393,0.8686467862358134,0.872077931523233,0.7835426191852766,0.9176051906043697,0.914220655045866,0.9423698202756645,0.8953667393634541,0.8557272726193004,0.8272190709351102,0.9092009781604792,0.8394982953729762,0.9115613668540077,0.8876640916332075,0.8733249700023182,0.8590051850528615,0.8973716846472556,0.8283915624710908,0.8758640217501307,0.8314735825969488,0.8732532003274984,0.901354338906252,0.908667506420507,0.8680876402554668,0.8096997577749221,0.8301337054123992,0.9399180343018424,0.8744585744881325,0.8654363042181479,0.8952374764012319,0.892042764423439,0.892042764423439,0.892042764423439,0.892042764423439,0.892042764423439,0.892042764423439,0.892042764423439
107,0.784179823433102,0.8706574917700826,0.8339614858140607,0.8610445195214007,0.8257465437429521,0.8607981722802928,0.793493373902134,0.8611716017709307,0.8890446301199169,0.7616095983654543,0.8731773862105393,0.8405729431748867,0.8791926734282728,0.88975513305242,0.8622989551720603,0.8354150014827327,0.8450619270825019,0.845118199875271,0.8730792182584197,0.884284019162089,0.8449232386881217,0.8527118661112222,0.7785378484033637,0.7710275189868596,0.7786310247625455,0.8484980293781687,0.8684967028935159,0.8167334494776012,0.8916165467174345,0.8112981155971132,0.8239833141784009,0.8819881035879962,0.8605822872614898,0.7966361763847556,0.899002160980619,0.8769902927985299,0.8752828610013086,0.8144144349593415,0.8019424161598904,0.8026067275882365,0.8127670273409355,0.8460852120250872,0.8056920229887604,0.8616215815531805,0.8930016980968294,0.8643011658501478,0.8438170140017921,0.8815682333683208,0.8972933756835902,0.8267248408600266,0.8634402641895129,0.86344115789218,0.8664635922371172,0.8588327890938184,0.8011583200911642,0.8669484232222382,0.8802360147817697,0.9300024986782529,0.8814114873288056,0.8649314763801803,0.784847094524607,0.8985789790369663,0.8851512690540454,0.903249018135988,0.885972091624256,0.865484882358627,0.8550496954997939,0.8863276455186704,0.810247394325259,0.8854511975690039,0.8248872420090326,0.8811468184322959,0.8431549940195807,0.8963760918115284,0.8641394927301769,0.8490782441172243,0.879232015950105,0.8769301093501247,0.8850718003928333,0.8347062507744395,0.8890209571245309,0.850555667171751,0.8225681891063175,0.8433110042152121,0.876161586144542,0.8599136732544427,0.9046399955039781,0.8473938316389856,0.889899500124978,0.846137678557047,0.9418951338766665,0.8737762171278721,0.8348578068953523,0.8872578553313946,0.8820674873876949,0.8656188741393425,0.845440775120044,0.8762144129991951,0.8814384955558952,0.7462167729807777,0.8526557544799891,0.8349668424709854,0.8909769114052332,0.8918792525313898,0.8767828236759543,0.8820219614771495,,0.9594260991607719,0.9425554846042615,0.8681557551516659,0.8106742819692778,0.8751417411116809,0.8757804948451815,0.8007854804053735,0.8593011180874326,0.8525893331290249,0.8850019714056958,0.9022423209243747,0.8453102622371119,0.8235823552602775,0.8804347600962219,0.8580424253574404,0.9239692953285363,0.8422624420267105,0.8854396193549331,0.8654937690513259,0.8504706071117676,0.859458906461308,0.8664155519149017,0.8211739636451447,0.795407299895122,0.8936589780686268,0.9139387146868244,0.8623859695247164,0.8098843552206086,0.8234752768203376,0.8568757499711644,0.8603694234486137,0.8762324992606896,0.8882681680690635,0.8720486184267381,0.8720486184267381,0.8720486184267381,0.8720486184267381,0.8720486184267381,0.8720486184267381,0.8720486184267381
108,0.7650294414126432,0.869328272440728,0.8411376878160605,0.8430687756208033,0.808859170261994,0.8638452881873849,0.7889823714658667,0.865086716247706,0.8738384962775887,0.7573072937702205,0.8706175081965402,0.8485305588113918,0.8667043015401028,0.87650983034707,0.8634769311005044,0.8312371021787726,0.8279523074330617,0.817934758530182,0.8645669703963268,0.8774034961916944,0.8456137663423289,0.8373790734861962,0.7738602157409215,0.7599740541701107,0.7732632137517796,0.8419371891476306,0.867899149952214,0.8119313094372965,0.8749358674477263,0.8031432653337134,0.8192285128152498,0.8847274300391487,0.8601554484777024,0.7831639957350978,0.8883891536155376,0.874943466757528,0.8698504381063807,0.8175328672907637,0.797004503419608,0.7893339276901065,0.79277776657206,0.828567561600567,0.7968200751089453,0.864987372632277,0.8969166006141754,0.8643762121114299,0.8328737719746709,0.8713222661547275,0.9021152772709582,0.8464811871063561,0.851202916453623,0.8598916244917345,0.8593770043342607,0.8612188139691423,0.7780503669924481,0.8691396323150926,0.8777592993964962,0.9343403979407412,0.8809830817366946,0.8654114864827788,0.7777890252873132,0.8814983664751425,0.8856749107563575,0.8976507546052391,0.8814819677923733,0.876955435714428,0.8673409062120034,0.8989628546391282,0.8281022970381959,0.8793685750717084,0.8225503475988317,0.8892743078896109,0.8516057691194724,0.9005179911822958,0.8546932823493172,0.8330284398650845,0.872108100213696,0.8803024139275673,0.8828049020067611,0.8366365174714196,0.8893879679695652,0.8650237172239726,0.830945596079169,0.8428818765504881,0.8734816370870011,0.8526256556741212,0.8974765230454924,0.858003557363079,0.8835975357948631,0.861771958289971,0.9372644810309669,0.8594015414280145,0.8191588838044923,0.8884755015113526,0.8840521664355508,0.864810302483485,0.8568675359696978,0.8836584031707065,0.8819198350755211,0.7490368383433859,0.8465122588674002,0.8341247736047368,0.880192442930162,0.8871557124289772,0.8709260305957874,0.8694932187258918,0.9594260991607719,,0.9529894385505017,0.8571156604627654,0.8113561784006867,0.8829874128557633,0.8796979645727104,0.805884452654962,0.8609498170664226,0.8565334145708517,0.8721947457016239,0.8904309045920301,0.8374332323787997,0.831050210948591,0.8682966365991978,0.8598960682150689,0.910692705864378,0.8440358126680566,0.8665686166953808,0.8780241852749715,0.8579062979399844,0.8478688929333719,0.8747051935532352,0.8170984976862612,0.7937857308301016,0.8903229452128845,0.9060435747299299,0.8867615649828926,0.7935771939455467,0.810423876512028,0.8422000811172404,0.8530546589981257,0.8908224691372806,0.8879917772405038,0.8746265932310598,0.8746265932310598,0.8746265932310598,0.8746265932310598,0.8746265932310598,0.8746265932310598,0.8746265932310598
109,0.7535114287698705,0.8459844121908838,0.8182633476480777,0.8181038871164591,0.7947957997822248,0.8381111249674026,0.7674765948840965,0.8467670072553086,0.848333356474527,0.7390707496679246,0.8655365643199584,0.8226397285328273,0.8464395708599567,0.8541742293293674,0.8284319827134163,0.797520840915575,0.8162949965393913,0.8001336583859957,0.8433893849437879,0.8538600122405469,0.8231092910421203,0.8232153616744441,0.7623498556822286,0.7541087311650575,0.7728869874924125,0.8131858922170293,0.8519216791324571,0.7883106216839261,0.859157168908677,0.7894616158146518,0.8069146114254482,0.8556440460382375,0.8389266834934783,0.7694249013016411,0.8648960711210272,0.8489757028280361,0.8424906858591727,0.8051560521381813,0.796074218883718,0.7684807926688271,0.7784218200410185,0.8168384125166723,0.7802383060660625,0.8506206819263593,0.8623654507866835,0.8441077304583264,0.8193469659578372,0.8621607820668613,0.8661677145929985,0.8101527516337775,0.8275734067439277,0.8327466469506992,0.840481664435428,0.8416550639336532,0.7692802026191791,0.8372266190105291,0.8463523528488271,0.9151345660109649,0.860319082011033,0.8458133913759405,0.7759550411935385,0.8635862883631248,0.8619486972824537,0.8937778662685528,0.8633101741898802,0.8599956486602027,0.8225251082873197,0.8719301680981353,0.7985499303898205,0.866453745540421,0.8046065551382857,0.8550036572671549,0.8101140677107814,0.8735991346152254,0.8383811898794739,0.8125080872896654,0.8490439139471967,0.8576046197045601,0.8568396680640343,0.8272451076283451,0.8753857090976862,0.839899730281076,0.8053162890668077,0.8295051168331783,0.8527801655854785,0.8417918776964222,0.8792108742881003,0.8303135497758212,0.8548768004828229,0.8350135643144178,0.9249499330318247,0.8424583810827401,0.8143939286535855,0.8638626902594578,0.8646696391736446,0.8405839484594986,0.832216183247096,0.8599486655409699,0.8563000237748041,0.7434697745961696,0.8182674274539332,0.8190058279188148,0.8691011732969377,0.8871089180719881,0.8498386798871562,0.8566033007127174,0.9425554846042615,0.9529894385505017,,0.8387984062212525,0.8085683209847621,0.8591382674680574,0.8561653620022546,0.7758311554054723,0.840610394133765,0.83440773651537,0.8618222098798356,0.8803569951561783,0.8218520933016058,0.8079382621829535,0.8511445835867567,0.8355544387849564,0.8893502568835674,0.82464788757434,0.846919558575059,0.843605837194224,0.8305904237084604,0.853778073366803,0.8565543865364261,0.7953136031821166,0.7784364071350072,0.8848811599490485,0.8944608631808428,0.8453801907538308,0.7850327176162076,0.811424174958758,0.8239909919000851,0.8301796826978544,0.8547819946094077,0.8566218337851457,0.8572252654363691,0.8572252654363691,0.8572252654363691,0.8572252654363691,0.8572252654363691,0.8572252654363691,0.8572252654363691
110,0.7744721695777272,0.8099183670389831,0.8039903938378441,0.8455668211507326,0.8321204720509952,0.8549451818431214,0.7870992309803959,0.8277551967904903,0.8725241842425325,0.761170599059945,0.7762994791166326,0.82198857633255,0.8497545682249525,0.8669756241289173,0.870305773196774,0.8284121445552335,0.8325456598135098,0.8095665296790225,0.9051084617672884,0.869187164063906,0.8289989370114552,0.8743853272226654,0.8489518552060156,0.8568233829767191,0.8406733946675385,0.8523462314306464,0.8423497532550568,0.8584242703866201,0.8150005038210022,0.8671872133561414,0.9013215961263443,0.8659837737253883,0.8264370988565745,0.8484156460902945,0.8736001048073462,0.8702700834532402,0.9021351958593672,0.8507134239433403,0.8694131280634002,0.8397552549633354,0.8107739257476595,0.8467408505900941,0.8309135353543255,0.8304571794305441,0.9028417738818613,0.8689235809238961,0.8727146497210495,0.850053607215052,0.8713715489201399,0.836340462361549,0.8713275711953394,0.8695341975154784,0.8731793486487676,0.83581700041452,0.7693860163995415,0.8508085142321573,0.8325487934993026,0.8578978258116846,0.8691526146334244,0.8586587880401584,0.8913850268932298,0.8712979118196816,0.8608679578186152,0.826046749286443,0.8889774349626454,0.8876157139409442,0.8251476846190497,0.8531929094997965,0.8438621131011063,0.8243191823315379,0.8584165096327205,0.8549316043934048,0.8426096840365466,0.886552454505418,0.8636455571541027,0.8680494348544151,0.8599505502114722,0.8495074672677602,0.8895155661057131,0.8509122139806358,0.9064957866420422,0.8493949650012933,0.8216452324912227,0.8575627414239748,0.851791546714875,0.8483217662140204,0.8847901496885506,0.8413766459872438,0.8524361964297164,0.8429406978317144,0.8357978975278711,0.8543324505921728,0.8317567424538036,0.8936639583965637,0.8851825754521053,0.8671694530695889,0.8345500902979033,0.8278680412483495,0.8622605971773695,0.8747226239033206,0.8613107334234745,0.8739578489079645,0.8588884047372073,0.866400893989387,0.8494171412850889,0.8514076872024837,0.8681557551516659,0.8571156604627654,0.8387984062212525,,0.8374119554574608,0.8689164021986246,0.8686490325521647,0.8095931825118889,0.8469787976299197,0.8521964606255308,0.840885360933216,0.8714617132999682,0.8469702605765281,0.8223946884954705,0.8687533641510004,0.8338312829089357,0.8602871505893529,0.8607763690441712,0.8922657502995417,0.8802098776826515,0.8334926989659844,0.8252512598846544,0.8664805761430895,0.8718494508356275,0.8595281946324161,0.8430349396897835,0.8613465445792854,0.8433693999381874,0.8582373631263421,0.8426229797821182,0.8112770059201615,0.8524332186621747,0.8547575641588895,0.8941838651635804,0.8857016675677271,0.8857016675677271,0.8857016675677271,0.8857016675677271,0.8857016675677271,0.8857016675677271,0.8857016675677271
111,0.7211846841107409,0.7788183717173651,0.795874098812085,0.7788444768003604,0.7855148123256319,0.776005188465158,0.7359722502924847,0.8191011549878013,0.7834895772034842,0.7181923695006202,0.7801113444409343,0.7845287115298651,0.7957484747085726,0.792389743849832,0.8109511051838745,0.8006731048901116,0.7582548909183819,0.7346390592419663,0.8135830569520796,0.807565921286103,0.7994146546027001,0.8309960252409783,0.7605654435046615,0.7774733913510248,0.7664461936201499,0.8019778190551796,0.7860690864675843,0.7960973743016813,0.7991870031001516,0.8029929353285966,0.8253811114741094,0.8198685879812728,0.7641520553626239,0.7564432545341484,0.8266915248236999,0.8243067131128297,0.8414496205548653,0.8262001706141222,0.8112943252794721,0.7921681869609963,0.7372128858572542,0.7883446479114596,0.7918402548495301,0.7934017900677197,0.8529257010442337,0.8006460842219076,0.7952690556649479,0.8157153292315996,0.8273228405217237,0.82679284238108,0.8015231877136375,0.8434207418498333,0.8005387124884031,0.7995718851406319,0.7207884439845793,0.8008027009232435,0.8009963012902959,0.8285701951883125,0.8237816458051285,0.8300035749207063,0.8086688549796951,0.8230311360845609,0.8355370961578736,0.7875850019456971,0.8344303451713987,0.8192267902440253,0.8377050125753865,0.8058972859970138,0.8412143123668399,0.8408501954549086,0.8351521300787852,0.8118425299485179,0.8414894936462884,0.848520669550782,0.7919171014734196,0.7860228041025212,0.7883242288701635,0.8211293321959904,0.8461630880739746,0.8206236609881638,0.8750000017509916,0.8661883742364895,0.8209727564339807,0.8311129730001202,0.8194571980856998,0.8193651574826057,0.8487585989066555,0.8052433547132931,0.8284018650405354,0.816283077159692,0.7977412095985106,0.8043042684409777,0.8008786151788333,0.8457133274687599,0.8313479018648103,0.8158399625292496,0.8444763646067135,0.8266495907031273,0.792700389252137,0.7971497203144652,0.7807055802583466,0.8477213746404588,0.8224968793806168,0.8408802676297448,0.8095045135638576,0.8296017016354393,0.8106742819692778,0.8113561784006867,0.8085683209847621,0.8374119554574608,,0.830980121966104,0.8324540670799232,0.829935776664341,0.7997383558379294,0.8162400620166339,0.8266128937501991,0.8381853994609241,0.8007035458175135,0.8171729526463215,0.853910034620583,0.8174156151711189,0.8423113622532027,0.8334249996150989,0.802058250799676,0.8429910501765817,0.8007246677551998,0.7557469649644513,0.8173544785065279,0.8049118431236592,0.8222818176532026,0.8558225403573261,0.8248197147819384,0.8513730897967899,0.7807110458139925,0.7815843178066397,0.8003167558233267,0.8233734167952284,0.8233178993669192,0.8303115850326173,0.8479239856181661,0.8479239856181661,0.8479239856181661,0.8479239856181661,0.8479239856181661,0.8479239856181661,0.8479239856181661
112,0.7703803721059882,0.8783242919165921,0.8591987909901556,0.8630123440775174,0.8127206437746641,0.8549749041555063,0.7763141950586472,0.9014163511471306,0.8775354177354978,0.7555443474695908,0.7942852513282738,0.8339471341000119,0.8735798281457112,0.8771817700281404,0.8562396943887323,0.8285590786454572,0.8183455110298222,0.8208625327786435,0.8865633836002164,0.8945592321286773,0.8400627153117239,0.8264695947073049,0.7583023356495092,0.7602501350157903,0.7846800782393684,0.8467793195029373,0.8797894602947491,0.8127118139448426,0.8239009076208371,0.8190177690287745,0.7999156568544142,0.8690657298722606,0.8694886824288621,0.7712280924009007,0.9146203809519293,0.8630233489069302,0.8783690387954372,0.8236409798341224,0.7994432371932351,0.7846515190715961,0.7686750737448701,0.8560930207362796,0.7880240524345677,0.9064408810215602,0.9093877478562863,0.8666396426838724,0.8748283500322611,0.8900326560329814,0.8702333869538128,0.8353906378196175,0.8789234525880159,0.8618715194734206,0.8966215932055142,0.8432595796375416,0.7564015749578786,0.8723374723915948,0.8893805149866992,0.8509808528529146,0.9329989886842608,0.8586963201984343,0.7760554364960023,0.867283916304157,0.9158277677460419,0.8449577355318004,0.8706948587082931,0.8715814516127705,0.8595628429550874,0.8722415197265709,0.8406345823439632,0.8815371172624875,0.8172256339424754,0.8615116247164012,0.8513244085335717,0.8822189938904796,0.8829814891532799,0.8447821770673828,0.8941829198962084,0.905402140718471,0.8929227074754545,0.811242170286058,0.934068170645381,0.8615492634777502,0.8159406972223596,0.8438961692228373,0.9272675708489435,0.8533762766006273,0.8687909295464729,0.9281217759330608,0.8558218410513587,0.8447255022141397,0.8733938723256716,0.8573264566324174,0.8105426297198806,0.929394459393372,0.8929446789155436,0.9408973636842988,0.8773666789418387,0.9047341622063211,0.8958111197069861,0.7291862432680984,0.8705877720765475,0.8495538565397294,0.8798596158886153,0.8596486955745057,0.8524398886168009,0.8686467862358134,0.8751417411116809,0.8829874128557633,0.8591382674680574,0.8689164021986246,0.830980121966104,,0.9539306237029321,0.7875811075623685,0.8693332023858416,0.8614543062552545,0.8480383743059178,0.954881616051013,0.8392729594269974,0.8334211987951654,0.9013953699599565,0.8312931434049946,0.8925224944400523,0.8487278499913231,0.9014997278700221,0.8963521182702023,0.8600156073714494,0.836292040683673,0.9073757183940003,0.8125613066528731,0.813387194386699,0.8794672925950433,0.8972671721016593,0.8996081434160003,0.8271978358886576,0.8257973402544124,0.821982279892274,0.8637093749182619,0.8838908370750861,0.8928124684245367,0.9351834581125628,0.9351834581125628,0.9351834581125628,0.9351834581125628,0.9351834581125628,0.9351834581125628,0.9351834581125628
113,0.7554695917980088,0.8904897037428553,0.8702248051029844,0.8623752626609182,0.807411657611482,0.8386751687502468,0.7737718488047909,0.8937082247315328,0.8737767122237399,0.7505551272202036,0.7855644277231149,0.8273395985596348,0.8545291122090741,0.8739132824269289,0.8486937980104686,0.8174738221846094,0.8112980496886708,0.8080919865916619,0.879477784663176,0.9195527401908815,0.8471268467033167,0.8302875767658784,0.7563607933062476,0.7644726233930452,0.7693513058208241,0.8677567932406074,0.8814019012116063,0.8203661641972894,0.8345294098275367,0.8270313681386143,0.8012900713724113,0.8536956622422865,0.8690620857492117,0.7628894823885052,0.9119380816998384,0.8666902366065797,0.8946393255294569,0.8189172672047108,0.7872110643459591,0.7774070587942576,0.7591132026309064,0.8600795803131038,0.7777622242379323,0.9267585858079399,0.9135061090694739,0.8725569921303858,0.8480684588717229,0.8627582363626636,0.8611457275291996,0.8382722475487003,0.883025126545535,0.8673171581843009,0.8979034624297317,0.8476998421448618,0.7528069052289085,0.878282917691582,0.8996304904996243,0.860162524115219,0.9370191431774769,0.8643845167512231,0.7832280429148699,0.8830365731701866,0.9275350037417637,0.8638058881131827,0.863284020351394,0.868446424732653,0.8626885116454216,0.8806533674973224,0.8336468433080346,0.8814314607782626,0.8214121393575302,0.8594724283764467,0.8515443690951497,0.8832505669079694,0.8874063706753077,0.8613531409026635,0.9006774191288869,0.9081654017832523,0.9019839343459244,0.8200490615098341,0.9303669942650006,0.8535174625476946,0.802939508156856,0.8516125559158303,0.9094811659684514,0.84388067238273,0.8742883219102806,0.9392215888657548,0.8596193682275053,0.841950181462508,0.8880814410941097,0.8518167487422484,0.7965689178065517,0.936616555522354,0.9011713272350934,0.9049268759240915,0.8703849029445015,0.906221667653406,0.9071533225659076,0.7427336709666337,0.8772578969863518,0.8397752250901804,0.8737524508162728,0.8661250477155993,0.8571450009222015,0.872077931523233,0.8757804948451815,0.8796979645727104,0.8561653620022546,0.8686490325521647,0.8324540670799232,0.9539306237029321,,0.7902850018932783,0.8725684192293361,0.8671434512748387,0.853425107956004,0.9302529225174512,0.838135016477808,0.8208220837431321,0.8958447414516434,0.8239056922830668,0.9037742673088031,0.8526354524346316,0.8948417787318059,0.8967667811840817,0.8528759915872738,0.8489149118688343,0.9185207392472886,0.8113107424661578,0.7983758183160927,0.8907787890695038,0.8988626504179854,0.9018199573519751,0.8223071618711602,0.8155197100989398,0.8258033124800279,0.8576355100728713,0.8811783443306086,0.8982343805419467,0.9202258231181906,0.9202258231181906,0.9202258231181906,0.9202258231181906,0.9202258231181906,0.9202258231181906,0.9202258231181906
114,0.7086501486420758,0.7630759532071549,0.7792967795892994,0.7738549837490165,0.7571011751189879,0.776105380468538,0.7509580457913734,0.7752702336737733,0.7726027246009572,0.7206243907603485,0.7788759359856788,0.8267280456260017,0.7758192673922513,0.7730644200926828,0.807730797346244,0.8191272703918552,0.750227360549766,0.7221744521562268,0.7827244644365745,0.7896769653268281,0.7789458078199732,0.8006444990365472,0.7581570604135245,0.7364749675934418,0.7547485877841151,0.7665358651009645,0.770673338408459,0.8038451420048253,0.7821527123846983,0.7827639959494331,0.8167711899079148,0.8304316586710038,0.776280314656845,0.748571057320217,0.8102349540678897,0.7793912748217047,0.8030773058996877,0.8008734754469977,0.7774754786799459,0.770623307857349,0.7240768723888757,0.7612210700200869,0.7688435232761707,0.7634872386537418,0.8399551337735771,0.7887081780596561,0.7747765296113984,0.7851447403653576,0.8283527931781193,0.8263540432764482,0.787164984585242,0.8255714301756867,0.7781675547161228,0.7993944596991818,0.7160630163864181,0.808807388298729,0.780105637347603,0.8029678607484977,0.7872398744374954,0.7830682727280827,0.7640093034875384,0.7937526335292028,0.7984761391869409,0.7764343093705891,0.8032580558426201,0.8174026248042099,0.8506763767399783,0.7979849872471961,0.8470284670235378,0.7885504462510222,0.7943612092612679,0.8091846186613454,0.8435059076168936,0.8057782720597865,0.7638077334345812,0.7701294968134532,0.7689439419147512,0.7939051261964069,0.8224460752689272,0.772782376199785,0.8190182202092491,0.855565470383902,0.8359930806561059,0.7875326017468135,0.7942067448093012,0.784025571730407,0.8083398492457545,0.769456311761998,0.7930859649389701,0.7816370915364145,0.7835890693857672,0.7867092753158941,0.7675127443814725,0.8166344699850481,0.8301230239404507,0.786011934793967,0.8033951743255587,0.7789828502765406,0.7752231723644637,0.739429253817252,0.7764700564595435,0.7928870753885833,0.7825429462868103,0.7975074716940452,0.775568597114743,0.7835426191852766,0.8007854804053735,0.805884452654962,0.7758311554054723,0.8095931825118889,0.829935776664341,0.7875811075623685,0.7902850018932783,,0.7787717167367639,0.7737019458697199,0.7761772553368451,0.7852776498185817,0.7765844685214442,0.8086768660406908,0.8080448545797373,0.8200527345609061,0.7936702144280539,0.7933459018015202,0.768993460574342,0.8292221167259732,0.7802785720646304,0.7408695776751388,0.7807773481605091,0.7978628841181903,0.7651101529673607,0.7871680446367202,0.7768940393157175,0.8252044960757108,0.7482173576665732,0.761929775958632,0.7597568083252716,0.7980008940963166,0.8065756712999186,0.8208688296177606,0.7989953373053271,0.7989953373053271,0.7989953373053271,0.7989953373053271,0.7989953373053271,0.7989953373053271,0.7989953373053271
115,0.793065765529409,0.8475647258674416,0.8334709154181368,0.8226084659541801,0.7894510392224741,0.8295797909921719,0.7941796192866942,0.8239141105694716,0.8463782770043968,0.7711638291865256,0.8086924732320928,0.7875817311052249,0.8285428249431084,0.8524697118739714,0.8610184758060867,0.8461717405387517,0.830521892733939,0.7953600198563016,0.8405922103780002,0.8596051723554383,0.9108425388669636,0.8651737598530749,0.7727467994786922,0.7691647493013976,0.777512605233763,0.8237748320076408,0.8920681201136272,0.8218860339916906,0.8399182230740339,0.813977250740012,0.8191004988871203,0.8756223049341312,0.831952447837125,0.7861882962386852,0.8667208812791654,0.8922802577725927,0.8577505365931524,0.8103241709053164,0.7931240344599503,0.7921107410814299,0.7826363911695241,0.8300853326471573,0.8568039692345614,0.8447695190768284,0.8787062709326834,0.8809269315558917,0.854838885530153,0.8671418335369702,0.8555497368987693,0.8216919109272962,0.8548189317360259,0.8833004192715457,0.8659666998033957,0.8218167657092026,0.7687676534648041,0.8856447377958987,0.8776931940207399,0.8616943796530028,0.8732090037048983,0.8777170378379822,0.78831680133874,0.8962014446655995,0.892286065799454,0.8276904132899834,0.8546323029138001,0.8406363741072288,0.8566856891126493,0.8354668192415221,0.8283643871435169,0.8797568280654074,0.8220898307592714,0.8924007960455757,0.8639887726720016,0.8673732295788439,0.8497359068592799,0.8196983263638024,0.878331804305242,0.8884229681491393,0.8917352663203096,0.8621790780960624,0.8748893488495906,0.8324292012071162,0.7944642444995672,0.8560862788616701,0.8592691893809105,0.9000214594491357,0.8843652580683004,0.8543798805394573,0.8688826051850079,0.9151552236757181,0.8630069785172996,0.8829929716384523,0.8343020021145577,0.8841696916779551,0.8757090429111569,0.849310048421267,0.8715334698235963,0.8885168059134768,0.8500948976288416,0.7470025519827853,0.8345792034265287,0.8814636743617739,0.8732826696145782,0.8829979582628351,0.9193353882514252,0.9176051906043697,0.8593011180874326,0.8609498170664226,0.840610394133765,0.8469787976299197,0.7997383558379294,0.8693332023858416,0.8725684192293361,0.7787717167367639,,0.9147941771680006,0.9058372670399039,0.8817229357341376,0.849603277633481,0.8299725940311005,0.9033997364470806,0.8383471127346085,0.8936130251567093,0.8880408175568638,0.8636258573160072,0.8644550107222101,0.8993569561944077,0.82246509926186,0.8690553012665974,0.8208082930027871,0.8505409375460654,0.8881944397408704,0.8924401952324995,0.8729643945883745,0.8010573463752849,0.8196096178803863,0.9013365078115342,0.8786351990274628,0.8575348988987603,0.9079755759142742,0.8854061819470099,0.8854061819470099,0.8854061819470099,0.8854061819470099,0.8854061819470099,0.8854061819470099,0.8854061819470099
116,0.7893956744744456,0.8624978843433247,0.8369525716587346,0.8270961071142451,0.7914742795098226,0.8441308633963643,0.7904588870209777,0.8252199263012187,0.8494146386345541,0.7722584972959068,0.8138855889387445,0.7930988099053745,0.8278965001453656,0.8444361267081839,0.8595352656827017,0.8406342600901184,0.8172187978209755,0.7933237038346411,0.8520978128493921,0.8550482595459884,0.9214484284358667,0.8693966814263168,0.7904639230121361,0.7858970783317114,0.7962673500677224,0.8254520998231022,0.8720882414157104,0.8354190749223268,0.831811342958681,0.8409840266535606,0.83088419803995,0.8674321556172281,0.8334937108193562,0.8042917995251683,0.865876591165189,0.88649962414067,0.880022563403386,0.8310537604504938,0.8135155197609922,0.7800995668273796,0.7945431209820096,0.8228247427470273,0.8733788789931456,0.8478445285946856,0.8665856594334036,0.8816457860018188,0.842818545868618,0.8693162569124437,0.8426135233608174,0.8250859933416066,0.8445419126274261,0.8755137499847181,0.8535033190300847,0.8201424711682521,0.7712164963412396,0.8702617803765709,0.873791565598159,0.8459585347080096,0.8653628037196092,0.868726217038899,0.8086460053990624,0.8771196505243011,0.8806806336700752,0.8299423959465506,0.8505915560761471,0.8253785480599921,0.857664474727391,0.8297741945971336,0.8211625160045828,0.8827767312371855,0.8220762433977793,0.8767959975594534,0.8683926181700757,0.8559685289879162,0.8381603296306862,0.8187787672758023,0.8735478173852195,0.8834705986861505,0.8893092909199465,0.8597360851844676,0.8654531595386945,0.837072131331982,0.7867299239892833,0.8566733545517169,0.8551023753891035,0.9098481162568637,0.8637460156165359,0.8534735163837832,0.8693548617964246,0.9017925114850806,0.8492784486019493,0.8532993315203483,0.8424401040014067,0.8733502227536608,0.8642868451412483,0.8453489973526866,0.8737452202446904,0.8938408343685154,0.8486519926800574,0.7688183890985849,0.8208792044470206,0.8992423424071665,0.8676067360030272,0.8619158464046881,0.9203362791071047,0.914220655045866,0.8525893331290249,0.8565334145708517,0.83440773651537,0.8521964606255308,0.8162400620166339,0.8614543062552545,0.8671434512748387,0.7737019458697199,0.9147941771680006,,0.9071652174254161,0.8676575958860338,0.8325009256519146,0.8234520282788411,0.897314171445499,0.835315547364407,0.882544953305855,0.9033695956882906,0.8454779491220089,0.8710157248394685,0.8947887207066408,0.8296543232620608,0.8568191749043574,0.8344151293366138,0.8836378700934598,0.8718758332129704,0.8869321699916153,0.8767719557537285,0.7903092943023865,0.8088554070936813,0.9004372422244362,0.8608086031473241,0.8558194879784126,0.8943432060804098,0.8817492643658571,0.8817492643658571,0.8817492643658571,0.8817492643658571,0.8817492643658571,0.8817492643658571,0.8817492643658571
117,0.7950463933681233,0.8402080423318175,0.8291659400711893,0.8303117246231756,0.8070488706208075,0.8214531882200884,0.7747402778873755,0.8202383396186202,0.858683569994837,0.7560281495839415,0.8336651216069758,0.7939033050720427,0.8380267105313508,0.8664513558584553,0.8471879402075141,0.8485871159852264,0.8232456341393984,0.8002048449913142,0.8443251886645842,0.8629805693267207,0.9144249746928664,0.8815871100795627,0.7662673498058494,0.7740867605233952,0.7941886626693071,0.8147240897793133,0.8580596057677421,0.8198025899618274,0.8734137449650732,0.8161645194885284,0.8192318820535598,0.888402058945504,0.826228700269747,0.7915415649748677,0.8739982910019577,0.8904287393353996,0.8587485155860534,0.8121072036917739,0.8050893997774129,0.8076443355878891,0.7927682646619076,0.832343591941328,0.869082314834799,0.8133833746760527,0.8801440221768544,0.8557844398274785,0.8446173526295213,0.8950251581554151,0.8478693007376473,0.8189433379134621,0.845463609713357,0.8853128349572348,0.8442775826536367,0.80523972998592,0.808490299889004,0.8563495178752478,0.8766330111546793,0.8936392123225996,0.8588095159070385,0.8694958129726008,0.7907353807707836,0.8965181517509733,0.8823716840365613,0.8576544163487834,0.8657125746919284,0.8205005111416318,0.8471083032935829,0.819450147958882,0.8332905022185364,0.9132235360952777,0.8188338338018881,0.8744338140952723,0.8686261641014364,0.8789589473421541,0.8441712515569076,0.8095053371234237,0.8705918410559212,0.8661933392974873,0.8846020683213378,0.8541663996923323,0.8717438815362594,0.8463030923846939,0.8314439148341105,0.8703861454377445,0.8562486182550129,0.9465383231974034,0.8978123936766251,0.8180601141350844,0.895876746909714,0.8855918359905449,0.8804351983779355,0.8836301930180618,0.8816494690571244,0.8709371301559795,0.859692585003465,0.853266026259656,0.8680738841810669,0.8919042259655441,0.8269280749925753,0.7463849856018263,0.8289669814150346,0.902829885352545,0.8875478531795363,0.8891747852511526,0.9268108818582866,0.9423698202756645,0.8850019714056958,0.8721947457016239,0.8618222098798356,0.840885360933216,0.8266128937501991,0.8480383743059178,0.853425107956004,0.7761772553368451,0.9058372670399039,0.9071652174254161,,0.8838423120412979,0.8659674385997818,0.8223175888980435,0.9093663813952518,0.8596760368058299,0.9092284789207292,0.903761136291668,0.8549858049108761,0.8440811836994205,0.8965045190249094,0.8163243339856043,0.8387273089407556,0.8148674050694551,0.8563305353650719,0.8913809389813034,0.8971196401526674,0.8721584559800497,0.7899543136280645,0.814155971473556,0.9288017414712718,0.8697311282338931,0.8392022552621292,0.8798028193513451,0.8713474474407518,0.8713474474407518,0.8713474474407518,0.8713474474407518,0.8713474474407518,0.8713474474407518,0.8713474474407518
118,0.7834746247407771,0.8827978834053474,0.8656744129907964,0.8697325847306018,0.8418675355081163,0.8528353138111473,0.7776264606455885,0.8919188839058299,0.8841394146015662,0.7564031605488667,0.8263016387079094,0.8231478375452371,0.8956161694432236,0.8884821314749414,0.8652627893354758,0.8417872769561371,0.8373207858862788,0.8374961883997354,0.8849620585509714,0.8917318459582817,0.8557900391222064,0.8576143159148928,0.7595721202199,0.7726873432366279,0.7853379367056608,0.8548801928590695,0.8861075833354135,0.8067153907769813,0.8715199972107064,0.8187428232408218,0.8111466154876225,0.8866262447453788,0.8637413337376326,0.7833564615219775,0.9228672695881903,0.8835180868834547,0.881489634955043,0.8185681182205945,0.8020237214066034,0.8004850748784418,0.7866573185898228,0.8458271523781079,0.8111732549356641,0.8839407348434104,0.9076835577965676,0.8593370725156823,0.8763197340458216,0.9072714748279218,0.8658238301543609,0.824484550272753,0.8678790705784503,0.8648990224086093,0.8875634931924313,0.8352880309814925,0.7843733068875518,0.8712961765963446,0.8944500832611547,0.8872347272390206,0.9166236697969542,0.8639231796715949,0.7890976706806282,0.8947183919841855,0.9163076630221658,0.8647852979586524,0.8994299536047511,0.870998485861509,0.8545731716313644,0.8633967202796794,0.8361972281931,0.9074062924873567,0.8288830722143938,0.8702020427392886,0.8531099988422424,0.8974871074712355,0.8761672268916416,0.8352717787666664,0.8993190797785361,0.8995577382964122,0.890182720522077,0.8183711181633879,0.9264609843511422,0.8609398197116147,0.8160585717095699,0.8491839996061129,0.9210959864135725,0.876936438334167,0.8919318929767175,0.891726190976973,0.8797946168915478,0.8594423770806089,0.8921813744818681,0.8768471971648628,0.8404297534609853,0.9225152296098481,0.8897068831497965,0.9344478422873522,0.8710864790527757,0.9076833473210368,0.8909623358615273,0.7486132343143581,0.8588728665930271,0.8621194398458487,0.9099481494846116,0.8797802317069343,0.8848666211886183,0.8953667393634541,0.9022423209243747,0.8904309045920301,0.8803569951561783,0.8714617132999682,0.8381853994609241,0.954881616051013,0.9302529225174512,0.7852776498185817,0.8817229357341376,0.8676575958860338,0.8838423120412979,,0.8590853754189902,0.8239410911850077,0.919366686688379,0.8395832962329005,0.9192193692298576,0.8607295085819051,0.9108223516363152,0.8825700412295806,0.8671291560552432,0.8450045208575558,0.897687708866469,0.8217359252020634,0.8210014314237957,0.9076353584732945,0.9172158570337119,0.8848514976570081,0.8237585648881884,0.8369381448124661,0.8589962263588231,0.8763430712965279,0.8662450111072231,0.8877153946409984,0.9296408566500641,0.9296408566500641,0.9296408566500641,0.9296408566500641,0.9296408566500641,0.9296408566500641,0.9296408566500641
119,0.7809829987432737,0.8016782288770371,0.7855500408548516,0.8029703053858044,0.776282274093133,0.7750520278772984,0.7405819379164169,0.7748392811444639,0.81061525783709,0.7163016157045107,0.8009040269750576,0.7676637630374363,0.8092618095305971,0.818699988568975,0.8332376642574822,0.8302992623300307,0.8072838273555993,0.7694910574798283,0.8170072032266558,0.8257485060411529,0.8274206379682049,0.8362975252758538,0.7366423828444711,0.7589840387523936,0.7621820079245879,0.7996131557092095,0.8171307971737551,0.8524727658956736,0.80708791184058,0.779283559254303,0.8137843305496736,0.8551707254108997,0.7950420851169767,0.7868358756688368,0.850398317299283,0.8344697616103713,0.832618770426494,0.7851137459906571,0.7760746004293798,0.8116472271085455,0.7811489424464824,0.8010016105592764,0.7991675709450782,0.782414604010746,0.8697163093755054,0.8162507395218901,0.831072985073309,0.8663095044850158,0.833980763281588,0.8008911991863537,0.8329052861619801,0.8540594218750817,0.8446326940353146,0.7662434021456798,0.7838857966211866,0.8216716958500272,0.8315945011278355,0.8645415666594469,0.8333843663834003,0.8354531178823528,0.7877695715220201,0.8646671789522333,0.8523412232114931,0.8211511861721308,0.8605230881822987,0.838322553878579,0.8033131590536036,0.820551472145832,0.8278467220862428,0.843500544260009,0.8299662671003688,0.8478230945913318,0.8079306614094872,0.8750067588158333,0.8366507615708851,0.7930318521967783,0.8364737467704444,0.8426627998051864,0.8687275934888958,0.8373353118536855,0.8772519308057016,0.8359798186936275,0.8900889570931,0.8432792704459788,0.8335771102496199,0.8717701735184019,0.8855699828045538,0.8032438835467972,0.8562099622444748,0.8280602315516326,0.8408691067650786,0.9561204524401843,0.8288318250839151,0.8771681112391323,0.8613170194769808,0.8472901950458185,0.8160841759053392,0.833917425933222,0.8040697793403897,0.7601641213137489,0.8212237659383004,0.8526726406579201,0.8667055234931821,0.8720994806827868,0.8546888831630977,0.8557272726193004,0.8453102622371119,0.8374332323787997,0.8218520933016058,0.8469702605765281,0.8007035458175135,0.8392729594269974,0.838135016477808,0.7765844685214442,0.849603277633481,0.8325009256519146,0.8659674385997818,0.8590853754189902,,0.908330991887117,0.8827106070412492,0.9138185793664586,0.852822910994158,0.85105829245809,0.8632625372387084,0.8351529258976524,0.8359559607257192,0.7923072273578651,0.8397760493105602,0.7875908153338413,0.7974974431508841,0.830893270766003,0.8543872755895555,0.8291382083220311,0.7938218739334749,0.8182897927062327,0.864758531332721,0.9412351075241183,0.8055448364407793,0.8521306280590731,0.8584326983947737,0.8584326983947737,0.8584326983947737,0.8584326983947737,0.8584326983947737,0.8584326983947737,0.8584326983947737
120,0.7388782304024295,0.7877123580209155,0.7850082596942933,0.7841933004319745,0.7694536031171468,0.7731002352393406,0.731078881418079,0.781713954673165,0.7937030664777893,0.706989936968641,0.7752900311663123,0.7862691940049058,0.7926363014685136,0.8062459928240522,0.8078692757192487,0.8123626557370743,0.7651452688280869,0.7373774836213364,0.7896191702300193,0.804363232559401,0.811351990683066,0.8026145630777065,0.7334656598205368,0.7360284458828047,0.7410339296284404,0.7873498328653715,0.800732346851436,0.8558149338005325,0.7933825401932595,0.7681185866519222,0.8044204090026527,0.838726348410836,0.7856738588832336,0.7372768494174395,0.8239907032970176,0.7989851795276786,0.8139226978122526,0.7878886035468814,0.7712246887838903,0.77695377176796,0.7260275601885325,0.7764606439639197,0.7799648443104197,0.7808038385343392,0.8604726557290245,0.8097072340293475,0.7938498990822109,0.8281138283257696,0.8297787076789576,0.8176971004247476,0.805094816221261,0.8425445987665002,0.8076080635164012,0.7648506573304973,0.7314109587151982,0.8203140659452517,0.8233294942083564,0.8350914594778353,0.8114407005956331,0.8258630678705626,0.7611139183210518,0.8207791068784206,0.8439538630345219,0.80015693562965,0.8476791886677054,0.8410758865444998,0.8203581494509946,0.8234724373244313,0.839936615692602,0.8177902330993662,0.8167150787115658,0.8419687399137006,0.8288903839541159,0.85788248829246,0.7947662358585302,0.7811331968695024,0.7962212879392639,0.8268727940321166,0.8608060915908475,0.8138938276597658,0.8599780716774706,0.8504532488234616,0.8975225226123427,0.8310789863199896,0.8130974801637877,0.8354207912210415,0.841356980420011,0.8159664268587499,0.8220697005472138,0.8161349349044824,0.8053003042784408,0.9144074761235332,0.7912274595758937,0.8565974757207011,0.852032371184138,0.8164340407242098,0.8314931576084117,0.8119541244319273,0.8100865024405371,0.7432519422501185,0.793786674331094,0.8203080618321699,0.8179521304748552,0.8448953004628519,0.8250266781573511,0.8272190709351102,0.8235823552602775,0.831050210948591,0.8079382621829535,0.8223946884954705,0.8171729526463215,0.8334211987951654,0.8208220837431321,0.8086768660406908,0.8299725940311005,0.8234520282788411,0.8223175888980435,0.8239410911850077,0.908330991887117,,0.8525399709860683,0.9264542764767585,0.8290510888158702,0.8254060586830536,0.8193087789853102,0.846632399860186,0.8283831763391989,0.7664111281137915,0.8408064967277362,0.7793408211364333,0.7923501673117113,0.8227574882459434,0.8266157060787453,0.8343664787768544,0.7642212751615607,0.7819743738083313,0.835781480095116,0.925432859998787,0.830350908132671,0.837606356416706,0.8416479825020864,0.8416479825020864,0.8416479825020864,0.8416479825020864,0.8416479825020864,0.8416479825020864,0.8416479825020864
121,0.8042510943517549,0.873324333592409,0.8557563601471051,0.8578256430141988,0.8330382689334874,0.8255184951223627,0.7782554087029196,0.8537191062542494,0.8602618027741847,0.7602008550014693,0.8149028353546184,0.8095595534898584,0.8637123092129633,0.8622747198557026,0.8798700519596448,0.870128826394635,0.8413975114779927,0.8171466190249783,0.8608078548677928,0.880259347469004,0.8709733265122201,0.8598433533551,0.7806424786357742,0.7921313822332242,0.7958784002203154,0.8445343882057167,0.8701073870182194,0.8327442304243682,0.8560155750190548,0.8281353049186047,0.8241921713682361,0.8708942876193753,0.8457304630165814,0.7940186654265937,0.8905118861119142,0.8640259216124049,0.8747815401557162,0.8256153246204884,0.8094125465459227,0.8117058723595089,0.7881141445330265,0.8340933825713351,0.8382572647747393,0.8481230981303454,0.906546314466278,0.8566177439981078,0.8439679640880986,0.8916673485216235,0.8644222824935232,0.8348945537773667,0.8794319741723592,0.8826149808235857,0.8801706755369171,0.8169650164399953,0.7901220730201565,0.8692439091025028,0.8715086732473141,0.878442279235467,0.8883661444507116,0.8627406439513948,0.8084576053420701,0.8911733619342006,0.9108164090435787,0.8552191959849176,0.8784461394331294,0.8539463398123702,0.8661702392295264,0.8408151036689577,0.8444503677493548,0.9071175484005137,0.8368454166290586,0.8628926584741409,0.8753666714437746,0.8893535278057785,0.8666667249589389,0.829653565872551,0.8835282237163242,0.8899824383982056,0.898878393518856,0.8475052597371456,0.9069171120040109,0.8655713328040481,0.8397216263831178,0.868577590240994,0.8793225137180555,0.8948357289171938,0.8970696893113083,0.8637177690487366,0.8846458045810602,0.8568001674802346,0.8613966933446449,0.8903151900323004,0.8740249371253852,0.9127823523903412,0.8818217861822224,0.885840555562414,0.8846602398448106,0.8866249621319298,0.8589575150754334,0.7615087993755262,0.8555474313364307,0.8855509291841263,0.9060547005705303,0.8931022774293209,0.8875970414301813,0.9092009781604792,0.8804347600962219,0.8682966365991978,0.8511445835867567,0.8687533641510004,0.853910034620583,0.9013953699599565,0.8958447414516434,0.8080448545797373,0.9033997364470806,0.897314171445499,0.9093663813952518,0.919366686688379,0.8827106070412492,0.8525399709860683,,0.8629558553237537,0.9112018230767354,0.8847104671315085,0.8927952528213758,0.8779648394826322,0.8734211510339708,0.8270194079776687,0.8835734487529128,0.8315607655860355,0.8571219151642521,0.9033148175925891,0.8973763428318594,0.8966169709461671,0.8166696425162201,0.8413630757811859,0.890008209219598,0.9002496609498323,0.8612227398541676,0.8913374452975169,0.9030571346990921,0.9030571346990921,0.9030571346990921,0.9030571346990921,0.9030571346990921,0.9030571346990921,0.9030571346990921
122,0.7627477534596205,0.8110921066205964,0.8023265492583891,0.80339184349022,0.7874038712338278,0.7966807983709522,0.7563608772112888,0.8009976035313827,0.8182951525670936,0.7248503727475759,0.8123342436230743,0.8067797969233331,0.8158536797583107,0.8114970626445315,0.8247800188461213,0.8305908165970395,0.7907573297987728,0.7700908898389117,0.8133896118178233,0.8241858521431555,0.8259375235805461,0.818154453249889,0.756193828696967,0.745415358885927,0.7811899974676344,0.7753864196655327,0.7979597376794606,0.883507253661641,0.8070763365487085,0.7924699159649806,0.8026700025320251,0.8743298213329233,0.7981882582836354,0.7808150667730058,0.8462584842588592,0.813327922089328,0.828116900802425,0.8013918061729255,0.7886384355288305,0.7816585003306274,0.7655332778930295,0.7941169582916088,0.7995543832723371,0.7873132230170989,0.8576472659959384,0.8150119813447371,0.8112678670909531,0.8591468331468085,0.8560115710471065,0.8171194005973734,0.8100117499860743,0.8638189846380582,0.8114642427336392,0.7972577906992228,0.7776528801368681,0.823078003299055,0.8277800107742963,0.8649295452104433,0.8198819762978566,0.8391841741972786,0.7716552775491674,0.8423978038692862,0.8451959158072954,0.8368503120991383,0.8523216312083641,0.8293447968475361,0.8476758040656753,0.8225104510705821,0.8539814999917278,0.8507110209630638,0.8150140103808905,0.8392720201758932,0.8534936978172977,0.8530043092745734,0.8037105147462418,0.7810947295459975,0.8143600652890787,0.8339788247257212,0.8750217906779746,0.8397669207634224,0.865093247866092,0.8674585765019104,0.916910156567394,0.8462907188226748,0.8315793791189806,0.8620803227601813,0.866533530972627,0.7910163625181359,0.8458535453933442,0.8219599001091956,0.8466663501255784,0.9200795065599388,0.8190414070302736,0.8564204465973281,0.8559798204174108,0.8255201871318855,0.8428749642294434,0.82954160146499,0.8047503204480713,0.7369779410787438,0.7951506801040649,0.8415115974165239,0.8371398898856105,0.8610526333602457,0.8368851696197656,0.8394982953729762,0.8580424253574404,0.8598960682150689,0.8355544387849564,0.8338312829089357,0.8174156151711189,0.8312931434049946,0.8239056922830668,0.8200527345609061,0.8383471127346085,0.835315547364407,0.8596760368058299,0.8395832962329005,0.9138185793664586,0.9264542764767585,0.8629558553237537,,0.8577710521550026,0.8370821733366611,0.8213954619266158,0.858222456123462,0.8399523481142673,0.7859610918323492,0.8177228486843051,0.7978381527218028,0.7922387684952799,0.8446626833103479,0.8405286317099863,0.859760093862309,0.755624692521996,0.7925260317101622,0.8596585829662071,0.9310648125870646,0.8425936648726849,0.837517125568087,0.8371414460510342,0.8371414460510342,0.8371414460510342,0.8371414460510342,0.8371414460510342,0.8371414460510342,0.8371414460510342
123,0.7796558118475463,0.8798002039344979,0.8601494913109837,0.8555155208714335,0.8216238421222921,0.8346980782873956,0.7775838149344376,0.8723697778619118,0.8886309592950236,0.7530974874231929,0.8311069361915003,0.8276135306371444,0.8658116399867936,0.8879209045281907,0.8582726450363761,0.8420969601891153,0.827622657047482,0.8260531723890113,0.8666891585040553,0.8948924507993347,0.8714670205575569,0.8604365293673492,0.7646988477528593,0.7759730101875667,0.7706395651795928,0.8710544542861838,0.8880936599904808,0.8237348210008822,0.9045439839305043,0.8271048390015542,0.8296767972975213,0.8927491185650079,0.8600035031118757,0.7730302693882447,0.9099561923733699,0.9032582867614587,0.9042247265010246,0.8241772045025357,0.7924803944986786,0.8020843954051514,0.772962905144494,0.8436329179848995,0.8254607675769763,0.878793480002478,0.9106994902105227,0.8719100927322702,0.846080839115344,0.8896253988846697,0.8542072750085564,0.8364093461354304,0.8675646480895226,0.8894117798324748,0.8712468455216279,0.8362467973819799,0.7931139925345518,0.8782766084775695,0.9150591981106931,0.9191239892053411,0.9049478740136381,0.8887435893279675,0.7854469155687794,0.9289914464969,0.9278661142632423,0.8786325818688274,0.8900313180770129,0.8484009835179642,0.8746491177174615,0.8591333693964676,0.8271814577088266,0.9279160629297172,0.8531058595392528,0.8926299551848077,0.8861926966750958,0.9175162003275344,0.8688999241873615,0.8363428653679863,0.893450355652253,0.9023998320012491,0.903875582009558,0.8506681955095031,0.908440913069561,0.8702165677107376,0.83021010321788,0.866748292474038,0.8939575669406045,0.8785098903847445,0.9142621880475862,0.8796438730004955,0.9218057308717682,0.8637526084078693,0.9242511049575077,0.8862560843423276,0.8431322373646072,0.9088246105936816,0.884908687931786,0.8760782377360935,0.8754812070286038,0.9281216919465587,0.8841705441460982,0.7561670421190768,0.8490602125855676,0.8640208717842921,0.9038400622417179,0.9029548298747696,0.9094210106166914,0.9115613668540077,0.9239692953285363,0.910692705864378,0.8893502568835674,0.8602871505893529,0.8423113622532027,0.8925224944400523,0.9037742673088031,0.7936702144280539,0.8936130251567093,0.882544953305855,0.9092284789207292,0.9192193692298576,0.852822910994158,0.8290510888158702,0.9112018230767354,0.8577710521550026,,0.8783664839709893,0.8852812155404802,0.8771888712285324,0.8706159953176941,0.8492120353441216,0.8852966827929498,0.8232309695905431,0.8338692290702435,0.9349577261606378,0.9432341557899826,0.8892838092016526,0.8123817921265,0.8119986803072163,0.890334666856726,0.8816993130700753,0.874069576749244,0.908399826804774,0.8946387536798464,0.8946387536798464,0.8946387536798464,0.8946387536798464,0.8946387536798464,0.8946387536798464,0.8946387536798464
124,0.7741707400443212,0.8216840330599233,0.8102640835581745,0.8200218421934375,0.7882643068853377,0.8364595246197006,0.7802838830881744,0.8194750178406347,0.8610330660786157,0.7615056453826475,0.8101252674936488,0.8057507854330359,0.8221940685030564,0.8340301869486587,0.8421855051056037,0.8389674947137689,0.8046424368039813,0.7859382929190937,0.8574171561835643,0.8391438462967379,0.8849980861094677,0.8822513809677076,0.7881630901819356,0.8010984038731098,0.8095835571573688,0.8193152572615197,0.8492879642250541,0.8343306703268873,0.8173806372635809,0.837042626380258,0.8647662816203849,0.8852555417473342,0.8192846727469224,0.8092871505209736,0.8690329975596851,0.8835240763734423,0.8840444530608091,0.8592475239619943,0.8308639569246036,0.8139329562594134,0.7927796066998737,0.8172027017177661,0.8594731874553916,0.8177975242291577,0.8760589969319541,0.8685575211856464,0.8562984086903135,0.8897488130414194,0.8387641060978285,0.8441244022940042,0.8409264645151575,0.8982839002253404,0.8366658764969171,0.8069306869984249,0.7743115169782172,0.8551471745441153,0.853874888692062,0.8515650465213571,0.858401737966276,0.8681755445685119,0.8177446932948557,0.8743391987782388,0.8652870387841706,0.811098555490159,0.8622682900892192,0.8281593793211534,0.8782828094945476,0.8092034086234371,0.848901940374427,0.8672648533205249,0.844742919151144,0.8760901313682041,0.8704450723693943,0.8749966011973459,0.8382115947503692,0.824009358053845,0.8556610881603206,0.8627269033967798,0.8919831107241405,0.9017649023702246,0.8665269355272944,0.8687391330317176,0.8265314677873272,0.8856649369258143,0.8652211047857391,0.9081978665396152,0.8819314562726367,0.8274328419361855,0.8862492839938525,0.8754973406921807,0.8392222319164695,0.864965561874138,0.8489877585260597,0.8799757739005417,0.861980590220307,0.8519299935987051,0.8623791414319033,0.8657264030681988,0.8256107860270065,0.8010382215871801,0.8261368481395324,0.9370912909562691,0.8756318228816906,0.8740596382757349,0.8933295454252104,0.8876640916332075,0.8422624420267105,0.8440358126680566,0.82464788757434,0.8607763690441712,0.8334249996150989,0.8487278499913231,0.8526354524346316,0.7933459018015202,0.8880408175568638,0.9033695956882906,0.903761136291668,0.8607295085819051,0.85105829245809,0.8254060586830536,0.8847104671315085,0.8370821733366611,0.8783664839709893,,0.8428562294569603,0.8727273525531214,0.8694456901223717,0.8034587404401801,0.8406393494903,0.8403251170398293,0.8748573298695662,0.8607160226990721,0.8740268617619092,0.876627035866147,0.8085492601412475,0.8055059192058469,0.8686346589714298,0.8634888901367265,0.8398375363508428,0.8920851380402685,0.8901247881631539,0.8901247881631539,0.8901247881631539,0.8901247881631539,0.8901247881631539,0.8901247881631539,0.8901247881631539
125,0.8241001355435252,0.8586147594441941,0.8201687105651214,0.8878121535184726,0.8501436300246977,0.8218605080819418,0.7854070526915609,0.8369239325630117,0.8838568332458572,0.7593873820929876,0.7858365505636923,0.8054278291703305,0.8874142495407128,0.8895895748848909,0.8767891233443038,0.8400153003909154,0.8783705542510203,0.8660959332097696,0.8708785654102275,0.9013033453236482,0.8340255032551032,0.849788265100119,0.7660688614954649,0.7976572537949523,0.7764629355287869,0.8661359790111853,0.8770375326382562,0.7978264443392893,0.8390282449121417,0.8139346783149306,0.8149693420856642,0.855047440089014,0.8809869211664367,0.7973670955262633,0.9003049082554687,0.876508345735756,0.8742453006059329,0.8029948497087861,0.7977354669577347,0.8318459569411795,0.8034781982396946,0.8675036722051933,0.8081510516090843,0.8586098907473709,0.8996930093455998,0.8635410602302094,0.8694627818321297,0.8692057637743336,0.8552728281640245,0.8035876103021281,0.9153730728464331,0.84504789089365,0.9332232870197679,0.8256557196814167,0.8059623944446372,0.867614785875831,0.869284363622548,0.8589283431849322,0.8963726495148379,0.8492225497311949,0.8106741480296388,0.8952261856927439,0.8951695124328441,0.8537450865982732,0.890119957880964,0.8763486183098386,0.8096641731945302,0.8531527411819165,0.8056637518964768,0.8490336942051614,0.8310582243471902,0.8697871229235606,0.8173231322682397,0.8920663979322425,0.9275519413265996,0.862645295896362,0.9027568885318416,0.8885980149926509,0.8874177136023363,0.8037683378445484,0.8920536140580148,0.826001566201289,0.8025653072845377,0.827725954537602,0.8686872648992886,0.8550729974006768,0.8784677889195563,0.8677872591449587,0.8631318222560085,0.8487752107200555,0.8559467703236994,0.869964944561821,0.8628829399918789,0.9162035617336162,0.8740749264464646,0.8955664337489018,0.8268049890294561,0.8558345928001185,0.8856658850947935,0.7677425418228021,0.9006772523778629,0.8394273565963396,0.9006505191729504,0.8702034805908329,0.8710832430449591,0.8733249700023182,0.8854396193549331,0.8665686166953808,0.846919558575059,0.8922657502995417,0.802058250799676,0.9014997278700221,0.8948417787318059,0.768993460574342,0.8636258573160072,0.8454779491220089,0.8549858049108761,0.9108223516363152,0.8632625372387084,0.8193087789853102,0.8927952528213758,0.8213954619266158,0.8852812155404802,0.8428562294569603,,0.8468559365793606,0.8484630335135922,0.8824284940631942,0.8966051910185854,0.8175094239987196,0.8131594114926339,0.8704027870333444,0.8971254963490953,0.8409373291183876,0.8694811060636721,0.885485251346247,0.8291210505250937,0.8645234104802706,0.8380410902418118,0.8872302315442037,0.8961661286469449,0.8961661286469449,0.8961661286469449,0.8961661286469449,0.8961661286469449,0.8961661286469449,0.8961661286469449
126,0.7472367497730732,0.8411002637104357,0.8425090670330762,0.8209412112644834,0.780927388686291,0.8850017738522307,0.7858534218791556,0.8659418324262557,0.8555857275350431,0.7587161582805164,0.7940367137569798,0.8286538857658381,0.8302395413128507,0.8284565624551876,0.8486057696536407,0.8299511573405,0.8024835750544397,0.7845519166419761,0.8935343866005707,0.8557979938904428,0.848334804996453,0.8525108095522207,0.7830961908755825,0.7743159544089269,0.8132950998364296,0.8194371512411093,0.8478256175013649,0.8532034120780329,0.8075272511388877,0.8554099719491435,0.8512244653401307,0.8766513068436221,0.835124531055166,0.8177640274669833,0.8845001109881767,0.8624139797986564,0.8768896250245002,0.8722421231308168,0.8294905412130544,0.7878157751385533,0.8029841624380553,0.8330586046356545,0.7997651052887613,0.8632578494432978,0.8836100562421716,0.8618849284020919,0.8468097192206231,0.8702593173532442,0.8876730024721,0.8470401714434621,0.8456793351815999,0.893401525258058,0.8527113853099195,0.846440352259539,0.7510616004569833,0.8626972272698592,0.8521405286116489,0.8376343661766421,0.8910789707768435,0.8661991365613395,0.8051116399142776,0.8642793526321649,0.8855853677050978,0.8304821279666238,0.8570526260508893,0.846036328638121,0.8927945296351077,0.8711800442630706,0.8677203347772101,0.8637728961830455,0.8408400860324337,0.8593432270422523,0.8689722545061135,0.8713298216767862,0.8360305010123661,0.8275789733353546,0.870077075213581,0.8951105510191314,0.9082762264514996,0.8644178459696313,0.9049267935056964,0.8845467144919912,0.8260042222123569,0.8840418007105273,0.8949537444124757,0.8449346041308324,0.8733721737844058,0.8747876537746933,0.8690810902126423,0.8446029189879087,0.8583444823228303,0.8562126332974578,0.8046111053207259,0.9007376361960651,0.8852623950592723,0.8722178228051388,0.874987390607409,0.8654646515740827,0.8508841457976994,0.7638869497651019,0.8252957168667493,0.8586611717483814,0.8481562096370894,0.8701477527632532,0.8475499146746337,0.8590051850528615,0.8654937690513259,0.8780241852749715,0.843605837194224,0.8802098776826515,0.8429910501765817,0.8963521182702023,0.8967667811840817,0.8292221167259732,0.8644550107222101,0.8710157248394685,0.8440811836994205,0.8825700412295806,0.8351529258976524,0.846632399860186,0.8779648394826322,0.858222456123462,0.8771888712285324,0.8727273525531214,0.8468559365793606,,0.8601050497471565,0.8121238241295864,0.8616774639432153,0.8691060004263649,0.8248466242626351,0.8724079226775003,0.8677619467091855,0.9039557667447071,0.808391193804995,0.7998348461578719,0.8220031199389447,0.8685508213552956,0.9215538941624516,0.8869858611596615,0.9021237757090758,0.9021237757090758,0.9021237757090758,0.9021237757090758,0.9021237757090758,0.9021237757090758,0.9021237757090758
127,0.8100367999263783,0.8275881668899269,0.8309652074477634,0.8044561536528729,0.7802553204148043,0.818497244207332,0.8252788815090715,0.8241844908020584,0.8419946631345976,0.7904756194281954,0.8064006351133213,0.8057856567784311,0.8178902866869131,0.8390875069376809,0.8662165979410821,0.8597208901476966,0.8440433991413003,0.7834541836394991,0.8383271265742787,0.8436818332683628,0.9070068117690493,0.8627688260906696,0.7526016596068724,0.7482809351798151,0.7649592916097513,0.81679824752996,0.8505925411245455,0.7928672586529025,0.8247252253357947,0.7942127849266237,0.8073636097162441,0.881896282455598,0.8262997281725794,0.7934921596510258,0.855908316216324,0.89768265682507,0.8488972216905177,0.8089885024354764,0.7814608865352076,0.7997698986880284,0.80200736849672,0.8315168701450382,0.8645898285428347,0.8253056827543356,0.8614598358995355,0.8632442618586902,0.848993634993426,0.8682884580036315,0.8641360346568181,0.8243013113913369,0.845475561212243,0.8696733933375087,0.8517953423777155,0.8134060046959857,0.7675299222821343,0.8627141363942105,0.8610103765876596,0.8452711265307291,0.8524896334398557,0.8647824350975883,0.7626193855857017,0.8711491062223515,0.8671276722621567,0.8274434708546329,0.8425905469210735,0.8312733484794058,0.8545365764913305,0.8196659005610826,0.8448058154903723,0.885445785657522,0.8121432077857401,0.8792182266291713,0.8712153177554245,0.8598698315533209,0.8326325156982363,0.8062804716786347,0.8590460172376122,0.8837154365227615,0.878467325134348,0.8458828987016707,0.8644984759300308,0.8427930283120386,0.811997946396234,0.837796777564637,0.8648108072660323,0.8997765549555257,0.8627308836183554,0.8332082272424074,0.8651556465915998,0.9049766008786473,0.8462228952699963,0.8527618274798198,0.8590531264421782,0.8671178379629897,0.8572420406425155,0.8511089714054576,0.8967235838601706,0.8772240990475356,0.8312105255804081,0.7380589609908822,0.8229532114285993,0.8648365011307739,0.8548614354119478,0.8634424098250374,0.8982617601270666,0.8973716846472556,0.8504706071117676,0.8579062979399844,0.8305904237084604,0.8334926989659844,0.8007246677551998,0.8600156073714494,0.8528759915872738,0.7802785720646304,0.8993569561944077,0.8947887207066408,0.8965045190249094,0.8671291560552432,0.8359559607257192,0.8283831763391989,0.8734211510339708,0.8399523481142673,0.8706159953176941,0.8694456901223717,0.8484630335135922,0.8601050497471565,,0.8053341883899393,0.8466182640021733,0.830266991825223,0.8503906306078116,0.864364243794758,0.8769259676709182,0.8565254882575973,0.7794107440313234,0.8270687481396278,0.8718751154772657,0.8581445267655606,0.8499950971627656,0.8850402101698609,0.8742879599279623,0.8742879599279623,0.8742879599279623,0.8742879599279623,0.8742879599279623,0.8742879599279623,0.8742879599279623
128,0.7902004925543766,0.8349482249767279,0.80162123364954,0.850192481556454,0.7923324725393786,0.8199462082332165,0.7728529910377255,0.8222681516970924,0.8362552998194793,0.7444387204120548,0.7790577326766633,0.7867325970997932,0.830721603808228,0.8334252029977108,0.8149521832259412,0.7805653260221189,0.850564028429593,0.8574208570578825,0.8240800260402764,0.855226258599555,0.8104313455741241,0.7989828166958926,0.7685683214562282,0.7568106039301014,0.7760693695613123,0.8259718830778907,0.8387487862933598,0.7941592477177009,0.8181810775753934,0.8066070544823497,0.7775955244571964,0.8339964033929373,0.8786304536540018,0.766564694952471,0.847783936920169,0.8421001045426483,0.8314830991551555,0.7802519296594876,0.7865422699193172,0.7534380257977944,0.7690943398610818,0.844179509356184,0.7756369298402569,0.8557520625161728,0.8313726542158374,0.8208087759305277,0.8133862012173598,0.8201868785270188,0.8160251197504266,0.768696102091317,0.8845351175249986,0.8081280088542739,0.8845548057733075,0.8173111665100651,0.8081193180059355,0.8262342826500927,0.8220817251473274,0.8231384552312422,0.8531530103317464,0.8099120250466667,0.7791073197417546,0.846992754636354,0.8511316762371723,0.8529529014761285,0.8229543876624729,0.8219106695329453,0.7909641891752042,0.8221432481875204,0.7470145894342246,0.8240286348125747,0.7858428431979665,0.825605974231861,0.7835552486855502,0.8219390979063558,0.8847029070694354,0.8299020959568596,0.8727881008427377,0.8313095628783871,0.8433760271869261,0.7834414607037155,0.8303476963310665,0.781268786559623,0.7395841822792312,0.803509030088405,0.8302317438574198,0.8042160234829836,0.8233631815949845,0.8260902453263789,0.8255525034051479,0.8007164804586963,0.8288921646389293,0.8092877535101453,0.8203478242856352,0.8493940799345145,0.8381536071979658,0.8419704026391073,0.7968406963187402,0.8213355261150344,0.8492120684233295,0.7344377357881349,0.8503869381207801,0.7951471524842602,0.8561822750592885,0.8241920076221119,0.8294165568692429,0.8283915624710908,0.859458906461308,0.8478688929333719,0.853778073366803,0.8252512598846544,0.7557469649644513,0.836292040683673,0.8489149118688343,0.7408695776751388,0.82246509926186,0.8296543232620608,0.8163243339856043,0.8450045208575558,0.7923072273578651,0.7664111281137915,0.8270194079776687,0.7859610918323492,0.8492120353441216,0.8034587404401801,0.8824284940631942,0.8121238241295864,0.8053341883899393,,0.8440194420226439,0.7948245869924256,0.7696168524942403,0.8433182847062973,0.8506069117265889,0.79901138658924,0.8397988907785617,0.8557175329359392,0.8059800217634578,0.8054369771528449,0.8111933953207819,0.8377275167482363,0.8270198281607638,0.8270198281607638,0.8270198281607638,0.8270198281607638,0.8270198281607638,0.8270198281607638,0.8270198281607638
129,0.7654517323881642,0.8778131201309748,0.8694530569247273,0.8707876599048473,0.8349489842783826,0.8390211487179638,0.7726023181329743,0.8569548485966324,0.8747496960936226,0.748868465810119,0.7718367573370433,0.815893680954763,0.8687124848492763,0.8832629960346798,0.8511954159449031,0.8121917843416406,0.8127584050822295,0.80724788256913,0.8733332679143612,0.9091818631320914,0.8501400416482814,0.8305786509750555,0.7717220705078884,0.7757408059710178,0.7591957298854171,0.8905569074280735,0.9041824199302382,0.8223239083006316,0.8486508353754715,0.8143609119959934,0.817025063729771,0.8543783343708101,0.8727581212824842,0.7631432137993334,0.9017508329072254,0.8756353238916926,0.8884493668606963,0.8053930820738014,0.7882217401276767,0.7832464384872952,0.7530021854213204,0.8353713694439692,0.7964128708068436,0.8984658926489306,0.8952089995253195,0.8765671107362307,0.8449209398059148,0.8518291314162321,0.8604247982438388,0.8289587643820966,0.8861362685360572,0.8337546909581577,0.8870330581313288,0.8264911764898992,0.7486481830017503,0.8873830535592014,0.880491454066569,0.8560385444345672,0.9069863724563308,0.8517609125792336,0.7951953859011109,0.8759569373459224,0.9301824023560505,0.8413740769791784,0.8826691103785245,0.8996929958180075,0.8290463461227292,0.8781347375744082,0.7994693388095508,0.8495007279522233,0.8326500199566849,0.8743906546925774,0.8278451074713695,0.8988809668124574,0.8832489818166894,0.8521051532569035,0.899941920415487,0.894829775016735,0.8789517049439537,0.8106821681179399,0.9023849063739807,0.8320250248323582,0.8060369166470731,0.8211976177432445,0.8794806366734295,0.8311286028246382,0.8530890180830416,0.9290961913442185,0.8516544742729967,0.8510746800557868,0.871345397837543,0.8510294383207825,0.8001028592958385,0.9255409119913499,0.8784203311663258,0.8797227748451504,0.8374233990264331,0.8762677620854354,0.898669961956041,0.7755951373851862,0.8810786612508239,0.8331768551686719,0.8861298681420755,0.8457534686885685,0.8661368344469255,0.8758640217501307,0.8664155519149017,0.8747051935532352,0.8565543865364261,0.8664805761430895,0.8173544785065279,0.9073757183940003,0.9185207392472886,0.7807773481605091,0.8690553012665974,0.8568191749043574,0.8387273089407556,0.897687708866469,0.8397760493105602,0.8408064967277362,0.8835734487529128,0.8177228486843051,0.8852966827929498,0.8406393494903,0.8966051910185854,0.8616774639432153,0.8466182640021733,0.8440194420226439,,0.804752178427928,0.8119050449945061,0.8776417856254428,0.8986805175324111,0.8607253330070562,0.8212399978428014,0.8248601068433539,0.8355606117554661,0.8546390757886388,0.8811511396727114,0.9056063784034639,0.9028996658897357,0.9028996658897357,0.9028996658897357,0.9028996658897357,0.9028996658897357,0.9028996658897357,0.9028996658897357
130,0.7989148751817864,0.7847550505974694,0.8046923968463571,0.8067651146974679,0.7860856226552934,0.8661090850441604,0.882025746249697,0.7953956388810679,0.8151531610067972,0.879088160511805,0.7797537526128921,0.804719841707528,0.8113262100294616,0.8015262255989792,0.8330968252724614,0.8348420386208745,0.8333783675687696,0.7566049046667287,0.8847164804923978,0.8069728370084559,0.8217057697494732,0.8552541425207094,0.8416871752038448,0.8443838609284815,0.8523867732356648,0.7922753357928339,0.8017293425690564,0.840900076430165,0.7836588904664539,0.8771416213263992,0.8534728457882957,0.8582851717160578,0.8087390611398779,0.8672376971159655,0.8304429519727382,0.835054304129252,0.8503655379942536,0.8767804350013975,0.8676301825143804,0.7849426360967555,0.8385116789598701,0.8009840796502324,0.8429493741233556,0.7843039326219514,0.8229106647212134,0.8272807086945893,0.8359439944207696,0.8251256783455592,0.8413269992286329,0.8069651209173242,0.8171655344786032,0.8284476734273504,0.8206195048922026,0.8448892310152213,0.7568617511647568,0.8145597283014799,0.787326663605587,0.7991912880051097,0.8183655072872131,0.8109276290563402,0.8580191891370547,0.8275996031989958,0.8168838552043527,0.7810423672570157,0.8140489211036938,0.798137962972134,0.8213592606743614,0.7956160408891103,0.8182946993351892,0.8293858785278124,0.8031304327087161,0.8169069991093952,0.8176357119729336,0.8223690990204469,0.8007784728891973,0.7923945270028852,0.8166430367962643,0.8276814311420307,0.8407500920336975,0.8195377574732287,0.8352828393219789,0.8256083252003794,0.7715013305150404,0.81358060490899,0.8292937878440086,0.8214813919339071,0.8206783991088887,0.7813978918717553,0.8038641942306718,0.8230968308980746,0.7984913035184965,0.7976137810076733,0.8440484431511492,0.8250794795221597,0.8075556849428502,0.8038009790004363,0.8443632819043904,0.790382697084386,0.7937141463440803,0.8129827805235563,0.7837167552125462,0.844177433211432,0.8344588972752627,0.8172133109616233,0.8207413322716345,0.8314735825969488,0.8211739636451447,0.8170984976862612,0.7953136031821166,0.8718494508356275,0.8049118431236592,0.8125613066528731,0.8113107424661578,0.7978628841181903,0.8208082930027871,0.8344151293366138,0.8148674050694551,0.8217359252020634,0.7875908153338413,0.7793408211364333,0.8315607655860355,0.7978381527218028,0.8232309695905431,0.8403251170398293,0.8175094239987196,0.8691060004263649,0.830266991825223,0.7948245869924256,0.804752178427928,,0.8745135173703547,0.8207296713697101,0.8157014322436433,0.820110421382379,0.7891836879965503,0.8240510511013579,0.7983417670481755,0.8044887160022314,0.8287261360804973,0.8483535861217801,0.8269621034630161,0.8269621034630161,0.8269621034630161,0.8269621034630161,0.8269621034630161,0.8269621034630161,0.8269621034630161
131,0.7791119824478495,0.773124743820827,0.7851700691405175,0.7853435246754152,0.7869505596587476,0.8135410619441199,0.8128248478050668,0.7851017498600079,0.8084570253139877,0.8090416744169245,0.7640872279555891,0.7839184371740562,0.7921390029351065,0.7913302476977632,0.8186878849770999,0.8139297795751466,0.7980809413246307,0.75427004318826,0.8526166923618511,0.7875681347822475,0.8604803375231053,0.8529181168383119,0.8202092544780303,0.8536949292586996,0.8144893603835063,0.8148221846299183,0.81641100891394,0.8063993634220202,0.7775724665829136,0.828730073954042,0.8569960855117793,0.8395553093584477,0.7820769486784769,0.8138439140514862,0.8178764228165412,0.8568408325970496,0.8610496219983275,0.8517344453086757,0.8450985710320597,0.8033797136321913,0.7863881398247987,0.7985225387915373,0.892478396755812,0.7675407792361342,0.8314131731052862,0.8483514004116713,0.8366794933614128,0.8231672030464677,0.8056329335750902,0.8022709954579248,0.8144861179216886,0.8381977948202388,0.8081942274579047,0.7874834361289683,0.7425633966634947,0.8218366630521985,0.8056325252434311,0.8042084511625522,0.8037984432733664,0.8247339036693532,0.8530687504552109,0.8325100466242696,0.8211078416413575,0.7540131795784943,0.8222941049304743,0.798834745290219,0.8050071079409488,0.7602741554419398,0.8217070922450516,0.8284022904847647,0.8159397684009572,0.8429610124380253,0.8472829554109556,0.8254444233781387,0.8040310411910441,0.7853053117524045,0.8100509261445727,0.8270615741027156,0.8349306041175691,0.8289661277778192,0.8271445881032915,0.8167502819438822,0.7842419654059735,0.8079816818584906,0.8146818162319341,0.8764602711193819,0.8347070924812893,0.782715876637901,0.8185396985090369,0.8616654108122467,0.7683835175798467,0.8024732857945185,0.8527751126983973,0.8222882981868375,0.8093845691007702,0.8083773916337937,0.8494907043365212,0.816965682783015,0.7891411976503366,0.8393412943490133,0.7851128717567466,0.8923647387454783,0.8383485761861104,0.8251616845283007,0.8585146254101932,0.8732532003274984,0.795407299895122,0.7937857308301016,0.7784364071350072,0.8595281946324161,0.8222818176532026,0.813387194386699,0.7983758183160927,0.7651101529673607,0.8505409375460654,0.8836378700934598,0.8563305353650719,0.8210014314237957,0.7974974431508841,0.7923501673117113,0.8571219151642521,0.7922387684952799,0.8338692290702435,0.8748573298695662,0.8131594114926339,0.8248466242626351,0.8503906306078116,0.7696168524942403,0.8119050449945061,0.8745135173703547,,0.8207178769732685,0.8302726712815636,0.8171937426606457,0.7944425905607029,0.8124219469094538,0.845606114771609,0.8146041305005329,0.8075943695659078,0.8632602428982716,0.838368838354962,0.838368838354962,0.838368838354962,0.838368838354962,0.838368838354962,0.838368838354962,0.838368838354962
132,0.7724845215410105,0.8783533022456416,0.8609537450708997,0.8377022656734255,0.8214273237059851,0.8260713384968782,0.7694485417280331,0.8750075849575796,0.8553577894056305,0.7474629084465603,0.8165982435318144,0.8140739130413418,0.8583542198244419,0.8536445948176221,0.8552144138310683,0.8323898293313315,0.825162464422277,0.8081210026880252,0.8466583084754243,0.881588814304472,0.8607803433573656,0.8445201427748884,0.7545440166386622,0.7667105763662424,0.7605482251010562,0.8526408191384116,0.8684322743256538,0.8075694624124964,0.891460085360151,0.8120187762837925,0.817716682412457,0.8650305925979863,0.8456880348253295,0.7627923398410261,0.8837660948030529,0.8817840478976252,0.8833618270589617,0.8219569848312054,0.7802546953321148,0.7832476783690748,0.7676062149332388,0.832198329022048,0.806447788789217,0.866773005323624,0.8933643417706145,0.8545992074408384,0.8246945809021016,0.8687413753141747,0.8567454719525306,0.8271507705478454,0.8559776079612854,0.8747725530613093,0.8613645328655446,0.8357855354447503,0.771691351038307,0.8653620793405833,0.8770941251332772,0.9083084240348566,0.8838463313301987,0.8778707084767028,0.7790265758963911,0.8967317796137975,0.9149534626884654,0.8799202434070031,0.8863471441473793,0.8502462941350377,0.8631025108330351,0.8547099685926836,0.8231746534920766,0.9125967439781633,0.8405021422118543,0.8645386548103869,0.8654738333065131,0.898000508161751,0.8606807328185808,0.8276668862208791,0.8676406586063882,0.8920214353497932,0.8930483204113351,0.8543678862236659,0.8976186799898532,0.8686749388081023,0.8023662265883591,0.8563699518138531,0.8678457187299038,0.8599961305800324,0.8992886462752633,0.8670938238432677,0.8937401463975205,0.8540964145371388,0.8949687717699015,0.8632614046032281,0.8306955037981529,0.8988148967516408,0.8684057755039419,0.8572858335703453,0.8815836507903956,0.8986320588369789,0.8795055903973759,0.7504969027044728,0.8291831966887359,0.8493086859025725,0.8838796359539901,0.8885225310249975,0.8835802319691863,0.901354338906252,0.8936589780686268,0.8903229452128845,0.8848811599490485,0.8430349396897835,0.8558225403573261,0.8794672925950433,0.8907787890695038,0.7871680446367202,0.8881944397408704,0.8718758332129704,0.8913809389813034,0.9076353584732945,0.830893270766003,0.8227574882459434,0.9033148175925891,0.8446626833103479,0.9349577261606378,0.8607160226990721,0.8704027870333444,0.8724079226775003,0.864364243794758,0.8433182847062973,0.8776417856254428,0.8207296713697101,0.8207178769732685,,0.910435568831381,0.8905097630130204,0.8090540482682992,0.810507229655842,0.8708574914048405,0.8705832117276937,0.8739763824587105,0.8828864920288884,0.8919510358752071,0.8919510358752071,0.8919510358752071,0.8919510358752071,0.8919510358752071,0.8919510358752071,0.8919510358752071
133,0.783057837741136,0.872682157384095,0.8540500831391571,0.8663501794599153,0.8288618511375127,0.8390432289955883,0.7889892954685817,0.854126602037667,0.8841575914535128,0.7629344931671085,0.8295247315612477,0.8218212510653529,0.8768387400710724,0.8860631780990627,0.8472694248601643,0.8320562868938223,0.83285305233648,0.8248245087807919,0.8686616300583065,0.897584818784488,0.8711194629152389,0.8664256489307025,0.7575119120920378,0.7673552454577601,0.7645377121170686,0.8638092018712569,0.8948212943531445,0.8075478407650172,0.8817841867173403,0.8128785133417955,0.8153258732959401,0.8847832544118898,0.8561466132435022,0.7753510732525535,0.9174329482578811,0.9209365749517473,0.8889244142305852,0.8108837216513131,0.7839226757767066,0.8033124596027529,0.7818257535196196,0.8369429293743682,0.8167230555197145,0.874784417084553,0.8994888807056493,0.8945105082792799,0.8787937171919709,0.889300810677533,0.8460659150192108,0.8251169985020621,0.8711458811259669,0.8647428153285279,0.8773236718264552,0.8249221580014293,0.7822989381120056,0.8872672941907596,0.9091125421582416,0.8994481186950134,0.9007585624849608,0.8702746845347152,0.7816896149218984,0.925350001276711,0.9165647170870356,0.8665249321618572,0.8952820823784702,0.8578533760811025,0.8467118181705389,0.8618031424160064,0.8269689900263517,0.8967263248646485,0.8422344550575759,0.8969996152222884,0.8486197459609018,0.9105307514673517,0.8764754104611318,0.8326441252585055,0.9003335096785899,0.9158567175587429,0.890237446156566,0.8362579236235526,0.9070119473104983,0.8567439945893764,0.8169881771272958,0.8506896447501504,0.8862507274139232,0.8824807572956206,0.8986852964529487,0.8818395690897719,0.8978589098396754,0.883188802048253,0.9119851676966155,0.8860182094440896,0.8396003294767547,0.9116117059794453,0.8797364981915624,0.8834678513727158,0.8529640648061353,0.9158980015583666,0.8846082828904828,0.7609801271370357,0.8588484959598632,0.8613271871410814,0.9099065855979699,0.8896004145623309,0.9144035645111428,0.908667506420507,0.9139387146868244,0.9060435747299299,0.8944608631808428,0.8613465445792854,0.8248197147819384,0.8972671721016593,0.8988626504179854,0.7768940393157175,0.8924401952324995,0.8869321699916153,0.8971196401526674,0.9172158570337119,0.8543872755895555,0.8266157060787453,0.8973763428318594,0.8405286317099863,0.9432341557899826,0.8740268617619092,0.8971254963490953,0.8677619467091855,0.8769259676709182,0.8506069117265889,0.8986805175324111,0.8157014322436433,0.8302726712815636,0.910435568831381,,0.8711318769424027,0.8172658321281241,0.822977957258376,0.8721453463504736,0.8703079972978374,0.8598285790291121,0.907608438136458,0.9099022756928908,0.9099022756928908,0.9099022756928908,0.9099022756928908,0.9099022756928908,0.9099022756928908,0.9099022756928908
134,0.7442464564641672,0.8539669969749468,0.8414861220330623,0.8224531324069576,0.7903696437602351,0.83656498549563,0.7616027038153865,0.8641572050950765,0.8455921790858282,0.7393461640415865,0.8072067959286782,0.830608107688127,0.8372431248762747,0.8413535351977115,0.8592261276765403,0.8455995553504894,0.7871195729303175,0.773966598990178,0.8459917086430729,0.8673419437132378,0.8546945859599429,0.8248401716452812,0.7617669245393535,0.7525218802843571,0.7820697915008711,0.8161703930778265,0.848874271503721,0.8270842450752035,0.8233320111227191,0.824196673553458,0.8178856929087568,0.8752489032188142,0.8278125430891109,0.7658363856403338,0.87855046408046,0.8577875400978614,0.8632692348901306,0.8380930669192308,0.799376161833283,0.7667484039821063,0.7541699458290773,0.819357814365088,0.7987368809089201,0.8562206205274847,0.9099806215823872,0.8514269356244245,0.8182618104279613,0.8584508822615694,0.8802146883030297,0.8644390055684776,0.8344220007883667,0.8939722149631779,0.8383952556780992,0.84359029615737,0.7327273915001696,0.860572517297755,0.8635811730356817,0.8692078166531287,0.8820904541075836,0.8624114816925506,0.7736240690956648,0.8564349281818597,0.9029991931311077,0.8471951231856982,0.85690475800099,0.8508130364980164,0.9195042932392542,0.8581851388026275,0.8799949256824314,0.8784393596951898,0.8280767227943786,0.8569409679280608,0.9029427944936691,0.8882720168843937,0.8352436175177193,0.8131440595120292,0.8556994715658792,0.8838466978642938,0.9005317833957699,0.8559758244891592,0.8966348300552485,0.9043184219527924,0.8333214357710029,0.8694129739944244,0.8768515766598747,0.8632807613297848,0.8779310202725917,0.8710786493618182,0.8771113792495586,0.8438141004667007,0.8704323225082068,0.8445179764462206,0.8131547570176896,0.9023499203180667,0.8961815115550776,0.8692527907570808,0.8926246693508012,0.8910844560082376,0.8535792709574765,0.7296306840411082,0.8210175189977817,0.8606426381891941,0.8458399517892653,0.8644685432864228,0.8510126000095923,0.8680876402554668,0.8623859695247164,0.8867615649828926,0.8453801907538308,0.8433693999381874,0.8513730897967899,0.8996081434160003,0.9018199573519751,0.8252044960757108,0.8729643945883745,0.8767719557537285,0.8721584559800497,0.8848514976570081,0.8291382083220311,0.8343664787768544,0.8966169709461671,0.859760093862309,0.8892838092016526,0.876627035866147,0.8409373291183876,0.9039557667447071,0.8565254882575973,0.79901138658924,0.8607253330070562,0.820110421382379,0.8171937426606457,0.8905097630130204,0.8711318769424027,,0.7726182357896582,0.777007313926044,0.845202777329462,0.8616213851561098,0.9088066041346867,0.8852444683657195,0.8860828420650144,0.8860828420650144,0.8860828420650144,0.8860828420650144,0.8860828420650144,0.8860828420650144,0.8860828420650144
135,0.7681794295850946,0.7697410381982636,0.7708999387722375,0.8160327781412525,0.7889301779493653,0.7965309106174768,0.7597766864583696,0.7831652266703925,0.8068504440230893,0.7391609682766213,0.7259526224558561,0.7832188380486724,0.7942713998627908,0.8062978381735442,0.802635809834605,0.7713007195222328,0.8013043868631846,0.8450197663135097,0.815677524616724,0.8121864946215483,0.7780235619636106,0.8135752983979785,0.7655604341943841,0.7987581599034298,0.7653157254643915,0.8240333401828331,0.810619955026177,0.7893434926680326,0.775159018468882,0.7918565356179447,0.8217752995559784,0.797443980585152,0.8280507479022808,0.7667292604694839,0.8128239938091563,0.8145683692440887,0.8234665727583079,0.7932245790022215,0.7917116516495452,0.7823038348268725,0.7569919108435313,0.8202693732430418,0.761444646821217,0.8027714586765017,0.8364976814310446,0.8156110707743925,0.8350554416698368,0.8008369501273299,0.804488752952345,0.785144656363658,0.8593284307691349,0.8089062385047942,0.8883374010932632,0.7720118488383907,0.7691119450787485,0.8045660137302143,0.7887449689700625,0.7917984930181212,0.8226414430426999,0.8129662358925558,0.8054470386659122,0.8170758865686061,0.8152682869490907,0.7725681885211042,0.8256446586423967,0.8226237947496619,0.7686015808461721,0.803488182662217,0.7700172403899166,0.7789904621084796,0.845321341284353,0.8005571586903839,0.786669087201727,0.8268336884582297,0.8924706551537273,0.8167415419716118,0.8262212372751986,0.8076039545756356,0.8359729085861592,0.7855937327515512,0.8325190963568421,0.7841854488481639,0.7530244486299456,0.8146180216766283,0.8094102515599394,0.7871760630865827,0.8254393173610186,0.8037577701884238,0.8046259454232776,0.7865879088049702,0.7766019502276817,0.8041321270659954,0.7956128600812002,0.842893224037423,0.8280454620130393,0.8184762151355377,0.7813961010420227,0.7781595034571293,0.8170219005178541,0.7799834846867439,0.8497198543159488,0.8096705049225646,0.8237115932789055,0.8105599429424154,0.8000871482644902,0.8096997577749221,0.8098843552206086,0.7935771939455467,0.7850327176162076,0.8582373631263421,0.7807110458139925,0.8271978358886576,0.8223071618711602,0.7482173576665732,0.8010573463752849,0.7903092943023865,0.7899543136280645,0.8237585648881884,0.7938218739334749,0.7642212751615607,0.8166696425162201,0.755624692521996,0.8123817921265,0.8085492601412475,0.8694811060636721,0.808391193804995,0.7794107440313234,0.8397988907785617,0.8212399978428014,0.7891836879965503,0.7944425905607029,0.8090540482682992,0.8172658321281241,0.7726182357896582,,0.8311944798802792,0.7669057714513082,0.796505429012743,0.7997690070882952,0.8299993349007723,0.8383796345707992,0.8383796345707992,0.8383796345707992,0.8383796345707992,0.8383796345707992,0.8383796345707992,0.8383796345707992
136,0.8560143535441687,0.8109576928722133,0.7829552386831686,0.8287085993409595,0.8012219596844801,0.7868763103971236,0.8106651212184375,0.7908031358674172,0.8081801338988535,0.7900563660656084,0.7583700302511286,0.787234362137486,0.822683727487476,0.8143657919203917,0.8549646864381505,0.8319386586780287,0.9020161386106597,0.8297483445951532,0.8304125987729357,0.8369545592894845,0.8088580245835664,0.8306383225157026,0.7782940146205609,0.7940330452594997,0.7941599253769153,0.8046335515561408,0.8119538514791231,0.7856340870157662,0.7961814731762299,0.807802465685662,0.7907757160364992,0.8107073278410705,0.8687109667784995,0.8347927345257748,0.8334758981180426,0.8234947117926554,0.820906495085881,0.7893029866952442,0.8119865191318236,0.8036871411840041,0.8160637179034333,0.8247308205105974,0.8336707217520554,0.798535188384589,0.823429622037517,0.814998817729828,0.8473615518866416,0.8274012318787194,0.8262953071188939,0.7705819610563522,0.8877314423008906,0.8037029739538301,0.8888713790727809,0.8018999759982566,0.8023977874981435,0.8187677371226941,0.7835387516883492,0.7942639751638709,0.8381195442986865,0.8005987994149457,0.8108997012577778,0.8503816968996135,0.8243947550122581,0.8094989475348154,0.824174182030779,0.8176434364750167,0.7736255809777075,0.7828292945948283,0.7812691678074237,0.8140307702125996,0.7999941722800916,0.8200628801012988,0.7826964210882535,0.8153150760978918,0.8820454518387361,0.801424238029476,0.8525664783122755,0.8340766002136694,0.8207332485120805,0.7858699824369104,0.8347369536965227,0.78080067689628,0.7724688871827703,0.7805773585644775,0.8244887565843937,0.8235211274773524,0.8195681672772849,0.7915955793788938,0.7995529258392163,0.8253127087130926,0.7929365277335966,0.8125466328183628,0.8800897294714188,0.8418384364193193,0.8128468681273106,0.8355936495089447,0.8029083709720525,0.7966665329679704,0.8113176497432698,0.7677480457074841,0.8564926927381734,0.8255350501018883,0.8602912624652286,0.8274558246846535,0.818911978990109,0.8301337054123992,0.8234752768203376,0.810423876512028,0.811424174958758,0.8426229797821182,0.7815843178066397,0.8257973402544124,0.8155197100989398,0.761929775958632,0.8196096178803863,0.8088554070936813,0.814155971473556,0.8369381448124661,0.8182897927062327,0.7819743738083313,0.8413630757811859,0.7925260317101622,0.8119986803072163,0.8055059192058469,0.885485251346247,0.7998348461578719,0.8270687481396278,0.8557175329359392,0.8248601068433539,0.8240510511013579,0.8124219469094538,0.810507229655842,0.822977957258376,0.777007313926044,0.8311944798802792,,0.7863838110565875,0.8109790203992386,0.7711794539184839,0.8303398189262213,0.8217889072196032,0.8217889072196032,0.8217889072196032,0.8217889072196032,0.8217889072196032,0.8217889072196032,0.8217889072196032
137,0.8024042446708021,0.8384700024553253,0.8291102247376,0.8214239116947109,0.7956681263051786,0.8067423278622023,0.7634145742150771,0.7972755244236907,0.8304869841382239,0.750381499591332,0.837626952214105,0.7729087135511145,0.8209587872364075,0.83942178640501,0.8469616816423018,0.8469956332100177,0.81548144708685,0.7819220468635786,0.8089872242990037,0.8366965058846926,0.908030415850923,0.8563961471804797,0.7495967279393858,0.7495969675935052,0.754458429208569,0.8045555910234513,0.8549741668826596,0.8309490223227899,0.8703705891729934,0.7951230217410219,0.797764658169999,0.859484249535758,0.812890314677644,0.7726973270264466,0.8438785340628056,0.8671221736941899,0.8295029675220618,0.7797602555398412,0.7671122908331353,0.7627718205668608,0.7824341562863703,0.8013585584017334,0.8685527200962311,0.8050628322796824,0.8553670051367553,0.8269252883357392,0.8075560173314352,0.8552057944168323,0.8343958720193981,0.7984412821202237,0.8192752293427306,0.8628763942868496,0.8240783753665754,0.8006902727734453,0.7964418391848419,0.8413843058327349,0.8706663526863391,0.8688090049967472,0.8301952527634674,0.8478114310209142,0.7600134881122549,0.8681935687456832,0.8758948972251221,0.8331562364477892,0.8412433262594612,0.8008775934856533,0.8388836768363397,0.8076900850073633,0.7950397355766373,0.9029374854131298,0.7913051684196167,0.8463728266044007,0.8621107959307746,0.8494283841347251,0.8121304424047717,0.784899594400597,0.8464123959992306,0.8413901397555743,0.8592233781223682,0.8231446476116413,0.8377875151416145,0.8132803699045509,0.8061228621920853,0.8356161557044144,0.8268321724947199,0.9138541030931526,0.8616455698018972,0.8129803198148429,0.8636508348389786,0.8636147189311909,0.8558343962053954,0.8948159933763051,0.8479949657807563,0.8456329875997575,0.8412658889624042,0.8122953560133166,0.8583692609409782,0.8759229051778925,0.8184647666712408,0.7195107231195526,0.7923694053366184,0.8593398067020279,0.8623611837501854,0.8487087995500381,0.918995983491358,0.9399180343018424,0.8568757499711644,0.8422000811172404,0.8239909919000851,0.8112770059201615,0.8003167558233267,0.821982279892274,0.8258033124800279,0.7597568083252716,0.9013365078115342,0.9004372422244362,0.9288017414712718,0.8589962263588231,0.864758531332721,0.835781480095116,0.890008209219598,0.8596585829662071,0.890334666856726,0.8686346589714298,0.8291210505250937,0.8220031199389447,0.8718751154772657,0.8059800217634578,0.8355606117554661,0.7983417670481755,0.845606114771609,0.8708574914048405,0.8721453463504736,0.845202777329462,0.7669057714513082,0.7863838110565875,,0.8906505979169101,0.8247821837590754,0.8592923557368862,0.8408501377117095,0.8408501377117095,0.8408501377117095,0.8408501377117095,0.8408501377117095,0.8408501377117095,0.8408501377117095
138,0.77979859967146,0.8357499869290457,0.8132689871137627,0.8166808420464792,0.7928488482707968,0.8022275284738632,0.7530721519619636,0.812698313234237,0.8278985188625081,0.7275076834351949,0.8106619586212288,0.7826481579383107,0.8260372509590487,0.8283024972786832,0.852364124324417,0.8471069990716976,0.8061192153994959,0.7811322239111319,0.8230012186773761,0.8439971618057006,0.8508591861799202,0.8398414043179008,0.7472713745900116,0.7624306603835875,0.7653853303179564,0.8122757360469545,0.8385666019587135,0.8691601550922803,0.8346694704999608,0.7997253851940045,0.8146166347453788,0.8707543908913487,0.8080758871006721,0.7806126004157842,0.8618560629076978,0.852531070460342,0.8457852244971624,0.802631655557687,0.7822114399586934,0.8028351047792268,0.7758549133312613,0.8111597362977246,0.8149349963472273,0.8162711613898235,0.8901390637799101,0.8291583833203049,0.8246949009873423,0.8742333833370546,0.8557408362788892,0.8273315209038675,0.8388622507711344,0.8798887509844537,0.8475127658649942,0.7956852247289345,0.7825208666603727,0.8472913221587255,0.8600513420327953,0.87217393852777,0.8508855989003916,0.8615921520965388,0.7803617213507952,0.8687082140366907,0.8734600734312641,0.8331033007502299,0.8750748374375057,0.851527955391025,0.8493324835247333,0.8388622324320253,0.842566810547744,0.8671800068028074,0.8289209673423396,0.859919409826879,0.851169115105743,0.8800073499850412,0.8318474528446395,0.8058045903623278,0.8459520346976662,0.8614665078090502,0.8918621132330434,0.8450511012863106,0.8874137135209355,0.8622533719958482,0.8848481152017591,0.8568058291968379,0.8464928064286448,0.8709570266622467,0.887551710253898,0.8354180718613261,0.8747124958187444,0.850193873904901,0.8555906109312684,0.9585520681130719,0.8256445250802619,0.8856137092045803,0.8699823277857067,0.8526325490510548,0.8444501061201185,0.8562558909701132,0.8327142094983402,0.751057781773477,0.8187108793408809,0.8565954078970706,0.8680741465600245,0.8808211788769802,0.8733103638238504,0.8744585744881325,0.8603694234486137,0.8530546589981257,0.8301796826978544,0.8524332186621747,0.8233734167952284,0.8637093749182619,0.8576355100728713,0.7980008940963166,0.8786351990274628,0.8608086031473241,0.8697311282338931,0.8763430712965279,0.9412351075241183,0.925432859998787,0.9002496609498323,0.9310648125870646,0.8816993130700753,0.8634888901367265,0.8645234104802706,0.8685508213552956,0.8581445267655606,0.8054369771528449,0.8546390757886388,0.8044887160022314,0.8146041305005329,0.8705832117276937,0.8703079972978374,0.8616213851561098,0.796505429012743,0.8109790203992386,0.8906505979169101,,0.8459788655676345,0.8742853591392282,0.8805010013185133,0.8805010013185133,0.8805010013185133,0.8805010013185133,0.8805010013185133,0.8805010013185133,0.8805010013185133
139,0.7317315694439391,0.8343765869794473,0.8316263906937332,0.8104676164170163,0.7749549258301209,0.8911216495848792,0.7685779502084495,0.8556557625039453,0.8469263463690443,0.7413911503243275,0.7976126928268122,0.8300208971456278,0.8215935429050458,0.8354061519439323,0.8434290416948977,0.8185616310085515,0.7788748157632782,0.77765624150437,0.8651617786507219,0.851789389567152,0.8349774422795323,0.8134396527836246,0.765698697060424,0.759706877512089,0.7765244622507136,0.8240729050012734,0.851722628877119,0.8270944303881163,0.8077566250537719,0.8188851628253725,0.8295361136236006,0.8633738562289479,0.8337181168299284,0.790059957850913,0.8616211815323614,0.8478133395724858,0.8559943291953694,0.8389458362927349,0.7967634441444849,0.7621719984509534,0.7881892705656804,0.8156040628803816,0.7871667379579834,0.8606664503897269,0.8840666963170962,0.8486337444957653,0.8163716618908305,0.8493459088269574,0.8861540892317349,0.8434217185852624,0.8250855148623193,0.8732139327029834,0.8333735135722832,0.830208725503022,0.7285222255704417,0.8577899081081964,0.8458205076828641,0.8438227259798358,0.8733361821524908,0.8623865030898987,0.7759560473887094,0.8384243067764998,0.8953976179753391,0.8367762695854575,0.8515033782055115,0.8571751790648029,0.8822048154344834,0.868256647275014,0.8392934935837442,0.8397861320735477,0.8275023163656685,0.851652312421535,0.8803668014670412,0.879095516219339,0.8236565372799172,0.8245917321102639,0.8547841532507439,0.869338879786111,0.889379769185407,0.8375991652947832,0.8771907076402049,0.8646271967771518,0.8081047831388486,0.8513151867635296,0.8707144391023863,0.8251218648206228,0.8624626516366696,0.8808846337872108,0.8542785605510732,0.831258087912174,0.8651334388010574,0.8251589864344985,0.7734151971791512,0.8860094339673895,0.8809687470101996,0.8539055578823393,0.8517747823213844,0.8636085079443033,0.8544175439771194,0.7396009647721257,0.8296126176721299,0.8441907443234353,0.837494991113577,0.8550586715507091,0.8392291045819438,0.8654363042181479,0.8762324992606896,0.8908224691372806,0.8547819946094077,0.8547575641588895,0.8233178993669192,0.8838908370750861,0.8811783443306086,0.8065756712999186,0.8575348988987603,0.8558194879784126,0.8392022552621292,0.8662450111072231,0.8055448364407793,0.830350908132671,0.8612227398541676,0.8425936648726849,0.874069576749244,0.8398375363508428,0.8380410902418118,0.9215538941624516,0.8499950971627656,0.8111933953207819,0.8811511396727114,0.8287261360804973,0.8075943695659078,0.8739763824587105,0.8598285790291121,0.9088066041346867,0.7997690070882952,0.7711794539184839,0.8247821837590754,0.8459788655676345,,0.8776858409905726,0.8787976348726592,0.8787976348726592,0.8787976348726592,0.8787976348726592,0.8787976348726592,0.8787976348726592,0.8787976348726592
140,0.7798046766953041,0.8536998405788032,0.8428714113666935,0.848249019587064,0.8128496761864286,0.8505634543644879,0.8184576406896071,0.8413595332755665,0.8745031450099222,0.7859530409126432,0.8052200544005967,0.8318859377793127,0.8579792114983743,0.8661133263475783,0.8782068225495998,0.8524411167008555,0.8258081412183009,0.8058153617428778,0.8731092572634266,0.8751723704206522,0.8930320326662904,0.8789449846544806,0.7946836411667044,0.7975902261357831,0.7904723531932082,0.8566352800422214,0.8919294337301514,0.8368293550836159,0.8484475191518932,0.8370548310174534,0.8612576383892759,0.9055914421602139,0.8492373677069547,0.7920443453763242,0.8995916978834442,0.9131658101917899,0.9059313893563645,0.8465443010315765,0.818833960196554,0.8220426721261119,0.7863911142678436,0.8403381997779709,0.8604307998467238,0.8578360784460682,0.9181922171087351,0.8996860932427009,0.8832106060482909,0.8710390693096783,0.8817528323022847,0.8564198672290686,0.8750474974995281,0.8924217431670262,0.8783879938879212,0.8471954436432856,0.7683285101692997,0.9016129594298528,0.8807463174140912,0.8770927615956693,0.8890830318722639,0.8837359951625875,0.8080350387452627,0.9071018275633054,0.8981257960276469,0.8344144151848483,0.8818496904691636,0.8974278576300228,0.8736066665909685,0.8598100702676199,0.8674303376217077,0.8629889745424034,0.8473292434601348,0.9125540645505857,0.8802936264107615,0.9038370890318778,0.8695301813771101,0.8521894227915358,0.8928412687411797,0.9083772991936018,0.9066406907499348,0.8556025074262502,0.9052760400639925,0.8760841831189325,0.8233024375046033,0.857760112658029,0.887830578275318,0.8822690317399389,0.8919985632631453,0.8724477557058816,0.88573996464226,0.8856180058720726,0.8728216828603499,0.8806979783245872,0.8331718990184249,0.91454845475094,0.8961906955829241,0.8783092927324263,0.8628424573387934,0.8781749854129192,0.8775778696450315,0.7848690280873235,0.8593791621832523,0.8848592913620872,0.8718109519073748,0.8846415110688842,0.9048421877141118,0.8952374764012319,0.8882681680690635,0.8879917772405038,0.8566218337851457,0.8941838651635804,0.8303115850326173,0.8928124684245367,0.8982343805419467,0.8208688296177606,0.9079755759142742,0.8943432060804098,0.8798028193513451,0.8877153946409984,0.8521306280590731,0.837606356416706,0.8913374452975169,0.837517125568087,0.908399826804774,0.8920851380402685,0.8872302315442037,0.8869858611596615,0.8850402101698609,0.8377275167482363,0.9056063784034639,0.8483535861217801,0.8632602428982716,0.8828864920288884,0.907608438136458,0.8852444683657195,0.8299993349007723,0.8303398189262213,0.8592923557368862,0.8742853591392282,0.8776858409905726,,0.9090098691797333,0.9090098691797333,0.9090098691797333,0.9090098691797333,0.9090098691797333,0.9090098691797333,0.9090098691797333
141,0.7645963490740264,0.862787226958755,0.8480722272582625,0.845213840501097,0.8154944234866125,0.8477676297001536,0.7796440884568641,0.8674454851821147,0.8752690708404671,0.751214611075128,0.7995971538295062,0.8130956786351591,0.8625076917580929,0.8695543065716744,0.8582417629470961,0.832536764741499,0.8120377656810623,0.8058537461411983,0.8764240616151147,0.8855084697277249,0.8649190461685335,0.8721565277812293,0.7646064223233653,0.7825481838857123,0.7826437634675549,0.8560548798889456,0.8829289604024788,0.8258556880499115,0.8363423462071881,0.8312213907909438,0.8378261268568103,0.8878268985434421,0.842780374331946,0.7841085669865063,0.9162357947686032,0.8942116615797705,0.8988181501262494,0.8395945523896704,0.8084998800121832,0.8089604981134746,0.7730986581435797,0.8472502143567238,0.8171111776074983,0.8835110011284857,0.9117335468918609,0.8846728716544471,0.8838485510055112,0.9009866821577406,0.8657664011423675,0.8470636299356467,0.8667974441973294,0.8831635168352507,0.8792326851984916,0.8234973709175808,0.7565501617689478,0.8859487070886916,0.8819381359233567,0.8651943910763185,0.910855292533398,0.8860075370936138,0.8004979721220491,0.8940300817973349,0.9044188295125554,0.8344286124489136,0.9012253275441924,0.8737322247906341,0.8638338326617413,0.8669257647706371,0.8599558344236962,0.8737922839345572,0.8465376779587559,0.8865705773359367,0.8525732390889761,0.8990733897962006,0.8714748243563833,0.8451816095317009,0.8918584719356466,0.9068222085012926,0.910813617286059,0.8498853573408764,0.9218505561104048,0.8767022426298127,0.8245566687040642,0.8982270463969172,0.9076321741203736,0.8748184768453151,0.8951500926789268,0.8983568639062711,0.881222591966422,0.8682906904856508,0.8708047683821052,0.8765870457463165,0.8218870829498921,0.9279968768413479,0.8911555293133315,0.9280333359784866,0.8665831118326169,0.8916681295114182,0.8831808943691477,0.7791277974237799,0.8663801886950128,0.887820927741882,0.8926289250123255,0.888753559332047,0.8829493228500603,0.892042764423439,0.8720486184267381,0.8746265932310598,0.8572252654363691,0.8857016675677271,0.8479239856181661,0.9351834581125628,0.9202258231181906,0.7989953373053271,0.8854061819470099,0.8817492643658571,0.8713474474407518,0.9296408566500641,0.8584326983947737,0.8416479825020864,0.9030571346990921,0.8371414460510342,0.8946387536798464,0.8901247881631539,0.8961661286469449,0.9021237757090758,0.8742879599279623,0.8270198281607638,0.9028996658897357,0.8269621034630161,0.838368838354962,0.8919510358752071,0.9099022756928908,0.8860828420650144,0.8383796345707992,0.8217889072196032,0.8408501377117095,0.8805010013185133,0.8787976348726592,0.9090098691797333,,0.999999999999999,0.999999999999999,0.999999999999999,0.999999999999999,0.999999999999999,0.999999999999999
999,0.7645963490740264,0.862787226958755,0.8480722272582625,0.845213840501097,0.8154944234866125,0.8477676297001536,0.7796440884568641,0.8674454851821147,0.8752690708404671,0.751214611075128,0.7995971538295062,0.8130956786351591,0.8625076917580929,0.8695543065716744,0.8582417629470961,0.832536764741499,0.8120377656810623,0.8058537461411983,0.8764240616151147,0.8855084697277249,0.8649190461685335,0.8721565277812293,0.7646064223233653,0.7825481838857123,0.7826437634675549,0.8560548798889456,0.8829289604024788,0.8258556880499115,0.8363423462071881,0.8312213907909438,0.8378261268568103,0.8878268985434421,0.842780374331946,0.7841085669865063,0.9162357947686032,0.8942116615797705,0.8988181501262494,0.8395945523896704,0.8084998800121832,0.8089604981134746,0.7730986581435797,0.8472502143567238,0.8171111776074983,0.8835110011284857,0.9117335468918609,0.8846728716544471,0.8838485510055112,0.9009866821577406,0.8657664011423675,0.8470636299356467,0.8667974441973294,0.8831635168352507,0.8792326851984916,0.8234973709175808,0.7565501617689478,0.8859487070886916,0.8819381359233567,0.8651943910763185,0.910855292533398,0.8860075370936138,0.8004979721220491,0.8940300817973349,0.9044188295125554,0.8344286124489136,0.9012253275441924,0.8737322247906341,0.8638338326617413,0.8669257647706371,0.8599558344236962,0.8737922839345572,0.8465376779587559,0.8865705773359367,0.8525732390889761,0.8990733897962006,0.8714748243563833,0.8451816095317009,0.8918584719356466,0.9068222085012926,0.910813617286059,0.8498853573408764,0.9218505561104048,0.8767022426298127,0.8245566687040642,0.8982270463969172,0.9076321741203736,0.8748184768453151,0.8951500926789268,0.8983568639062711,0.881222591966422,0.8682906904856508,0.8708047683821052,0.8765870457463165,0.8218870829498921,0.9279968768413479,0.8911555293133315,0.9280333359784866,0.8665831118326169,0.8916681295114182,0.8831808943691477,0.7791277974237799,0.8663801886950128,0.887820927741882,0.8926289250123255,0.888753559332047,0.8829493228500603,0.892042764423439,0.8720486184267381,0.8746265932310598,0.8572252654363691,0.8857016675677271,0.8479239856181661,0.9351834581125628,0.9202258231181906,0.7989953373053271,0.8854061819470099,0.8817492643658571,0.8713474474407518,0.9296408566500641,0.8584326983947737,0.8416479825020864,0.9030571346990921,0.8371414460510342,0.8946387536798464,0.8901247881631539,0.8961661286469449,0.9021237757090758,0.8742879599279623,0.8270198281607638,0.9028996658897357,0.8269621034630161,0.838368838354962,0.8919510358752071,0.9099022756928908,0.8860828420650144,0.8383796345707992,0.8217889072196032,0.8408501377117095,0.8805010013185133,0.8787976348726592,0.9090098691797333,0.999999999999999,,0.999999999999999,0.999999999999999,0.999999999999999,0.999999999999999,0.999999999999999
997,0.7645963490740264,0.862787226958755,0.8480722272582625,0.845213840501097,0.8154944234866125,0.8477676297001536,0.7796440884568641,0.8674454851821147,0.8752690708404671,0.751214611075128,0.7995971538295062,0.8130956786351591,0.8625076917580929,0.8695543065716744,0.8582417629470961,0.832536764741499,0.8120377656810623,0.8058537461411983,0.8764240616151147,0.8855084697277249,0.8649190461685335,0.8721565277812293,0.7646064223233653,0.7825481838857123,0.7826437634675549,0.8560548798889456,0.8829289604024788,0.8258556880499115,0.8363423462071881,0.8312213907909438,0.8378261268568103,0.8878268985434421,0.842780374331946,0.7841085669865063,0.9162357947686032,0.8942116615797705,0.8988181501262494,0.8395945523896704,0.8084998800121832,0.8089604981134746,0.7730986581435797,0.8472502143567238,0.8171111776074983,0.8835110011284857,0.9117335468918609,0.8846728716544471,0.8838485510055112,0.9009866821577406,0.8657664011423675,0.8470636299356467,0.8667974441973294,0.8831635168352507,0.8792326851984916,0.8234973709175808,0.7565501617689478,0.8859487070886916,0.8819381359233567,0.8651943910763185,0.910855292533398,0.8860075370936138,0.8004979721220491,0.8940300817973349,0.9044188295125554,0.8344286124489136,0.9012253275441924,0.8737322247906341,0.8638338326617413,0.8669257647706371,0.8599558344236962,0.8737922839345572,0.8465376779587559,0.8865705773359367,0.8525732390889761,0.8990733897962006,0.8714748243563833,0.8451816095317009,0.8918584719356466,0.9068222085012926,0.910813617286059,0.8498853573408764,0.9218505561104048,0.8767022426298127,0.8245566687040642,0.8982270463969172,0.9076321741203736,0.8748184768453151,0.8951500926789268,0.8983568639062711,0.881222591966422,0.8682906904856508,0.8708047683821052,0.8765870457463165,0.8218870829498921,0.9279968768413479,0.8911555293133315,0.9280333359784866,0.8665831118326169,0.8916681295114182,0.8831808943691477,0.7791277974237799,0.8663801886950128,0.887820927741882,0.8926289250123255,0.888753559332047,0.8829493228500603,0.892042764423439,0.8720486184267381,0.8746265932310598,0.8572252654363691,0.8857016675677271,0.8479239856181661,0.9351834581125628,0.9202258231181906,0.7989953373053271,0.8854061819470099,0.8817492643658571,0.8713474474407518,0.9296408566500641,0.8584326983947737,0.8416479825020864,0.9030571346990921,0.8371414460510342,0.8946387536798464,0.8901247881631539,0.8961661286469449,0.9021237757090758,0.8742879599279623,0.8270198281607638,0.9028996658897357,0.8269621034630161,0.838368838354962,0.8919510358752071,0.9099022756928908,0.8860828420650144,0.8383796345707992,0.8217889072196032,0.8408501377117095,0.8805010013185133,0.8787976348726592,0.9090098691797333,0.999999999999999,0.999999999999999,,0.999999999999999,0.999999999999999,0.999999999999999,0.999999999999999
666,0.7645963490740264,0.862787226958755,0.8480722272582625,0.845213840501097,0.8154944234866125,0.8477676297001536,0.7796440884568641,0.8674454851821147,0.8752690708404671,0.751214611075128,0.7995971538295062,0.8130956786351591,0.8625076917580929,0.8695543065716744,0.8582417629470961,0.832536764741499,0.8120377656810623,0.8058537461411983,0.8764240616151147,0.8855084697277249,0.8649190461685335,0.8721565277812293,0.7646064223233653,0.7825481838857123,0.7826437634675549,0.8560548798889456,0.8829289604024788,0.8258556880499115,0.8363423462071881,0.8312213907909438,0.8378261268568103,0.8878268985434421,0.842780374331946,0.7841085669865063,0.9162357947686032,0.8942116615797705,0.8988181501262494,0.8395945523896704,0.8084998800121832,0.8089604981134746,0.7730986581435797,0.8472502143567238,0.8171111776074983,0.8835110011284857,0.9117335468918609,0.8846728716544471,0.8838485510055112,0.9009866821577406,0.8657664011423675,0.8470636299356467,0.8667974441973294,0.8831635168352507,0.8792326851984916,0.8234973709175808,0.7565501617689478,0.8859487070886916,0.8819381359233567,0.8651943910763185,0.910855292533398,0.8860075370936138,0.8004979721220491,0.8940300817973349,0.9044188295125554,0.8344286124489136,0.9012253275441924,0.8737322247906341,0.8638338326617413,0.8669257647706371,0.8599558344236962,0.8737922839345572,0.8465376779587559,0.8865705773359367,0.8525732390889761,0.8990733897962006,0.8714748243563833,0.8451816095317009,0.8918584719356466,0.9068222085012926,0.910813617286059,0.8498853573408764,0.9218505561104048,0.8767022426298127,0.8245566687040642,0.8982270463969172,0.9076321741203736,0.8748184768453151,0.8951500926789268,0.8983568639062711,0.881222591966422,0.8682906904856508,0.8708047683821052,0.8765870457463165,0.8218870829498921,0.9279968768413479,0.8911555293133315,0.9280333359784866,0.8665831118326169,0.8916681295114182,0.8831808943691477,0.7791277974237799,0.8663801886950128,0.887820927741882,0.8926289250123255,0.888753559332047,0.8829493228500603,0.892042764423439,0.8720486184267381,0.8746265932310598,0.8572252654363691,0.8857016675677271,0.8479239856181661,0.9351834581125628,0.9202258231181906,0.7989953373053271,0.8854061819470099,0.8817492643658571,0.8713474474407518,0.9296408566500641,0.8584326983947737,0.8416479825020864,0.9030571346990921,0.8371414460510342,0.8946387536798464,0.8901247881631539,0.8961661286469449,0.9021237757090758,0.8742879599279623,0.8270198281607638,0.9028996658897357,0.8269621034630161,0.838368838354962,0.8919510358752071,0.9099022756928908,0.8860828420650144,0.8383796345707992,0.8217889072196032,0.8408501377117095,0.8805010013185133,0.8787976348726592,0.9090098691797333,0.999999999999999,0.999999999999999,0.999999999999999,,0.999999999999999,0.999999999999999,0.999999999999999
777,0.7645963490740264,0.862787226958755,0.8480722272582625,0.845213840501097,0.8154944234866125,0.8477676297001536,0.7796440884568641,0.8674454851821147,0.8752690708404671,0.751214611075128,0.7995971538295062,0.8130956786351591,0.8625076917580929,0.8695543065716744,0.8582417629470961,0.832536764741499,0.8120377656810623,0.8058537461411983,0.8764240616151147,0.8855084697277249,0.8649190461685335,0.8721565277812293,0.7646064223233653,0.7825481838857123,0.7826437634675549,0.8560548798889456,0.8829289604024788,0.8258556880499115,0.8363423462071881,0.8312213907909438,0.8378261268568103,0.8878268985434421,0.842780374331946,0.7841085669865063,0.9162357947686032,0.8942116615797705,0.8988181501262494,0.8395945523896704,0.8084998800121832,0.8089604981134746,0.7730986581435797,0.8472502143567238,0.8171111776074983,0.8835110011284857,0.9117335468918609,0.8846728716544471,0.8838485510055112,0.9009866821577406,0.8657664011423675,0.8470636299356467,0.8667974441973294,0.8831635168352507,0.8792326851984916,0.8234973709175808,0.7565501617689478,0.8859487070886916,0.8819381359233567,0.8651943910763185,0.910855292533398,0.8860075370936138,0.8004979721220491,0.8940300817973349,0.9044188295125554,0.8344286124489136,0.9012253275441924,0.8737322247906341,0.8638338326617413,0.8669257647706371,0.8599558344236962,0.8737922839345572,0.8465376779587559,0.8865705773359367,0.8525732390889761,0.8990733897962006,0.8714748243563833,0.8451816095317009,0.8918584719356466,0.9068222085012926,0.910813617286059,0.8498853573408764,0.9218505561104048,0.8767022426298127,0.8245566687040642,0.8982270463969172,0.9076321741203736,0.8748184768453151,0.8951500926789268,0.8983568639062711,0.881222591966422,0.8682906904856508,0.8708047683821052,0.8765870457463165,0.8218870829498921,0.9279968768413479,0.8911555293133315,0.9280333359784866,0.8665831118326169,0.8916681295114182,0.8831808943691477,0.7791277974237799,0.8663801886950128,0.887820927741882,0.8926289250123255,0.888753559332047,0.8829493228500603,0.892042764423439,0.8720486184267381,0.8746265932310598,0.8572252654363691,0.8857016675677271,0.8479239856181661,0.9351834581125628,0.9202258231181906,0.7989953373053271,0.8854061819470099,0.8817492643658571,0.8713474474407518,0.9296408566500641,0.8584326983947737,0.8416479825020864,0.9030571346990921,0.8371414460510342,0.8946387536798464,0.8901247881631539,0.8961661286469449,0.9021237757090758,0.8742879599279623,0.8270198281607638,0.9028996658897357,0.8269621034630161,0.838368838354962,0.8919510358752071,0.9099022756928908,0.8860828420650144,0.8383796345707992,0.8217889072196032,0.8408501377117095,0.8805010013185133,0.8787976348726592,0.9090098691797333,0.999999999999999,0.999999999999999,0.999999999999999,0.999999999999999,,0.999999999999999,0.999999999999999
987,0.7645963490740264,0.862787226958755,0.8480722272582625,0.845213840501097,0.8154944234866125,0.8477676297001536,0.7796440884568641,0.8674454851821147,0.8752690708404671,0.751214611075128,0.7995971538295062,0.8130956786351591,0.8625076917580929,0.8695543065716744,0.8582417629470961,0.832536764741499,0.8120377656810623,0.8058537461411983,0.8764240616151147,0.8855084697277249,0.8649190461685335,0.8721565277812293,0.7646064223233653,0.7825481838857123,0.7826437634675549,0.8560548798889456,0.8829289604024788,0.8258556880499115,0.8363423462071881,0.8312213907909438,0.8378261268568103,0.8878268985434421,0.842780374331946,0.7841085669865063,0.9162357947686032,0.8942116615797705,0.8988181501262494,0.8395945523896704,0.8084998800121832,0.8089604981134746,0.7730986581435797,0.8472502143567238,0.8171111776074983,0.8835110011284857,0.9117335468918609,0.8846728716544471,0.8838485510055112,0.9009866821577406,0.8657664011423675,0.8470636299356467,0.8667974441973294,0.8831635168352507,0.8792326851984916,0.8234973709175808,0.7565501617689478,0.8859487070886916,0.8819381359233567,0.8651943910763185,0.910855292533398,0.8860075370936138,0.8004979721220491,0.8940300817973349,0.9044188295125554,0.8344286124489136,0.9012253275441924,0.8737322247906341,0.8638338326617413,0.8669257647706371,0.8599558344236962,0.8737922839345572,0.8465376779587559,0.8865705773359367,0.8525732390889761,0.8990733897962006,0.8714748243563833,0.8451816095317009,0.8918584719356466,0.9068222085012926,0.910813617286059,0.8498853573408764,0.9218505561104048,0.8767022426298127,0.8245566687040642,0.8982270463969172,0.9076321741203736,0.8748184768453151,0.8951500926789268,0.8983568639062711,0.881222591966422,0.8682906904856508,0.8708047683821052,0.8765870457463165,0.8218870829498921,0.9279968768413479,0.8911555293133315,0.9280333359784866,0.8665831118326169,0.8916681295114182,0.8831808943691477,0.7791277974237799,0.8663801886950128,0.887820927741882,0.8926289250123255,0.888753559332047,0.8829493228500603,0.892042764423439,0.8720486184267381,0.8746265932310598,0.8572252654363691,0.8857016675677271,0.8479239856181661,0.9351834581125628,0.9202258231181906,0.7989953373053271,0.8854061819470099,0.8817492643658571,0.8713474474407518,0.9296408566500641,0.8584326983947737,0.8416479825020864,0.9030571346990921,0.8371414460510342,0.8946387536798464,0.8901247881631539,0.8961661286469449,0.9021237757090758,0.8742879599279623,0.8270198281607638,0.9028996658897357,0.8269621034630161,0.838368838354962,0.8919510358752071,0.9099022756928908,0.8860828420650144,0.8383796345707992,0.8217889072196032,0.8408501377117095,0.8805010013185133,0.8787976348726592,0.9090098691797333,0.999999999999999,0.999999999999999,0.999999999999999,0.999999999999999,0.999999999999999,,0.999999999999999
964,0.7645963490740264,0.862787226958755,0.8480722272582625,0.845213840501097,0.8154944234866125,0.8477676297001536,0.7796440884568641,0.8674454851821147,0.8752690708404671,0.751214611075128,0.7995971538295062,0.8130956786351591,0.8625076917580929,0.8695543065716744,0.8582417629470961,0.832536764741499,0.8120377656810623,0.8058537461411983,0.8764240616151147,0.8855084697277249,0.8649190461685335,0.8721565277812293,0.7646064223233653,0.7825481838857123,0.7826437634675549,0.8560548798889456,0.8829289604024788,0.8258556880499115,0.8363423462071881,0.8312213907909438,0.8378261268568103,0.8878268985434421,0.842780374331946,0.7841085669865063,0.9162357947686032,0.8942116615797705,0.8988181501262494,0.8395945523896704,0.8084998800121832,0.8089604981134746,0.7730986581435797,0.8472502143567238,0.8171111776074983,0.8835110011284857,0.9117335468918609,0.8846728716544471,0.8838485510055112,0.9009866821577406,0.8657664011423675,0.8470636299356467,0.8667974441973294,0.8831635168352507,0.8792326851984916,0.8234973709175808,0.7565501617689478,0.8859487070886916,0.8819381359233567,0.8651943910763185,0.910855292533398,0.8860075370936138,0.8004979721220491,0.8940300817973349,0.9044188295125554,0.8344286124489136,0.9012253275441924,0.8737322247906341,0.8638338326617413,0.8669257647706371,0.8599558344236962,0.8737922839345572,0.8465376779587559,0.8865705773359367,0.8525732390889761,0.8990733897962006,0.8714748243563833,0.8451816095317009,0.8918584719356466,0.9068222085012926,0.910813617286059,0.8498853573408764,0.9218505561104048,0.8767022426298127,0.8245566687040642,0.8982270463969172,0.9076321741203736,0.8748184768453151,0.8951500926789268,0.8983568639062711,0.881222591966422,0.8682906904856508,0.8708047683821052,0.8765870457463165,0.8218870829498921,0.9279968768413479,0.8911555293133315,0.9280333359784866,0.8665831118326169,0.8916681295114182,0.8831808943691477,0.7791277974237799,0.8663801886950128,0.887820927741882,0.8926289250123255,0.888753559332047,0.8829493228500603,0.892042764423439,0.8720486184267381,0.8746265932310598,0.8572252654363691,0.8857016675677271,0.8479239856181661,0.9351834581125628,0.9202258231181906,0.7989953373053271,0.8854061819470099,0.8817492643658571,0.8713474474407518,0.9296408566500641,0.8584326983947737,0.8416479825020864,0.9030571346990921,0.8371414460510342,0.8946387536798464,0.8901247881631539,0.8961661286469449,0.9021237757090758,0.8742879599279623,0.8270198281607638,0.9028996658897357,0.8269621034630161,0.838368838354962,0.8919510358752071,0.9099022756928908,0.8860828420650144,0.8383796345707992,0.8217889072196032,0.8408501377117095,0.8805010013185133,0.8787976348726592,0.9090098691797333,0.999999999999999,0.999999999999999,0.999999999999999,0.999999999999999,0.999999999999999,0.999999999999999,
