,1,2,3,4,5,6,7,8,9,10,11,12,13,14,15,16,17,18,19,20,21,22,23,24,25,26,27,28,29,30,31,32,33,34,35,36,37,38,39,40,41,42,43,44,45,46,47,48,49,50,51,52,53,54,55,56,57,58,59,60,61,62,63,64,65,66,67,68,69,70,71,72,73,74,75,76,77,78,79,80,81,82,83,84,85,86,87,88,89,90,91,92,93,94,95,96,97,98,99,100,101,102,103,104,105,106,107,108,109,110,111,112,113,114,115,116,117,118,119,120,121,122,123,124,125,126,127,128,129,130,131,132,133,134,135,136,137,138,139,140,141
1,,-1.0144738690092487,-1.4688949662931805,-0.5080219824622958,-0.9247338974546023,-1.3554968991694658,-0.4552146972273241,-2.25316959616524,-0.992350380915143,-0.7780740812220327,-1.3708533258285658,-2.0054700092272904,-0.769688598567704,-0.9730515189542911,0.366536361859647,0.5376097678173813,1.5343259711690656,-0.9655254874413297,-1.1101476496383502,-1.371713226317977,-0.499539020053228,-0.11453575449322165,-2.0632686244244813,-1.6858480802433198,-2.0990979423322207,-1.882814866184734,-1.2629230970680714,-1.7712943559884076,-1.1464128497413184,-1.4001304720703605,-1.751528125510946,-1.0323999902008327,0.008871979594907814,0.33177862922721374,-0.9296772876458087,-0.8806243285250401,-1.5595448585829257,-1.9932500664414585,-1.765696266498815,-1.041757174519229,1.0158339967906627,-1.480653364011179,0.09347860924933286,-2.0375021360995764,-1.2325305426324282,-1.4537818771624078,-0.7165741062062205,-1.0651454118217818,-0.5773247157126967,-2.1594323815964365,-0.0857005239771886,-1.506089331928581,-0.2597547605929621,-1.5603971911048393,0.7033883653472766,-1.0990763292892842,-1.8437322980313686,-1.376859519226016,-1.2547371619699974,-1.991842301739644,-1.657533067877326,-0.5354614159696801,-1.286642785616626,-1.306234481447392,-1.3827772262050677,-1.8093726426965202,-2.0810574086738645,-2.4598921852264986,-2.0810028638682025,-0.4886484639147881,-2.1807999004676297,-1.1717073868353476,-1.5888619031811797,-1.2738655046529443,-0.831787992468379,-2.0715056150781157,-0.8631207414720746,-1.2843468203792017,-1.4542645672465335,-2.305942988860378,-1.5052901619146883,-2.2219720714679188,-2.369019845587503,-2.3222549792982607,-1.5000264044737963,-0.5331895263041374,-1.4056862455664467,-2.1371546310291407,-1.7506044556476448,-0.9898359336391341,-1.7918406144646086,-1.035416669524865,1.6173878840488514,-1.2985241287407745,-1.6448188139221402,-1.5066802845073974,-0.8357789916772831,-1.624783609780618,-1.825358007884611,-2.6369950069548227,-0.8714232624684618,-1.2366392221369544,-0.13359015733693094,-1.6354135202416273,-0.8515727000199329,-0.5892997707974963,-1.2379178032394742,-1.6921085562143738,-1.9652819492781075,-1.4681548089285459,-2.7319772811138843,-1.565200213700338,-1.9188400799071659,-3.0292596066895094,-1.0271693843671228,-1.1142131528914003,-0.9801947157434014,-1.2546430427005764,-1.313737085144687,-2.3123383880394344,-0.7618862733218214,-1.7462234855317,-1.3452140559364412,-1.4753038311569413,-0.29112537909586245,-2.1140988854199794,-0.624666349007934,-1.0951252344707032,-1.682093055952209,-0.8884457017581798,-1.358112090256294,-1.5152959760071476,-1.2645280048384024,-2.1850198502413067,-1.6174000987862531,0.46578603336745894,-0.8056881173961223,-1.3418275485973343,-2.4818361723930433,-1.3416834194602383,-1.702380233049534
2,-1.0144738690092487,,1.7171240682456008,1.136540578729785,-0.1208239247156294,0.3792004837577419,-1.3613461232095496,0.8203645338689947,1.1629819956649545,-1.7977794089345323,-0.42040254604315896,-0.40306691083396473,1.0272049699284438,1.110070848508921,0.37601481934349895,-0.5114179352990049,-0.1008128675271374,-0.03788563931899485,0.19907682593708867,1.674535876963409,0.3442629291794538,-0.07862869051912039,-1.7983731082055194,-2.516074830948945,-1.9778609740271726,0.043403630942756864,1.1558132763206903,-0.5628188375967221,0.8157984070256236,-0.644401460227494,-1.665105028035661,0.003297432684607134,1.3653173890902928,-1.6691184146579736,1.233639785749809,0.3780862135985287,0.6815893664606094,-1.1646544421127276,-1.548313563928432,-2.0605235590621716,-1.2465084533166528,-0.28124741207589443,-1.1029865410475712,1.5242678033751111,0.6495617292218043,0.4594216857610508,-0.2299191568102203,0.5072924292995766,-0.05118359506382395,-0.7620392827831804,0.7097194779173671,-0.3393473135159407,0.8341993027322181,0.16343206574688166,-1.0943695972360161,1.010918976607232,1.0712498911505153,0.26962262233781,1.4574737363198094,-0.1384656107331659,-2.241927149762267,0.6562227277147125,1.291933460883716,0.7325100515574823,0.22565978264442432,-0.34348547166357996,0.10574001753431714,0.32754880305944695,-1.5191626506571043,0.9950649536099978,-1.4469648945518083,0.5321009976487595,-0.3332126727446985,0.30927841518238136,0.5281965369888529,0.01925726963666106,1.1727480729417181,1.0182492094697593,0.4227571409500497,-1.0239289109654222,0.41041227612435704,-0.39489010538815233,-1.4908984208926692,-0.45760584608529875,0.8305070503796519,-0.10195917875167788,-0.15849545028525808,1.2592891853505064,0.3044739037374248,-0.39250070816837007,1.0429645174266102,-0.139034688134553,-0.47840913498437154,1.1724680465579003,0.08743444514012547,0.3461657988244534,-0.007837064079023445,1.0388519661213318,1.0426571988442908,-3.046757461192671,0.37283230245328164,-0.7922955942598786,0.5953300062909165,-0.46814158459456856,0.5498608336394323,0.5160931761648474,0.8130782163452316,0.7815530422038858,0.2279053158613648,-0.6274752288645165,-1.3650756734693,0.9949121728548929,1.2834399709801276,-1.7384395525376026,0.26538570961672203,0.6195563201668945,0.0909068072703592,1.1010126091077597,-0.8229070772941288,-1.1541364696538088,0.8763278629608249,-0.5996375771769547,1.0299164662429325,-0.3484282258547024,0.5274600152499749,0.11206767494088622,-0.20839953154200863,-0.033840594764044454,0.9827886811166455,-1.2242751062615918,-1.500111785998273,0.9956002125598393,0.8610973315131834,0.4172287554609732,-1.5803633341353156,-0.6028254760670586,0.049685611820527664,-0.014825158704299521,-0.04739816725197441,0.41089259127391164,0.6264186762404987
3,-1.4688949662931805,1.7171240682456008,,0.9212006368680374,0.22908975591868208,0.4761518058819714,-0.7174751111709977,0.7572606212638355,0.8417665002409951,-1.129995959140519,-0.9030226084559212,-0.055961126073623864,0.9714130046935443,0.716197685252106,-0.30672451943003193,-0.8415952326838527,-0.9354574836496253,-0.8741304666306897,0.6071095633667121,1.1269111293043297,0.5409484579922439,0.4406952566313981,-1.482325143463108,-1.8810848766487083,-1.988649793655461,0.7298209421243665,1.195469408032222,-0.46474893207746937,0.5560454637563846,-0.5073881522377166,-1.2755167911822443,0.2579467376192766,0.491165585822263,-1.9421995748155958,1.141887607121247,0.5463575339946122,0.7412612629730925,-0.8755548970179687,-1.4761665223776563,-1.9600367818544293,-1.8045158205045155,-0.5747984807356789,-1.1387670800030159,1.1975660579429535,0.24852375348968536,0.5358829740102802,0.013186269161070727,-0.04928527123163922,-0.25659029839779823,-0.43872723845773065,0.30560505076624517,-0.39186597273813445,0.011858919439618908,0.47729920251465907,-1.659535286764673,1.1831728299139987,0.561749392981671,-0.15389343933256036,0.9666880080347188,-0.3946909232020662,-1.8161100802131,0.6738158648447125,0.6719813010261491,-0.4366619722847396,0.026142111371090637,-0.6185270037159555,0.013440092131047613,-0.14826353143270246,-1.291038265824436,0.6881432780286642,-1.0153651603774971,0.5075527471038261,-0.16252680877651338,0.03280631622504559,-0.19710295581681245,-0.50869235571465,0.44491077302053256,0.7656383607843548,0.2413799804848545,-1.2715056096198165,0.28762822560018825,-0.314857269816487,-1.3456539237315848,-0.8490085028217879,0.8396957655161698,-0.41722173724114037,-0.7643525871362354,0.6429489462726969,0.03215401465376049,-0.16699695599732017,0.3947916530558875,-0.6820050500415238,-0.47602569965261515,0.8918412047563471,-0.46366002891458225,-0.15348890881999638,0.25932285175480324,0.4827957539057079,0.3437614897521172,-2.464277596727342,-0.2654493660778849,-1.00096496581022,0.36846795759801626,-0.8991335347337792,0.3951424793139934,0.4287414808026603,-0.057243146358201616,0.11295526468687557,-0.4295568258605266,-0.7680693229647839,-0.9605639763444312,0.5413115262714252,0.8028161608456849,-1.3537292454267191,-0.06887803370791624,0.013696615081208662,-0.1709793908651563,0.694894239624605,-1.2054202748946548,-1.2182697310046524,0.45966718857629146,-0.8075308241279776,0.5638593425034489,-0.6192758495518879,-0.38436721987469497,0.14548034739932325,-0.1283060591427692,-0.824258836505266,0.7845125632560869,-0.7514198757273016,-1.2144320867142995,0.5829338769126845,0.4191993149748274,0.12121909980061678,-1.5528776200772798,-1.2669613528177217,-0.17230079475611149,-0.548008372638294,-0.1126247366490103,0.15407408957877147,0.27742215038258544
4,-0.5080219824622958,1.136540578729785,0.9212006368680374,,2.0031837092779012,0.4417635534600574,-0.8587692206485973,0.13190749911594446,1.4194416531873912,-1.417983907274812,-0.9215062591770291,0.21308865225133847,2.3582834873351612,1.4067730105255924,0.10481282943005828,-0.361563348963916,0.1698286376471791,0.7009640686575777,0.8085798985417562,1.4022310896322008,-0.29963558843283483,0.3794822489068845,-1.2012900704262326,-1.1323851794939295,-1.589492509038243,0.7643933508121767,0.5476223929478087,-0.5449817487207516,0.45843333529584585,-0.31668618069557986,-1.0558951305886846,0.29426344483388023,1.2778257468388854,-1.2070873722647597,1.5397775629207227,0.40679269785682753,0.5981957018773181,-0.6755524135199347,-0.999973917774591,-0.8282593382838616,-1.1227710947290896,0.04598627551271612,-1.0489007440731717,0.7178680918967101,0.3728443531944067,0.21806367475703556,0.6908623252505673,0.17965858151707598,-0.18746905126102698,-1.0355534759930765,1.2590838157475055,-0.40570699154924617,1.1440626156261797,0.20131685773491917,-0.3259787274469747,0.5562444717843233,0.4017842584988869,-0.21843474083321054,0.8987823374273868,-0.4543347972099363,-1.2073497774074844,0.817737903567286,0.5533804835256405,-0.09419694182618894,0.7598650053400152,-0.12134496126526013,-0.5157124032932675,-0.19436284117837435,-1.712487299458768,-0.04265541305655744,-0.9298554831759834,0.2911707123519992,-0.6965655657446572,0.13750030771229624,0.81871092074052,0.14105602730875494,0.9159029187125426,0.23814018075574886,0.10428943652837122,-1.2987650351200182,0.14728751056686698,-0.6640360417470854,-1.4968605043704064,-0.8528132372816405,0.5289394896211745,-0.30121045982899214,-0.2653663407962845,0.32078882839174044,0.0490028465175614,-0.5130977659358331,0.23202072965247522,-0.2712923730929466,0.36829706111960997,0.7933890493610821,-0.25187912284563707,0.4539696207879703,-0.7199876906566904,0.03222648481225384,1.0781955382121042,-2.167239639362079,0.8236886791226816,-0.6288231079483858,1.3492078233214317,-0.7258317064248511,0.346734123512825,0.09860227307897293,0.5850867799712098,0.15875498936911933,-0.43333876080303446,0.21800128424678375,-1.3644565376583522,0.6317577923776649,0.6166480944091153,-1.4827926420520834,-0.32650339574590004,-0.22006974260030063,-0.14380475028316808,0.7911421409058601,-0.7922628216447504,-1.2375981684531119,0.5087444937976372,-0.7822651772715212,0.4539551891056529,-0.3878505058087266,1.2199363525540705,-0.36604577469714866,-0.7570228696424689,0.32770834807644555,0.8161654217638508,-0.702261102785081,-1.2103182314440117,0.031477152757657556,0.7109214332918787,-0.330187450753246,-0.48245937593944066,-0.18182616825096123,-0.3545975397934163,-0.4670892056328486,-0.6144486485950806,0.28161514459296805,0.2096296211190037
5,-0.9247338974546023,-0.1208239247156294,0.22908975591868208,2.0031837092779012,,-0.5691928092266826,-1.4583834739431436,-0.36134108385943803,0.47993789356620226,-1.9375372204035957,-1.1592946269870086,-0.45636377463722627,2.2180354162918716,0.9644779270120045,-0.5328158487569995,-1.045183882754712,-0.4694849582621259,-0.21605727212756556,0.07941893919955648,0.0825780216950848,-0.7166187091326163,0.14524528071875836,-1.6279729786209822,-1.158533227760671,-2.2809735617070133,0.4869842286894994,-0.25565352568402444,-1.3351766059324903,0.14045001103352672,-1.0825125354389802,-1.214130830479425,-0.17798133214501596,-0.2389510059531092,-1.813078298347881,0.6713733709073278,-0.261677947152501,-0.020129223957622087,-1.1262580125776076,-1.4816828569988887,-1.0020473692111433,-1.7194863138385499,-0.8603769501580046,-1.1378625811235683,-0.41141879351618565,-0.3386766339040752,-0.4815949812073863,-0.06203607217745193,-0.7885669250477698,-0.6715190484677638,-1.5531726044669503,0.027990049474234308,-1.1146679843070302,-0.3121751223492551,-0.49891893632032935,-1.0512842704434058,-0.07432977134537275,-0.6387699934466419,-0.43770955996992983,-0.3427237765279256,-0.6111659660473374,-1.196330861566314,0.19249264874168812,-0.35119393738482046,-0.7941978337606087,0.6776048359107094,-0.5100757626995327,-1.3627613679886428,-0.9412353803363267,-1.9978047271061603,-0.5576526050158666,-0.8794967618156644,-0.1766195942494124,-1.2496519410857143,-0.3778304727659578,-0.5395163761329538,-0.653596696075939,-0.5464843721489262,-0.774993743151811,-0.760474912689958,-1.7821531784032785,-0.31415428434819376,-0.9825241021329928,-1.7872359980728922,-1.5916617581496035,-0.4944335759922025,-0.8313462640020585,-0.7564908009460602,-1.0061552551137494,-0.563569886950804,-0.7950454962094173,-0.7241908372620348,-0.9575077860550751,0.15453000949970888,-0.039995514003579605,-1.1681393119567396,-0.2663969025288834,-0.8638897324145399,-0.9972750341571885,0.5388584508283936,-1.7150648786791376,-0.6359087448088212,-0.9828471918016829,0.7522173244131629,-1.049729633141354,-0.29817720290323807,-0.5300156664745722,-0.2520774175981274,-0.6525962620206861,-0.986138058771665,-0.10090657961978684,-1.2062557920240538,-0.5610134643282637,-0.686927005917823,-1.880143720936093,-1.1129000638590925,-1.0649147532486753,-0.6955312466211137,0.13026510594526983,-1.4252244521379025,-1.5871804491037866,-0.0791391361979244,-1.1614528691888335,-0.3498557779137568,-1.141045865504617,0.3265497333830805,-1.3150559921840914,-1.3309954754774787,-1.0445609379631418,-0.033822586361400196,-1.1927178493784207,-1.1722040868615682,-0.3545166169184615,-0.17819148624843992,-1.0911134652290506,-1.1252533617502896,-0.8337284409570256,-0.965449038579946,-1.032314023931859,-1.4567052500871744,-0.5579531949198052,-0.49522756540414326
6,-1.3554968991694658,0.3792004837577419,0.4761518058819714,0.4417635534600574,-0.5691928092266826,,-0.6910872450357287,0.7266826411007851,1.1114905467610885,-1.0691054847829307,-0.22923580914001937,0.054492277226060336,0.7064409688770389,0.42897164455891224,-0.2216437133633689,-0.920432425987036,-0.8545449699492138,-0.18207001789054997,1.909542060413641,0.14350721268972455,0.2304656401906524,0.487196948796279,-0.5465698937629231,-1.1349748629857024,-0.13686295374221158,-0.24980016192197405,0.2656288581764644,0.12342163609576284,-0.623089770472666,0.4658586270501347,0.04182602772625754,0.6428189438382818,0.3293609595397054,0.3109671333687294,0.9066967389978411,0.23456835644567556,0.40137579826302494,0.35344570524557484,0.1577323127827797,-1.7264452331650064,0.15020988024230592,-0.2834598564452391,-0.684307936410928,0.5032773983827608,-0.09262988870849338,0.5418840325145031,0.6775985475771444,0.6299947688711696,0.5002718387103651,-0.7482081777536475,0.11067352372870304,0.010930016432466286,-0.0023224897576611487,0.5520215789783217,-1.4036216433247137,0.2297878307051173,-0.2781507531737808,-0.5352734422278497,0.475196655401117,-0.07598863369631131,-0.7244894525075155,-0.028670886442907266,-0.00939733404114924,-0.2914350879758409,-0.1407529744457924,-0.42254184965024316,-0.1448725102024285,0.0874542623776585,-1.2132804531231605,-0.3434681931642135,-0.8554654628913534,0.11729062876508828,-0.4800301020111291,-0.19472815819949849,-0.30295624962928297,-0.26697347108131975,0.1575888684201871,-0.024389107154178854,0.23825628038582683,-0.24816397311731347,0.0454463901299238,-0.6158374690547148,-1.707266034141383,-0.27007375252388466,1.0049103160418484,-0.36410703150053536,-0.2333580272686961,-0.14490437153784735,-0.25439182452387626,-0.17537875467963696,0.3286218325475648,-0.8595335093052074,-0.64229480135358,0.1273862533037929,-0.19984109856296683,0.05144969642002903,-0.3572930003554597,-0.33164858823499466,0.18893950502693396,-1.6830452148975124,-0.17987512956629143,-0.11509003800368946,0.20719804020260885,-0.4675171835037171,0.009496059293827555,0.007444260915701402,0.5792441477557023,0.6515127775284965,0.04117409302725047,0.44042842434225365,-1.431796108508731,0.4411333501984485,0.05455155307829582,-1.4294198487866694,-0.16116406388005922,0.18394458851090234,-0.3539031866942819,0.39038855834395936,-1.4544022750407295,-1.5006930574876753,-0.25748606033901394,-0.9414314347755496,-0.03977333871978642,0.0020029890390858727,-0.34424275722820996,1.1532824103302495,-0.42400948720939324,-0.38964432095595014,0.06275718061531024,0.70520338264867,-0.5415555576535417,-0.24437424104058145,0.06328085987715275,0.004504210925762305,-0.9449863315676925,-1.173965061029539,-0.7028015395166397,-0.8098793059825828,1.2984278682200754,0.33650673229844813,0.2701979919232772
7,-0.4552146972273241,-1.3613461232095496,-0.7174751111709977,-0.8587692206485973,-1.4583834739431436,-0.6910872450357287,,-1.5402553844935463,-1.1331314037866496,2.821208645767608,-1.7688602496622623,-0.6556791274468675,-0.9952942874815174,-1.266843855641724,-0.7943059082394466,-0.795780593857696,-0.23462268225619476,-2.1388208323580513,-0.29212810178052306,-1.2505438350532527,-0.4816066285761331,-0.09252070838390608,-0.9885958184987118,-1.1178209293822035,-1.6037621031240727,-1.5289775416121254,-0.46058643725695614,-1.1682683522894466,-1.465201392888696,-0.652545226491263,-1.2307648140193592,0.0926406010774016,-0.872530658012091,-0.7787735816125203,-0.7904461533485255,-0.34863260920296735,-0.6620098307011089,-0.9050984935446877,-1.1813144858784823,-1.570079083307633,-0.7196202744048589,-1.5119038631414732,-0.42471287659308304,-1.247103531601569,-1.636334018685558,-0.12103955184455491,0.07038402938310136,-1.118522185045327,-0.7908014799046561,-1.6231945666041172,-0.8110156892912324,-1.4801641031094868,-0.9456114241537293,-0.36333517549869526,-2.025634728710823,0.199287194360828,-1.4050421232345964,-1.6998872777915597,-1.1244202402399823,-1.4488858848647448,-1.429543602382507,-0.20725391430506468,-1.5499799353353532,-2.1305969284233903,-1.5961707668143972,-1.8901609906145511,-1.3608524686832157,-1.7430584420615551,-1.4634508918176117,-1.051923586257789,-1.8437093590581173,-0.23311158013132285,-1.3081508713343397,-1.5017612695043914,-1.4200256228337613,-1.8382413021098711,-0.7016591761598209,-0.11683648420126383,-1.2489524089911697,-1.6653640960256566,-1.4124235037327884,-1.3530326830751973,-2.449092253218805,-2.1047876923855093,-0.8188077642389091,-1.189290776980011,-1.7087649427071683,-1.816143829934696,-1.5441545765472915,-0.5034342176484911,-1.4313317599643482,-1.4832452146799786,-0.5767182157216771,-1.286778102901081,-1.7913100290702164,-1.4689871929231046,-0.7859690668370516,-1.7036423323793235,-1.6179293654877496,-2.3828009408944544,-1.463507872890434,-1.2174010026988862,-0.8039311196849964,-1.5131309308444871,-0.6441413476868691,-0.7636812652387854,-1.017027771078209,-1.124015485005334,-1.6340692713240166,-1.1686780402556476,-2.381259691690489,-1.4244673806942578,-1.4847643584844747,-2.0258406857251288,-1.000752048348181,-1.0889968774893808,-1.4617960681521036,-1.3933442994732572,-2.271931455279525,-2.4973160132445957,-1.3784275008717404,-1.8977014105824122,-1.3943557303490548,-1.330318052848982,-1.2088115336947263,-1.1982249690401998,-0.26316899070183847,-1.5065569629690487,-1.5125021872072746,1.082699786118114,-0.5585420511219371,-1.5873004903713839,-1.1238512680198218,-1.773380696262692,-1.816688458867252,-0.6097644154357692,-1.7304084578891081,-1.9757003035404141,-1.6079483613846646,-0.42494876620219185,-1.3454921002927231
8,-2.25316959616524,0.8203645338689947,0.7572606212638355,0.13190749911594446,-0.36134108385943803,0.7266826411007851,-1.5402553844935463,,0.7875294868955188,-1.9016102102669024,-1.2823719224425298,0.21012291496217475,0.48801660990822066,0.49071388513499414,-0.520976252329964,-1.3796151879116365,-1.0480016953489972,-0.4464225978663297,0.8250099612189578,0.8562268717444899,-0.06974393863537644,-0.28081289439639323,-1.717980747858735,-1.780181330377724,-1.3261948997727842,0.4326636890418736,0.7410909949017557,-0.7773384320627293,-0.06886942803041285,-0.5352786169956816,-0.820097907963081,0.22212618029134928,0.35736228506548434,-2.0892946426121575,1.3551011883636896,0.27607038478677637,0.5743761509424201,-0.20945716538930184,-0.9310888815767634,-2.0379128805917217,-2.196788652448532,0.005841008004388195,-1.6828004435833388,1.3600064173251138,0.42564644252116374,0.6037895876832055,-0.013183253262729547,0.26068226203253486,0.08179999107375586,-0.6271610713823034,0.299999644644749,-0.0495969770452077,0.16435430364319784,0.5397055364954945,-2.146800453934789,0.47763792271914024,0.5716043802624896,-0.11569497310836786,1.1540512612089522,0.3934899663523574,-1.6204124071108865,0.20351747418096727,0.9354786944868013,-0.01113280097278831,-0.11108389691691979,-0.6113175983300564,0.04667181357100871,0.30906140367794405,-1.0310024583854218,0.7088559611740427,-0.8120950535302423,0.35420380629980364,-0.15586174184817905,0.002909662427234407,0.057771820302393376,0.1141937137349923,-0.009478765433698248,0.739462759757567,0.2899138355010692,-0.5385996882591352,1.1058877893455916,-0.14116529104847456,-1.4605003269008798,-0.23934871948996111,1.3023133175154364,-0.7093129775963937,-0.1018239670884549,0.6725321557682717,0.14634959713462653,-0.556014493931965,0.5309753675049973,-0.7499756793530553,-0.8499418426613885,0.9224528854008694,-0.05852347441845422,0.6710266456227546,0.7441981113708305,0.652411941785068,0.7230289324617758,-2.792005610816554,-0.1437440354040771,-0.7045747301959417,0.2360215266803584,-0.2660370985356246,-0.3514347474380656,-0.1907784270402374,0.5881007972655928,0.6809558009041612,0.246466169697375,-0.20443807342461118,-0.40968649919703254,1.5425879193989789,1.3597738252996636,-1.4492270751466203,-0.2955373445045492,-0.26456723488402284,-0.3827158234584888,1.3173359221765497,-1.4594480019967635,-1.2964009597434285,0.4113495164479409,-0.8390495092261037,0.8536886077476439,-0.4008195716100881,0.013017379939208833,0.7012366423308048,-0.2891247203962203,-0.334574649285883,0.4880918106407938,-0.9719116390753724,-1.216052419166372,0.9162496360187176,0.4210141182562368,0.6589105294385343,-1.2619810551959387,-1.0808323070589712,-0.9273262814987844,-0.5615430790879192,0.45728130827137087,0.11821678668624315,0.736898864456017
9,-0.992350380915143,1.1629819956649545,0.8417665002409951,1.4194416531873912,0.47993789356620226,1.1114905467610885,-1.1331314037866496,0.7875294868955188,,-1.6406359150059346,-0.624868932437603,-0.179839375566068,1.7072669662953743,1.970601226656756,0.30167231417353646,-0.36763608985234436,-0.07831161467050313,1.0786548126149034,1.5557828441568438,1.3373828835486472,0.1074986681103681,0.6485094359379668,-1.446359069396342,-1.6492341427147628,-1.181746040865136,0.7345862130981169,1.0048385512779179,-0.270019583352116,0.33431162390025915,-0.1553971467241063,-0.27458433539239746,0.8020359176536628,0.9564771058936283,-0.8739943380346986,1.859576187857861,0.9710415104376589,1.0339039629662654,-0.4935164930273237,-0.8037147579280601,-1.1084323318560878,-0.9518701285540059,0.4247642285368435,-0.7386937035849749,0.7761859179802273,0.8969114020788623,0.8745877695487466,0.8797892777929138,0.7310590611625416,0.05228129879150077,-0.2593430475040272,1.0858693277234133,0.29959044303347865,0.9294244168583039,0.047502093981947865,-1.0656032728952638,0.8744677012508323,0.9667489360367126,0.3959684737278514,1.321962783697342,-0.049199097098392805,-1.3116488976569836,1.1110403185382378,1.0462703996690745,0.39835948962415574,0.8103726594662934,-0.07374786561272188,0.0009064753616983028,0.36164866044303,-1.2093245187724502,0.48373830565115056,-0.5927672884443139,0.723994125534606,-0.024684054494563904,0.6740803146832376,0.655488149251816,0.7892658677809165,1.2596837248445918,0.7893542761002567,0.7073672796001977,-0.1924824582700124,0.8420779632907894,-0.3870308567945244,-0.6160052786611122,-0.08967280962757569,0.9743006468046908,0.2736651661307172,0.3384107393967713,0.7291594863844396,0.5280765015178144,-0.30232876524039154,0.8832424805721502,0.007340011998145581,-0.07603467387377152,1.2027338030058792,0.5417425451840537,0.8185504036000723,-0.13696515712964896,0.6279197336984653,1.055729872615787,-1.7949736398985454,0.907536505600552,0.12873203408895123,0.8034358461396212,-0.09134410124225503,0.6391966800562773,0.5291147654355961,1.2491670736454814,0.8885222900424269,0.2836153675848338,0.8573506730893807,-1.2542884142504225,0.9762023968341765,0.8870569539509869,-1.5124925469818795,0.2372466311431476,0.3092602010882302,0.5290919991851061,1.1328297845301123,-0.6109470282262633,-1.012054479750215,0.5665230401771786,-0.4288025066985902,1.2393560180100736,0.5848151379853188,1.1261277856567224,0.4556202847353235,0.13328019944751174,-0.0028406227327012587,0.9101332704454765,-0.5033213079991256,-0.6621339577462856,0.4502142625202634,1.133260886012238,0.21860269990641196,-0.7002373420781959,-0.6687010079595731,-0.1396481099080258,-0.20103889529134936,0.2502452249647187,0.904285803683028,0.9224513123045521
10,-0.7780740812220327,-1.7977794089345323,-1.129995959140519,-1.417983907274812,-1.9375372204035957,-1.0691054847829307,2.821208645767608,-1.9016102102669024,-1.6406359150059346,,-2.360377746620489,-1.3326690526586464,-1.572648355998214,-1.7607447646162173,-1.4068104336510732,-1.4160619012844173,-0.772188770438642,-2.6433858380502215,-0.7377531470333208,-1.821979329708668,-0.9447767164350732,-0.5776645491113351,-1.2669209653378717,-1.182690464612906,-1.6372928478937576,-1.9290004168168298,-1.153444289626262,-1.579711343031321,-2.1639300771158188,-0.8820400125361124,-1.771543108114363,-0.7867815728588067,-1.5727737689094503,-1.05584451365132,-1.2746092134620515,-1.0708278583037945,-1.3658760739676858,-1.2368682762830634,-1.3819008856356998,-2.1668515244501427,-1.0775566678671542,-2.1176768828644263,-0.6296102113759172,-1.8719501415366666,-2.1397677066788843,-0.8124874006016275,-0.6297189712116394,-1.737140613555431,-1.4768653831242633,-2.157968520601071,-1.5224488755612737,-2.1967897778983057,-1.532861272725581,-0.8486636505665284,-2.4710608191210164,-0.7582485332356178,-2.000634734351717,-2.389758151858017,-1.7810087925011024,-2.184379400418009,-1.5401654672404979,-1.0876330322514751,-2.056634574248203,-2.6230449525339816,-2.324594480689487,-2.5550949386278137,-2.047152478682563,-2.525718641859921,-2.2500658062990597,-1.5908629404104286,-2.5208529974098517,-1.0795882938612882,-1.9219524635127803,-2.0950959208770796,-2.0078479053894407,-2.377601934331085,-1.4948740361840107,-1.0084915946416153,-1.947437541990153,-2.3306147657661835,-1.933567548696521,-2.162090991842902,-3.0860018274746475,-2.7306076240500845,-1.4739876528565856,-1.5909726669339528,-2.399890173904193,-2.445413515641669,-2.3608925577009185,-1.177581452487307,-2.1589551512496277,-2.2295472100458205,-0.9324116596597236,-1.8934169002946286,-2.3726105909530193,-2.01438296195839,-1.2825883978378743,-2.3562703746679197,-2.245791650464378,-2.73935509154348,-2.139196196015957,-1.8079315134065614,-1.349979566617953,-2.062823068009829,-1.2917915249394876,-1.254785663325182,-1.773217177807376,-1.8752551925868794,-2.307772397133125,-1.7836289505287535,-2.8029461852567157,-1.9170670951840076,-2.0353967295174527,-2.7452657919347048,-1.546618915376751,-1.520656606513865,-1.9055927315721952,-1.8966985741422697,-2.8477893058496937,-3.0686349460038636,-1.806628428222814,-2.6450379250030327,-1.975099420894817,-1.775682636902886,-1.8259216137286232,-1.8418410689371478,-1.088600033989076,-2.1804599147179466,-2.075399378814042,1.0130288899032942,-0.6482678000892024,-2.1087350666672693,-1.7417945687475074,-2.301240378000567,-2.3056326770078406,-1.0985434910040408,-2.039514666350794,-2.5820143288779662,-2.2527393163199565,-1.195862298479268,-2.019755711582522
11,-1.3708533258285658,-0.42040254604315896,-0.9030226084559212,-0.9215062591770291,-1.1592946269870086,-0.22923580914001937,-1.7688602496622623,-1.2823719224425298,-0.624868932437603,-2.360377746620489,,-0.9377839728322221,-0.36218486446017256,-0.44841770661771774,-0.15899545174100252,-0.1483963741827027,-0.8613190309683563,-1.7500830023486833,-1.020069837940194,-1.0043681181482749,-0.02302556253103773,-0.032148619698513174,-2.3109653185521872,-2.5829591888088386,-2.062554271432962,-2.0436397398148767,-0.7429046328552847,-1.5268157671773406,-0.15896784935403174,-1.424981748206237,-1.3769328289364169,-0.06265327001190914,-1.190956864423234,-1.2740670404000478,-0.35975613934097544,-0.6219793116951274,-1.061346538571218,-1.6273294219009888,-1.675162500117961,-1.5859708851718428,-0.4330024567298569,-1.501442285559416,-0.31610077260498265,-1.3727892567079945,-0.40194942664004035,-1.2127961809662946,-1.0987098417784775,-0.04616803823865254,0.27524583807091246,-1.0708304937473767,-1.36290157108224,-0.3798073224192804,-1.3563949068448506,-0.5029229096743545,-0.6890564971724502,-0.8259816585270849,-0.5138357082260884,0.8901120267128507,-0.9182172477860755,-0.7722595322891472,-2.1789212014064185,-0.13488271824223502,-0.6518904838874028,0.6849164434463202,-0.6708328914330698,-0.8922330101557994,-0.22792525528398208,-0.7545419574926607,-1.0752512460281602,0.2377751580838347,-2.1258452482662378,-0.45405780031548515,-0.6049562630017566,-0.42266038029566594,-1.809649629400384,-1.8957331976917795,-1.1435793714691853,-0.952187975142496,-0.6138901828069222,-1.0558145569021329,-0.6069562096581016,-0.7755806574319314,-1.1894482529902441,-1.227388199738248,-0.5608442223938405,0.15155434648668395,-0.09047943002236691,-1.8286779432687112,-0.35898254177321076,-0.20092939693028952,0.8194214000372715,-0.39338909174585096,-0.399164175606056,-0.775722782873123,-0.3384376342440061,-1.099591169232874,-0.6732769140571557,-0.47285302423316705,-1.2196471955061217,-2.776968998778984,-1.78265951073651,-0.6910350488616076,0.36237977371293856,-0.444871280642221,0.12060469758764869,-0.1417394029682457,0.8728427031374911,0.8121299235459314,0.6916248744736742,-1.424816399569039,-1.3344101622399949,-0.9982467669155767,-1.205079060681666,-1.363710418283154,-0.6565498254247211,-0.5333843903660346,-0.06427203394002633,-0.23891219719482423,-0.841268869995649,-1.4487575368348704,-0.5092582964273846,-0.5701777397778462,-0.12494467007140704,-0.6225681584366185,-1.1986251070356608,-1.0041413473227983,-0.7109054868287384,-1.3593987353162982,-1.5306590382810845,-1.3428911889611503,-1.7144550889919121,-0.4690481995333363,-0.16246991168836236,-0.6917857226718305,-2.6188958029066995,-1.8500502080616614,0.029690938949426485,-0.6098394229424643,-0.9193296383650004,-0.7389053900310381,-0.8722640583624697
12,-2.0054700092272904,-0.40306691083396473,-0.055961126073623864,0.21308865225133847,-0.45636377463722627,0.054492277226060336,-0.6556791274468675,0.21012291496217475,-0.179839375566068,-1.3326690526586464,-0.9377839728322221,,-0.00011718179322279226,-0.286120700010145,-0.7164971284810887,-0.9719298503259697,-1.3888347594914114,-1.2917957440251746,0.1714510990674157,-0.17115985850442764,-0.7346406005625481,-0.14988196166706566,-1.5989266380049592,-1.422016097740996,-1.854950340429016,-0.35180451482098485,-0.4095870208764965,-0.8299304002232529,-0.2642178742790343,-1.0225601027190827,-0.4633341321533678,0.248348362738663,-0.16410099051567073,-1.9874162601374445,0.3664952916318948,-0.39336811494422175,0.20012576753570124,-0.2566811911619344,-1.1706902829231558,-0.6256458752226508,-2.088597507031284,-0.6594809174791197,-1.5487723303897247,-0.3392797595408938,-0.01873769543598961,-0.24777758696214494,-0.1400075465211509,-0.24903576918524867,-0.10440645879685424,-0.45430778793260035,-0.2758894610776101,-0.5339809329630111,-0.5187790359403687,-0.006340903783797443,-1.9019177332823225,0.25182273033709274,-0.5708401622003617,-0.4281749499003579,-0.21283751023337502,-0.4378327929875347,-1.735753893938028,-0.2395026509327191,-0.2458028856290367,-0.7278610041247033,-0.21645054545747544,-0.2635485754237327,-0.14593088571592433,-0.5019531178435317,-0.4341928395445693,-0.49278274088229757,-0.397586423296664,-0.04377790417214036,-0.08578235587239139,-0.14308250329595418,-0.6150427196091223,-0.6261333051377918,-0.6449856071590473,-0.10485787197710322,-0.09052035624342385,-0.8466703456717317,-0.3289847886065431,0.018141383992501967,-1.1065601534365839,-0.7718694939587756,0.2986907505269819,-1.0609930434717483,-0.7045010386456805,-0.5627581348668771,-0.5069426602306487,-0.638365599567835,-0.01978004836093632,-1.1004178871685186,-0.928847001601646,0.06055016819333049,-0.0897048268368888,-0.4924990192814283,-0.3093812424440888,-0.574199451984449,-0.09949007554562411,-1.9990308718910947,-0.5381988958931737,-0.8582758254028306,-0.23330059400661943,-0.7832184936419511,-0.8285023935738709,-0.6581454552256603,0.09956118233701623,0.28829242717420683,-0.32576193930286024,-0.3412053548874281,-1.229643203432348,-0.05758352681658417,-0.21429484146223185,-0.2287990788771359,-1.157234556007018,-1.0263856689307764,-1.007305409063197,-0.3137110875395214,-1.6296301930639885,-1.1883640767269994,-0.6359852312174874,-0.70191288355823,-0.20779797803593603,-0.72631801046894,-0.7339775834205172,-0.18312381337657577,-0.7254909646896259,-1.177373517876892,-0.4857583522105549,-0.7507689643174281,-1.2441171167407106,-0.5289178963884992,-0.34517381823290266,-0.13677541544820657,-1.260709550938575,-1.1654731265404334,-1.505235388794357,-1.2742444051653032,-0.15070232292021654,-0.10646904293461533,-0.5521187401656823
13,-0.769688598567704,1.0272049699284438,0.9714130046935443,2.3582834873351612,2.2180354162918716,0.7064409688770389,-0.9952942874815174,0.48801660990822066,1.7072669662953743,-1.572648355998214,-0.36218486446017256,-0.00011718179322279226,,1.7274718585561328,0.27231668626192135,-0.30716722190287654,0.11942196352492124,0.663711791168289,1.1405847915620413,1.0114802184497507,-0.25403753278329166,0.5551543536018091,-1.5197636654009918,-1.6004400778837689,-1.700511583980366,0.6530235328498896,0.6657575395502637,-0.8292737691091429,0.7021246744948649,-0.6225174301853795,-0.9159502100292491,0.6026496553817866,0.643656727486761,-1.178233176523835,1.6883189229691669,0.6391054537725709,0.6502794133894096,-0.7652702806592675,-1.0180122847704487,-0.9693709977056575,-1.0890265813762208,-0.2407804128152033,-0.8397353879172735,0.520761724071899,0.6071273161705895,0.40311710562689634,0.8970588851764276,0.3277208240575262,0.005347062018946474,-0.7252688522068198,0.7861804968408903,-0.38884397276984983,0.6447230307805621,0.2654561805739565,-0.8808456431175594,0.726050276719877,0.5825297460743466,0.46819054244477104,0.9253820427864903,-0.31511670918705353,-1.3532767724627344,1.130867503526007,0.8128529156229575,0.20229472757323658,1.5101566644488007,0.2913579220167811,-0.4135278541819023,-0.05545856519095015,-1.3225035168983115,0.2585788552476485,-0.7956923675749217,0.6587280604897181,-0.6611031481807198,0.692488431054442,0.3444958784553729,-0.07306684807226015,0.7323582422742839,0.7232698717791182,0.018121542689734774,-1.1906637275607483,0.6230290491889309,-0.2765917342506716,-0.9495430873627426,-0.935686973552018,0.7784679041233038,-0.13586310195615695,0.04700607280957819,0.175492559625326,0.32761688741842,-0.23240619376954058,0.6854867511706452,-0.2074467251196431,0.25562783636961584,0.9167774220309214,-0.11832088530362747,0.8094973562490267,-0.3684586045229767,0.3293839104759513,1.3161513084039262,-2.0164843640022596,0.15388458097039323,-0.23726444694781346,1.4840569907787864,-0.3688554511219086,0.8002724325397077,0.25153090832130603,1.0155076289788634,0.7193201677961572,0.23870034117252345,0.3173223314653926,-0.9635434107027182,0.8823874425254123,0.43056047600701464,-1.4362056096877251,-0.18575784953562635,-0.2010867733262676,0.0391720308108779,1.4050246638631654,-0.6430468424640071,-1.0373550091230757,0.6483589072580139,-0.4867070629734663,0.6981488604762282,-0.336331684818963,1.2104992401728563,-0.14551672616091316,-0.4384047349349062,-0.13408362119609205,0.7669483711568444,-0.594085332661261,-1.0491494681108977,0.5212807815433756,0.9596792511001636,0.02058768307729086,-0.9985752829488773,-0.3247184134702818,-0.3656289243223656,-0.24518269720909863,-0.3505743862569632,0.5123866866993927,0.6197889232081051
14,-0.9730515189542911,1.110070848508921,0.716197685252106,1.4067730105255924,0.9644779270120045,0.42897164455891224,-1.266843855641724,0.49071388513499414,1.970601226656756,-1.7607447646162173,-0.44841770661771774,-0.286120700010145,1.7274718585561328,,0.4189102740702629,-0.10670080935374646,-0.15666761195989248,0.29963345186803303,1.0476316066451616,1.3940992961419785,0.3125937626955633,0.6634745323226803,-1.638203258403413,-1.7072127927353593,-1.8416878287350418,0.7187931254706194,1.0592005429232652,-0.7988303847969187,0.9136973996387185,-0.6297307693409987,-0.5911270922296997,0.7345282045151548,0.49659358022252936,-1.2335445357107166,1.6239329452343483,0.8426341737153127,0.8350036435867958,-0.883566816524914,-1.3107149748629725,-0.9551035144558517,-1.0714155022914806,0.32502640961719637,-0.748722365403804,0.8488729024365647,0.9854303953880167,0.5424678890557909,0.6889878094532514,0.5819067545688648,0.1858555606904409,-0.5496000333798252,0.8029314405805498,0.05611716384359159,0.7581082781986221,0.04486616489968156,-1.0449147777370869,0.8190834352115449,1.08191470679567,0.7088674484249389,1.2968703974877909,0.24660969663334065,-1.234803356680209,1.1351756073214703,1.1647882995226502,0.7463456817053273,1.0048122690045496,0.3397254492242565,-0.29978921677196124,0.6656545766371934,-1.3104449041146116,0.47414551698396934,-0.5809247885469437,0.7520643818929311,-0.34424036352353,0.8136166426892025,0.44540303374574225,0.5510359248064133,1.1579736738159727,0.5853151968442438,0.5834413639595214,-0.8913126175517893,1.0898397291157749,-0.46701679182085326,-0.7200281781856793,-0.42823290435082784,0.8309340489904244,0.42334736996445155,0.49648248174544396,0.720793465047044,0.6181591690823467,0.027097846722102272,1.1600706311847568,-0.04739606293113034,-0.1921598096416538,1.2004925821624957,0.6853536581803378,0.8699462470393233,-0.22976995621170931,0.7170472731886128,1.2159360063938431,-1.9260113042070504,0.5698198827892919,-0.18290366533158595,0.8659125432859551,0.3243026954241733,0.8215822875977675,0.792084204074388,1.2660181140873823,0.9518784795518023,0.42214369757515025,0.7257551418233719,-1.0432026308760636,0.967814913058616,0.8902959976083924,-1.50154248745784,0.38171755538654173,0.19118453669068147,0.713321039972682,1.2358262597214698,-0.41920098708769143,-0.714573147229962,0.614263514698994,-0.5900332109958225,1.2225156067401237,-0.055613757449938,1.2620915611501597,-0.18780374210844364,0.06433100247156859,-0.06996219791056432,1.1120437130882947,-0.8265121481090193,-1.0683307643288664,0.4095823242597701,1.178455798180391,0.11807452991588302,-0.7133435279827451,-0.5219953875993025,0.07225912854279586,-0.1914577150917993,-0.022979913560934737,0.7053039738948823,0.786913907173719
15,0.366536361859647,0.37601481934349895,-0.30672451943003193,0.10481282943005828,-0.5328158487569995,-0.2216437133633689,-0.7943059082394466,-0.520976252329964,0.30167231417353646,-1.4068104336510732,-0.15899545174100252,-0.7164971284810887,0.27231668626192135,0.4189102740702629,,2.473350727891588,1.53187120787611,-0.8063661854746743,0.0357527019548197,0.6322825152441085,0.7098424337731879,0.6086593154818728,-1.109444403996798,-1.6351112424487289,-1.479638002917833,-0.30513443306253024,0.3603921952232146,-0.7688124386892156,-0.09904281114384313,-0.6489570995769018,-0.26723098855821337,0.7213399653517214,0.2900368753489921,0.3535255794996116,0.5398087905478508,0.8226476302673635,0.5805533594864568,-0.8213082992709942,-0.9570874545229163,-0.5670999270061282,0.4307872015391045,-0.4836070440920181,0.8070914793382161,-0.2406718211785429,1.1468869068051535,0.005542253855770015,0.10837711565186615,0.2037094527700621,1.7088763047027766,0.5963169016205645,0.643308954709165,0.4793755154970818,0.7029026548525066,0.1759917615078524,-1.1354551335668612,0.5417296306233974,0.18538071625093838,0.4872714600616978,0.6042017024870364,0.2775703145226978,-0.8705395979395154,0.5359770742229216,0.5937697661714775,0.1490966979352226,0.604957725685557,0.672558057921846,0.6264264481171081,-0.060689384157494995,0.09461105002707884,0.555962557244403,-0.4082629332751161,0.5279860636684828,0.5418680817974796,0.9430315396582625,0.20722580153829226,-0.35454308622954595,0.5521853358088363,0.558480759635862,0.6573119480114061,-0.6647635181496779,0.5820115030748116,0.25424931062737494,-0.623280361034582,-0.4694289722650158,0.39875415953707866,0.5157686281995763,0.6188543803716597,0.016314416683181315,0.4315418370262076,0.44336182395026985,0.1259421223140457,0.2940162229485423,0.5772026617233065,0.74181328436145,0.9084885032717348,0.41983015032586446,0.625829368906522,0.4016791383858151,0.428023496040381,-1.462342575557554,0.5222899748914495,0.3116087259574204,0.6375395285248782,0.15987854659709289,0.7560285534647907,0.7486198231594358,0.6148383051430361,0.6427764305211477,-0.18838670131057342,0.804736485957008,-0.6029817166644463,0.47113045562279854,0.2921639809982874,-0.6793579497871993,0.5844690996212228,0.5492917166300889,0.25644946163953597,0.685131736832089,-0.07441006540194328,-0.676073649952417,1.0315730560227798,-0.2750005462433651,0.519346067427707,0.13780640986033818,0.9585024882310409,0.29007620720723304,0.7077532724396494,-0.5080879100189057,0.35149500280675516,-0.07775035201275553,-0.4194880486983436,0.44681381546395604,0.25838203800817816,0.5419598720934393,-0.800196072590018,0.4408910159862907,0.2510832737488213,0.37921332917394773,0.16729944134346178,0.9921261448691966,0.5186136350736942
16,0.5376097678173813,-0.5114179352990049,-0.8415952326838527,-0.361563348963916,-1.045183882754712,-0.920432425987036,-0.795780593857696,-1.3796151879116365,-0.36763608985234436,-1.4160619012844173,-0.1483963741827027,-0.9719298503259697,-0.30716722190287654,-0.10670080935374646,2.473350727891588,,1.2635410891750156,-1.5767698388966136,-0.6873413188221037,-0.30170717963955573,0.38850140499942626,0.3641925622691226,-1.77096614148282,-2.1769513181135642,-1.7254900652340908,-1.445607476698476,-0.4217083970125942,-0.9984418848463004,-0.32286979135293303,-1.0362971661879343,-0.7214510873244676,0.6023753026229948,-0.55720207885847,0.35022101334022115,-0.06817983974987393,0.11208891654616006,-0.24086692289339184,-1.0717557360272758,-1.4430937954899377,-0.5429925084969295,0.44018436131933303,-1.1546962047025369,0.6451074181350355,-1.4820806844086862,0.6005698841893222,-0.8008559663198137,-0.2570734471492705,0.0537643963459417,1.0586069331937913,0.21717621603109927,-0.25201066218466067,0.2614347179930874,-0.29642122839843926,-0.8496899889339393,-0.9281434205782344,-0.01674364377398153,-0.22648448510466182,0.04733619525889499,-0.2407231555464129,-0.6848234764647797,-1.5656970295799968,0.059979545680608155,0.23092863906065045,-0.3172603434107974,0.07061161740469289,-0.1854815854287755,0.6412979259309977,-0.8980310800102657,0.30805549520194275,0.4091848898152498,-1.1308890598165018,-0.3408137467409832,0.5737641165816448,0.4442107376731196,-0.7287298311621307,-1.337438571189593,-0.0961801723568813,0.0373929841437533,0.19973609924664174,-1.0414591698050066,0.08153163137040874,-0.021475009291483823,-0.3511016284763617,-0.7549294311745948,-0.09705604886305011,0.6871195830004747,0.24444833800603694,-0.9534886742616291,-0.0998624108581414,0.02387843184792011,-0.41840368834615876,0.16730998485871657,0.6725774720350356,0.16919272278683276,0.39969243383156594,-0.18298656284724626,0.38577770824815083,-0.035596090655777485,-0.8672728928780309,-2.288114504064087,-0.2736691596126794,0.11315618503212325,0.3620022691848153,-0.23033357303206917,0.3317598601839329,0.5122476794734212,-0.02277002852118961,-0.12185751558500131,-0.9215080956240997,-0.18885720409182488,-0.8467456628621395,-0.1853723595072604,-0.4482820483841451,-0.4090671186009335,0.23234819346458133,0.10101543927400228,0.28963379704049536,0.1283616090794014,-0.14410031923325092,-0.5695038879749181,0.800539828093246,-0.13718550928718581,0.13570638479300365,0.06148466539659522,0.08633553515815481,-0.1523563460394125,0.553694183141545,-1.3236430539924993,-0.5735564550553474,-0.03635902290136165,-0.5323363184058884,-0.09451821693100805,-0.10242886282202107,0.21877764321548682,-1.543372279117312,-0.10521865823420563,0.25188850510603344,0.25452977589207404,-0.4224824216032676,0.38103936195964844,-0.09103334104125985
17,1.5343259711690656,-0.1008128675271374,-0.9354574836496253,0.1698286376471791,-0.4694849582621259,-0.8545449699492138,-0.23462268225619476,-1.0480016953489972,-0.07831161467050313,-0.772188770438642,-0.8613190309683563,-1.3888347594914114,0.11942196352492124,-0.15666761195989248,1.53187120787611,1.2635410891750156,,-0.16225037426186906,-0.3168229265120799,0.16804548237568526,-0.14811556535629106,-0.07357649389982784,-1.2693365807682375,-1.5521209057482273,-1.4819557060451252,-0.7844591579611572,-0.24584091363694874,-1.280860761545983,-0.4443110040421701,-0.7497114651057627,-1.3575455174300195,-0.2456954982264885,0.9447127848135075,0.3543076350705264,-0.14768553657578465,-0.0023820558853631458,-0.499735178545216,-1.4299754632506048,-1.150885598074721,-1.1567966043675995,0.7277795806079634,-0.6276954406304327,0.1771472008956264,-0.6633448531902454,-0.2535811084088926,-0.5362713353696108,-0.36501948070607637,-0.4186851541258062,0.42167207585934996,-1.2441765823260422,0.9821160434276135,-0.8747851786846064,0.9518540754754483,-0.4077419445096138,-0.35204623890850145,-0.15175730971777363,-0.7307438360627976,-0.27631046570245565,0.03521667795925654,-1.0154600833372156,-1.2919040508203963,0.3617685888367911,-0.25932655196414456,0.06006984079305466,-0.14439685985375145,-0.5760214862277762,-0.9477592065584489,-1.008784753361741,-1.3880265731154608,0.3309431331517203,-1.3904123588760195,-0.1806027044153492,-1.0093337916432596,-0.28415676256756184,0.5214729368869503,-0.5846078969124999,0.21107485675066306,0.07373498911572965,-0.42148325087154076,-1.4987473540947287,-0.3769193260884364,-1.2157717876480962,-1.6796782352692006,-1.4990555484545607,-0.4054007185106988,-0.21594732149832105,-0.36328973191216335,-0.914531497044186,-0.5359137797692269,-0.328750558426073,-0.49262939627411945,-0.3506487862280165,1.4475084013808184,-0.13609860360217096,-0.5110485169400373,-0.4486292760017975,-0.20003182537410666,-0.5137256034784576,-0.28717276450177526,-2.208818554259092,0.36319837382825176,-0.6836456233188294,0.6279981976406908,-0.5724900203051663,0.02697808899999464,0.0650374093791367,0.20602668150637404,-0.19976318855427042,-0.4762403265456849,-0.09082237608765165,-1.852780974486128,-0.42760815203346253,-0.5947532131439679,-2.0431703911962207,-0.13882018066065133,-0.4543304764323209,-0.31139163988083485,0.022429573885147953,-0.6899587637235061,-1.6893614704915247,0.11911751797913213,-1.0819186923219999,-0.20758152641744884,-0.7526047810331657,0.9960093794007393,-0.8038066339541909,0.18187019355505657,0.3365203474348001,-0.5601178771437331,-0.07107299657316266,-0.9082241608044939,-0.2659300616953035,-0.08353192927998586,-1.1681955890156694,-0.8317735106417259,1.5568131144574506,-0.49553532745152873,-0.7175799349722617,-1.3637369866646774,-0.2506165066001037,-0.5772093248177187
18,-0.9655254874413297,-0.03788563931899485,-0.8741304666306897,0.7009640686575777,-0.21605727212756556,-0.18207001789054997,-2.1388208323580513,-0.4464225978663297,1.0786548126149034,-2.6433858380502215,-1.7500830023486833,-1.2917957440251746,0.663711791168289,0.29963345186803303,-0.8063661854746743,-1.5767698388966136,-0.16225037426186906,,-0.20552527616303443,-0.03446035930012455,-1.1940127933041491,-0.8496873344730743,-1.9438773831081346,-2.2089870264901736,-1.7547747061460344,-0.2525445573000191,-0.5207634767711845,-1.378994137025721,-0.6053551227370667,-1.3121271813694657,-1.6954558204912686,-0.7765457959558675,0.47219985447748647,-1.7942645541168083,0.29314555575364803,-0.5401443595200561,-0.46080201272891436,-1.7673430380165858,-1.5702362951228468,-2.2098845176298503,-1.6874090628726084,0.1012760065204962,-1.8104598394131686,-0.5727049115897074,-0.5931068336271854,-0.5780654350946941,-0.13080210524375652,-0.08297379512685088,-1.2667156298081905,-2.2315605803454366,1.021978069479649,-0.9413238126289208,1.253845164830721,-1.214224855358922,-0.5974714995020431,-0.5941373820201141,-0.8919032547053874,-0.806903221468452,-0.13914766461412287,-0.8743366260062079,-2.056782841346694,0.008186469334010984,-0.3385651184143915,-0.449669772100566,-0.37433048321705786,-1.160493248042505,-1.579610972452803,-1.007720835607986,-2.6074420120544057,-0.6860791623276523,-1.2649212276283945,-0.7779056855625899,-1.456974528639255,-0.7434655036796477,1.3840057583207983,-0.25097629625928036,-0.019587513781095914,-0.7472603046023351,-0.4430313339070678,-1.4857493887844881,-0.7926107146439821,-1.7530339779249942,-2.281023258484581,-0.9995445160938877,-0.26509108393745284,-1.130885945060478,-0.5770228004007518,-0.9356077749208961,-0.4585067918295247,-1.6032925631736858,-0.6589951010633212,-1.0890206375002884,-0.3868806257904606,-0.2519363172333013,-0.9652357009888002,-0.30063514345411085,-1.5341124175015828,-0.9250870031823119,-0.04379465940656459,-2.863928469964839,0.20365798808709704,-1.2600711350450924,-0.001994415376229477,-0.9613717384706857,-0.7082850402046104,-0.7997221807466117,0.20736130668995478,-0.43734999357471954,-0.859539747786005,-0.6358197765228519,-2.412879063379653,-0.36791179704011595,-0.6707916029034918,-2.7085028933252056,-0.9727564176109401,-1.0210518461922005,-0.8578514108203543,0.026589605762077903,-1.5862921417493823,-2.347931688987737,-0.4560423452434868,-1.572065881900379,-0.24480508770472953,-1.196212077522206,0.7048914598077308,-1.2290928464038884,-1.2551278455191968,0.4991441611203769,-0.6908112683688269,-1.891913796862004,-1.947289845854906,-0.6701034264148213,-0.2739453758083194,-1.4801454567180166,0.2050267520326842,-0.1571664680215082,-1.291465624847702,-1.3101979029351694,-1.3926379850686779,-0.7247864502755216,-0.7238760852103706
19,-1.1101476496383502,0.19907682593708867,0.6071095633667121,0.8085798985417562,0.07941893919955648,1.909542060413641,-0.29212810178052306,0.8250099612189578,1.5557828441568438,-0.7377531470333208,-1.020069837940194,0.1714510990674157,1.1405847915620413,1.0476316066451616,0.0357527019548197,-0.6873413188221037,-0.3168229265120799,-0.20552527616303443,,1.0638904588766753,0.2811095380765239,0.9333389046595971,-0.16382247602431949,0.2461513950213318,-0.12745154914769027,1.0229466961552454,0.6259081123336039,0.07178142100453362,-0.2503653195799875,0.6427554108901895,0.6138717760465711,0.9835407318749075,0.372083152985774,0.28743391254584155,1.7437817598974097,1.0966185331273783,1.505114471196689,0.7156114695153424,0.39435416043039745,-0.3509260986417355,-0.15381997438736095,0.3484461753138315,-0.4477994600631948,0.8425921885317171,0.6506999109306175,0.9424406941555362,1.4343290990077926,0.7862198636315809,0.4533534100017273,-0.5815507205118577,0.7781263711866238,0.16057949484211106,0.7057434222760357,0.6133121669998096,-1.5005294208224293,0.6157328890453698,0.2618454182533157,0.00995104798453889,1.3379065584162293,0.0857750080764185,0.3225189464006575,1.053319761936266,0.6750504092499211,-0.17316112241231832,0.5616282348921714,0.13751286636583437,-0.2141375704624853,0.05329360133959395,-0.8544847748171658,0.1891696768105445,-0.1698556811606828,0.5446916604733815,-0.3659191592424307,0.6337885646649933,0.5307493793630718,0.15227337976982794,0.8816400250408297,0.8877106768099414,0.5767900654336335,0.10313686856124338,1.0604896056827766,-0.20512425776731144,-0.878408714735739,-0.15939829176561454,1.4195054522151551,0.2658398776910897,0.35768507768153224,0.4222902457391578,0.18222323390363343,0.11703378034541825,0.6597489302051914,-0.1755761193075836,0.18165690828429584,1.2013872458685948,0.20780346094557933,0.8988761219829848,-0.02842286166912624,0.2401280013420216,0.6068509334600645,-0.5630335748100205,0.5032320535266606,0.5536796192414013,1.0446353552429948,0.17618855315314752,0.3589939862481487,0.37052266587351074,0.8705144479599408,0.6686289575366796,0.1663588998112968,1.6301539272647645,-0.5405595595441512,1.1903192018957076,1.0222696291480466,-1.272434639393197,0.10001814374282522,0.37289720403147625,0.18855341249157148,1.1523404801607007,-0.4593488780504574,-1.1089124907217236,0.5794737902611429,-0.5451475093350984,0.7189610195067202,0.49905638726335066,0.81832143305877,1.3556508959756974,0.04629701602513236,-0.2916023173842306,0.8765397588076168,1.1465160906932501,0.3852035003870857,0.24388815424942187,0.7657422450451972,0.22807836625327485,-0.49088494497666146,-0.14141231205471885,-0.6495591967846631,-0.31718845597650325,0.6827360603950388,0.8712268848339473,0.9498442974186798
20,-1.371713226317977,1.674535876963409,1.1269111293043297,1.4022310896322008,0.0825780216950848,0.14350721268972455,-1.2505438350532527,0.8562268717444899,1.3373828835486472,-1.821979329708668,-1.0043681181482749,-0.17115985850442764,1.0114802184497507,1.3940992961419785,0.6322825152441085,-0.30170717963955573,0.16804548237568526,-0.03446035930012455,1.0638904588766753,,0.299779224163103,0.3561725672834784,-0.9936937313538275,-1.418316222284644,-1.2971130289214108,1.2631741892078632,1.3941894295079142,-0.38538983329771936,0.6540392022259689,-0.13058179989236424,-0.9725155474546343,0.34808059703021765,1.1199575925011112,-1.2281233292980342,2.054615228098292,0.9698530471647616,1.6994683728907265,-0.8079839782062701,-1.0069281215057428,-1.1718753582847439,-1.4363281666259133,0.7980796870432278,-1.1173430575738958,1.7934490092613165,1.2907459794023461,0.980230211123521,0.32378286809203144,0.7529287412604115,0.3253807895606489,-0.45818068001499673,1.6877811560134093,0.2046630017766026,1.4961609308172337,0.6996269971491692,-1.2546859508864059,1.237351877514958,1.5038309668282523,0.5053320114657739,2.1415550616666077,0.30697027970268165,-1.0209846149970359,1.285392071924848,1.7472717948985432,0.8085368328651238,0.7565972608360486,0.2643360450620649,0.2818532523540631,0.9910646163822464,-0.9824896583429424,0.614202266584421,-0.47311434836629157,0.752408698889728,-0.21213432550592207,0.8285727574425185,1.4058414660000726,0.8024947223015548,1.6481183551927736,1.3342081186582262,1.2812701675702187,-0.46861056664526973,1.159935002710288,-0.20094839913734822,-1.0468889038393256,-0.04854022575827183,1.2257895145685052,0.2520599331253151,0.5750568794007148,1.4845662522933518,0.6820508801027647,0.19023962128237823,1.268729804800052,0.2660062052592722,-0.1744230368064872,2.015393300597435,0.86332453699955,0.8114547464606602,0.07901974127870653,1.1927472502288265,1.5818900583747733,-2.1274824145590947,1.4559359252291304,-0.2838470537328415,1.2385012627609553,0.2623959946766549,0.7782613747979035,0.8288725619950026,1.1362593795197753,0.9730736057087828,0.41469139213201556,0.7782063664116514,-0.6832683251427898,1.3799572185125717,1.9727297404460473,-1.1075417609623976,0.5509496973583224,0.44287312437121745,0.6310041887171952,1.3128999320150443,-0.252030877654614,-0.7592266847604192,1.0408060008453348,-0.2890924333881922,1.3878601856058281,0.0656672064117796,1.539907753541035,0.46065461855108475,0.1732949141739898,0.4470947385448607,1.7267630304707766,-0.697334540341756,-1.1575570208102781,1.0723370451039391,1.4517152377481848,0.7344431652609255,-0.5736819116623839,0.013743755838291639,0.007623487840245473,0.1807735799079134,0.3655823106447031,0.9201578626782339,1.1652997466410393
21,-0.499539020053228,0.3442629291794538,0.5409484579922439,-0.29963558843283483,-0.7166187091326163,0.2304656401906524,-0.4816066285761331,-0.06974393863537644,0.1074986681103681,-0.9447767164350732,-0.02302556253103773,-0.7346406005625481,-0.25403753278329166,0.3125937626955633,0.7098424337731879,0.38850140499942626,-0.14811556535629106,-1.1940127933041491,0.2811095380765239,0.299779224163103,,1.5380662220089922,-1.3679969930445588,-1.280939036183703,-1.31669663985765,-0.25999361450641073,1.3120089109797768,-0.2594044586939293,0.28247016996461477,-0.2386814004042401,-0.14422193788859963,1.3244836399447824,-0.2218854710684933,-0.7779252486551952,0.6437408316520573,1.5670402761960038,0.613774855276696,-0.26631627530273716,-0.8837252127080332,-0.8133529011530553,-0.6940806747268568,-0.22004197883534837,1.527220407551817,0.1453665336146235,0.5794141679414598,1.173727505905863,0.47630280633611516,0.653398953321156,0.7318861447452566,-0.14752623223560776,0.058748480676985466,0.9178536441980915,-0.036901350369775425,-0.056185754735261016,-1.0911127506659104,1.205322986567845,0.6797323201324865,0.4714555849072504,0.44028268651898955,0.8284205094241716,-0.9864854322994627,1.2403518404044855,0.658439629567593,-0.0009299923331360306,0.05518513491013521,-0.13680037112474538,0.4057750803963503,-0.3306896081700999,-0.25468774438393477,1.285795113377191,-0.6774242508146309,1.3743642862950096,0.8572792118431269,0.39007004519409294,-0.2585431572223315,-0.7208528533396327,0.5684995380889063,0.8301940520836345,0.816863364025909,0.12278363486975624,0.4557735940837549,-0.16181598782748177,-1.0818068797997096,0.04352914361489486,0.4094234193785246,1.964090536048716,0.411065540173613,-0.06285706486009679,0.6435810025354022,1.905192134264162,0.42626997748035733,0.4392965788348935,0.665688701284162,0.5874663097311925,0.1945843797540001,-0.10766260471552785,1.2422953328865594,0.7243852771141436,-0.21835848319424095,-1.817628360710647,-0.36081542501760766,0.9692997158226971,0.6787815986569626,0.3957208625347988,2.210790450302722,2.032549348988888,0.20273740058209525,0.21911468615683197,-0.31462529725379446,-0.17494021239700028,-0.8765924034133341,0.08746007766394946,0.2550005033553863,-1.3620532638203495,1.7661493759579185,2.017689891657432,1.851114220184665,0.4604659548382072,-0.21237282497400406,-0.5934738913615368,0.8205688877685932,-0.24754793739521472,0.8322778588977912,1.1531949479151193,-0.05572484088944996,0.2836497222657744,1.6751772075203937,-0.6153088863400338,0.3264646276455317,-0.3479126954917371,0.5717060418560672,0.5788212981268855,0.82403481355814,0.4344850268292545,-1.3839262238209236,-0.6526234341443117,1.6994540866029049,0.34352062140970635,-0.0331476462502011,1.3437365377437185,0.67697915963249
22,-0.11453575449322165,-0.07862869051912039,0.4406952566313981,0.3794822489068845,0.14524528071875836,0.487196948796279,-0.09252070838390608,-0.28081289439639323,0.6485094359379668,-0.5776645491113351,-0.032148619698513174,-0.14988196166706566,0.5551543536018091,0.6634745323226803,0.6086593154818728,0.3641925622691226,-0.07357649389982784,-0.8496873344730743,0.9333389046595971,0.3561725672834784,1.5380662220089922,,-0.7809877892537431,-0.2560995759604947,-0.8709264777934145,-0.029457752000259626,0.7065301925158439,-0.2796484791826198,0.18935904443569737,0.17620168818445645,0.6423727120991768,1.355935827331568,-0.4874905163636636,0.0827211767237918,1.2251664574286383,1.5048270461875084,1.2799642499636843,0.375274367618461,-0.25748545057344907,0.9556125134400235,-0.029656423405140356,0.3508544284503622,0.9973504973827385,-0.22139128861528157,0.664205867424305,0.8927763581276636,1.5899582656430566,0.9984062203250877,0.49415349209355974,-0.06478172019621568,0.3394847767502624,0.9379412803446868,0.006880840154280446,0.023149027014933193,-0.31117595643959195,0.9692170932844826,0.22985464377426001,0.44579249173271307,0.6601552079396535,0.4700509651669487,0.07004008359945894,1.5319815641142518,0.25968201510828703,-0.5346542900076848,0.7550425271190148,-0.027822448346646208,0.15092048880437656,-0.4749963629062783,0.1887259263958167,0.41367183097020743,0.32246738810310716,1.219947253062733,0.30319818472019155,0.9700677642985808,-0.2544791440046372,-0.34809873373461614,0.5526224107436569,0.6831157248414886,0.8653694562483144,0.5655555156106885,0.6972197840712134,0.11948471000573643,-0.818613354798663,0.47477327124828916,0.753538631177445,1.3301370426285577,0.970879714129452,-0.609789160136706,0.7240192412846352,1.3569833242597378,0.2718690227641112,0.46567032509782535,1.0281872891544486,0.8504435835032111,0.3283509157548245,0.029884063821855555,0.3539167480767031,0.07459732189351086,-0.41984244031162954,-0.4547681175586197,-0.04222280127901737,1.326940402708526,1.1081232509901537,0.6279964729117945,1.4082054581944874,1.2306701399992959,0.38746074187939955,0.023811984370080787,-0.3121096137383398,0.9014915121931297,-0.12757515170236952,-0.23492877473617685,-0.14437746645545554,-0.8474241095978835,0.6830202192860989,0.7831755021966645,1.0722966259000863,0.5037324363746872,-0.0018391590645075694,-0.8006999831910627,0.5565986503382252,-0.43213948079948034,0.5706670412122158,1.0880511781875277,0.31812152226422286,0.38269227147364876,0.6259822617542578,-0.8868343288144277,-0.13747404206964847,0.4477560631665587,0.3923524026796049,0.1931771507574707,0.7127113472333775,-0.27357389871671456,-0.5407435696346862,-0.13605880857985517,0.474841055819335,0.08221123161906468,-0.5439606847635231,1.0096331795526332,0.8486309428606573
23,-2.0632686244244813,-1.7983731082055194,-1.482325143463108,-1.2012900704262326,-1.6279729786209822,-0.5465698937629231,-0.9885958184987118,-1.717980747858735,-1.446359069396342,-1.2669209653378717,-2.3109653185521872,-1.5989266380049592,-1.5197636654009918,-1.638203258403413,-1.109444403996798,-1.77096614148282,-1.2693365807682375,-1.9438773831081346,-0.16382247602431949,-0.9936937313538275,-1.3679969930445588,-0.7809877892537431,,0.8976151965537038,1.703287239209646,-1.2216839510514035,-1.5912239879845607,1.0573215188653304,-2.0423485581939786,1.729448022934577,0.3688344282310314,-0.9046659000752305,-1.3062780795907925,0.16320089766667464,-1.2374991971187381,-1.1042334518330799,-0.38529670410585415,-0.7097186630380209,1.8974288796023342,-2.1135623394907492,-1.58078705757599,-1.6564949849776998,-0.6464772478066525,-1.7302597147249104,-1.3415838947548442,-0.312356416755489,-0.9692476064485243,-1.6479510329031706,-1.2361631843339151,-1.6489064815363461,-0.6093787049278849,-1.5561273480366318,-1.2839635710654436,-0.8114404413759848,-2.0418713621306708,-1.3055237161561362,-2.15776432123244,-1.8663338841835273,-1.411027632773911,-1.6366617522756564,1.7560553595495798,-1.3793120692607859,-1.6798473397069738,-2.0783303213570266,-1.5432825527034264,-1.6127729714001942,-1.7036523487634354,-1.7655899716257413,-1.8624975592211455,-1.8921661541239787,-1.8299252415600071,-1.334874583453518,-1.4781194913591593,-1.5620283732195746,-1.4174612726633862,-1.465320886761005,-1.35700511282629,-1.6194191337828563,-1.1503248368250338,-1.2993266578324234,-1.5315047964541249,-1.7845726987047756,-2.3396508166409733,-1.5478212808054763,-1.5488541380712644,-1.4973332278021192,-1.630689574325095,-2.321308806231263,-1.9150439340451908,-1.4233973072598667,-2.155980653522859,-2.0609969857896404,-1.1674013017791813,-1.4349631193905226,-1.5351527540539254,-1.7679266688978972,-1.6672345514677411,-2.457370869567491,-1.811457969081979,-0.025029875205572292,-1.283975234146628,-0.43674706198198765,-1.357974217551477,-2.002648539477717,-1.5485403001018734,-1.4433119933463672,-1.371728861644716,-1.4826685545879181,-1.7556604508584377,0.29828433890189443,-1.7979814609396545,-1.8516557249672219,-1.8977034005632842,-1.8551012264068234,-1.5090755145104964,-1.0888774385866073,-1.6627490089936712,-1.8215401685503494,-2.3653661179719796,-2.4407086474678508,-1.3218132208511824,-1.9016633101634235,-1.6999492657681408,-1.143446428098232,-1.6674565680937343,-1.2636183812604174,-1.9868589987977503,-1.608176727075586,-1.533379072650871,0.12598748984778235,-0.383405637473208,-1.9407920011852622,-1.8704022476399056,-1.7694858635542323,-1.67951496872846,-1.3775118820196495,-2.058127142442915,-2.1132776865707887,-1.6762357800852417,-0.988798131347839,-1.70214132519396
24,-1.6858480802433198,-2.516074830948945,-1.8810848766487083,-1.1323851794939295,-1.158533227760671,-1.1349748629857024,-1.1178209293822035,-1.780181330377724,-1.6492341427147628,-1.182690464612906,-2.5829591888088386,-1.422016097740996,-1.6004400778837689,-1.7072127927353593,-1.6351112424487289,-2.1769513181135642,-1.5521209057482273,-2.2089870264901736,0.2461513950213318,-1.418316222284644,-1.280939036183703,-0.2560995759604947,0.8976151965537038,,0.44859142238433736,-0.5125843913658049,-1.5640033320442566,-0.1340166707864779,-1.8524539575810557,0.922294129153537,0.6766644472870686,-1.2297245698143644,-1.805177886799299,-0.44807085819767156,-0.9482584645509425,-0.9722114206310803,-0.40148727490667524,-0.019080380618459823,1.0933732364712092,-0.4430295518360347,-1.7237752903653734,-1.3290810159886342,-0.5795450068610742,-2.0302601196296886,-1.1424313165454567,-0.5082970197143576,-0.8334788980929815,-1.56904215600211,-1.319285179855819,-1.8939025737137898,-0.9023739072592352,-1.340257931877217,-1.0898582233622292,-1.1360165709482033,-1.8753417775200583,-1.4589356102875106,-2.4500577724453376,-1.6633725129474541,-1.2858933902903957,-1.4092458039611764,1.9182195626963983,-0.760811474218454,-1.6507907152364916,-2.3615790742099407,-1.0503030171152132,-1.2787651715318404,-2.168266955540829,-2.2399544798874884,-1.7680059035865598,-1.950340626646055,-1.1506601710765434,-1.1557002649019774,-1.5814775854410736,-1.204224465570876,-1.1714616141460557,-1.4861729687502607,-1.7505818797729646,-1.8200834166886606,-1.0343377463632848,-1.020971053898652,-1.2694829880582812,-1.668591352234546,-2.47372556744191,-1.646136842156273,-1.8887466458119964,-1.2864938380082815,-1.29530616952108,-2.2580504758256765,-1.6096707193409907,-1.0548699081615038,-2.2254272571505123,-1.7526052253498736,-0.41371262647724333,-1.142535259552567,-1.8099486149256403,-1.7708936419789234,-1.3745401651298998,-2.5851483470789827,-1.6262261919109433,0.7414836255724463,-1.4834959589048005,-0.16782942767467907,-0.6853617186396056,-1.2451049886149705,-1.5653304841100388,-1.2329577835198156,-1.5498517925151032,-1.812007477072067,-1.9511156927337756,0.4849738326895009,-1.396974653065204,-1.8054596511829006,-1.7053146424073755,-2.369336715469376,-1.5940312122862095,-1.1971895663502072,-1.4772955784653419,-1.5104856417509598,-1.835487731802719,-2.3799268975219943,-1.0493302087521328,-2.1572969217625926,-1.432559282638255,-0.8366588215071721,-0.9182727832249218,-1.4718597734074788,-2.0893338778276114,-1.88703521515967,-1.4380664838964767,0.1899449460750714,0.41077610920198354,-1.6522369782159823,-1.6369473229086795,-1.9887511297498202,-0.8921625273652779,-1.004228353296413,-2.058121458551868,-1.7537440009351526,-1.818344121811297,-0.9198624822166018,-1.2766154957356675
25,-2.0990979423322207,-1.9778609740271726,-1.988649793655461,-1.589492509038243,-2.2809735617070133,-0.13686295374221158,-1.6037621031240727,-1.3261948997727842,-1.181746040865136,-1.6372928478937576,-2.062554271432962,-1.854950340429016,-1.700511583980366,-1.8416878287350418,-1.479638002917833,-1.7254900652340908,-1.4819557060451252,-1.7547747061460344,-0.12745154914769027,-1.2971130289214108,-1.31669663985765,-0.8709264777934145,1.703287239209646,0.44859142238433736,,-2.2194750507441485,-1.9534178184714641,1.1644270134934358,-2.738962992822599,2.211500515450157,0.2445911100065948,-0.6762506630299407,-1.4395355422458125,0.579726053073032,-0.8308096852864078,-1.3579913385405766,-1.0152998984349395,-0.3298354209775138,2.910023806744852,-2.0151516384701833,-1.4112367258852172,-1.5697569336853214,-0.7027808402639084,-2.1517896056951185,-1.3521151260138926,-0.7039025591658387,-0.6974787013786844,-0.8048754361172863,-1.1051543291353363,-1.7580023395369482,-0.8129365759784883,-1.124251415794763,-1.213625653273307,-1.0427027297926055,-1.6457955583526351,-1.7087296634192317,-2.2494166033184295,-1.9026568768119554,-1.124885734811133,-1.571335701211383,1.8080219482797772,-1.520915706644068,-1.4652494745882565,-1.8976454965252993,-1.8861988369841576,-1.987868874940596,-1.6477693369121433,-1.929491384899007,-1.5622329309687923,-1.4666193125399882,-2.0459513051837024,-1.6266121553931059,-1.4213747740874136,-1.5797834356418936,-1.3975860812712102,-1.846014514424615,-1.472964731645257,-1.5731467629440588,-0.9405958129352839,-0.9516933856235251,-1.0408579905281514,-1.5037330340039932,-1.822991707052567,-0.9473601024085996,-1.109743752450789,-0.7737459756779962,-1.2467532235383385,-2.4713915874669397,-1.7846987439423607,-1.496404541319174,-1.967906585577218,-1.6661678895302647,-0.7126130565294225,-1.1985226632399382,-1.5166268474807338,-1.1876506904938626,-1.4150717036848341,-2.246488908596858,-2.1893668023324855,-0.8963269303408283,-1.5328454110588539,-0.010621504262107374,-1.0731355934142974,-1.3427874218599856,-1.6326410717912598,-1.2270088090714997,-1.3695189923746884,-1.4968276863841459,-1.5057506670248586,0.10194359638161267,-1.6585073595792943,-1.2260532301518563,-1.5896066401841826,-1.9359401751229393,-1.396044615068638,-0.9512372128513815,-1.0005375659031943,-1.210450761656084,-1.7596413061409342,-2.261211540877669,-0.96046195958878,-1.3088276840485764,-1.5590529161090672,-0.6354159348029917,-1.420939694089447,-0.5473890556368026,-1.6937723032750052,-1.4302739216219047,-1.830467040570387,0.3797504947533454,-0.5190647069869706,-1.7983898308452881,-1.7037709292562384,-1.2879615564699358,-1.6853187402780974,-1.0012191299814468,-1.9428218833713045,-1.6836679178131686,-1.4194804611545597,-1.088677499479136,-1.274348629090413
26,-1.882814866184734,0.043403630942756864,0.7298209421243665,0.7643933508121767,0.4869842286894994,-0.24980016192197405,-1.5289775416121254,0.4326636890418736,0.7345862130981169,-1.9290004168168298,-2.0436397398148767,-0.35180451482098485,0.6530235328498896,0.7187931254706194,-0.30513443306253024,-1.445607476698476,-0.7844591579611572,-0.2525445573000191,1.0229466961552454,1.2631741892078632,-0.25999361450641073,-0.029457752000259626,-1.2216839510514035,-0.5125843913658049,-2.2194750507441485,,0.8523528842826561,-0.9712920874817236,0.5907256023480392,-1.0270047112772243,-0.378269421733957,-0.009079244559306393,0.435051819385405,-2.350299057360151,1.4244466707594592,0.9341738049183529,1.497995445145621,-0.7025717066631055,-1.3400551809871954,-0.84697255913995,-2.497795464792062,0.07871405241073264,-1.3999781360818555,0.9521266515428212,0.7833114038823806,0.7277356787903284,-0.12438370117032466,-0.2929921562821783,-0.4479895032114092,-0.6361516038279911,1.1386346246119377,-0.30236880506061076,0.6749911869199173,-0.1926833197713849,-2.225389425133183,0.7744662126223613,0.34024953078472675,0.07956052656638467,0.7866138380644218,0.23274857502634208,-0.9771845178809573,0.7916254720645445,0.6121178698340399,-0.6932350991485623,0.44879561446335287,0.15095804485244682,-0.6810437624275721,0.02318937940408548,-1.5131816032292833,-0.24671330472760608,0.30389908804163984,0.7778983684344165,-0.37359412760437377,0.38755556045303663,0.7124790756915398,0.3897538999231192,0.3604605989279567,0.3994647193359074,0.44845801882276803,-0.7583072504122733,0.27891333527387435,-0.765610149305393,-1.3048497179045209,-0.7273641402685954,0.3808706601393292,-0.9810804786368078,-0.031654903667583716,0.47291609475716295,0.37159613278033954,-0.29077109224744846,0.006135198752610019,-0.5123340267572059,-0.6638736426074023,1.0859584523962484,-0.09275935345298633,0.11381861035285086,-0.35606205613750347,0.14164038911106464,1.0567908317165837,-1.2563024591860248,0.7704429575175654,-0.7804371000975451,0.7826121433528102,-0.4145639289793435,0.026455035017498577,0.03222365886596889,0.287520924665612,0.13191708546946598,-0.549979139261934,0.37878896234482123,-0.8158016791642682,0.24675818000898642,0.7442821762532874,-1.6563806157186152,-0.29884062246546006,-0.259060761613011,-0.5134976159016309,0.43888707672996896,-0.8718845408268096,-1.1627345003976852,0.1935150104903752,-1.4464714850479041,0.8224930000241296,-0.4046086227969729,0.7058412284692044,-0.4017176560103356,-0.4643046927762058,-0.24673303114664827,1.2850338447921106,-1.0459160535899716,-0.5111710944770618,0.3857757165862775,0.6506569162158063,-0.47919555427800925,-0.2927095686506955,-0.7528155129863286,-0.7546645075915922,-0.5715653674515032,-0.2917712074911376,0.48051258416897197,0.4667471991045123
27,-1.2629230970680714,1.1558132763206903,1.195469408032222,0.5476223929478087,-0.25565352568402444,0.2656288581764644,-0.46058643725695614,0.7410909949017557,1.0048385512779179,-1.153444289626262,-0.7429046328552847,-0.4095870208764965,0.6657575395502637,1.0592005429232652,0.3603921952232146,-0.4217083970125942,-0.24584091363694874,-0.5207634767711845,0.6259081123336039,1.3941894295079142,1.3120089109797768,0.7065301925158439,-1.5912239879845607,-1.5640033320442566,-1.9534178184714641,0.8523528842826561,,-0.572821422133482,0.7118968517569484,-0.551253126986157,-0.6009072100026911,0.8046475915079296,0.7514844646800773,-1.6838060782042972,1.3994738286447435,1.5230922108106126,0.942310175146917,-0.5752794157202935,-1.3283027809678796,-1.2105911819439685,-1.5302998871514168,0.12949451679206703,-0.45876831391649375,1.457741840450892,1.0072413585217979,1.6897223260202865,0.6293740736718589,0.5454802957173014,0.07277933885372108,-0.2529881801712662,0.9073340043599439,0.1737820698196238,0.8774706781711538,0.09828604370773628,-1.6284732478527217,2.383648000771652,1.3547467451730015,0.47868107619915423,1.4638001271248045,0.5063460691696163,-1.352863660281297,1.6310114192426022,1.696112062950939,0.0007065076162753309,0.6544664923414997,0.23162614125763042,0.1327056012875983,0.5835122854307595,-0.8569027931937057,0.8577465191314608,-0.4743767158905715,1.629042744683982,0.16084227542965507,0.9383066613698006,0.591932981006716,0.5018128079201255,1.409228602078375,1.9290204756657456,0.8328131414370116,-0.6574896363352081,0.774998947416664,-0.40785569775991576,-1.216830494518929,-0.4303076923387716,0.9993082890250831,0.2905739527946675,0.3293787114439107,1.392915199036919,0.665495260641294,1.0543290038766366,0.9382392229471522,0.5366901320004857,-0.3488498688613281,1.4617174007400577,0.5757040354507028,0.531717017053542,0.28433015954101004,0.9344899696258183,1.0493144210538026,-2.1439769089395613,0.40515303962283505,0.009015477690605804,1.1667280775826006,0.06854064509158278,1.5180172646733865,1.405533268399791,0.761830657637572,0.7476584588760906,0.3687198301580136,0.14170189302068004,-1.193110039128937,1.0296616586979939,1.0679040161284006,-1.5582519144249856,1.3208753662209822,0.8470113910553814,0.514293402382655,1.1795089598203403,-0.4564175930329504,-0.8453406177307778,0.8000313491236319,-0.9110987548885203,1.2266128583465983,0.30625585656016363,0.9643940262768946,0.2715732920644185,0.33719658472217606,0.0562975447406486,1.6081909377637307,-0.8216948108108385,-0.47348885413671155,0.7603026014495,1.3861725639260387,0.2964442816055898,-0.6108356247124289,-0.5791995229517997,0.44111586425435795,0.051976668005923196,0.3639989433759479,1.317586132989436,1.1041213700693486
28,-1.7712943559884076,-0.5628188375967221,-0.46474893207746937,-0.5449817487207516,-1.3351766059324903,0.12342163609576284,-1.1682683522894466,-0.7773384320627293,-0.270019583352116,-1.579711343031321,-1.5268157671773406,-0.8299304002232529,-0.8292737691091429,-0.7988303847969187,-0.7688124386892156,-0.9984418848463004,-1.280860761545983,-1.378994137025721,0.07178142100453362,-0.38538983329771936,-0.2594044586939293,-0.2796484791826198,1.0573215188653304,-0.1340166707864779,1.1644270134934358,-0.9712920874817236,-0.572821422133482,,-1.163227138660678,1.9502742708513556,0.6070216752297911,0.27495085247780243,-0.5506785778964391,-0.07925955473061595,0.018164241696431424,-0.6543248169944129,0.0963183078234642,-0.2830954269639362,1.180483137682456,-1.8860704819249914,-1.5033360149108208,-1.0288637404183094,-0.7888019318088159,-0.7004746611897952,-0.0998870309508893,0.4271962391771963,-0.46713108527374786,-0.288094345410209,-0.40145438373944514,-0.6683442836426944,-0.011703225601999472,-0.17560914844467249,-0.4235617245865253,-0.6783476970375585,-1.2318821082181997,-0.09411407517973047,-0.6279962768362853,-0.7986254991889019,-0.14653141519047816,-0.4646334484215328,0.8582136273077001,-0.3128359980703531,-0.07211565856484985,-0.9525050792997957,-0.36030132761191597,-0.9603358992144028,-0.3338610043835664,-0.6526846529190425,-0.7514780950749762,-0.3668298633088761,-0.8881882819970572,-0.21891212549434932,-0.08731806608822534,-0.496414278724373,-0.7240252833505746,-0.8254604556796491,-0.23400853628173696,-0.3829224734662846,0.2727264267021791,-0.4540903215385258,-0.030149929190087667,-0.21203026100998035,0.3656417451088327,-0.13001841628401575,-0.3693756450528313,-0.39681076478255123,-0.4756280672913116,-0.8418054831679599,-0.5674897780274772,-0.8591744031183393,-0.791858067438792,0.7702272886593953,-0.9127446641019453,-0.01939400487475705,-0.22671328447656097,-0.7191265820497484,-0.5299473712260424,-1.0916021670271407,-0.7188248954155515,-0.8678442430249536,-0.7263393143968967,0.1678339662048167,-0.5447634601063615,-0.6259668232368185,-0.3222204686495359,-0.16192918704107048,-0.465841512050146,-0.5797341539027532,-1.1399474146631519,0.522942174906075,-0.955268538236076,-0.5612228819289726,-0.3796842002996218,-0.7715142693548549,-0.3436373577037153,-0.02267341851131344,-0.39305052406738306,-0.7034404079740094,0.38178998780146906,0.46105638340939586,-0.0861128650623337,1.117836785800409,-0.29978956589998174,-0.04848717524033744,-0.9142600809902333,0.3991187669020339,-1.0318773838010113,-1.0012352020654618,-0.3332522665930584,0.10731982127064768,-0.7109356476071998,-0.6831843400368451,-0.6836971419401465,-0.2203510752879962,-1.1154507519074814,-1.2034269470816805,-0.12868992271744328,0.7775657930201346,-0.22010950961394155,0.010774280217482776,-0.24948883555793835
29,-1.1464128497413184,0.8157984070256236,0.5560454637563846,0.45843333529584585,0.14045001103352672,-0.623089770472666,-1.465201392888696,-0.06886942803041285,0.33431162390025915,-2.1639300771158188,-0.15896784935403174,-0.2642178742790343,0.7021246744948649,0.9136973996387185,-0.09904281114384313,-0.32286979135293303,-0.4443110040421701,-0.6053551227370667,-0.2503653195799875,0.6540392022259689,0.28247016996461477,0.18935904443569737,-2.0423485581939786,-1.8524539575810557,-2.738962992822599,0.5907256023480392,0.7118968517569484,-1.163227138660678,,-1.2784133030274245,-1.0279304347720146,0.36684171753899725,0.37179162283140466,-2.332357622981082,0.8114109389601091,0.7350962582831986,0.5364302608491922,-1.3703506955008469,-2.065479308541265,-1.0793968943299852,-1.9198943754303301,-0.7137431076823065,-0.9516814656847333,-0.003707126238755016,0.8069359487314985,-0.05290253951698545,-0.579389826703428,0.37130329435644793,-0.12903495326839665,-0.7014830729896626,0.046900525097596846,-0.1509026274217335,-0.09831810595915194,-0.14724693609564382,-0.9220337452450167,0.6611586619435378,0.6635858993471628,1.5661164594967856,0.172254920606535,-0.0023467288482212794,-2.0702594641303835,1.3339795938496852,0.7062286624487504,0.8524990846707332,0.7886320652714375,0.005691812017059381,-0.2785296459259773,0.13537962783161384,-1.375009521013457,1.1454310380415635,-0.9043128779742009,0.5432303344245358,-0.08118965561321675,0.6397488447434782,-0.23530315914735458,-0.771338722897742,0.518808831932367,0.25120916113074243,0.2705137394086084,-1.1214995507478334,0.13559782032980483,-0.5185796431287647,-1.4067967291100592,-0.5219569074482554,-0.10013051435480216,-0.03186468275033174,0.5581622494767646,-0.2009577499619264,0.9036597951653731,-0.2323700149671155,1.331729612386116,0.1620445839250068,-0.21350381460990547,0.3418735922981018,-0.05584841477869301,-0.23720737655806992,-0.16083672677952512,0.7285024058112654,0.45586073383473646,-2.349235521634625,-0.5255341070935293,-0.8581454337712894,0.8358430493979039,0.06396157067373837,0.9849289561717248,0.9404015269701126,1.3101653730406215,0.9145487075585473,0.5403243728816358,-0.5069418875828284,-0.881991627681964,-0.2958504796250619,-0.043773658645758134,-1.2859949169207823,0.08403314664161907,-0.1082382127461875,0.8784484378209697,0.8335343093413626,-0.6946053036824045,-1.0196564207644112,0.4658150031602197,-0.6948798355703525,1.6167661727305316,-0.450492120715996,0.06292548147602102,-0.6841854673315324,-0.27630008719700355,-0.43150803008296124,0.2911450336207237,-1.2502728014905975,-1.3946248798792458,1.306454569694758,1.0769707042767152,-0.30934303181377276,-1.451864772796614,-0.9532739602106935,0.8062737303322015,-0.040451831321250034,-0.6787453925067686,0.28632297061537587,-0.0007761383618470344
30,-1.4001304720703605,-0.644401460227494,-0.5073881522377166,-0.31668618069557986,-1.0825125354389802,0.4658586270501347,-0.652545226491263,-0.5352786169956816,-0.1553971467241063,-0.8820400125361124,-1.424981748206237,-1.0225601027190827,-0.6225174301853795,-0.6297307693409987,-0.6489570995769018,-1.0362971661879343,-0.7497114651057627,-1.3121271813694657,0.6427554108901895,-0.13058179989236424,-0.2386814004042401,0.17620168818445645,1.729448022934577,0.922294129153537,2.211500515450157,-1.0270047112772243,-0.551253126986157,1.9502742708513556,-1.2784133030274245,,0.7791362871103192,-0.09804970360384029,-0.626682177942858,0.6258874585058312,0.2887298481172163,-0.3317177799138181,0.2828585719687859,0.208178658303294,2.3047020599849692,-1.6825912563932175,-0.9772766229304439,-0.6141946033831944,-0.24402641285738122,-0.5031424003279859,-0.37225174259562754,0.3855007418755768,-0.1827007504261343,-0.380886936979192,-0.4358889742808882,-1.026232305269671,-0.011264447314511528,-0.19732765438553673,-0.39628596464864513,-0.05796663607546371,-1.077626826025626,-0.2083581005141092,-1.0635608911134524,-1.1377659828994198,0.18874056862819713,-0.801362603097139,2.010264670631159,-0.07633975724563868,-0.1372111690788899,-0.9078688133085219,-0.5592061141476578,-1.1462476237086427,-0.2633289348661858,-1.0744708166499475,-1.1025344987854624,-0.4164125204383509,-1.2959300127108473,-0.5174266897449875,-0.39701456920633926,-0.6244039522164156,-0.7730183688874555,-0.592616756611834,-0.06404921332342543,-0.29626937352657323,0.06810326548307866,-0.67651708223158,-0.062402918382589954,-0.6149971794438411,-1.6068857267553593,-0.5515040901460285,-0.33284279885930185,-0.4329360553486962,-0.5847274143780612,-0.7163234614341117,-0.739558285972921,-0.5445221826759954,-0.8980145871465492,-0.9877297798167165,-0.4139512401576883,-0.168275152700545,-0.695290811538115,-0.6178861957431036,-0.6525370903631357,-1.0445831481815357,-0.7983891449273957,-0.36226462609099375,-0.7359955997377681,0.2683493757636869,-0.13318121191355697,-0.7766657428241694,-0.326577653508744,-0.2156399627359915,-0.5947516499895052,-0.788160720240647,-1.1126492181913805,0.7307734161497725,-0.791726105941343,-0.41166416896244784,-0.22160516074794342,-1.2714970681441082,-0.5312104419564389,0.10931087372776137,-0.47933485854582714,-0.4181850746197903,-1.3540427929006091,-1.6188431142624544,-0.19542302627121116,-1.041301184037666,-0.21986264790800544,0.01583244828464235,-0.5322201347021447,0.4514518790182036,-0.999965456887179,-0.7060098263376072,-0.5221111250574052,0.9668627039039757,-0.1813168535712208,-0.5776596974857557,-0.5572692623854242,-0.28883578135439747,-1.0558487623252735,-0.6776581875051765,-0.9783773160513842,-0.8692227874398252,-0.41480919820039874,0.016121906393183057,-0.1222301435075432
31,-1.751528125510946,-1.665105028035661,-1.2755167911822443,-1.0558951305886846,-1.214130830479425,0.04182602772625754,-1.2307648140193592,-0.820097907963081,-0.27458433539239746,-1.771543108114363,-1.3769328289364169,-0.4633341321533678,-0.9159502100292491,-0.5911270922296997,-0.26723098855821337,-0.7214510873244676,-1.3575455174300195,-1.6954558204912686,0.6138717760465711,-0.9725155474546343,-0.14422193788859963,0.6423727120991768,0.3688344282310314,0.6766644472870686,0.2445911100065948,-0.378269421733957,-0.6009072100026911,0.6070216752297911,-1.0279304347720146,0.7791362871103192,,0.3087645895913286,-1.027788086180202,-0.2602931495901022,-0.0031632193184402075,0.21145951573677066,0.7151959233336023,0.7011513978762618,0.9072671292614823,-0.31742789326958265,-1.151835219692627,-1.0700476654186717,-0.15152799442369475,-1.2899740569920384,0.3649258386171075,0.4982896148046161,0.059169799952155336,-0.3963916538545776,-0.06890288799857981,-0.07273010812020847,-0.4861044466779563,0.23814440645726437,-0.5698409580381657,-0.6777705708252717,-1.8507762060135289,-0.3172627346248963,-1.1764164418895415,-0.3289048754918066,-0.5018382277250913,0.022528240655918543,1.3215152152800818,0.16894230356236598,-0.42842971673144714,-1.2752887528471086,0.16372296681155502,-0.09231674936527626,-0.520802731301875,-0.6454120426241797,-0.08929764264883865,-0.7797410998079833,0.3419494501738458,0.3742886016352024,0.10516349674370402,0.37968839613497873,-0.7280226492682081,-0.4564176100442019,-0.8149285721155846,-0.5082472616076865,0.3703767563188904,0.4268066400829853,0.17162676253800221,-0.05074366998827168,-0.6065211469661143,0.03992012511597207,-0.5993169191122676,-0.24475288521755748,0.3795730170289012,-1.1601349307145186,-0.01773186168812799,-0.24348933262475353,-0.9852894530251771,-0.35237187445603635,-0.44330012161868554,0.02967797695644787,0.02096000752319568,-0.7781495332048419,-0.44577568942175155,-1.0846399629858405,-0.8420563148659402,0.9054734433476407,-0.8226922088765589,0.810484175033125,-0.3689155027811901,-0.05185446180573874,-0.2712057765345368,-0.14585383280836808,-0.2938960383825783,-0.406665946004712,-0.6987154799679329,1.5403406089175047,-0.2607443965215538,-0.864710103117449,-0.832113031990525,-0.4649464200126344,-0.40970205997602716,-0.1302273641012614,-0.4065860375786899,-0.5983447871254542,-0.5357859416211465,-0.7578706276444307,-0.28894255994992957,-0.7993851223452165,-0.15886335954826186,0.67335603372945,-0.5076809523190805,0.35218396904657256,-0.6880665607159238,-1.3940780148991363,-0.4589252794324397,0.405508942283937,0.4890698290177053,-0.44252211787018403,-0.4992250803327504,-0.4385136858455271,-0.34626365292240546,-1.0814826248248466,-0.9157254672537304,-0.5160461333526961,-0.16219996263643877,0.5901413328762093,0.03441477583409855
32,-1.0323999902008327,0.003297432684607134,0.2579467376192766,0.29426344483388023,-0.17798133214501596,0.6428189438382818,0.0926406010774016,0.22212618029134928,0.8020359176536628,-0.7867815728588067,-0.06265327001190914,0.248348362738663,0.6026496553817866,0.7345282045151548,0.7213399653517214,0.6023753026229948,-0.2456954982264885,-0.7765457959558675,0.9835407318749075,0.34808059703021765,1.3244836399447824,1.355935827331568,-0.9046659000752305,-1.2297245698143644,-0.6762506630299407,-0.009079244559306393,0.8046475915079296,0.27495085247780243,0.36684171753899725,-0.09804970360384029,0.3087645895913286,,0.025525097525749236,-0.7402860328222189,1.4940243670496978,1.9180686888700746,1.2814761893273026,0.2989437974205891,-0.5380445332793435,-0.06375322583380708,-1.045250195586283,0.09294555495470475,0.2971361861058423,-0.01524595976621498,1.238551760417059,0.8461214958665646,1.2492555354726214,1.733738265756042,1.1105097567878117,0.48353254537352847,0.2358558984149147,1.4960625939291328,0.18768608520771804,0.3477680181117165,-1.0013058318019386,1.0783568971731237,0.6423727654938233,1.1199328467967387,0.5264053793731629,1.2215511201351512,-0.7714763345437464,1.4680132445344007,0.8170669215472072,-0.04008629020508814,0.7904222535581692,0.4013397441266122,1.0164546937524646,0.1887502554724744,0.9605845095471449,1.0688109977021993,0.5524201785518162,1.7129220856052563,1.0823855802248024,1.4018065657263459,-0.08921882191853897,-0.5426450845373959,0.8922014086307927,1.1195371681622908,1.5807981520513992,0.6223648090107391,1.2405046029360363,1.1803840557941745,0.314825774561948,0.9095140112360068,1.6418169062717158,1.120440918252194,1.371911115123456,-0.24729731266805702,1.429812066233717,1.0274726501807927,1.0227155079576,1.006151180084547,0.30507160655501914,1.1887204803774136,1.0221136160708757,1.4441227489949162,0.7745264360284502,0.705527369623296,0.18443546629579158,-1.4645095635078835,0.020695484405351273,1.0324591639568974,0.9777971247548114,1.1557952323409948,1.3531406726241622,1.1997685083287761,1.0818070128646298,1.1467757817468327,0.45700342815512457,0.7022313666247185,-0.39148524510246024,0.7753263044431082,0.41079349341744265,-0.1409602673150392,0.9308289863794892,0.7365827263703055,1.233927174763314,1.191810083426093,0.44577765459617336,0.05576538414209015,0.818694317631187,0.9001750756943965,1.337026647123708,1.1593010386393277,0.4428536892612635,0.9552338860616427,1.0796292855890868,-0.05641500405665661,0.4269844690208462,0.519643163437116,0.07542590039603984,0.6796247129551727,1.1480997717258545,0.9219729956185293,-0.9233309966665761,-0.6087633984485505,0.5480817636291812,0.8153763785857335,0.6403317976425444,1.6416088020605122,1.2202860611910318
33,0.008871979594907814,1.3653173890902928,0.491165585822263,1.2778257468388854,-0.2389510059531092,0.3293609595397054,-0.872530658012091,0.35736228506548434,0.9564771058936283,-1.5727737689094503,-1.190956864423234,-0.16410099051567073,0.643656727486761,0.49659358022252936,0.2900368753489921,-0.55720207885847,0.9447127848135075,0.47219985447748647,0.372083152985774,1.1199575925011112,-0.2218854710684933,-0.4874905163636636,-1.3062780795907925,-1.805177886799299,-1.4395355422458125,0.435051819385405,0.7514844646800773,-0.5506785778964391,0.37179162283140466,-0.626682177942858,-1.027788086180202,0.025525097525749236,,-1.415271390894977,0.8923537049593685,0.23345572097896566,0.3239282602878509,-0.6877253293603011,-0.9509287913731341,-1.6378126421352348,-1.305317318904849,-0.005704451773758666,-1.100429935733618,0.8439369064789729,0.509086818982004,0.474360232819509,-0.06277671371967758,0.03188440550075486,-0.04141734275382388,-0.6692531504654127,1.9917639762621175,-0.4394312697255011,1.9138334470588878,0.018009913193909034,-0.7904869649115398,0.7438832708279819,0.38418435335771633,-0.03657392131641974,0.9634477477496515,-0.2254107017264332,-1.6359442820295669,0.5361829181344859,0.7170123556629033,0.20852664651914227,0.04190650351383064,-0.24009485938358782,-0.39839617654830606,0.16940875055306204,-1.4436472127578353,0.48009246686141716,-0.9337192804001603,0.5948759948586407,-0.21701131558262876,0.08484429908335515,1.6673793305882791,-0.0586500044913554,0.8866644932762432,0.5577213308592334,0.2878276818347465,-1.4742103200770922,0.041964702495552945,-0.7323220558079108,-1.2487703644603139,-0.7200136068610042,0.4818088617200134,-0.6422561004611348,-0.4287374522393269,0.7268528907704631,-0.25257945112125063,-0.6325935295713389,0.3044416908543591,-0.4390357742608123,0.43823740716949316,0.6773205043869225,0.07486862095487076,0.16877601562691225,-0.21514239796162407,0.3940987127663287,0.8012564139251098,-2.548061407923125,1.5721282481505587,-0.7913475434465675,0.6508540375093786,-0.7580909921819593,0.10104748151392075,0.14935943151077502,0.574123989884106,0.5640006289819469,0.06051674324998046,-0.23569948076679972,-1.7129175735113797,0.7853574954632342,0.7752398765593338,-1.4252709242052535,-0.10489161992520152,-0.0683373938171167,-0.24064208248455035,0.6490472836413351,-0.9802968947928895,-1.2024836753279924,0.22188238814271366,-0.9056789180847774,0.5603969316749079,-0.40533399755449,1.0580619096375725,-0.029659132982537566,-0.23895750947524588,1.0021734290479896,0.8628989718236258,-0.6554448972361534,-1.2877918092616305,0.22087611619933564,0.46892284454774474,-0.2030779878387098,-0.19742847007240513,0.7669123669816443,-0.5569893693989716,-0.6711734354918683,-0.06301514307533364,0.30505585592159395,0.1519149587940007
34,0.33177862922721374,-1.6691184146579736,-1.9421995748155958,-1.2070873722647597,-1.813078298347881,0.3109671333687294,-0.7787735816125203,-2.0892946426121575,-0.8739943380346986,-1.05584451365132,-1.2740670404000478,-1.9874162601374445,-1.178233176523835,-1.2335445357107166,0.3535255794996116,0.35022101334022115,0.3543076350705264,-1.7942645541168083,0.28743391254584155,-1.2281233292980342,-0.7779252486551952,0.0827211767237918,0.16320089766667464,-0.44807085819767156,0.579726053073032,-2.350299057360151,-1.6838060782042972,-0.07925955473061595,-2.332357622981082,0.6258874585058312,-0.2602931495901022,-0.7402860328222189,-1.415271390894977,,-0.989879166391038,-0.9539442863107765,-0.829324661157226,-0.7074079742062663,0.6412550397210457,-1.1184350262203848,2.494228498069577,-1.722351520810965,0.4623478732502615,-2.137467042839567,-1.4467845418256844,-0.9730207558514428,-0.24966162912943646,-0.7478168664206781,0.303421718702844,-1.7521385337098874,-0.8796972893396693,-1.1294723138184388,-1.0708697637793467,-1.256223753535494,-0.6141047395091516,-1.34394652842778,-1.9940886110123606,-1.7207722987537841,-0.9639179956355958,-1.7457131787998645,0.6160569012846937,-0.937598611143072,-1.490280057717124,-1.3198317347188935,-1.1775196562307553,-1.5905648503527674,-1.5731878362946918,-1.880603329170024,-1.5782863911512623,-1.2631255827484418,-1.908136303293219,-1.5342032652490314,-1.509311452857951,-1.2560385328366865,-1.555546158575133,-1.931735114896785,-0.8497043950373036,-1.4317599892536645,-1.0353339752629116,-1.0469774055437324,-1.1458998350103162,-1.8269892162902852,-1.9282535867770558,-1.6481351533174415,-1.2034982285268605,-0.4108239363636018,-1.0550281995338242,-2.2696234038987773,-1.6937380254465206,-0.8295780303314464,-1.47575436947622,-1.261410637746995,0.1627541868970223,-1.2034878552300778,-1.1873693567404477,-1.3808507665565062,-1.420266398485231,-1.8293557154470361,-1.900873644938094,-0.7522272677915843,-1.226494902290611,-0.005886417628602335,-0.42956723660478086,-1.3122670956256897,-0.9645427400265302,-0.9249742746780607,-0.9424897370845121,-1.2620102493617582,-1.5878611717746174,0.28556703531175337,-1.8957476627011554,-1.5450947808872015,-1.7428620920691769,-2.0824530337137386,-1.190282733875157,-0.7609208662953248,-1.063318939859658,-1.2574455268109854,-1.1749240538928312,-2.3503184364058356,-1.0045694006514079,-1.3177199377030846,-1.502352441752585,-0.6424458286832975,-0.9251544841955361,-0.4413992323871624,-1.0170565695441953,-1.6556968564103218,-1.7368443290598399,0.7319707424936237,-0.5343727961536451,-1.7451660276636956,-1.447309798033451,-1.6729702118204064,-1.651793846224629,-0.03752837106654297,-1.5102488556121492,-1.3225218443773457,-1.0984583044176615,-1.051394467080231,-1.2396077966348502
35,-0.9296772876458087,1.233639785749809,1.141887607121247,1.5397775629207227,0.6713733709073278,0.9066967389978411,-0.7904461533485255,1.3551011883636896,1.859576187857861,-1.2746092134620515,-0.35975613934097544,0.3664952916318948,1.6883189229691669,1.6239329452343483,0.5398087905478508,-0.06817983974987393,-0.14768553657578465,0.29314555575364803,1.7437817598974097,2.054615228098292,0.6437408316520573,1.2251664574286383,-1.2374991971187381,-0.9482584645509425,-0.8308096852864078,1.4244466707594592,1.3994738286447435,0.018164241696431424,0.8114109389601091,0.2887298481172163,-0.0031632193184402075,1.4940243670496978,0.8923537049593685,-0.989879166391038,,1.5157697823615006,1.878423716069679,0.194865414583239,-0.613469435456252,-0.1359359300580676,-1.060846102486885,0.745938415723635,-0.5088992124464237,1.5125289532257251,1.517300550540906,1.4769845991230104,1.5751277292793018,1.6322345697912812,0.551465868509734,0.07902328142397347,1.3769951783896812,0.8633490650718998,1.2866338964246222,0.6520666638342438,-0.7557386140723211,1.4126182625003665,1.4710732385457703,0.8624540252741787,2.1450393447256317,0.974753066061862,-0.8002571484793268,1.9008346653693902,1.7117905598333305,0.5352469734662058,1.2219762169501276,0.5649782860305173,0.5658942961879911,0.7026073734463495,-0.039787361673611965,0.9685991248175049,0.26907863823739175,1.4396017542598123,0.32083296140994194,1.2520494414841683,1.101079258977861,0.5035480720749611,1.6038948127781452,1.7310250160139042,1.3176360904543933,0.1698094583701898,1.7206852969201727,0.6585324336129781,-0.15877526306705256,0.47113834485308353,2.1621164139063525,0.7623127949982069,1.2535802670933673,1.1772299276888856,1.19731825206635,0.6094316385898908,1.44825974971903,0.8588406931697818,0.3001723214669495,2.0916478369529448,1.045579080418707,1.7509742987103643,0.39792189180764137,1.3447750649150678,1.4101574185921146,-1.8185395469561751,1.0836954649436454,0.5702871698654713,1.7860935991456708,1.0418767207199224,1.0672390913377137,1.0834441782513902,1.4853304271786707,1.2336210982825164,0.6764342590599896,0.8828683453192109,-0.22966524492431792,1.855748682089661,1.7921324306900956,-0.6199667154109728,0.7197133904567236,0.69968931144951,0.8923121510543318,2.0513406319213594,0.3325901666701793,-0.29372079021548286,1.283966071550606,0.23440549944987144,1.7451278432860406,0.7745499902327992,1.5162277620238875,1.1413844422520805,0.46327113973631606,0.2705847512333463,1.550520843259796,-0.14069242340399565,-0.43873354517569946,1.1239757365948726,1.9224545086950016,1.0002763115597644,-0.5585623053938954,-0.06875985871695572,0.1779600786518204,0.6043342028842565,0.5987635072913527,1.4993125090773263,1.8940615479623797
36,-0.8806243285250401,0.3780862135985287,0.5463575339946122,0.40679269785682753,-0.261677947152501,0.23456835644567556,-0.34863260920296735,0.27607038478677637,0.9710415104376589,-1.0708278583037945,-0.6219793116951274,-0.39336811494422175,0.6391054537725709,0.8426341737153127,0.8226476302673635,0.11208891654616006,-0.0023820558853631458,-0.5401443595200561,1.0966185331273783,0.9698530471647616,1.5670402761960038,1.5048270461875084,-1.1042334518330799,-0.9722114206310803,-1.3579913385405766,0.9341738049183529,1.5230922108106126,-0.6543248169944129,0.7350962582831986,-0.3317177799138181,0.21145951573677066,1.9180686888700746,0.23345572097896566,-0.9539442863107765,1.5157697823615006,,1.454558341996852,-0.10031694539259278,-0.6979409160707027,-0.09563269209294019,-1.028113365125174,0.2890701369786201,0.3567439305929015,0.5220022589117106,1.2226028019930504,1.7097042139708938,1.4482254139386932,0.8075752766271247,0.46896383700729866,0.012816297018746241,0.7896763363304214,0.9528118063089783,0.7301547168962361,0.24857916316101303,-1.5688109995786101,1.5008458757538574,1.1893960145732088,1.0331389551539727,1.0705840768615273,0.9044737705754273,-0.677026426739009,1.9584016634540202,1.1400998395750577,-0.27898080007160836,1.0521164953873843,0.3372075837408885,0.38744681427512373,0.2641647240251867,-0.0067282330697369655,0.9114912689290542,0.3239783206945903,1.9181731605025434,0.6451250453367596,1.6281744850409643,0.668785764746042,-0.07469304161864085,1.2705353132893946,1.6219668516750645,1.126908944002941,0.23340705167192205,1.0299325479930088,0.19387872781529622,-0.900843331022753,0.2772343361122794,1.0770186544166853,1.1966381799804136,1.068752179333061,0.29549418459607235,1.3365548222016368,1.610835956852254,0.9789444233301146,0.7758883560007537,0.512920339531385,1.3111638288529757,0.706614364381763,1.014590772424427,0.616976502428563,1.2778592003015332,0.7088819435342051,-1.141383931163803,0.2624069216592663,0.9415855393221211,1.2557163634682809,0.5951596173137006,1.8546265021986994,1.6559431080702813,0.963273636179575,0.914728940842524,0.2988499343762072,0.8038900301802144,-0.28622596655934146,0.6320187945734433,0.7189865889286202,-1.3514880963617673,1.3259066477357118,1.1888070149894716,1.2819940744911043,1.118093717968525,-0.04518833897114171,-0.8867782893919874,0.6557968712470681,-0.5466106083065034,1.5862732162619624,1.1182357710599267,0.9518432689366846,0.6175663510748777,1.4540356683941182,0.13578095961334624,0.9311377577727422,-0.03132470917448245,0.4853876863759939,1.0769674118812427,2.005550232035148,0.5078408046574675,-0.5171908491265224,-0.3054842503174617,0.729230866606726,0.3831728006404147,0.2712820956926394,1.8212505405853647,1.3717138670665603
37,-1.5595448585829257,0.6815893664606094,0.7412612629730925,0.5981957018773181,-0.020129223957622087,0.40137579826302494,-0.6620098307011089,0.5743761509424201,1.0339039629662654,-1.3658760739676858,-1.061346538571218,0.20012576753570124,0.6502794133894096,0.8350036435867958,0.5805533594864568,-0.24086692289339184,-0.499735178545216,-0.46080201272891436,1.505114471196689,1.6994683728907265,0.613774855276696,1.2799642499636843,-0.38529670410585415,-0.40148727490667524,-1.0152998984349395,1.497995445145621,0.942310175146917,0.0963183078234642,0.5364302608491922,0.2828585719687859,0.7151959233336023,1.2814761893273026,0.3239282602878509,-0.829324661157226,1.878423716069679,1.454558341996852,,0.5411213291169905,-0.2960323592865156,0.010699914526014816,-1.3063199900581106,0.8446610397149212,-0.30286553253628373,1.1081031677231865,1.4168770867371545,1.4214266886343778,1.0370334780136385,1.5438100167389979,0.4541118357589894,0.1631517247124526,1.0365923274150253,1.3238907983944617,0.8074294874323397,0.3054704996756166,-1.4964214296755414,1.2274709824089325,0.8768427207503421,0.7185830795980861,1.570506311618042,1.3826663932259842,0.0036746684077927044,1.7283703516438904,1.2489916585960568,-0.09370702931291094,0.9923696895392442,0.5612083662607883,0.6520667697692543,0.3835071264823372,0.02117752808283179,0.5882209388333052,0.6142175040159165,1.298747561382207,0.47686643946465646,1.2810438214888729,0.8963405311099973,0.6779446832860545,1.150886851497377,1.3604738639709937,1.9301059565963299,1.0453931928619784,1.3430257491019766,0.692787437266494,-0.5801156750325475,0.9396119610815229,1.7078940682545596,0.3831633948642168,1.4725918184083833,0.7383034780913897,1.569377523841702,0.4643419728154889,0.8227922042062672,0.3648712159300573,-0.10228049464258873,1.749233100306037,1.0379927851245165,0.8013936322607241,0.38029679241871567,0.9405472828437057,0.915758836800492,-0.3666709397457919,0.8769190734217754,0.8199451629173549,1.1741677099325272,1.0951792316046307,0.9279796441416656,0.848337580725878,0.9227783743720132,0.7939372764508611,0.14504440000115223,1.5596368023285296,0.1203533920643856,0.9959734372502554,1.3818567984775803,-0.7897250840728622,0.5069631903284975,1.035190179033498,0.5306323176469263,1.0699848025560612,-0.08908840731741366,-0.5325042769989741,0.9108885179661136,-0.19585951779271277,1.6091943252272596,1.130577576002161,0.8981704925694912,0.9608860925766394,0.29698859255515736,-0.11602319061886973,1.2350491794105367,0.331812737937042,0.5852077957209204,1.114387694387885,1.2463159062255962,0.6378504871076371,-0.3061516254739927,-0.3668691403763785,-0.16298609070427914,0.22318116944496388,0.4653111146922475,1.6496713499943525,1.4809662307666829
38,-1.9932500664414585,-1.1646544421127276,-0.8755548970179687,-0.6755524135199347,-1.1262580125776076,0.35344570524557484,-0.9050984935446877,-0.20945716538930184,-0.4935164930273237,-1.2368682762830634,-1.6273294219009888,-0.2566811911619344,-0.7652702806592675,-0.883566816524914,-0.8213082992709942,-1.0717557360272758,-1.4299754632506048,-1.7673430380165858,0.7156114695153424,-0.8079839782062701,-0.26631627530273716,0.375274367618461,-0.7097186630380209,-0.019080380618459823,-0.3298354209775138,-0.7025717066631055,-0.5752794157202935,-0.2830954269639362,-1.3703506955008469,0.208178658303294,0.7011513978762618,0.2989437974205891,-0.6877253293603011,-0.7074079742062663,0.194865414583239,-0.10031694539259278,0.5411213291169905,,0.14328673018253818,-0.865254871864577,-1.439898539546863,0.22907146859579916,-0.5874617371784624,-0.505005157798929,0.009280044935842844,0.3124355874626199,-0.05975134705067345,0.08670001605658964,-0.0012625124775484523,-0.3412627925890363,-0.6681594362993604,0.7182471686650856,-0.5373010933653902,0.9001887199202622,-2.256098933825718,-0.28743807991692494,-1.0958192856896813,-0.7603776044724535,-0.1499571941276731,0.13244923776590217,-0.15152124797881444,-0.1926688593674352,-0.31554479203928926,-1.3665746204611278,-0.5213842042395387,-0.7465151607206116,0.07357176035730692,-0.6446724406198633,-0.21292957871451884,-0.35904512408533745,-0.11797010219344004,0.22716215970463305,0.09411870129467377,-0.20518870153422705,-0.7409226290072595,-0.5618100115694682,-0.7260512235824147,-0.12225026091487735,0.6054166515770234,0.25235290899437113,0.17883201332037632,0.0901435380253437,-1.095805139471552,0.468558753744157,0.11551049346942334,-0.3622188012554741,0.1644366594036421,-0.7755780775087023,-0.16033478724571207,-0.2609801669991843,-0.7119063795182317,-0.8759904155191086,-0.09335840147076345,0.0847433901508678,-0.35317807233311255,-0.6027108931296349,0.1710174155480085,-0.7821840522915646,-0.8322957828574425,-0.9777529415307276,-1.2023817901051896,0.3203814449150396,-0.19285882514057393,-0.06740029852478135,-0.7615230776345648,-0.49041075190793526,-0.5208417177422626,-0.44688167207858887,-0.7404233355073976,0.3400635697479269,-0.24131872202921137,-0.3020152024510046,-0.41404777672014664,-0.8419934624094934,-0.6178507543546541,-0.12620584229355838,-0.5755624593746963,-0.4223285640081858,-1.215767906220029,-1.1499564439988887,-0.25518954935470456,-0.8297001816567798,-0.2892975299967362,0.5424673290721467,-0.7916807024721713,0.8506610128738233,-0.6495288831456818,-1.3310758942236227,-0.7348016823820531,0.9582964262839412,0.3642791943882056,-0.3419546124096995,-0.6045798559265995,0.04074580922134056,-1.0234027957569176,-1.1164114344808698,-1.3427369586547149,-0.8002945998235399,0.06097099133268848,0.24118423290150487,0.0763566297089522
39,-1.765696266498815,-1.548313563928432,-1.4761665223776563,-0.999973917774591,-1.4816828569988887,0.1577323127827797,-1.1813144858784823,-0.9310888815767634,-0.8037147579280601,-1.3819008856356998,-1.675162500117961,-1.1706902829231558,-1.0180122847704487,-1.3107149748629725,-0.9570874545229163,-1.4430937954899377,-1.150885598074721,-1.5702362951228468,0.39435416043039745,-1.0069281215057428,-0.8837252127080332,-0.25748545057344907,1.8974288796023342,1.0933732364712092,2.910023806744852,-1.3400551809871954,-1.3283027809678796,1.180483137682456,-2.065479308541265,2.3047020599849692,0.9072671292614823,-0.5380445332793435,-0.9509287913731341,0.6412550397210457,-0.613469435456252,-0.6979409160707027,-0.2960323592865156,0.14328673018253818,,-1.3256249000521292,-1.1467429570770145,-1.255483872526126,-0.016339295189414543,-1.6103660563339848,-0.690728257760144,-0.08963448499523571,-0.3840920991946143,-0.6939556593894124,-0.523928239065674,-1.3720889443685576,-0.31023298967874813,-0.6018323425838364,-0.7686388756033656,-0.6950486381901243,-1.5560265586327793,-0.9901598644976525,-1.81469055181047,-1.309835965846311,-0.713206936065932,-1.0953193697860588,2.374610460440557,-1.0223150370333993,-1.1354629229233468,-1.7050858332613912,-0.9063502141131542,-1.1601518513613052,-1.204611213703319,-1.3199763065145065,-1.1399539793674214,-1.1344426509721501,-1.2858762056869715,-0.8865089516435724,-0.8809461367577545,-0.8840873538279433,-0.879726853061877,-1.1877919066785547,-1.1181721533953417,-1.0692604801775865,-0.48012538640941127,-0.5670533456508458,-0.6037702265249992,-0.8773960130120173,-1.3838552759658578,-0.5884892401931414,-0.9019842548429992,-0.4288197624523066,-0.9032592545632697,-1.8834805877016225,-1.2527494291722339,-0.8221630227438631,-1.5091230105677207,-1.2505885246837773,-0.08501812561490887,-0.7664478933810126,-1.0410515367586708,-0.8911386397791046,-0.9048451561058375,-1.8785077101633005,-1.5079139306099962,0.2952477532200995,-1.1167327667638691,0.4035453858455112,-0.4809210302665508,-1.0644395287709474,-1.058987605872095,-0.7664185705298194,-0.8166413317441351,-0.9337541028229066,-0.9558177166654672,0.7835655680696616,-0.5948415451791431,-0.875914508408254,-1.1660256816521168,-1.3969251477606552,-1.025787416664893,-0.5421613431347392,-0.7420041335245244,-0.8147130103568101,-1.4301498608118572,-1.5451755046749105,-0.6394718036779009,-1.132172634144738,-1.0410526640287616,-0.13070742384159972,-0.9164177969766758,-0.163280806216414,-1.3024029918705058,-1.1818875189719937,-1.1420554238357745,0.7412793421052271,0.2068957682443729,-1.331010300600918,-1.2440165895487516,-0.8775053387222556,-1.0592849840482144,-0.5784247422836095,-1.6427094922366448,-1.2846020715444,-0.9394713200336584,-0.41602357400306084,-0.6611175703122777
40,-1.041757174519229,-2.0605235590621716,-1.9600367818544293,-0.8282593382838616,-1.0020473692111433,-1.7264452331650064,-1.570079083307633,-2.0379128805917217,-1.1084323318560878,-2.1668515244501427,-1.5859708851718428,-0.6256458752226508,-0.9693709977056575,-0.9551035144558517,-0.5670999270061282,-0.5429925084969295,-1.1567966043675995,-2.2098845176298503,-0.3509260986417355,-1.1718753582847439,-0.8133529011530553,0.9556125134400235,-2.1135623394907492,-0.4430295518360347,-2.0151516384701833,-0.84697255913995,-1.2105911819439685,-1.8860704819249914,-1.0793968943299852,-1.6825912563932175,-0.31742789326958265,-0.06375322583380708,-1.6378126421352348,-1.1184350262203848,-0.1359359300580676,-0.09563269209294019,0.010699914526014816,-0.865254871864577,-1.3256249000521292,,-1.1860887049423117,-1.0416203075328898,-0.6212999488150643,-2.2389650038471838,-0.13013882875453767,-0.9540449701809539,0.38953671139859103,-0.08228624463547399,-0.4513960125937041,-1.0715878378835064,-0.6245894365939161,-0.34586500378679275,-0.875899683508796,-1.946888595886838,-1.2324255774397181,-0.7863916152405748,-1.5106725286891196,-0.5567109786339871,-0.7536265813998598,-0.9148309137112209,-0.5206330519057446,0.34155736721136637,-1.2438188563380244,-1.5721435175423695,-0.48137502393373566,-0.2685045280098758,-1.4893507281957081,-2.1430894695024376,-0.519731102914882,-1.421937230267902,-0.6087354347422176,-0.23585942655189723,-0.9571512795967282,0.05698179319602772,-0.8759989781790516,-1.8746451180873112,-0.9944328027393882,-0.6565373330874676,-0.25005689409778226,-0.5987597637507961,-0.5255935465655026,-0.9705720847495299,-1.146224278648069,-1.1272727610119793,-0.9054009163779769,-0.33831100625962174,-0.07875301583630186,-2.099970591907816,-0.8308744944893752,-0.1372309174943034,-1.3520603799437796,-0.4295273551055378,-0.009213198211557208,-0.10821509607300216,-0.776619155571909,-0.6445672390298217,-1.244561115634455,-1.5102756869988312,-1.7988646472008347,-0.748836542272216,-0.7250886449625086,-0.06553107180527808,0.17613067794101658,-0.18594897121596746,-0.7617344724534008,-0.6475547578008161,-0.8008858179623178,-1.1156776050596549,-1.610252652548722,0.0801680222367889,-1.0484573088276328,-1.226730569637862,-1.3985478662717465,-1.5594384919907025,-1.0498197561807783,-1.3346894926033743,-0.681408568468785,-0.8512051818676086,-0.5864717514433445,-1.4092985017195456,-0.5850808585272067,-1.2977161736940397,-0.8132740015131699,-0.5322609767955937,-0.10741727085805429,-1.1516837197044711,-0.8681670582461876,-1.9670228519463697,-1.2600549496889972,-1.2198261297828452,-0.782552861838113,-1.260025543338854,-0.7841479296669687,-1.6513398183935768,-1.2824107369431128,-0.7752615842492867,-1.7456526845133475,-0.7954693824976163,-1.7598787014243404,-0.3399223617239295,-0.6501930633214561
41,1.0158339967906627,-1.2465084533166528,-1.8045158205045155,-1.1227710947290896,-1.7194863138385499,0.15020988024230592,-0.7196202744048589,-2.196788652448532,-0.9518701285540059,-1.0775566678671542,-0.4330024567298569,-2.088597507031284,-1.0890265813762208,-1.0714155022914806,0.4307872015391045,0.44018436131933303,0.7277795806079634,-1.6874090628726084,-0.15381997438736095,-1.4363281666259133,-0.6940806747268568,-0.029656423405140356,-1.58078705757599,-1.7237752903653734,-1.4112367258852172,-2.497795464792062,-1.5302998871514168,-1.5033360149108208,-1.9198943754303301,-0.9772766229304439,-1.151835219692627,-1.045250195586283,-1.305317318904849,2.494228498069577,-1.060846102486885,-1.028113365125174,-1.3063199900581106,-1.439898539546863,-1.1467429570770145,-1.1860887049423117,,-1.8475190862733344,0.20369202103128006,-1.8871711589411853,-1.660098223575049,-1.5393319695527206,-0.5313568050573246,-0.7780440550572836,0.15320444426556196,-2.16287629440029,-1.1380978702219666,-1.5082423979059756,-1.1366463979787083,-1.3459732194712684,-0.10960115600443321,-1.386919824139616,-1.864772597281598,-1.4661836423865577,-1.0458647112848856,-1.8473273900856058,-1.160200044668507,-0.92882359146937,-1.6227794014345627,-0.9255187999089077,-1.2342846737280988,-1.619300417644091,-1.6554563806576101,-1.8961274489464972,-1.9959877945989357,-1.1173246408821067,-2.35906621426329,-1.5991500990367296,-1.8918480678404792,-1.3763060825772673,-1.6245743885164108,-2.2504815315654616,-0.865469821581997,-1.4707935749044885,-1.4185286154614163,-1.5786631307624683,-1.4030671372931045,-2.0710147127438714,-2.377624618178607,-2.141966158488819,-1.2875649446387298,-0.3663960373017563,-1.1160745175355615,-2.184678810779992,-1.6290751176955731,-0.9612338218344436,-1.1813833364272635,-1.161661731132232,0.1314175664731922,-1.4578313447210967,-1.3677494904237946,-1.6270513796061523,-1.5432298142714735,-1.6861197636848635,-1.8858032276650813,-1.934862085087128,-1.4128276375452644,-0.7339701438028758,-0.3175713820914335,-1.323112438896287,-0.8294771120442961,-0.7693338383244623,-0.5599133825195608,-1.033999872821843,-1.374480713237219,-0.6071838919244662,-2.351835463979095,-1.6056448766765574,-1.8324243443895427,-2.6633830791607473,-1.2745234783226709,-0.9921308569522925,-1.0342252301918444,-1.17915890278931,-1.3098013884347617,-2.6171185002296915,-1.144607274973724,-1.6801590363479546,-1.5039501235408677,-1.0339562304007013,-0.7802170965259267,-0.7919341731097439,-0.8151008532962046,-1.595701117183104,-1.9773597041593614,0.05067405596541391,-1.18554303161976,-1.6309950648848088,-1.2937494198316553,-1.9496638608948944,-1.882735148276281,-0.48172557575379366,-1.2793198951126525,-1.435360192825428,-1.1428255063749253,-1.185472486576599,-1.5007304615619323
42,-1.480653364011179,-0.28124741207589443,-0.5747984807356789,0.04598627551271612,-0.8603769501580046,-0.2834598564452391,-1.5119038631414732,0.005841008004388195,0.4247642285368435,-2.1176768828644263,-1.501442285559416,-0.6594809174791197,-0.2407804128152033,0.32502640961719637,-0.4836070440920181,-1.1546962047025369,-0.6276954406304327,0.1012760065204962,0.3484461753138315,0.7980796870432278,-0.22004197883534837,0.3508544284503622,-1.6564949849776998,-1.3290810159886342,-1.5697569336853214,0.07871405241073264,0.12949451679206703,-1.0288637404183094,-0.7137431076823065,-0.6141946033831944,-1.0700476654186717,0.09294555495470475,-0.005704451773758666,-1.722351520810965,0.745938415723635,0.2890701369786201,0.8446610397149212,0.22907146859579916,-1.255483872526126,-1.0416203075328898,-1.8475190862733344,,-1.3084538781758124,0.6355262753782988,0.1687195321705723,0.20065933541667397,0.03639600275058968,0.4902241705917649,-0.12230437935514762,-1.2972654022885441,1.0964647130600518,0.885391940157989,0.7875640097165919,0.4731998791834889,-1.3590551347788347,0.08909753703274129,0.02607834086611097,-0.4820346720895861,0.8089836601237185,0.4132319848919186,-1.3720111378428157,0.5368142885611943,0.3743268766808282,-0.348269258590507,-0.44517710811702715,-0.49038839243765014,-0.100949109101526,-0.055192035309097484,-1.4040266072652203,0.011323323699784577,-0.614793334209863,0.03260614798798774,-0.3891635658423029,-0.1311634758744092,0.7194056095456531,0.9649964095502018,0.6293100205550607,0.3267875523788917,1.3631635812943275,-0.028442070406970686,0.5611524037392088,-0.8137100203720493,-1.656701047442187,0.4467980755353037,0.7789073936595785,-0.317732646838482,0.7127188962794115,0.16474311489025972,0.5383540675285765,-0.2146219534231026,0.056925105884367846,-0.5258511166634893,-0.22623854536802537,0.7964298155826778,0.5450444171102844,-0.13937642026241082,0.058417256085435104,-0.026777028710688662,0.12734875326668973,-2.3305885513015987,0.568468006496844,-0.601735930914929,0.020552874615557812,0.265783597676651,-0.2508401214230791,-0.015108587981117081,0.2302959915433216,-0.1851711687547936,-0.463352097389933,0.24584581050786292,-1.1391404125945845,0.4676517878563881,0.5622012591955324,-1.7824319277557605,-0.14917410228593808,-0.3213739461459117,-0.09561483186844448,0.22417557549894626,-0.8389544743064768,-1.4209940432701242,-0.05411494309638034,-1.0022381829072653,0.1721347874775882,-0.4547122286724998,0.7382788895540671,-0.0786568331363132,-0.11522224203688948,0.18509832764237943,-0.023804852187831523,-0.8393702559222415,-0.8977507673342191,-0.09906004119202164,0.01346792844759256,-0.4035992934325038,-0.3819797971364828,-0.27616738610237007,-0.8304887210298498,-0.5980336000894156,-0.4926272413605478,0.09399375918654836,0.25792642135188776
43,0.09347860924933286,-1.1029865410475712,-1.1387670800030159,-1.0489007440731717,-1.1378625811235683,-0.684307936410928,-0.42471287659308304,-1.6828004435833388,-0.7386937035849749,-0.6296102113759172,-0.31610077260498265,-1.5487723303897247,-0.8397353879172735,-0.748722365403804,0.8070914793382161,0.6451074181350355,0.1771472008956264,-1.8104598394131686,-0.4477994600631948,-1.1173430575738958,1.527220407551817,0.9973504973827385,-0.6464772478066525,-0.5795450068610742,-0.7027808402639084,-1.3999781360818555,-0.45876831391649375,-0.7888019318088159,-0.9516814656847333,-0.24402641285738122,-0.15152799442369475,0.2971361861058423,-1.100429935733618,0.4623478732502615,-0.5088992124464237,0.3567439305929015,-0.30286553253628373,-0.5874617371784624,-0.016339295189414543,-0.6212999488150643,0.20369202103128006,-1.3084538781758124,,-1.700276522526773,-0.24689282409611685,-0.15821341848934303,-0.189505700686914,-0.3256778060850797,0.24713661501658513,-0.9495743690524354,-0.7296385702765189,0.1176378875588724,-0.7410487465585267,-0.9576826042436292,-1.028744358629776,-0.2347376964706106,-0.6923295708215657,-0.466742305044072,-0.7831848062642638,-0.4976033691024528,-0.1435640180541567,0.09328780676897269,-0.6028329717030029,-1.0220366940262489,-0.5090415617909565,-0.5163359520492887,-0.8519788726727505,-1.7090265637247943,-0.6815323809455143,-0.12710988603140247,-1.4204889381414314,0.048015266856775075,0.1740201686261325,-0.4868916468381535,-1.1045940453053864,-1.7192347468729863,-0.5585055235912312,-0.6795394894654619,-0.44931507192487213,-0.679481591896301,-0.6007622778628876,-0.834578387235873,-1.4486755440673458,-1.090725763767108,-0.936617118075976,1.4765326907524274,-0.34527690723015875,-1.7749796553283124,-0.5841606792924386,0.831737747196684,-1.2326526078014908,-0.48817326954357554,1.1580134454684066,-0.6590609649626209,-0.7948662085289034,-0.7928638279010227,0.06433623184889334,-0.7190927209634959,-1.3284359265590153,-0.9375358072530832,-1.2839746244300865,1.0486827929987639,0.26733418304861833,-0.5518431217487063,1.039403309071,1.287398773937084,-0.7277116828658441,-0.9381282000707075,-1.3313990058017384,-0.12953156926581996,-1.0562348942811484,-1.1467439946481575,-1.3901243862533912,-1.601649749092262,0.48451339580843406,0.8776215194845091,0.775719650989161,-0.5977129777468202,-0.8824525012632497,-1.3378847145762476,0.04464009955720369,-0.8732784502187402,-0.2588551879772256,0.547819403609122,-0.6693907543612079,-0.8682807435826024,0.6691710855612306,-1.4405301202874328,-0.9477858887992414,0.1559231369301276,1.3306059218225637,-0.7097871402841227,-0.46608802616949163,-0.8926672025476641,-1.7771293434237745,-0.06413921496504009,0.7631592209766079,-0.50849553224681,-1.1670769732404453,0.5705311538296872,-0.456882911456448
44,-2.0375021360995764,1.5242678033751111,1.1975660579429535,0.7178680918967101,-0.41141879351618565,0.5032773983827608,-1.247103531601569,1.3600064173251138,0.7761859179802273,-1.8719501415366666,-1.3727892567079945,-0.3392797595408938,0.520761724071899,0.8488729024365647,-0.2406718211785429,-1.4820806844086862,-0.6633448531902454,-0.5727049115897074,0.8425921885317171,1.7934490092613165,0.1453665336146235,-0.22139128861528157,-1.7302597147249104,-2.0302601196296886,-2.1517896056951185,0.9521266515428212,1.457741840450892,-0.7004746611897952,-0.003707126238755016,-0.5031424003279859,-1.2899740569920384,-0.01524595976621498,0.8439369064789729,-2.137467042839567,1.5125289532257251,0.5220022589117106,1.1081031677231865,-0.505005157798929,-1.6103660563339848,-2.2389650038471838,-1.8871711589411853,0.6355262753782988,-1.700276522526773,,0.645494547186275,1.019935787956781,-0.19022598507220104,0.09853864192577276,0.04072251445195982,-0.6659597726683288,0.9120365938586297,-0.12430939098485405,0.7654316556747249,0.6533305382694935,-2.326162261349503,1.1693361490796457,1.2244541684754295,-0.35933075692619454,2.2013331040836945,0.36571260328183164,-1.799644878597076,0.7529565207016669,1.343050687537932,0.18674678242028867,0.03515280944622128,-0.034786624718352754,0.3421978477109031,0.7198919880575213,-1.381279080464434,0.3436872862412723,-0.5784550377480047,0.7516277529169649,-0.32036767302703667,0.1826804616610998,0.6095172957204399,0.5757761137562105,1.2355513854673865,1.2770537736632093,0.7047797652385306,-0.9257021423126934,0.8709810344965249,-0.37926788976513215,-1.7761867040316477,-0.4222858064995539,1.4377402205313785,-0.7846324947413155,-0.14504690197177764,2.1084038061923196,0.24182554506484066,-0.20353336300690292,0.9420059415050187,-0.554127633445631,-1.3427875122544646,1.430158957254677,0.4545316462676543,0.5820577494175302,-0.02907335685955331,1.1315782648471195,1.6572951524341109,-2.823147857997645,0.6701489210802315,-0.9417642145040284,0.5779652854852393,-0.09181899489461831,0.1893855601174843,0.25499481678670916,0.5987729946089846,0.6785996624497547,0.3378640017977999,-0.1403549899383332,-1.0191998703433036,1.6617549942162972,2.14363121087813,-1.7286850710618131,0.19909162338947475,0.27202180759302275,-0.5452954359986046,1.1281176848518186,-1.2797836176002093,-1.317986238509472,0.27862865789094116,-1.1636027783534728,1.0060399346816606,-0.44060478768010464,0.5273445440769352,0.637580457785804,-0.26253334396883515,0.4595652614070561,1.4726117191598935,-1.2349742982026242,-1.6325470072172215,0.7209496195290954,0.910956750258984,0.47067807971755754,-0.7969788809133537,-0.8974507561810819,-0.7426342364533255,-0.47680562621009187,0.5761200918180412,0.5089919915579022,1.1179256646951556
45,-1.2325305426324282,0.6495617292218043,0.24852375348968536,0.3728443531944067,-0.3386766339040752,-0.09262988870849338,-1.636334018685558,0.42564644252116374,0.8969114020788623,-2.1397677066788843,-0.40194942664004035,-0.01873769543598961,0.6071273161705895,0.9854303953880167,1.1468869068051535,0.6005698841893222,-0.2535811084088926,-0.5931068336271854,0.6506999109306175,1.2907459794023461,0.5794141679414598,0.664205867424305,-1.3415838947548442,-1.1424313165454567,-1.3521151260138926,0.7833114038823806,1.0072413585217979,-0.0998870309508893,0.8069359487314985,-0.37225174259562754,0.3649258386171075,1.238551760417059,0.509086818982004,-1.4467845418256844,1.517300550540906,1.2226028019930504,1.4168770867371545,0.009280044935842844,-0.690728257760144,-0.13013882875453767,-1.660098223575049,0.1687195321705723,-0.24689282409611685,0.645494547186275,,0.7032860457966957,0.39741689535241964,0.9042300260854861,1.4060528242592865,1.515541192469353,0.9449181022907399,1.869084080055481,1.2608349953245315,0.020943388912272595,-1.4073639147924524,1.0476081589119188,1.0135898040066524,1.9420283426855587,1.3909117332975467,0.9527064547028266,-0.6082437963796523,1.4911736307831587,1.8912932231542,0.8871387685056531,1.4288899663878254,1.8008830306723105,1.2027128525157877,0.9591386002774211,1.4641704725712195,1.0352673799018466,0.5196826513789216,1.2466282198395828,1.595278933274386,2.4001981911849812,1.0843011410234817,0.41864593303114855,1.0116069705202153,1.2365907478350504,2.0455236199123497,-0.04436249896586635,2.153547163459964,1.2037743649001587,0.5951083416985918,0.874240818045317,0.9305867214557979,0.7844606833747055,1.9199680946850037,1.178524045487687,1.280374579389288,0.4776013500583486,1.0062728102478844,1.1772724329911999,0.10585352460068731,2.236040888947547,2.1112038095436065,1.3178937923324077,0.9041874808344998,1.0923574639798117,1.1697664162770385,-1.1788124035979906,0.8106940286840584,0.6007698179949065,1.051677780317533,1.2177034453702342,0.9362481295139143,1.133725379944178,1.3430170909499293,1.4358670675340628,0.6164153856024699,1.576394755445554,0.39253227774396804,1.7316460107584788,1.829321429371122,0.08490855990494318,1.0039715919700736,0.7165063258728642,1.0380708240105994,1.6912276334326863,0.7907561373379876,0.5715238522875251,1.664255565515288,0.5045139154127983,1.7627566824382033,0.9411860365468105,1.5017153190699546,1.1202749607365143,0.5949368632910209,-0.11864261983430628,1.3953677906266972,-0.31933612955766627,-0.1176816309157177,1.351617932597999,1.4968739879370383,1.7457072322938614,0.0029079564103499226,-0.307027987923622,0.4504328325651954,1.2751238220582541,1.1311051206386438,1.9404621333320138,1.7872814664458494
46,-1.4537818771624078,0.4594216857610508,0.5358829740102802,0.21806367475703556,-0.4815949812073863,0.5418840325145031,-0.12103955184455491,0.6037895876832055,0.8745877695487466,-0.8124874006016275,-1.2127961809662946,-0.24777758696214494,0.40311710562689634,0.5424678890557909,0.005542253855770015,-0.8008559663198137,-0.5362713353696108,-0.5780654350946941,0.9424406941555362,0.980230211123521,1.173727505905863,0.8927763581276636,-0.312356416755489,-0.5082970197143576,-0.7039025591658387,0.7277356787903284,1.6897223260202865,0.4271962391771963,-0.05290253951698545,0.3855007418755768,0.4982896148046161,0.8461214958665646,0.474360232819509,-0.9730207558514428,1.4769845991230104,1.7097042139708938,1.4214266886343778,0.3124355874626199,-0.08963448499523571,-0.9540449701809539,-1.5393319695527206,0.20065933541667397,-0.15821341848934303,1.019935787956781,0.7032860457966957,,1.1874180368639269,0.42603489073787093,0.031092361760410626,-0.18158288546393037,0.8209611956793895,0.4017501782242308,0.7269059494487445,0.3511893480443356,-1.7121159944216404,1.9256311572357652,0.8778311416001483,0.05866862700598626,1.220071675751908,0.701237738923119,-0.2750441540642995,1.5632525342315684,0.8446842420728958,-0.47451508978940765,0.6105493858745583,0.014504709724874762,0.05457867065083907,0.4839182113781365,-0.3163305256175167,0.2864443235094396,0.022497308912923543,2.174050869998564,0.3394181972195066,0.6590140514214342,0.5936566569125785,0.3711503008525726,1.0150902086105493,1.868821297288125,0.8881453867069401,0.13372734652600865,0.9045750919358831,0.0972543483623258,-0.7255486978905762,0.00554264418468594,0.9173308190460749,0.43276135558254697,0.37077563097546623,0.6482727927031101,0.5712243076146095,1.1144652062060962,0.553381573385421,0.34349181593496647,-0.24164755304856203,1.2791506534027768,0.5013170564549171,0.4657657169028334,0.38178651371353506,0.5938914023372651,0.8642175921005837,-1.1879611161486463,0.497583389755391,0.7232242784464343,0.7571790075699628,0.17515568219048525,1.07469398564252,1.0831277729318463,0.6623248552558971,0.6641047319123102,0.18339594323925543,0.7719549493535156,-0.8473865136621087,0.7177866498451151,0.8581287797230601,-1.1305185463800105,1.0566391324650395,1.0736882462490904,0.46033315603106767,0.5445911574628222,-0.4772899728703287,-0.6324826830511617,0.48009668076445283,-0.5066696744675986,0.8427862281010984,0.7632730887007287,0.644297384916586,0.6050188075370425,0.6372582002309795,-0.36918675141425306,0.9532370019591268,-0.215691535905139,0.2840433167186767,0.43222292880096164,1.378801632069331,0.35698596885943457,-0.49246103472015984,-0.5069818767078126,-0.22412106176193197,-0.1711586147767446,0.2907396882070112,1.5015512894448584,1.1454818172816807
47,-0.7165741062062205,-0.2299191568102203,0.013186269161070727,0.6908623252505673,-0.06203607217745193,0.6775985475771444,0.07038402938310136,-0.013183253262729547,0.8797892777929138,-0.6297189712116394,-1.0987098417784775,-0.1400075465211509,0.8970588851764276,0.6889878094532514,0.10837711565186615,-0.2570734471492705,-0.36501948070607637,-0.13080210524375652,1.4343290990077926,0.32378286809203144,0.47630280633611516,1.5899582656430566,-0.9692476064485243,-0.8334788980929815,-0.6974787013786844,-0.12438370117032466,0.6293740736718589,-0.46713108527374786,-0.579389826703428,-0.1827007504261343,0.059169799952155336,1.2492555354726214,-0.06277671371967758,-0.24966162912943646,1.5751277292793018,1.4482254139386932,1.0370334780136385,-0.05975134705067345,-0.3840920991946143,0.38953671139859103,-0.5313568050573246,0.03639600275058968,-0.189505700686914,-0.19022598507220104,0.39741689535241964,1.1874180368639269,,1.4755406147861676,-0.11608678698428666,-0.5378679724900111,0.6427681402533955,0.25306390113763355,0.4245937472450729,-0.3123827041099439,-0.7786626700732688,0.8696904135601505,0.002561376358872423,-0.22924408580655609,0.7441767210068967,0.05716090276243043,-0.4821891424242131,1.3243050862360104,0.2611144481864707,-0.9278428472520748,0.3931385990587811,-0.1346283235941082,-0.6470041404176937,-0.5636380845092858,-0.18842941908679445,-0.35861352886354414,-0.15341243277015548,0.7432265216419119,-0.5886134670718018,0.5338217830595596,0.2904138173878838,-0.5611350416013212,0.9421199728486799,0.9657811199385486,0.4452577362487042,0.006582485596144472,0.6570369301661212,-0.37059259229897773,-0.9413614630630497,-0.048078871454657626,1.5357805574783907,0.905952894829869,0.4323107208138894,-0.4219769725106632,-0.0797249267252477,0.792542891688255,0.016088762925735682,0.34830795310854157,-0.0624287101244634,0.8902043434035375,0.037961426653171884,1.334785963442677,-0.4313997251366709,-0.10658660396934636,-0.24671590446127764,-1.1405138029174873,0.29792213180216515,1.0639978071681506,1.0680299150252432,0.3148967529096869,0.7613843147276108,0.6575599940080419,0.17650100369420796,-0.08304052038478678,-0.40385658575453576,0.8618679542073833,-0.9749138207646029,0.9119987106010014,0.27733277533418216,-1.4609362838505162,0.43790738834548815,0.15282027540673593,0.19548268267976776,0.9473699542331122,-0.1257498907672244,-1.0085720421104711,0.18008109589747479,-0.595469055614862,0.23019227898203515,0.4725229862165554,0.7847432094651767,0.24747917192711857,0.2992752326126689,-0.5452283987497771,0.20268287785562947,-0.01022387144774608,0.007220000810584895,-0.277026883059288,1.0060455601190084,-0.42959328420173454,-0.03129773005656117,0.2605670201918401,-0.6835032178265572,-0.2770192915785432,-0.4744220498314149,1.110801176655293,1.125931355268274
48,-1.0651454118217818,0.5072924292995766,-0.04928527123163922,0.17965858151707598,-0.7885669250477698,0.6299947688711696,-1.118522185045327,0.26068226203253486,0.7310590611625416,-1.737140613555431,-0.04616803823865254,-0.24903576918524867,0.3277208240575262,0.5819067545688648,0.2037094527700621,0.0537643963459417,-0.4186851541258062,-0.08297379512685088,0.7862198636315809,0.7529287412604115,0.653398953321156,0.9984062203250877,-1.6479510329031706,-1.56904215600211,-0.8048754361172863,-0.2929921562821783,0.5454802957173014,-0.288094345410209,0.37130329435644793,-0.380886936979192,-0.3963916538545776,1.733738265756042,0.03188440550075486,-0.7478168664206781,1.6322345697912812,0.8075752766271247,1.5438100167389979,0.08670001605658964,-0.6939556593894124,-0.08228624463547399,-0.7780440550572836,0.4902241705917649,-0.3256778060850797,0.09853864192577276,0.9042300260854861,0.42603489073787093,1.4755406147861676,,0.43234416488241173,-0.3134491449373745,0.4752706070961549,1.743830369634629,0.510114218350051,-0.574510055739899,-0.5195516012855864,0.5225064730155814,0.32798183202261827,0.7257389312094987,0.9748684758021509,1.2051342993097038,-1.1149065502857713,1.0897115052245905,0.9060217132480983,0.1711994850797047,0.50554025230204,-0.11465466531845538,0.5722812212168842,-0.23047589903326735,0.07878480917444002,1.0025917553518457,-0.14782450644849532,0.5495381360454052,0.2266469827841201,0.8370177632381833,0.3939811162725604,-0.3919165592918135,0.9525169804963289,0.9224787332410348,2.0470628006260787,1.0773906113158087,1.0094672860903908,0.3091203510294488,-0.2692382925884198,1.6102593030096755,2.0669284177977434,1.4779323137423466,1.889711344702523,-0.0417480354881713,1.6153480568845207,0.38690714441823515,1.2338610758965947,1.1994547421748911,0.11269646926215894,1.3311232208584127,0.7124244218088358,1.5155868665832617,0.20382281984833767,0.7492380018917727,-0.1494749556152765,-2.028756501902483,0.19805269165230024,0.9122623121384057,1.6398528824160323,1.832106406941427,1.0188843625064334,1.282906718799995,1.0718489258133002,0.8288447100892082,0.6115612453630204,0.32441465703556205,-0.48998833067006864,1.2726001431755936,0.6257311045433008,-1.215032810785988,0.729697140270936,0.7812680692026671,1.3910076138878917,1.6814542370786465,0.7099567424853358,-0.1959323879048723,1.3113702424616285,0.5400792390007267,1.262941201090337,1.2658682220093924,0.7786474968536033,0.8036346899442472,0.756891701159377,-0.3839363292383874,0.3665248704505052,-0.26680251927164483,-0.31325179479140713,0.7676335680365636,1.255242923215312,0.5235733303320401,-0.8428597355953178,-0.21283308035618598,0.44660938830224567,0.8978878499924712,0.3076301321407444,0.8221281136184176,1.532397434341682
49,-0.5773247157126967,-0.05118359506382395,-0.25659029839779823,-0.18746905126102698,-0.6715190484677638,0.5002718387103651,-0.7908014799046561,0.08179999107375586,0.05228129879150077,-1.4768653831242633,0.27524583807091246,-0.10440645879685424,0.005347062018946474,0.1858555606904409,1.7088763047027766,1.0586069331937913,0.42167207585934996,-1.2667156298081905,0.4533534100017273,0.3253807895606489,0.7318861447452566,0.49415349209355974,-1.2361631843339151,-1.319285179855819,-1.1051543291353363,-0.4479895032114092,0.07277933885372108,-0.40145438373944514,-0.12903495326839665,-0.4358889742808882,-0.06890288799857981,1.1105097567878117,-0.04141734275382388,0.303421718702844,0.551465868509734,0.46896383700729866,0.4541118357589894,-0.0012625124775484523,-0.523928239065674,-0.4513960125937041,0.15320444426556196,-0.12230437935514762,0.24713661501658513,0.04072251445195982,1.4060528242592865,0.031092361760410626,-0.11608678698428666,0.43234416488241173,,0.5077441094806978,0.12504312531293266,1.1547069941802408,0.27926578667418744,0.8084316603655282,-1.2575706767590669,0.44756686344614505,-0.03450840945197769,1.0541854474253813,0.4705613694020544,0.5910817470621618,-0.7505240833070048,0.4639801781157749,0.5412299939408609,0.621797176029098,0.421057025251587,1.6316904542617754,1.0753614217018095,0.7301308328800534,0.6726915296837387,0.5042699633613829,-0.1931890518390182,0.5442154019023363,0.8418057557212897,0.8695157506143655,-0.0858824728689353,-0.5030553513910714,0.44107404869262934,0.2798381197985089,1.2871881060645136,0.07436809664797935,1.3116473538990496,0.6247746525197466,-0.29409685470126845,0.2350271736658906,0.42993955262120453,0.4379710273380129,0.993050277609602,0.000874861502600427,0.44593222966161805,0.5154218000155985,1.0027264205454838,0.317227806851345,0.2192862200303584,1.2260877514853494,1.1237435778262568,0.40264432644548537,0.9560007305891817,0.01608311731426112,0.13493990002767453,-1.6690245387362215,0.03988313601639223,0.054070969143080655,0.41138099628335384,0.6941063374048133,0.24565571918073606,0.48560577647209546,1.444803064335425,1.5591643919788059,0.7065939031565581,0.8300135523769273,-0.21469229284723584,0.8030196971138185,0.5874871363306972,-0.1902648442440085,0.4547666926674536,0.14795774435668205,0.27260932998566534,0.6984379754077423,-0.056785941510681615,-0.15644634495131576,0.6651973859131768,0.465720040718624,0.4229274439201269,0.05666088545727611,0.4481992316839299,1.2166360988848872,0.6584084288912377,-0.48264101045159546,0.570388813455995,0.1174451747539979,-0.72911311001539,0.483126012280306,0.22983832330361142,1.039746816741361,-0.7562497101118699,-0.2390623638692785,-0.04694078280882736,0.45929900806758495,1.1806119429381428,1.0762270697440988,0.6970759281038217
50,-2.1594323815964365,-0.7620392827831804,-0.43872723845773065,-1.0355534759930765,-1.5531726044669503,-0.7482081777536475,-1.6231945666041172,-0.6271610713823034,-0.2593430475040272,-2.157968520601071,-1.0708304937473767,-0.45430778793260035,-0.7252688522068198,-0.5496000333798252,0.5963169016205645,0.21717621603109927,-1.2441765823260422,-2.2315605803454366,-0.5815507205118577,-0.45818068001499673,-0.14752623223560776,-0.06478172019621568,-1.6489064815363461,-1.8939025737137898,-1.7580023395369482,-0.6361516038279911,-0.2529881801712662,-0.6683442836426944,-0.7014830729896626,-1.026232305269671,-0.07273010812020847,0.48353254537352847,-0.6692531504654127,-1.7521385337098874,0.07902328142397347,0.012816297018746241,0.1631517247124526,-0.3412627925890363,-1.3720889443685576,-1.0715878378835064,-2.16287629440029,-1.2972654022885441,-0.9495743690524354,-0.6659597726683288,1.515541192469353,-0.18158288546393037,-0.5378679724900111,-0.3134491449373745,0.5077441094806978,,-0.551505487374699,0.6833045827709014,-0.6747714293743935,-0.5404619211120086,-2.3353147470462186,0.23309131537942618,-0.5413422539314116,0.4361007008558158,-0.06190434351026415,-0.21183481358047776,-1.4067072003132155,-0.03784143053612762,0.015545994985855481,-0.4399046545340246,0.030123545134050966,0.5357865439493961,0.8878792083726342,-0.25551070098309026,1.037955843608466,-0.10922006458869901,-0.10021588112557472,0.1834465660896865,1.056985187033664,0.9230067856519235,-0.7460450760389009,-0.7744233649649443,-0.5979193999223978,0.08731562308687232,0.6386891481456345,-0.5755841631267592,0.5715345220977419,0.7207772573718647,0.15375170924246567,-0.21298430949255928,-0.27170928047566284,-0.43994462872994633,0.29826018676622595,-0.13819306761144634,-0.18514901680641738,-0.23949075532461717,-0.34855572980832755,-0.41629227029460875,-1.1983782621842343,0.4854787712501803,0.6614117478094419,-0.3809696904282957,0.33452858355253584,-0.3507631686319966,-0.6078490528135041,-1.3324631628528485,-0.33188871137154097,-0.14029019781204244,-0.539257485641174,-0.21132331132582377,-0.3291695867199617,-0.0731287373370678,-0.2288750865029737,0.23968735617138612,-0.6219163154453683,-0.000820817641263975,-0.22726229037088796,-0.02334786297293834,0.04499544690117078,-0.23766931491611049,-0.34824138600418897,-0.26774373087815867,-0.4134294561652053,-0.28200819202688965,-0.8415731074257179,-0.4429865450410233,-0.035113517801554875,-0.4566878863149626,0.0008129029337855004,0.18379135016073728,-0.7776221641131876,0.25294482104599386,-0.2863540795102732,-1.6051461461292276,-0.17589298904438178,-0.6975175433354999,-0.808848396928167,-0.21877328668414822,-0.26700837963774215,0.6655940080796494,-1.2150348030593119,-1.5604191165368768,-0.8996779366559017,-0.21448641970600724,0.16712575871531113,0.4754036256269537,0.2535011875047686
51,-0.0857005239771886,0.7097194779173671,0.30560505076624517,1.2590838157475055,0.027990049474234308,0.11067352372870304,-0.8110156892912324,0.299999644644749,1.0858693277234133,-1.5224488755612737,-1.36290157108224,-0.2758894610776101,0.7861804968408903,0.8029314405805498,0.643308954709165,-0.25201066218466067,0.9821160434276135,1.021978069479649,0.7781263711866238,1.6877811560134093,0.058748480676985466,0.3394847767502624,-0.6093787049278849,-0.9023739072592352,-0.8129365759784883,1.1386346246119377,0.9073340043599439,-0.011703225601999472,0.046900525097596846,-0.011264447314511528,-0.4861044466779563,0.2358558984149147,1.9917639762621175,-0.8796972893396693,1.3769951783896812,0.7896763363304214,1.0365923274150253,-0.6681594362993604,-0.31023298967874813,-0.6245894365939161,-1.1380978702219666,1.0964647130600518,-0.7296385702765189,0.9120365938586297,0.9449181022907399,0.8209611956793895,0.6427681402533955,0.4752706070961549,0.12504312531293266,-0.551505487374699,,0.1574970991345285,2.3263564329899666,0.022055889213480822,-0.6169048095468246,0.917146255622084,0.4159592184058227,0.12606045034243765,1.4664284731753578,0.11463911494277002,-0.6138194663259458,1.2232835511155091,0.9583149170622622,0.06178719518226768,0.45896246560164045,0.09516811322888909,-0.24591863035292,0.4201415259322861,-0.9950622111443915,0.2092205905538642,-0.13770870582126352,0.7274086378351441,-0.2342356116351248,0.5778875678481518,2.2251624872948113,0.5023446347844588,1.2882804488884132,1.0184670349054055,0.9527063597908755,-0.37270229668790056,0.7306848844480962,-0.37660630776249787,-0.8340805419644636,-0.16125397812567888,1.0358148795985456,0.03591498148213204,0.3683634972941756,0.7459563234094857,0.3401388590375336,-0.032931327567574296,0.16176427384519543,0.2598383398761051,0.8199750332415792,1.4540523299909962,0.5344256522985105,0.6678005947869426,-0.07267981196240074,0.1882526575859455,0.8936825353355664,-1.5647946976289513,2.0477081150182626,0.035658098235858665,1.1871026377645153,0.143466005325381,0.48846110883254706,0.5277609433401669,0.6419067992054467,0.3516728928195807,-0.20874959880533225,0.8289705300539308,-0.8265841978169121,1.0091225022475974,1.106402148221916,-1.1671185580863708,0.43743414301963407,0.19369346764898843,0.21555341242850343,0.7471822351705111,-0.0822930965240979,-0.7418756714026022,1.021183139004086,-0.6252604599367197,0.7397250582407959,0.10794566905684753,1.8736003206605054,0.22066978622994388,0.21583686684066405,1.1422146943745253,1.1801892884354943,-0.45559372630129746,-0.5191416086473659,0.4649145361858146,0.8246613758381947,-0.046321085236245604,0.5443862006443515,1.218022119791101,-0.4055579673351402,0.05898858852980882,-0.26775507899996903,0.9171962441574637,0.7215292377548967
52,-1.506089331928581,-0.3393473135159407,-0.39186597273813445,-0.40570699154924617,-1.1146679843070302,0.010930016432466286,-1.4801641031094868,-0.0495969770452077,0.29959044303347865,-2.1967897778983057,-0.3798073224192804,-0.5339809329630111,-0.38884397276984983,0.05611716384359159,0.4793755154970818,0.2614347179930874,-0.8747851786846064,-0.9413238126289208,0.16057949484211106,0.2046630017766026,0.9178536441980915,0.9379412803446868,-1.5561273480366318,-1.340257931877217,-1.124251415794763,-0.30236880506061076,0.1737820698196238,-0.17560914844467249,-0.1509026274217335,-0.19732765438553673,0.23814440645726437,1.4960625939291328,-0.4394312697255011,-1.1294723138184388,0.8633490650718998,0.9528118063089783,1.3238907983944617,0.7182471686650856,-0.6018323425838364,-0.34586500378679275,-1.5082423979059756,0.885391940157989,0.1176378875588724,-0.12430939098485405,1.869084080055481,0.4017501782242308,0.25306390113763355,1.743830369634629,1.1547069941802408,0.6833045827709014,0.1574970991345285,,0.2569641778566034,-0.21932835143975532,-1.3973341198341234,0.48510868304979765,0.16257530993064853,1.0364939363419463,0.5161236939019015,1.7195258037269228,-0.8508000110623416,1.10827307327402,0.7709807290860088,0.020283915290947988,0.39949661886097215,0.39652391794415043,1.8229607074590484,0.08831878603781061,1.0862099409722863,0.7803146657851732,0.5131216320882566,0.7168054094584277,1.8107633900120572,1.0683291086335005,0.1346076852206953,0.0871634555691702,0.4063777572217765,0.719694265436228,2.817084486199047,1.562063016352439,1.2570586756567164,1.0223861411929591,0.0780488862974295,2.1278261535626104,1.037305095953741,1.2180806462824492,2.2583498051049817,-0.0724062386987487,1.912290722436962,0.5907481694560801,0.6737163054764451,1.0149820585432938,-0.10932543033232549,1.3152954336355323,1.4399493345048289,0.3823706338405956,0.9206500179726075,0.5647085578327394,-0.11048422781299917,-1.6184526699266926,-0.18826316947363284,0.8874804828371308,0.49012177918765587,1.6445623832827343,0.7712910529713791,0.9899005857919995,0.6419279952049244,0.5577434997658511,-0.0860555521631599,0.786436979488135,0.16710259342286304,0.6047007871757073,0.7338553253923258,-0.25623059652100094,1.1129312822298787,0.9282543821673899,1.1606598651169031,0.6765042549236608,0.41942080233194023,0.14632305564091305,1.0966746976633512,0.6508889346797261,1.2578747852839804,1.4682953939911505,0.205693784377911,1.3524998155882295,0.7897382951042539,-0.6699372607518689,-0.062147712293945966,-0.18801456371201,0.04322964709807307,0.9106753705118402,0.6727994822853833,1.3660348973744025,-0.6514799416979012,-0.7748860775026664,0.6285334630810346,1.0320165419098406,0.8737094784793172,1.3292622652771395,1.1096843589800724
53,-0.2597547605929621,0.8341993027322181,0.011858919439618908,1.1440626156261797,-0.3121751223492551,-0.0023224897576611487,-0.9456114241537293,0.16435430364319784,0.9294244168583039,-1.532861272725581,-1.3563949068448506,-0.5187790359403687,0.6447230307805621,0.7581082781986221,0.7029026548525066,-0.29642122839843926,0.9518540754754483,1.253845164830721,0.7057434222760357,1.4961609308172337,-0.036901350369775425,0.006880840154280446,-1.2839635710654436,-1.0898582233622292,-1.213625653273307,0.6749911869199173,0.8774706781711538,-0.4235617245865253,-0.09831810595915194,-0.39628596464864513,-0.5698409580381657,0.18768608520771804,1.9138334470588878,-1.0708697637793467,1.2866338964246222,0.7301547168962361,0.8074294874323397,-0.5373010933653902,-0.7686388756033656,-0.875899683508796,-1.1366463979787083,0.7875640097165919,-0.7410487465585267,0.7654316556747249,1.2608349953245315,0.7269059494487445,0.4245937472450729,0.510114218350051,0.27926578667418744,-0.6747714293743935,2.3263564329899666,0.2569641778566034,,-0.03890552232266427,-1.019568634039494,0.63138989399282,0.6148066052461553,0.22019001667739171,1.3907509649755112,0.3073248140583505,-0.7560339313876346,1.050000178752627,1.0941394467119818,0.26312543663037957,0.6059749566957604,0.5322647412784564,-0.5513323875905757,0.6019530787299578,-0.7970998783481669,0.3729450219040753,0.08912683380273694,0.6844467374135546,-0.2840890198275308,0.6694978884710174,3.018011303156152,0.4468396314347675,1.3384191631831286,1.0549189587869339,1.0609889550709573,-0.6049221602244061,1.1309074587857566,-0.42415078296537473,-0.9187209999374554,-0.05325720897674634,0.7502184037430616,-0.05705967363108446,0.697961752310996,1.0346432964818928,0.3503210877545914,-0.0807562851338688,0.4013559095440766,0.43975147496476097,0.5014453862129932,1.613264936172596,1.0137587816728606,1.0172905858222292,-0.03464638072522604,0.35453872580889045,1.1441215605380568,-1.8718862154553304,1.8320714369345066,-0.15505638101349448,1.1321601023054668,0.41544298626488857,0.5605538966789932,0.6140888316428829,0.7136112508954765,0.5455382227865485,0.09739631902718503,0.8728892464020409,-0.849933055471903,1.4288703592213956,1.4592725280941001,-1.3805111391183533,0.7018264233981262,0.40623167797761006,0.18742433788955046,1.2140388607651869,0.1958465357163027,-0.6822688353524201,1.038702963341465,-0.5908116027806513,0.8270559544340644,0.006897048822897479,2.2969549152314594,0.387449338686215,0.36572349380800795,1.142681641734357,1.2014585007729472,-0.3736757039229438,-0.6683667501786766,0.5926765555476711,0.9711804064757272,0.047912838045331384,1.2323936806239495,1.2450580682236418,-0.2916414665108903,0.26415337113851983,-0.07118811909743651,0.9964229963096464,1.016456590520421
54,-1.5603971911048393,0.16343206574688166,0.47729920251465907,0.20131685773491917,-0.49891893632032935,0.5520215789783217,-0.36333517549869526,0.5397055364954945,0.047502093981947865,-0.8486636505665284,-0.5029229096743545,-0.006340903783797443,0.2654561805739565,0.04486616489968156,0.1759917615078524,-0.8496899889339393,-0.4077419445096138,-1.214224855358922,0.6133121669998096,0.6996269971491692,-0.056185754735261016,0.023149027014933193,-0.8114404413759848,-1.1360165709482033,-1.0427027297926055,-0.1926833197713849,0.09828604370773628,-0.6783476970375585,-0.14724693609564382,-0.05796663607546371,-0.6777705708252717,0.3477680181117165,0.018009913193909034,-1.256223753535494,0.6520666638342438,0.24857916316101303,0.3054704996756166,0.9001887199202622,-0.6950486381901243,-1.946888595886838,-1.3459732194712684,0.4731998791834889,-0.9576826042436292,0.6533305382694935,0.020943388912272595,0.3511893480443356,-0.3123827041099439,-0.574510055739899,0.8084316603655282,-0.5404619211120086,0.022055889213480822,-0.21932835143975532,-0.03890552232266427,,-2.0167052613419503,0.2609312004093557,-0.20516084074274463,-0.24097064960403888,0.46324457637611527,-0.23982516650964955,-1.0588606290909635,0.36366048770584564,0.03768184174601774,-0.1572930979508301,-0.5950106725680686,-0.3025567986836962,0.14928172645335683,0.19493736801094175,-0.7188628649664968,-0.01735112071766279,-0.9449774459881064,0.39595684670376813,-0.4491265187694886,-0.2231370342088543,-0.5234278675210159,-0.32766774732775716,-0.041230291750141215,0.07451184261254422,0.08528059543049694,-0.8824369567087058,0.27275780309146425,-0.3168546434401792,-1.926520157540429,-0.8290434567413593,0.247529608233307,-0.8302038717908452,-0.5225553143196106,-0.25473146787940243,-0.3727453747897433,-0.1760136418699473,0.45491874234671964,-1.0432441618184862,-0.5390977225473237,0.3543200741661757,-0.33496145811207745,-0.6705019126257616,0.11757927723612407,-0.34601883838738917,0.3397970908914633,-2.2938068646195573,-0.5454674653713618,-0.9376028299664553,-0.029998247019996704,-0.6904896308126162,-0.27893677256017163,-0.21338801902959795,0.5326310374587173,0.5892205317874712,0.1252259049367401,-0.013235795870976138,-0.8728633573641424,0.163280299618303,0.26859027042991385,-0.8770713671450003,-0.34528019769232154,-0.38498954121580153,-0.7384387430000007,-0.025781395474728144,-1.6633169770787268,-1.696348788957672,-0.4603494245867425,-0.9277468733000559,-0.003042275550166993,-0.6983342146445114,-0.25423149728451283,0.23871887367304556,-0.5447587184656378,-0.4521397627220602,-0.2344169183107198,0.20193083857486696,-1.1595658238236015,-0.013982052436357615,-0.2716294234162772,0.17112392305106455,-1.526506382696907,-0.8176478875897619,-0.8463384911488051,-0.965043514243572,-0.1462475865612232,0.256627421073419,-0.30542118369296234
55,0.7033883653472766,-1.0943695972360161,-1.659535286764673,-0.3259787274469747,-1.0512842704434058,-1.4036216433247137,-2.025634728710823,-2.146800453934789,-1.0656032728952638,-2.4710608191210164,-0.6890564971724502,-1.9019177332823225,-0.8808456431175594,-1.0449147777370869,-1.1354551335668612,-0.9281434205782344,-0.35204623890850145,-0.5974714995020431,-1.5005294208224293,-1.2546859508864059,-1.0911127506659104,-0.31117595643959195,-2.0418713621306708,-1.8753417775200583,-1.6457955583526351,-2.225389425133183,-1.6284732478527217,-1.2318821082181997,-0.9220337452450167,-1.077626826025626,-1.8507762060135289,-1.0013058318019386,-0.7904869649115398,-0.6141047395091516,-0.7557386140723211,-1.5688109995786101,-1.4964214296755414,-2.256098933825718,-1.5560265586327793,-1.2324255774397181,-0.10960115600443321,-1.3590551347788347,-1.028744358629776,-2.326162261349503,-1.4073639147924524,-1.7121159944216404,-0.7786626700732688,-0.5195516012855864,-1.2575706767590669,-2.3353147470462186,-0.6169048095468246,-1.3973341198341234,-1.019568634039494,-2.0167052613419503,,-1.5902772650696315,-1.773722145703853,-0.9352682640552873,-1.1350959336480573,-2.0111627020988414,-1.5310068972262105,-0.48617909384155367,-1.277210521295414,-0.7124426162564959,-1.2055804683249407,-2.135449532407915,-2.2836984247059764,-2.4442774541109564,-2.5668636640590226,-0.46393187726462454,-2.596039570127443,-1.664159047649893,-1.9990863523673597,-1.4149623096965929,-1.3495747151772608,-2.0105433585321504,-0.4829562011551463,-1.7565593737878353,-1.409663879495331,-2.104831299264368,-1.6917813207839474,-2.154745676452831,-2.471650725136489,-1.7912656203450152,-1.5694150904328688,-0.6416816710288483,-1.1297659731531864,-2.5238424854593497,-1.3937908144237032,-1.4821739184231781,-1.3653815271716763,-0.9859761022761853,0.1772397654776669,-1.3733581859241868,-1.7467348894799368,-1.734096892643221,-1.5969057590743436,-1.7590660073944424,-2.1882107386676686,-2.80779278755779,-1.3625545858459718,-1.3366792411434962,0.006305549702959555,-1.4501499422572293,-0.9673664781819795,-0.9584807883457739,-0.8352377849887157,-1.3832904873526803,-1.5912929990599267,-1.5887834073177567,-2.7413749318274876,-1.8967361796983369,-1.9819911761340656,-2.853448180112783,-1.6034491579351702,-1.5453698053260518,-0.6613447826653135,-1.2333289446062072,-1.2448912546805884,-2.489440116175629,-1.096985115242656,-1.3927177068222822,-1.026025581608713,-1.4719650162163658,-0.7212992669152731,-2.0233846735423455,-1.6328045022430142,-0.6701433821204508,-2.0806238393231604,-1.8858221531436699,-2.2249370799525776,-1.5341076481437974,-1.2825268726217762,-2.458218201270318,-1.5952835731853063,-0.8058412625453367,-0.947098844049871,-1.2772633799989188,-2.557952372524293,-1.6138643456758641,-1.8932121374348707
56,-1.0990763292892842,1.010918976607232,1.1831728299139987,0.5562444717843233,-0.07432977134537275,0.2297878307051173,0.199287194360828,0.47763792271914024,0.8744677012508323,-0.7582485332356178,-0.8259816585270849,0.25182273033709274,0.726050276719877,0.8190834352115449,0.5417296306233974,-0.01674364377398153,-0.15175730971777363,-0.5941373820201141,0.6157328890453698,1.237351877514958,1.205322986567845,0.9692170932844826,-1.3055237161561362,-1.4589356102875106,-1.7087296634192317,0.7744662126223613,2.383648000771652,-0.09411407517973047,0.6611586619435378,-0.2083581005141092,-0.3172627346248963,1.0783568971731237,0.7438832708279819,-1.34394652842778,1.4126182625003665,1.5008458757538574,1.2274709824089325,-0.28743807991692494,-0.9901598644976525,-0.7863916152405748,-1.386919824139616,0.08909753703274129,-0.2347376964706106,1.1693361490796457,1.0476081589119188,1.9256311572357652,0.8696904135601505,0.5225064730155814,0.44756686344614505,0.23309131537942618,0.917146255622084,0.48510868304979765,0.63138989399282,0.2609312004093557,-1.5902772650696315,,1.0486243030258398,0.4485054369448411,1.239610817396998,0.38821249061438967,-1.2085900356216577,1.7501364469066698,1.2276198079333203,-0.04615938399197891,0.7090834525933922,0.3494262474325438,0.6619987218802557,0.5047284183174476,-0.08059038565993627,0.6167139557209824,-0.18607188788256415,2.0742305401096734,0.6212121767226332,0.8188679931634173,0.469980730352607,0.472248081492657,1.2892462199134083,2.103956318399051,1.0092085971571503,-0.4800028368942852,0.6892446697426404,0.2847551862809114,-0.49629861910711626,-0.35723689494898464,0.9573402422186362,0.47591264424037494,0.31632150280966176,1.003365641041675,0.6740079988008912,1.3557718435631727,0.7099850991989733,0.6257273631311866,-0.21139365132359328,1.3202142713712104,0.6514050939321858,0.41371642830909333,0.35188171560239806,0.7164456628690132,0.8510069720825474,-1.8502350066250937,0.6291282886647775,0.25784467318539317,0.8101309188663625,0.15713060476442423,1.4461908902389198,1.2268680489249102,0.7251100162967233,0.7770790530890932,0.020196212474581313,0.34231883180130923,-0.8436720260120938,0.8529224169806374,0.993930897891762,-0.6538243779329769,1.1685316245442776,0.8036931056154449,0.4737351458050384,0.8282259424764341,-0.3487208281978956,-0.3809198176516039,0.7795521918777163,-0.3153673505228346,0.9937812618865906,0.44521909728350234,0.7409141791101034,0.624284148249187,0.6246851829602957,-0.24050968483683388,1.2097593632180652,-0.5173957868779259,-0.34480829122133305,0.687486603807299,1.2070138913700101,0.573892275071286,-0.7544173116334406,-0.4175941905969507,0.11880431890265264,0.2589013775446448,0.5078969668998695,1.547250889770812,1.175740882397575
57,-1.8437322980313686,1.0712498911505153,0.561749392981671,0.4017842584988869,-0.6387699934466419,-0.2781507531737808,-1.4050421232345964,0.5716043802624896,0.9667489360367126,-2.000634734351717,-0.5138357082260884,-0.5708401622003617,0.5825297460743466,1.08191470679567,0.18538071625093838,-0.22648448510466182,-0.7307438360627976,-0.8919032547053874,0.2618454182533157,1.5038309668282523,0.6797323201324865,0.22985464377426001,-2.15776432123244,-2.4500577724453376,-2.2494166033184295,0.34024953078472675,1.3547467451730015,-0.6279962768362853,0.6635858993471628,-1.0635608911134524,-1.1764164418895415,0.6423727654938233,0.38418435335771633,-1.9940886110123606,1.4710732385457703,1.1893960145732088,0.8768427207503421,-1.0958192856896813,-1.81469055181047,-1.5106725286891196,-1.864772597281598,0.02607834086611097,-0.6923295708215657,1.2244541684754295,1.0135898040066524,0.8778311416001483,0.002561376358872423,0.32798183202261827,-0.03450840945197769,-0.5413422539314116,0.4159592184058227,0.16257530993064853,0.6148066052461553,-0.20516084074274463,-1.773722145703853,1.0486243030258398,,0.7678383679789105,1.494414933396858,0.32857165814191114,-2.088978544295973,1.1686328755457156,1.8268761971081107,-0.0036628655178847303,0.5169298657401233,-0.2502508002555347,0.4466909810601688,0.7629809896349841,-0.6935215028437672,1.1884496968308236,-0.485600136947584,1.1859240702018503,0.5124686221319479,0.9991851297207387,0.3401613472234366,0.026948566114071246,1.2925362658267465,1.549266629002433,0.7475572310312225,-0.7399385698887797,1.052960015110776,-0.08651013356050491,-0.48830632536988033,-0.2611232760238406,1.03134098609009,0.6283434141284465,0.453615671827498,1.2548605494530103,0.743727763543118,0.49740527680431634,1.1824651023232575,0.6402499298559878,-0.4839588928973147,1.4789130952786116,0.8185852122255276,0.8169003028836933,0.48263530485803374,2.036936335083758,1.0988510847696529,-2.8461264729053557,0.1643255369852347,0.07624210912848153,0.730971285145083,0.1318532396512457,1.5097745936604492,1.2954432891815055,1.0402526181100658,0.9815122115458443,0.2366317863987502,-0.09074805427473834,-0.8390803945556554,1.2571332750713269,1.5002325558698129,-1.3345455177130316,0.9799443864048946,0.8874092323182966,0.954799966115379,1.3773685283092372,-0.11338106338608837,-0.30940272562189103,0.8332657382259551,-0.2038495586901853,1.8661561348258164,0.41504421782020134,0.7805116541433142,0.37391029631351935,0.5842770099745539,-0.3389961388896809,1.0463108868682807,-1.1632840071143664,-0.7291227944417288,0.9657362338578768,1.7251189407979743,0.6452487427172737,-1.1296459741627891,-1.2531221400589174,0.8132883712247737,0.5615315302166359,0.22401798286540778,1.052355496087729,1.0806219267810904
58,-1.376859519226016,0.26962262233781,-0.15389343933256036,-0.21843474083321054,-0.43770955996992983,-0.5352734422278497,-1.6998872777915597,-0.11569497310836786,0.3959684737278514,-2.389758151858017,0.8901120267128507,-0.4281749499003579,0.46819054244477104,0.7088674484249389,0.4872714600616978,0.04733619525889499,-0.27631046570245565,-0.806903221468452,0.00995104798453889,0.5053320114657739,0.4714555849072504,0.44579249173271307,-1.8663338841835273,-1.6633725129474541,-1.9026568768119554,0.07956052656638467,0.47868107619915423,-0.7986254991889019,1.5661164594967856,-1.1377659828994198,-0.3289048754918066,1.1199328467967387,-0.03657392131641974,-1.7207722987537841,0.8624540252741787,1.0331389551539727,0.7185830795980861,-0.7603776044724535,-1.309835965846311,-0.5567109786339871,-1.4661836423865577,-0.4820346720895861,-0.466742305044072,-0.35933075692619454,1.9420283426855587,0.05866862700598626,-0.22924408580655609,0.7257389312094987,1.0541854474253813,0.4361007008558158,0.12606045034243765,1.0364939363419463,0.22019001667739171,-0.24097064960403888,-0.9352682640552873,0.4485054369448411,0.7678383679789105,,0.45795804301340554,0.5709023619266749,-1.280927285711353,1.4853141063966184,0.9606591910985989,1.5275444787237813,1.3920055082669018,1.0445238461178263,0.20836103631735123,0.5861566047640101,0.06700910601542046,1.4293186381645056,-0.233543864166095,1.0030986223384457,0.5805523473455324,2.110444556651719,0.15904549156783523,-0.5645492897752484,0.3874320660488272,0.5858651862253025,1.0425821463949436,0.03923454972696866,1.4101258957407738,0.7822417071689438,0.36861616475246617,0.24480723953816128,0.08116006506545405,0.9229154714364791,1.959630764418521,-0.16446046873737763,1.3217019311193272,0.43202922209990047,2.0265923908520147,1.1641309968001499,0.10968973223421079,0.9925052746943364,1.137014852298993,0.3443663086284218,0.5343457937209454,0.9204012924657018,0.4479230415914161,-1.5445099278793228,-0.17682596624626049,0.13388475267972905,1.1867287465854235,1.279370563312648,1.1661623708675986,1.0407583817960848,2.22056728596941,2.323449501595913,1.8679436398133378,0.5104564575123546,-0.18510870779709315,0.34640619715228393,0.5641684422990803,-0.7923208012536032,0.600499551485921,0.22729157805607358,1.3581370538794098,1.206241499032539,0.668026455593412,-0.030443493555287096,0.9977104851362816,0.6772281660358876,1.9625610277408287,0.36026155324228637,0.5348972995388372,0.029866776341274045,0.21098827730173603,-0.31393360844033735,0.4663597701583776,-0.8818900023354251,-0.762897644384423,1.7060476232884452,1.4959072328987528,0.7786961851024696,-1.0572253621283727,-0.9987513749761533,0.769237545253223,0.8490438745751728,0.17663647501826332,0.9657038947550696,0.6835095312387162
59,-1.2547371619699974,1.4574737363198094,0.9666880080347188,0.8987823374273868,-0.3427237765279256,0.475196655401117,-1.1244202402399823,1.1540512612089522,1.321962783697342,-1.7810087925011024,-0.9182172477860755,-0.21283751023337502,0.9253820427864903,1.2968703974877909,0.6042017024870364,-0.2407231555464129,0.03521667795925654,-0.13914766461412287,1.3379065584162293,2.1415550616666077,0.44028268651898955,0.6601552079396535,-1.411027632773911,-1.2858933902903957,-1.124885734811133,0.7866138380644218,1.4638001271248045,-0.14653141519047816,0.172254920606535,0.18874056862819713,-0.5018382277250913,0.5264053793731629,0.9634477477496515,-0.9639179956355958,2.1450393447256317,1.0705840768615273,1.570506311618042,-0.1499571941276731,-0.713206936065932,-0.7536265813998598,-1.0458647112848856,0.8089836601237185,-0.7831848062642638,2.2013331040836945,1.3909117332975467,1.220071675751908,0.7441767210068967,0.9748684758021509,0.4705613694020544,-0.06190434351026415,1.4664284731753578,0.5161236939019015,1.3907509649755112,0.46324457637611527,-1.1350959336480573,1.239610817396998,1.494414933396858,0.45795804301340554,,0.40790911243883604,-0.9385716237189738,1.559731282246941,1.9692907119902299,0.623522837929451,1.0616237401042588,0.5209693438793764,0.6250103493383931,0.8763118466241144,-0.5269257097025628,0.9480479601912287,-0.3558743985536786,0.974704848160895,0.15941548616020754,1.281315582844487,1.2782411655517516,0.5969520962790388,1.8073712836299312,1.9125351834681426,1.2896523493491485,-0.13683557651312006,1.6549570735286585,0.4568018032287806,-0.7832742971694835,0.25047327137092,1.814277005609064,0.418643780662798,0.7829323825596803,2.3860384157763885,1.0007719030411717,0.30243128766520133,1.1602251520441742,0.46840840418211427,-0.185209074897946,2.2270286564838173,1.2169286011633456,1.3682341017497635,0.4652655533369783,1.601248924411022,1.5608577559056103,-1.9808861981113914,1.18975941806613,0.42189013282518734,1.5089529018892702,0.6200837635360638,0.8429424349940459,0.9101735094703051,1.068131370641952,1.0579708496533091,0.5678815352550475,0.7773869555075558,-0.2986790192239116,2.2916352182256063,2.386981462201255,-1.1653423909922214,0.8735925771376387,0.6875037839478726,0.5320790658992738,1.9032608031520966,-0.07093072232864807,-0.5913699530723596,1.2330753885475183,-0.3911677135992362,1.6263452579300621,0.5224077721483934,1.4229661468565653,1.2974156523834917,0.38219003635323195,0.3979233856781717,1.674692447121162,-0.42713389960385806,-0.7726218259551034,1.1258787110964557,1.5269871064517468,1.0842344662443673,-0.32572127616990804,0.04137377480964817,-0.1465671203290941,0.3441470534770313,0.8766088759672153,1.2500778502971104,1.7664518554256852
60,-1.991842301739644,-0.1384656107331659,-0.3946909232020662,-0.4543347972099363,-0.6111659660473374,-0.07598863369631131,-1.4488858848647448,0.3934899663523574,-0.049199097098392805,-2.184379400418009,-0.7722595322891472,-0.4378327929875347,-0.31511670918705353,0.24660969663334065,0.2775703145226978,-0.6848234764647797,-1.0154600833372156,-0.8743366260062079,0.0857750080764185,0.30697027970268165,0.8284205094241716,0.4700509651669487,-1.6366617522756564,-1.4092458039611764,-1.571335701211383,0.23274857502634208,0.5063460691696163,-0.4646334484215328,-0.0023467288482212794,-0.801362603097139,0.022528240655918543,1.2215511201351512,-0.2254107017264332,-1.7457131787998645,0.974753066061862,0.9044737705754273,1.3826663932259842,0.13244923776590217,-1.0953193697860588,-0.9148309137112209,-1.8473273900856058,0.4132319848919186,-0.4976033691024528,0.36571260328183164,0.9527064547028266,0.701237738923119,0.05716090276243043,1.2051342993097038,0.5910817470621618,-0.21183481358047776,0.11463911494277002,1.7195258037269228,0.3073248140583505,-0.23982516650964955,-2.0111627020988414,0.38821249061438967,0.32857165814191114,0.5709023619266749,0.40790911243883604,,-1.1620965851907692,0.8123529573471344,0.9240953603733885,-0.30750800569933295,0.5105237520936283,0.19202728030946845,0.5711415273368937,0.13613640463569934,-0.042401179503256614,0.5848944047423363,0.9102596698296715,1.0806605393108106,0.7737253548526127,0.8646639173469083,0.14814867066130316,0.0887132055410771,0.19448951771163547,0.6892174494468405,2.0325253430004193,1.215235444294428,1.0173506182193424,0.5376194269080254,-0.6678906614401877,1.5500924124745694,1.1426933141028148,0.3792421397786318,2.034485568441751,0.24730530133659656,1.7612569252197516,0.5118928333727206,0.8927518369859505,0.48078553524892126,-0.689022422400054,0.9508278913415358,0.7638419684979474,0.38147150259393336,0.5426161551097934,0.6239770117195641,0.8135293703427785,-1.818600605309193,-0.09031082875592725,0.5155900308264647,0.15868365964955772,1.7397621086860153,0.876695262714432,1.0033684907406635,0.6772739677037598,0.6886583959465878,0.22384920498949956,0.528504244087394,-0.15111315516219856,0.5293943965245604,0.6643016935497762,-1.2642805176303946,0.9805098916410594,0.7672740583174446,0.7855266109945215,0.653360134506839,-0.021866019597220364,-0.24931380791124566,0.6253138642755969,0.06662366563504138,1.242027271221403,0.7542137264817419,0.3047044171063972,0.707339139854475,0.673739146712073,-0.6276256422746787,0.36490692022317495,-0.6035385013818682,-0.2760942626422132,0.9841545073482626,0.8039991543040813,0.6175071033433223,-0.5551887414151309,-0.848507970250046,0.2712368304611415,0.5980750144299218,0.616914684333896,1.1232618616260834,1.1771361571343768
61,-1.657533067877326,-2.241927149762267,-1.8161100802131,-1.2073497774074844,-1.196330861566314,-0.7244894525075155,-1.429543602382507,-1.6204124071108865,-1.3116488976569836,-1.5401654672404979,-2.1789212014064185,-1.735753893938028,-1.3532767724627344,-1.234803356680209,-0.8705395979395154,-1.5656970295799968,-1.2919040508203963,-2.056782841346694,0.3225189464006575,-1.0209846149970359,-0.9864854322994627,0.07004008359945894,1.7560553595495798,1.9182195626963983,1.8080219482797772,-0.9771845178809573,-1.352863660281297,0.8582136273077001,-2.0702594641303835,2.010264670631159,1.3215152152800818,-0.7714763345437464,-1.6359442820295669,0.6160569012846937,-0.8002571484793268,-0.677026426739009,0.0036746684077927044,-0.15152124797881444,2.374610460440557,-0.5206330519057446,-1.160200044668507,-1.3720111378428157,-0.1435640180541567,-1.799644878597076,-0.6082437963796523,-0.2750441540642995,-0.4821891424242131,-1.1149065502857713,-0.7505240833070048,-1.4067072003132155,-0.6138194663259458,-0.8508000110623416,-0.7560339313876346,-1.0588606290909635,-1.5310068972262105,-1.2085900356216577,-2.088978544295973,-1.280927285711353,-0.9385716237189738,-1.1620965851907692,,-0.6287995150389676,-1.1050346088524583,-1.6695361372269713,-0.7208977502178343,-0.8741377710851307,-1.7956558261624544,-1.7128464433503559,-1.3439853595248081,-1.6103519056528997,-0.8417861623749749,-1.0958058797771386,-1.221774181031433,-0.7377587078571032,-0.9635632155332093,-1.1375690012175506,-1.1730517903425286,-1.4774999188606923,-0.5516266909414931,-0.7869587731723495,-0.5769480169119887,-1.2844588020139736,-1.8764684573972277,-1.1953651498666895,-1.4441356153780347,-0.7305735849355229,-0.6618511039300432,-2.075736457235903,-1.3947277766829527,-0.6556663385765213,-1.9309992261352558,-1.3063076390734545,-0.3664095586176128,-0.7189522219990306,-1.0318936225103603,-1.2105682529378894,-1.3527332948203423,-2.1767644398223127,-1.5457513227931674,1.695180273728691,-1.2137594943612267,0.22152152771335007,-0.3922845045790148,-0.7809491114941066,-1.2045183140272562,-0.8200115590138306,-1.2220920949499232,-1.3894887441661457,-1.432985454341738,1.30467440355647,-0.657109980926014,-1.430604372963179,-1.2604912385777693,-1.7163032282499873,-1.1398008514212261,-0.6576519057931911,-1.082439258728404,-1.121280926649574,-1.1527795336344935,-1.7849732509949021,-0.6621202011856496,-1.5349632052380182,-1.2078661034573368,-0.4418577821010721,-0.6095503260159315,-0.7414766628715606,-1.7492679940564295,-1.3582226759349492,-0.9766610509489844,0.513334838741221,0.3959249891590636,-1.360137682532959,-1.296978227076437,-1.4882692586630102,-0.7335219906676792,-0.6042008666466626,-1.8110722199134333,-1.3284719581302311,-1.432961590350829,-0.6721422383742971,-0.850899297171468
62,-0.5354614159696801,0.6562227277147125,0.6738158648447125,0.817737903567286,0.19249264874168812,-0.028670886442907266,-0.20725391430506468,0.20351747418096727,1.1110403185382378,-1.0876330322514751,-0.13488271824223502,-0.2395026509327191,1.130867503526007,1.1351756073214703,0.5359770742229216,0.059979545680608155,0.3617685888367911,0.008186469334010984,1.053319761936266,1.285392071924848,1.2403518404044855,1.5319815641142518,-1.3793120692607859,-0.760811474218454,-1.520915706644068,0.7916254720645445,1.6310114192426022,-0.3128359980703531,1.3339795938496852,-0.07633975724563868,0.16894230356236598,1.4680132445344007,0.5361829181344859,-0.937598611143072,1.9008346653693902,1.9584016634540202,1.7283703516438904,-0.1926688593674352,-1.0223150370333993,0.34155736721136637,-0.92882359146937,0.5368142885611943,0.09328780676897269,0.7529565207016669,1.4911736307831587,1.5632525342315684,1.3243050862360104,1.0897115052245905,0.4639801781157749,-0.03784143053612762,1.2232835511155091,1.10827307327402,1.050000178752627,0.36366048770584564,-0.48617909384155367,1.7501364469066698,1.1686328755457156,1.4853141063966184,1.559731282246941,0.8123529573471344,-0.6287995150389676,,1.4850234413202867,0.8577856122373293,1.4162756309142235,0.519594286649264,0.3629465417293978,0.35901965503426503,0.07385849305484192,1.388692186758334,0.4209509182237766,2.0372510508066513,0.4311909892432911,1.74127033823845,0.9171225609630325,0.011245091199193178,1.414589068202971,1.9905972793470321,1.4053227330943145,0.40901411498118184,1.501813967904105,0.4416952284150941,-0.4302573216608014,0.36154007105104347,1.006235045236318,1.0214603828802997,1.3989537000917869,0.5100813632474974,1.5804555987325397,1.2841978927619397,1.382340941625556,1.3708686835523254,0.682962280122733,1.6189107817646602,0.9036022285699372,0.6657474906769871,0.417200265289543,1.2337863097228086,0.9699284597804635,-1.1973924901848383,0.5600801997114665,0.8147116502320149,1.756996914966602,1.338754049093495,1.8334670157156099,1.6256930264114917,1.4752937957721615,1.0701918885392219,0.6453700632434439,0.8282670968718465,-0.31647890304529963,0.7330669257375844,1.1066736285017307,-1.0108788950344572,1.418905671232334,0.9663416210797461,1.426417032072279,1.3837320223018206,0.6710056098359989,-0.36989041409325507,1.299654333094312,0.1428415123052665,2.1965881010604558,0.9003974811244512,1.3957753959849069,0.6618075098635248,0.8247378656415668,0.25182023380270946,0.9387654832555719,-0.2081282959174875,-0.09166701622170224,1.4314836568408573,2.11022372750866,0.475760827142914,-0.4577199111314832,0.3321959796595815,0.7546412069671211,0.7668470800399367,0.048601844679408174,1.6774307027818316,1.367407328532695
63,-1.286642785616626,1.291933460883716,0.6719813010261491,0.5533804835256405,-0.35119393738482046,-0.00939733404114924,-1.5499799353353532,0.9354786944868013,1.0462703996690745,-2.056634574248203,-0.6518904838874028,-0.2458028856290367,0.8128529156229575,1.1647882995226502,0.5937697661714775,0.23092863906065045,-0.25932655196414456,-0.3385651184143915,0.6750504092499211,1.7472717948985432,0.658439629567593,0.25968201510828703,-1.6798473397069738,-1.6507907152364916,-1.4652494745882565,0.6121178698340399,1.696112062950939,-0.07211565856484985,0.7062286624487504,-0.1372111690788899,-0.42842971673144714,0.8170669215472072,0.7170123556629033,-1.490280057717124,1.7117905598333305,1.1400998395750577,1.2489916585960568,-0.31554479203928926,-1.1354629229233468,-1.2438188563380244,-1.6227794014345627,0.3743268766808282,-0.6028329717030029,1.343050687537932,1.8912932231542,0.8446842420728958,0.2611144481864707,0.9060217132480983,0.5412299939408609,0.015545994985855481,0.9583149170622622,0.7709807290860088,1.0941394467119818,0.03768184174601774,-1.277210521295414,1.2276198079333203,1.8268761971081107,0.9606591910985989,1.9692907119902299,0.9240953603733885,-1.1050346088524583,1.4850234413202867,,0.7086089054544851,1.2564775011657912,0.634546486464695,0.8925478687397137,0.821422617014442,-0.14881628398495836,1.6438950795034024,0.07826808288557781,0.8899995443508333,0.9860883365878162,1.8425169947318136,0.8455112054081046,0.5178498674703402,1.6620884487740386,1.7172804583979522,1.5207544608674353,-0.1018949195477882,1.8530813922696903,0.5295960043444603,-0.4423133410234723,0.4199319318325602,1.441388261330798,0.7490570555647945,1.2486825888490252,1.9426434262269943,1.2223770930918012,0.3453497569807685,1.2998893934652938,0.7635922965321618,-0.24636777656906486,2.448955315992273,1.3919906468750902,1.2491939077960654,0.8390340845057264,1.7569685947335718,1.4980608518861376,-1.9191083585660311,0.6202439838375708,0.5637787292792296,1.3320148415997508,0.8998364095034799,1.2280514312899597,1.7363568604217456,1.1568279969512334,1.16924723844772,0.6065312178773102,0.5808992555318077,-0.01987430182619328,1.8843843467236068,2.1620455613391343,-0.8988512295248383,1.326044397055317,1.0507976708119204,1.0909044132493442,1.8957660516200947,0.37867018211235587,0.17974666036846848,1.7655296533776765,0.20920450008664337,2.1698985293325466,0.6857068624536076,1.3944312728984836,1.167123540558475,0.729361276471264,0.3499832843555117,2.2248340722295725,-0.46227433045490535,-0.3620937921069237,1.8636484015081958,1.9018626182135796,1.5801282771722553,-0.5005908591568362,-0.28413787157763126,0.9372940740089644,0.8795472128177734,1.3998412656596206,1.464545627301255,1.6137978779327788
64,-1.306234481447392,0.7325100515574823,-0.4366619722847396,-0.09419694182618894,-0.7941978337606087,-0.2914350879758409,-2.1305969284233903,-0.01113280097278831,0.39835948962415574,-2.6230449525339816,0.6849164434463202,-0.7278610041247033,0.20229472757323658,0.7463456817053273,0.1490966979352226,-0.3172603434107974,0.06006984079305466,-0.449669772100566,-0.17316112241231832,0.8085368328651238,-0.0009299923331360306,-0.5346542900076848,-2.0783303213570266,-2.3615790742099407,-1.8976454965252993,-0.6932350991485623,0.0007065076162753309,-0.9525050792997957,0.8524990846707332,-0.9078688133085219,-1.2752887528471086,-0.04008629020508814,0.20852664651914227,-1.3198317347188935,0.5352469734662058,-0.27898080007160836,-0.09370702931291094,-1.3665746204611278,-1.7050858332613912,-1.5721435175423695,-0.9255187999089077,-0.348269258590507,-1.0220366940262489,0.18674678242028867,0.8871387685056531,-0.47451508978940765,-0.9278428472520748,0.1711994850797047,0.621797176029098,-0.4399046545340246,0.06178719518226768,0.020283915290947988,0.26312543663037957,-0.1572930979508301,-0.7124426162564959,-0.04615938399197891,-0.0036628655178847303,1.5275444787237813,0.623522837929451,-0.30750800569933295,-1.6695361372269713,0.8577856122373293,0.7086089054544851,,0.3961686108773083,0.6023727204461683,-0.31020343969484954,0.5884206890665337,-0.9989811372531,0.8522396672079281,-1.5980832730795311,-0.18346450003088163,-0.3969852722575941,0.3551277843874859,0.03979688705909462,-0.46108889292749833,0.37611317025787505,0.040834251129387406,0.5479996934151363,-0.9468461575618825,0.7579020705362018,-0.5124367745980409,-0.7706244191858986,-0.7684215181160305,-0.14866340571145856,0.12222059245010027,0.6901166519497176,-0.15779319930264749,0.287646337033393,-0.49710162603442504,1.4571418399551115,0.05133943390946245,-0.40223321522017774,0.5602106516967945,0.5682320697707979,-0.20281424805265166,-0.2818334235592258,0.1272066997890092,0.21712259884215557,-2.5761925356492013,-0.03742198008352909,-0.9302058430493026,0.42088117256231894,0.7089391162124503,0.1404846175906729,0.28277592074826463,1.5860533917186543,1.4532790415429584,1.3614255177882821,-0.2449574248115715,-1.1571569812883746,0.20355556428185131,0.6505783236178481,-1.4216186223913827,-0.20597454757140535,-0.15256414054246006,0.5046835007578351,0.6738070453587306,-0.3610657872844497,-0.8589876800094347,0.44692723409212026,0.011271319005017637,1.0022239040459788,-0.5994846289527658,0.4119656938172516,-0.13976328401959978,-0.21183129604428344,0.3931773920101179,0.11856172057255218,-1.3123290385620825,-1.9533818954133229,1.032763449574426,0.7150660535503437,0.2566198207616998,-1.5133116412483278,-0.6374226262692665,-0.07634129362276944,-0.07759677272016076,0.009515248290343715,-0.04650099344748264,-0.046164276088578454
65,-1.3827772262050677,0.22565978264442432,0.026142111371090637,0.7598650053400152,0.6776048359107094,-0.1407529744457924,-1.5961707668143972,-0.11108389691691979,0.8103726594662934,-2.324594480689487,-0.6708328914330698,-0.21645054545747544,1.5101566644488007,1.0048122690045496,0.604957725685557,0.07061161740469289,-0.14439685985375145,-0.37433048321705786,0.5616282348921714,0.7565972608360486,0.05518513491013521,0.7550425271190148,-1.5432825527034264,-1.0503030171152132,-1.8861988369841576,0.44879561446335287,0.6544664923414997,-0.36030132761191597,0.7886320652714375,-0.5592061141476578,0.16372296681155502,0.7904222535581692,0.04190650351383064,-1.1775196562307553,1.2219762169501276,1.0521164953873843,0.9923696895392442,-0.5213842042395387,-0.9063502141131542,-0.48137502393373566,-1.2342846737280988,-0.44517710811702715,-0.5090415617909565,0.03515280944622128,1.4288899663878254,0.6105493858745583,0.3931385990587811,0.50554025230204,0.421057025251587,0.030123545134050966,0.45896246560164045,0.39949661886097215,0.6059749566957604,-0.5950106725680686,-1.2055804683249407,0.7090834525933922,0.5169298657401233,1.3920055082669018,1.0616237401042588,0.5105237520936283,-0.7208977502178343,1.4162756309142235,1.2564775011657912,0.3961686108773083,,1.1323879433070294,0.12817493277930614,0.3876303294926765,-0.07022865065177879,0.6093158353028074,0.5160910508858485,1.0958880456707634,0.32374530421432907,1.902698894453979,0.5793408630614855,0.09002951209324186,0.6343601946714157,0.9142933520268686,1.0978511425889321,-0.14383621805268654,1.4285981692213194,0.7666639237147971,-0.021483024416059093,0.295060631800958,0.6177487411131892,0.6303707999425613,1.173581303205259,0.5692314313738198,1.3279821120006747,0.4065241806122087,0.9265404189625179,0.9674664820320826,-0.06815429707180208,1.4968142472476498,0.971761970630468,0.9511493471573147,0.009382566837359038,0.8511127181619026,1.3589671223730158,-0.5653122917196503,0.15893775757111775,0.6460976726778794,1.3771451007080253,0.8416721456745956,1.18877279013193,0.8360684564036034,1.176295494822798,1.0698029600015635,0.6388214469224264,1.247573402091316,-0.046123181006021384,0.8139644502482544,0.6382011547745926,-0.7854382268920043,0.433007856107818,0.33717322227053875,0.6957993229672368,1.4954764103691875,0.5727199617908579,0.26810043067992895,0.9978020376745624,0.3782055174051912,1.2725684107940507,0.6141110195436751,1.2746706863129986,0.49041080435723805,0.1474128107644058,-0.3182991499511142,1.0979584915474458,-0.529510631664821,-0.333959114901285,1.1851906378909767,1.3971011010153123,0.4869038089953365,-0.25449383260690384,-0.28936921413972,0.1154606979518576,0.9178446670977028,0.3587989621159734,1.0785242606669476,1.538057401210791
66,-1.8093726426965202,-0.34348547166357996,-0.6185270037159555,-0.12134496126526013,-0.5100757626995327,-0.42254184965024316,-1.8901609906145511,-0.6113175983300564,-0.07374786561272188,-2.5550949386278137,-0.8922330101557994,-0.2635485754237327,0.2913579220167811,0.3397254492242565,0.672558057921846,-0.1854815854287755,-0.5760214862277762,-1.160493248042505,0.13751286636583437,0.2643360450620649,-0.13680037112474538,-0.027822448346646208,-1.6127729714001942,-1.2787651715318404,-1.987868874940596,0.15095804485244682,0.23162614125763042,-0.9603358992144028,0.005691812017059381,-1.1462476237086427,-0.09231674936527626,0.4013397441266122,-0.24009485938358782,-1.5905648503527674,0.5649782860305173,0.3372075837408885,0.5612083662607883,-0.7465151607206116,-1.1601518513613052,-0.2685045280098758,-1.619300417644091,-0.49038839243765014,-0.5163359520492887,-0.034786624718352754,1.8008830306723105,0.014504709724874762,-0.1346283235941082,-0.11465466531845538,1.6316904542617754,0.5357865439493961,0.09516811322888909,0.39652391794415043,0.5322647412784564,-0.3025567986836962,-2.135449532407915,0.3494262474325438,-0.2502508002555347,1.0445238461178263,0.5209693438793764,0.19202728030946845,-0.8741377710851307,0.519594286649264,0.634546486464695,0.6023727204461683,1.1323879433070294,,-0.07714872530308696,0.49461802525356763,0.14528432435764077,-0.438091011459496,-0.16412272367611586,0.5351888546850497,-0.023584244110839835,1.4052293123724187,0.3391807228548165,-0.36768695348886915,0.32021096151612327,0.1680164506270645,0.9336615876905131,-0.7335427896558762,1.4991837777682187,0.3072081791167446,-0.3033256426161662,-0.4375430169381222,-0.11905162198371123,-0.2070386374667886,0.8459928811400016,0.40467922972436493,-0.050801735357650174,0.07834575839343097,0.36900716371858927,0.2665358443042487,-0.8841495617152803,1.3727077364898546,1.271609182639528,0.5737561623601414,-0.279211791694407,-0.24229281662990337,0.5070467182056071,-0.9529903098076997,0.2893991741734403,-0.2810198082834391,0.2700820199127878,0.5444359856906892,0.06285769230004931,0.06603490076387965,0.6903991303132123,0.9624469286362041,0.5602106471759416,1.2152773833733876,-0.40670680032923395,0.8349918270617576,0.7606382074965714,-0.4499706409030279,0.10106557754393772,-0.2608051931671158,-0.37649788580492216,0.821165593556793,0.046188565128391555,0.11148952024192949,0.41673882830364456,-0.16673743402915853,0.2852192822089625,-0.19485205222958454,0.9480550040461713,0.2291366213380503,-0.12099785991025608,-0.34305307510190924,1.5017149982352418,-0.9068717749884884,-0.8903461471773807,0.32898462421340463,0.5094022406000562,0.3424260866505108,-0.32613984178887706,-0.4442592961386289,-0.8418957946409896,0.3593818606911827,0.4933174015002849,1.4479925806827443,0.8860018428456987
67,-2.0810574086738645,0.10574001753431714,0.013440092131047613,-0.5157124032932675,-1.3627613679886428,-0.1448725102024285,-1.3608524686832157,0.04667181357100871,0.0009064753616983028,-2.047152478682563,-0.22792525528398208,-0.14593088571592433,-0.4135278541819023,-0.29978921677196124,0.6264264481171081,0.6412979259309977,-0.9477592065584489,-1.579610972452803,-0.2141375704624853,0.2818532523540631,0.4057750803963503,0.15092048880437656,-1.7036523487634354,-2.168266955540829,-1.6477693369121433,-0.6810437624275721,0.1327056012875983,-0.3338610043835664,-0.2785296459259773,-0.2633289348661858,-0.520802731301875,1.0164546937524646,-0.39839617654830606,-1.5731878362946918,0.5658942961879911,0.38744681427512373,0.6520667697692543,0.07357176035730692,-1.204611213703319,-1.4893507281957081,-1.6554563806576101,-0.100949109101526,-0.8519788726727505,0.3421978477109031,1.2027128525157877,0.05457867065083907,-0.6470041404176937,0.5722812212168842,1.0753614217018095,0.8878792083726342,-0.24591863035292,1.8229607074590484,-0.5513323875905757,0.14928172645335683,-2.2836984247059764,0.6619987218802557,0.4466909810601688,0.20836103631735123,0.6250103493383931,0.5711415273368937,-1.7956558261624544,0.3629465417293978,0.8925478687397137,-0.31020343969484954,0.12817493277930614,-0.07714872530308696,,0.03120810553110089,0.9568428304858763,0.7794081598528876,-0.07687102570974819,0.5453685783577354,2.1946773752616746,0.6614854763149254,-0.713647447359063,-0.4323228582535531,0.047667076557348136,0.8090206658891447,1.598136352160418,0.5087950354107259,0.7134725597195999,1.3147459869006752,-0.20899172909613142,0.6794727727631021,0.8984350663855882,0.2093108107300332,0.7895679568321763,0.3587075018086982,1.0853427830030802,0.10853386264761619,0.4633447220100026,-0.08289864558190925,-0.8882157839000605,0.9158129287474941,1.3103324928841122,-0.014328156774411313,0.9651593636755492,0.763875866908041,-0.09517747455516319,-2.580521901566042,-0.44897680216528313,0.10103106146474854,-0.10661193405357017,0.2543524379130138,0.336423879570615,0.458862818359943,0.4429071809733038,0.734418558782248,-0.3284803945043145,-0.26628059517027275,0.031542301195353624,0.5499457684446328,0.624077439264388,0.33918491901539305,0.4817081390999407,0.5049220559234056,0.25456070820034515,0.4316054359542505,-0.7841313407494054,-0.37987428651568395,0.7066537801117223,0.26802015787164907,0.9077478470971101,0.9939283317762327,-0.6335039594397245,1.338103664182699,0.43073750683465195,-1.0770125961490453,-0.17381580767628246,-0.35613087190041304,-0.7439558539198279,0.6338962826980208,0.2451572468810707,1.9715807212037528,-1.6073879121398824,-1.488233401266396,0.05949675179666055,0.30731172344687935,1.08694678065775,0.8830239715328764,0.651241086143309
68,-2.4598921852264986,0.32754880305944695,-0.14826353143270246,-0.19436284117837435,-0.9412353803363267,0.0874542623776585,-1.7430584420615551,0.30906140367794405,0.36164866044303,-2.525718641859921,-0.7545419574926607,-0.5019531178435317,-0.05545856519095015,0.6656545766371934,-0.060689384157494995,-0.8980310800102657,-1.008784753361741,-1.007720835607986,0.05329360133959395,0.9910646163822464,-0.3306896081700999,-0.4749963629062783,-1.7655899716257413,-2.2399544798874884,-1.929491384899007,0.02318937940408548,0.5835122854307595,-0.6526846529190425,0.13537962783161384,-1.0744708166499475,-0.6454120426241797,0.1887502554724744,0.16940875055306204,-1.880603329170024,0.7026073734463495,0.2641647240251867,0.3835071264823372,-0.6446724406198633,-1.3199763065145065,-2.1430894695024376,-1.8961274489464972,-0.055192035309097484,-1.7090265637247943,0.7198919880575213,0.9591386002774211,0.4839182113781365,-0.5636380845092858,-0.23047589903326735,0.7301308328800534,-0.25551070098309026,0.4201415259322861,0.08831878603781061,0.6019530787299578,0.19493736801094175,-2.4442774541109564,0.5047284183174476,0.7629809896349841,0.5861566047640101,0.8763118466241144,0.13613640463569934,-1.7128464433503559,0.35901965503426503,0.821422617014442,0.5884206890665337,0.3876303294926765,0.49461802525356763,0.03120810553110089,,-0.7088869573538127,-0.07553521557181825,-0.2937631169362831,0.6091134760485365,-0.1764773416120831,0.597792137812805,0.3146815036088147,0.2266765145916368,0.5491475460920433,0.5489476887152773,0.982174277081991,-0.6095700211099258,1.3552049554430021,0.0215471496661548,-0.7180060569601865,0.24792270806766328,0.44865991164743135,-0.6147069061685383,0.28602257529208325,0.882977005156932,0.34728293329539794,-0.4607216607661315,0.8882314496166889,0.08065594845527944,-1.389433871703724,1.3350494774409658,0.9982974557064064,0.27997742603345893,-0.18019229806071022,0.2771544512313312,0.6872366083916384,-2.2761578632627386,0.15768679518216883,-0.9146733121260321,-0.17357955846188208,0.16749500861206013,-0.044709118722999576,0.10724944296370427,1.1847281877505096,1.484398196332349,0.8432623567511085,0.3988696766273813,-0.7228434478522129,0.8506467018993268,1.0501509973659142,-0.9104999093840448,-0.021541063644315427,-0.15655338198220392,-0.40140941207946973,0.6408740656979126,-0.37528924062774105,-0.30601253520933064,0.10530451722324612,-0.32882802058819,0.5397599184305816,-0.6444319402635755,0.3979170022356007,0.8254716249992053,-0.3962923947403292,-0.3375369932746968,0.9904165012116689,-0.9666843515004891,-1.8048899573027448,0.4348498576477689,0.6030790844253361,0.517270676860893,-0.7799802953812454,-1.269948376275273,-0.6803235267575094,0.0589881535800689,0.7561372442107944,0.5558092733666429,0.7245726244482055
69,-2.0810028638682025,-1.5191626506571043,-1.291038265824436,-1.712487299458768,-1.9978047271061603,-1.2132804531231605,-1.4634508918176117,-1.0310024583854218,-1.2093245187724502,-2.2500658062990597,-1.0752512460281602,-0.4341928395445693,-1.3225035168983115,-1.3104449041146116,0.09461105002707884,0.30805549520194275,-1.3880265731154608,-2.6074420120544057,-0.8544847748171658,-0.9824896583429424,-0.25468774438393477,0.1887259263958167,-1.8624975592211455,-1.7680059035865598,-1.5622329309687923,-1.5131816032292833,-0.8569027931937057,-0.7514780950749762,-1.375009521013457,-1.1025344987854624,-0.08929764264883865,0.9605845095471449,-1.4436472127578353,-1.5782863911512623,-0.039787361673611965,-0.0067282330697369655,0.02117752808283179,-0.21292957871451884,-1.1399539793674214,-0.519731102914882,-1.9959877945989357,-1.4040266072652203,-0.6815323809455143,-1.381279080464434,1.4641704725712195,-0.3163305256175167,-0.18842941908679445,0.07878480917444002,0.6726915296837387,1.037955843608466,-0.9950622111443915,1.0862099409722863,-0.7970998783481669,-0.7188628649664968,-2.5668636640590226,-0.08059038565993627,-0.6935215028437672,0.06700910601542046,-0.5269257097025628,-0.042401179503256614,-1.3439853595248081,0.07385849305484192,-0.14881628398495836,-0.9989811372531,-0.07022865065177879,0.14528432435764077,0.9568428304858763,-0.7088869573538127,,-0.3170930018785138,0.2915513252542339,0.3744041144995224,1.3985813704269463,0.9590105702635836,-1.087031936874615,-1.5705061766287989,-0.8630432865747297,0.20495151825203448,0.945291678200908,-0.3138069580056261,0.8763638688617104,1.3039146041424376,0.5729086031973747,0.22701789596928632,0.04843426464963305,0.1007855986805728,0.604337672021512,-0.9608371445138826,0.034231760473281074,0.08647579192014337,-0.7842419559157342,-0.0599291844514034,-0.6092712368425142,0.510039886274416,0.8298613418222218,0.0023070283692825932,0.40582628376316787,-0.4686492541924256,-1.1112562844755263,-1.452200844177198,-1.0813286994387656,0.5796311585650903,-0.6190783312938756,0.3869881430173004,-0.33674951049098734,-0.12890472866286098,-0.6196716690846931,-0.19620587614026216,-0.8971011191634432,0.17757062172344387,0.11477257372946678,0.10102308218766194,-0.06470554144657786,0.2526672266203026,-0.18998986947492358,-0.3607970769722061,-0.07315690432708298,-0.004217910960343513,-0.20226736252446187,0.0844693654735794,0.19152229231381127,0.4175727243752703,-0.21804547745622396,0.29710050586296843,-0.7283821900483178,0.7434174887016356,0.19995246759508165,-2.1193678754315104,-0.8752954548167665,-0.42881325602672304,-0.3478813297851961,-0.3130750921283772,-0.22308458615822474,1.0345346935566304,-1.5738126302764426,-1.306949996376141,-0.9803526189813133,0.14684985378192542,0.06921640004631242,0.7365396088620798,0.5592663705532263
70,-0.4886484639147881,0.9950649536099978,0.6881432780286642,-0.04265541305655744,-0.5576526050158666,-0.3434681931642135,-1.051923586257789,0.7088559611740427,0.48373830565115056,-1.5908629404104286,0.2377751580838347,-0.49278274088229757,0.2585788552476485,0.47414551698396934,0.555962557244403,0.4091848898152498,0.3309431331517203,-0.6860791623276523,0.1891696768105445,0.614202266584421,1.285795113377191,0.41367183097020743,-1.8921661541239787,-1.950340626646055,-1.4666193125399882,-0.24671330472760608,0.8577465191314608,-0.3668298633088761,1.1454310380415635,-0.4164125204383509,-0.7797410998079833,1.0688109977021993,0.48009246686141716,-1.2631255827484418,0.9685991248175049,0.9114912689290542,0.5882209388333052,-0.35904512408533745,-1.1344426509721501,-1.421937230267902,-1.1173246408821067,0.011323323699784577,-0.12710988603140247,0.3436872862412723,1.0352673799018466,0.2864443235094396,-0.35861352886354414,1.0025917553518457,0.5042699633613829,-0.10922006458869901,0.2092205905538642,0.7803146657851732,0.3729450219040753,-0.01735112071766279,-0.46393187726462454,0.6167139557209824,1.1884496968308236,1.4293186381645056,0.9480479601912287,0.5848944047423363,-1.6103519056528997,1.388692186758334,1.6438950795034024,0.8522396672079281,0.6093158353028074,-0.438091011459496,0.7794081598528876,-0.07553521557181825,-0.3170930018785138,,-0.5277617896830133,0.7813603253869645,0.9752637204608932,0.9578256286237798,0.04439873286975426,-0.5590902689217568,0.6293979596205219,1.238445107586115,1.052168929056346,-0.2927366709009273,1.4610259864719561,0.5962611308509121,-0.3260105687815684,0.3903611534827453,0.8749400210442058,1.1304540830481384,0.991198210902354,0.5027550137834216,1.0970213722932738,0.5273867364458686,1.1830614714724452,0.876858694127218,0.8332916643648086,1.104561718311391,0.5574219460297523,0.39725586079362035,2.161502735011154,1.7089125870376036,0.3619679201204489,-2.4701218434680983,-0.37145385261147035,0.441337473165651,1.0687298325124415,0.7278437566466199,1.358675805017865,1.7057958840738563,1.1639414194355513,1.0196794987512912,0.7133777162024374,-0.28593023335527007,0.10613679120437466,1.0711109432747263,1.0686050821344384,-1.1342594810963482,1.0288877181677285,1.1005109418734302,1.8226196292825665,1.684651715551258,0.16899527194636652,-0.44077771184039505,1.6778035548158787,0.3400065781213359,2.171083164835491,0.7326148078174038,0.3002253193275091,0.649795852042347,1.1638130648080327,-0.29282116619785237,0.31130198657186126,-0.16576309736692774,-0.1890909136690632,1.8077539632438069,1.4313542862298458,0.9976412422253426,-1.360994195395567,-0.5299411174318625,1.5786647515432162,0.7306024978943868,0.08090033650195826,0.6312035357190386,0.8874262691455184
71,-2.1807999004676297,-1.4469648945518083,-1.0153651603774971,-0.9298554831759834,-0.8794967618156644,-0.8554654628913534,-1.8437093590581173,-0.8120950535302423,-0.5927672884443139,-2.5208529974098517,-2.1258452482662378,-0.397586423296664,-0.7956923675749217,-0.5809247885469437,-0.4082629332751161,-1.1308890598165018,-1.3904123588760195,-1.2649212276283945,-0.1698556811606828,-0.47311434836629157,-0.6774242508146309,0.32246738810310716,-1.8299252415600071,-1.1506601710765434,-2.0459513051837024,0.30389908804163984,-0.4743767158905715,-0.8881882819970572,-0.9043128779742009,-1.2959300127108473,0.3419494501738458,0.5524201785518162,-0.9337192804001603,-1.908136303293219,0.26907863823739175,0.3239783206945903,0.6142175040159165,-0.11797010219344004,-1.2858762056869715,-0.6087354347422176,-2.35906621426329,-0.614793334209863,-1.4204889381414314,-0.5784550377480047,0.5196826513789216,0.022497308912923543,-0.15341243277015548,-0.14782450644849532,-0.1931890518390182,-0.10021588112557472,-0.13770870582126352,0.5131216320882566,0.08912683380273694,-0.9449774459881064,-2.596039570127443,-0.18607188788256415,-0.485600136947584,-0.233543864166095,-0.3558743985536786,0.9102596698296715,-0.8417861623749749,0.4209509182237766,0.07826808288557781,-1.5980832730795311,0.5160910508858485,-0.16412272367611586,-0.07687102570974819,-0.2937631169362831,0.2915513252542339,-0.5277617896830133,,0.6224703009866461,0.40958874054888367,0.868690760507155,0.14518501883933876,-0.49061965090368903,-0.6269037178914728,0.11159177131340767,0.8862209116214929,0.4918284749833856,0.5498227655900203,0.3527871530854942,-0.5951007766254859,0.5456384836637638,0.1800904440978672,-0.7450346340981078,0.7997096049830406,-0.5810557431552814,0.613782637963411,-0.09769402452244766,-0.46698569180470567,-0.06419972851000756,-0.8830177275925468,0.5966128014302478,0.3325446950059979,-0.4930062358752482,-0.3919638792281873,-0.3395329021156924,-0.12870785520229516,-0.7830905448164588,-0.4721224041386797,0.23222311357883083,-0.19409731246635661,0.554565293675858,-0.29272756728983973,0.06115336560038896,-0.27245752809119056,-0.3278817922472914,-0.7534557886393275,0.5227581126427968,-0.0290045652926835,-0.4541683437308327,-0.3548767450167292,-0.9964452680867729,-0.33880389760759455,-0.3391261498707775,-0.41602657171289986,-0.17768818470191172,-0.1519979869630912,-0.4662772126042825,0.011155212849045568,-0.5066215516960945,0.3968051075193803,0.1984607513649384,-0.1260999717892691,0.10589702542836972,-0.5747085481299459,-1.1984758642531306,-0.08834726034539085,-0.7884650723733532,-0.48466529349939685,0.09788199167247427,0.13896735879183508,-0.19681242200675178,0.2121792236094552,-0.8628479480820817,-1.068925571064997,-0.1767894236914311,-0.21043565354807037,0.2598007593127158,0.2410271530882514
72,-1.1717073868353476,0.5321009976487595,0.5075527471038261,0.2911707123519992,-0.1766195942494124,0.11729062876508828,-0.23311158013132285,0.35420380629980364,0.723994125534606,-1.0795882938612882,-0.45405780031548515,-0.04377790417214036,0.6587280604897181,0.7520643818929311,0.5279860636684828,-0.3408137467409832,-0.1806027044153492,-0.7779056855625899,0.5446916604733815,0.752408698889728,1.3743642862950096,1.219947253062733,-1.334874583453518,-1.1557002649019774,-1.6266121553931059,0.7778983684344165,1.629042744683982,-0.21891212549434932,0.5432303344245358,-0.5174266897449875,0.3742886016352024,1.7129220856052563,0.5948759948586407,-1.5342032652490314,1.4396017542598123,1.9181731605025434,1.298747561382207,0.22716215970463305,-0.8865089516435724,-0.23585942655189723,-1.5991500990367296,0.03260614798798774,0.048015266856775075,0.7516277529169649,1.2466282198395828,2.174050869998564,0.7432265216419119,0.5495381360454052,0.5442154019023363,0.1834465660896865,0.7274086378351441,0.7168054094584277,0.6844467374135546,0.39595684670376813,-1.664159047649893,2.0742305401096734,1.1859240702018503,1.0030986223384457,0.974704848160895,1.0806605393108106,-1.0958058797771386,2.0372510508066513,0.8899995443508333,-0.18346450003088163,1.0958880456707634,0.5351888546850497,0.5453685783577354,0.6091134760485365,0.3744041144995224,0.7813603253869645,0.6224703009866461,,0.8380471962886296,1.5877952238424284,0.458849815710496,0.15171040979853834,0.9175852646043865,1.7263180762653123,1.1293070668658125,0.15220711095890016,1.0604728528129543,0.6914240663533769,-0.009388658668638307,-0.015466762060047266,0.9032095410615212,0.7074769082547742,0.8786929371091988,0.5556299473358758,1.2144336486211256,1.6594992087086247,0.8745969628988265,0.8999679740099049,0.2823119949137386,1.3170970806872635,0.7841819954624312,0.5381000140612718,0.5895004102057045,0.915730591762712,0.9781629200956082,-1.508651023682388,0.46207658539457075,0.7423585818012783,0.9777013860178597,0.737473178694502,1.7385325317752043,1.3820473391993204,1.0618542026321316,1.2546143550128923,0.44181528946295034,0.440106407157234,-0.5818397423350887,0.5961651417505759,0.5478014004884979,-0.6448775829155933,1.328765461147893,0.9586655244018887,0.9026414782436984,0.8022763045078197,0.2715134560566433,0.13266537687081242,0.6289192017814198,0.06870711395112393,1.3342004421257003,0.9419244538289613,0.7924356264822556,0.5447371247366873,1.0161136757691909,-0.2554113130796624,0.9016178641149033,-0.4617254250781419,0.15619916353354604,0.6679573950955253,1.4378359299476888,0.48776260199610344,-0.8494955657989438,-0.38687720729948255,0.2371173636812451,0.5584024862172673,0.36233124380348025,1.806741732713504,1.1904898161550044
73,-1.5888619031811797,-0.3332126727446985,-0.16252680877651338,-0.6965655657446572,-1.2496519410857143,-0.4800301020111291,-1.3081508713343397,-0.15586174184817905,-0.024684054494563904,-1.9219524635127803,-0.6049562630017566,-0.08578235587239139,-0.6611031481807198,-0.34424036352353,0.5418680817974796,0.5737641165816448,-1.0093337916432596,-1.456974528639255,-0.3659191592424307,-0.21213432550592207,0.8572792118431269,0.30319818472019155,-1.4781194913591593,-1.5814775854410736,-1.4213747740874136,-0.37359412760437377,0.16084227542965507,-0.08731806608822534,-0.08118965561321675,-0.39701456920633926,0.10516349674370402,1.0823855802248024,-0.21701131558262876,-1.509311452857951,0.32083296140994194,0.6451250453367596,0.47686643946465646,0.09411870129467377,-0.8809461367577545,-0.9571512795967282,-1.8918480678404792,-0.3891635658423029,0.1740201686261325,-0.32036767302703667,1.595278933274386,0.3394181972195066,-0.5886134670718018,0.2266469827841201,0.8418057557212897,1.056985187033664,-0.2342356116351248,1.8107633900120572,-0.2840890198275308,-0.4491265187694886,-1.9990863523673597,0.6212121767226332,0.5124686221319479,0.5805523473455324,0.15941548616020754,0.7737253548526127,-1.221774181031433,0.4311909892432911,0.9860883365878162,-0.3969852722575941,0.32374530421432907,-0.023584244110839835,2.1946773752616746,-0.1764773416120831,1.3985813704269463,0.9752637204608932,0.40958874054888367,0.8380471962886296,,0.829019481601478,-0.5045669421637154,-0.5476973645476013,-0.051361480456438346,0.5652775948898253,1.4201295553710682,0.0005076147026624843,0.7466382259754052,1.1021306532684076,0.2644494929547507,0.5525570444729941,0.4157032544406336,0.6194295674407535,0.891048293639252,0.08526779418437455,0.9447150915193411,0.45477281367921046,-0.044156568513569035,0.012001483914252375,-0.3009831806419128,0.8131586581259083,1.2627903308809814,-0.034043103743778946,1.1938511855836644,0.7849489705972128,-0.06837291965952853,-1.828384494626039,-0.49824496248388217,0.5167837541064375,-0.06940563118986838,0.27167795488394375,0.6916898975272843,1.0720334988747173,0.16079983627708042,0.3612273735314828,-0.622833784355114,0.14786668687389548,0.12129906455265645,0.3545543277284741,0.35977114549122824,0.16912247500160024,0.6549158076110546,0.759362074041602,0.7649010968300416,0.3969032796153481,-0.6746177618744965,-0.1775147717346611,0.9247661116364794,0.40600349109989914,1.1815275979758204,0.8080402527452409,-0.4518559701215028,0.7731093436070392,0.8263082085219388,-1.2527308797920216,-0.20230565644173248,-0.4444424986154032,0.2587029428885804,0.6901370792849919,0.29040768412043694,1.5787906673231404,-1.1788797859186029,-1.2730997451585195,0.6103757211910563,0.3508712242351689,1.0433544937279553,1.041618996552215,0.38417291652169605
74,-1.2738655046529443,0.30927841518238136,0.03280631622504559,0.13750030771229624,-0.3778304727659578,-0.19472815819949849,-1.5017612695043914,0.002909662427234407,0.6740803146832376,-2.0950959208770796,-0.42266038029566594,-0.14308250329595418,0.692488431054442,0.8136166426892025,0.9430315396582625,0.4442107376731196,-0.28415676256756184,-0.7434655036796477,0.6337885646649933,0.8285727574425185,0.39007004519409294,0.9700677642985808,-1.5620283732195746,-1.204224465570876,-1.5797834356418936,0.38755556045303663,0.9383066613698006,-0.496414278724373,0.6397488447434782,-0.6244039522164156,0.37968839613497873,1.4018065657263459,0.08484429908335515,-1.2560385328366865,1.2520494414841683,1.6281744850409643,1.2810438214888729,-0.20518870153422705,-0.8840873538279433,0.05698179319602772,-1.3763060825772673,-0.1311634758744092,-0.4868916468381535,0.1826804616610998,2.4001981911849812,0.6590140514214342,0.5338217830595596,0.8370177632381833,0.8695157506143655,0.9230067856519235,0.5778875678481518,1.0683291086335005,0.6694978884710174,-0.2231370342088543,-1.4149623096965929,0.8188679931634173,0.9991851297207387,2.110444556651719,1.281315582844487,0.8646639173469083,-0.7377587078571032,1.74127033823845,1.8425169947318136,0.3551277843874859,1.902698894453979,1.4052293123724187,0.6614854763149254,0.597792137812805,0.9590105702635836,0.9578256286237798,0.868690760507155,1.5877952238424284,0.829019481601478,,0.7101205976871505,-0.05867412046339725,0.9453962140737866,1.4188674872366849,1.494407304481494,0.2953478886883827,1.8139027433997328,1.3019088735799689,0.32931950890986467,0.5907137212520263,0.8724075679549417,0.7371825277394065,1.766220624012237,0.9371223169956813,1.4823424767861322,0.6649626421697074,1.1278842219155958,1.2335504926072005,0.09121489289998941,1.92781676736105,1.6076424962820945,0.8749156650535228,0.697949752924145,1.219929237828397,0.8724067319432333,-0.8733128131500754,0.4523876587190111,0.9165278477969399,1.2776024696071857,1.1772947904564202,1.2692402750471035,1.2316809825615151,1.4230477880125556,1.5212814625129067,0.8828453352147866,1.1900599959022966,0.2880578829902995,1.0872830519445598,1.1117489307485307,-0.7256661085023269,0.7351851740021513,0.4646992096327282,1.0099643334492636,1.4493978127018894,0.9162300423656334,0.5100926966537916,1.256493218491248,0.394396633833048,1.924429002998155,0.9159891335219215,1.3208345211423147,0.8290239048566796,0.5572266353452247,-0.3423788376735752,1.4824560578614125,-0.3321804755949294,-0.2592428243162199,1.4615741675105753,1.758754695598726,1.2308429594410863,-0.2262935415220723,-0.49948115812307026,0.30958620393590186,1.034829361482911,1.013203345657759,1.6000007042433626,1.4870197652476436
75,-0.831787992468379,0.5281965369888529,-0.19710295581681245,0.81871092074052,-0.5395163761329538,-0.30295624962928297,-1.4200256228337613,0.057771820302393376,0.655488149251816,-2.0078479053894407,-1.809649629400384,-0.6150427196091223,0.3444958784553729,0.44540303374574225,0.20722580153829226,-0.7287298311621307,0.5214729368869503,1.3840057583207983,0.5307493793630718,1.4058414660000726,-0.2585431572223315,-0.2544791440046372,-1.4174612726633862,-1.1714616141460557,-1.3975860812712102,0.7124790756915398,0.591932981006716,-0.7240252833505746,-0.23530315914735458,-0.7730183688874555,-0.7280226492682081,-0.08921882191853897,1.6673793305882791,-1.555546158575133,1.101079258977861,0.668785764746042,0.8963405311099973,-0.7409226290072595,-0.879726853061877,-0.8759989781790516,-1.6245743885164108,0.7194056095456531,-1.1045940453053864,0.6095172957204399,1.0843011410234817,0.5936566569125785,0.2904138173878838,0.3939811162725604,-0.0858824728689353,-0.7460450760389009,2.2251624872948113,0.1346076852206953,3.018011303156152,-0.5234278675210159,-1.3495747151772608,0.469980730352607,0.3401613472234366,0.15904549156783523,1.2782411655517516,0.14814867066130316,-0.9635632155332093,0.9171225609630325,0.8455112054081046,0.03979688705909462,0.5793408630614855,0.3391807228548165,-0.713647447359063,0.3146815036088147,-1.087031936874615,0.04439873286975426,0.14518501883933876,0.458849815710496,-0.5045669421637154,0.7101205976871505,,0.3138740497334594,1.032688186125597,0.9523608997745815,0.9913212647313283,-0.5536414194378138,0.755068257397522,-0.5193080606045432,-1.155940906195437,-0.08555646339272778,0.6400470561115766,-0.07112608484697554,0.6241769380374298,0.6307307085213973,0.40209701066403253,-0.26491587958563284,0.31573553902441104,0.26077007435438415,0.4573822405691689,1.4399634669043044,0.5193234592102585,0.7704854490151054,-0.40081013328313675,0.3285336499962088,0.87892101889883,-1.849678548521894,1.7922724312122442,-0.24661926077832172,1.0112988630658013,0.33869367654458643,0.2499463936523382,0.41296305007956025,0.6584904442234248,0.4344541090182796,0.04757923866009781,0.6467757446953037,-1.054412318317344,1.1053671975862012,1.210312376651956,-1.7210838772225172,0.31687973874232384,0.04234108296211911,0.18490247692424244,0.9437529329581796,0.006538567220368291,-0.9868392281138425,0.7184289617787126,-0.7747072320791262,0.7713938811216601,0.04355694086434527,2.1624472710492526,-0.008172189453482236,-0.08876240988738908,1.1461941690109883,1.1117113370440743,-0.8442466437411109,-0.7671052872637436,0.5764588290353326,0.9510621410633696,-0.026834752244937806,1.330422313784025,1.0831671447490783,-0.5750113054320012,-0.10738179242643889,-0.3016462255808681,0.786341728494836,0.8324629420601755
76,-2.0715056150781157,0.01925726963666106,-0.50869235571465,0.14105602730875494,-0.653596696075939,-0.26697347108131975,-1.8382413021098711,0.1141937137349923,0.7892658677809165,-2.377601934331085,-1.8957331976917795,-0.6261333051377918,-0.07306684807226015,0.5510359248064133,-0.35454308622954595,-1.337438571189593,-0.5846078969124999,-0.25097629625928036,0.15227337976982794,0.8024947223015548,-0.7208528533396327,-0.34809873373461614,-1.465320886761005,-1.4861729687502607,-1.846014514424615,0.3897538999231192,0.5018128079201255,-0.8254604556796491,-0.771338722897742,-0.592616756611834,-0.4564176100442019,-0.5426450845373959,-0.0586500044913554,-1.931735114896785,0.5035480720749611,-0.07469304161864085,0.6779446832860545,-0.5618100115694682,-1.1877919066785547,-1.8746451180873112,-2.2504815315654616,0.9649964095502018,-1.7192347468729863,0.5757761137562105,0.41864593303114855,0.3711503008525726,-0.5611350416013212,-0.3919165592918135,-0.5030553513910714,-0.7744233649649443,0.5023446347844588,0.0871634555691702,0.4468396314347675,-0.32766774732775716,-2.0105433585321504,0.472248081492657,0.026948566114071246,-0.5645492897752484,0.5969520962790388,0.0887132055410771,-1.1375690012175506,0.011245091199193178,0.5178498674703402,-0.46108889292749833,0.09002951209324186,-0.36768695348886915,-0.4323228582535531,0.2266765145916368,-1.5705061766287989,-0.5590902689217568,-0.49061965090368903,0.15171040979853834,-0.5476973645476013,-0.05867412046339725,0.3138740497334594,,0.32137953702693306,0.13963032005335957,0.7768387373846255,-0.586116619224591,0.30672490724470286,-0.7636374413800578,-1.6609449999946062,-0.09608716303865847,0.1589618833733645,-0.9661309020319593,0.10754211494712555,0.6093013138450923,0.19484285235294183,-0.6956827536449702,-0.3624234766684282,-0.7082642063263676,-0.9980114083486772,0.7423904961059917,0.3275043859758458,-0.31766730774849555,-0.4745757932821999,-0.37351666532376104,0.8456013757124266,-1.6953264798341434,0.23061804802326935,-0.7450532731621746,-0.3465248262533089,-0.49647486864910895,-0.4747002855654651,-0.3606044386101488,0.30128191224994594,-0.07937225279969073,-0.5660546791650273,0.7512227748682508,-1.1942077207425552,0.1993918337066817,0.5924063716843301,-1.5711502379817197,-0.3955233500425587,-0.4173325877975838,-0.6372710840150146,-0.026166850223446208,-1.0279737089005379,-1.310174827223442,-0.159414340640363,-1.3110871590301438,-0.0007638253942197637,-0.2932783542347859,0.6230524887654946,-0.2086175756243433,-0.713755410178674,-0.1535199378024306,0.37307129691437924,-1.0430891885497173,-1.2112245296190136,-0.20653254047307876,-0.08848706525381937,-0.5509712880223393,-0.46564958188685845,-0.8289309933799464,-1.2208469522586989,-0.7250419157506924,-0.2794661539917082,0.375069922495142,0.2088651972947959
77,-0.8631207414720746,1.1727480729417181,0.44491077302053256,0.9159029187125426,-0.5464843721489262,0.1575888684201871,-0.7016591761598209,-0.009478765433698248,1.2596837248445918,-1.4948740361840107,-1.1435793714691853,-0.6449856071590473,0.7323582422742839,1.1579736738159727,0.5521853358088363,-0.0961801723568813,0.21107485675066306,-0.019587513781095914,0.8816400250408297,1.6481183551927736,0.5684995380889063,0.5526224107436569,-1.35700511282629,-1.7505818797729646,-1.472964731645257,0.3604605989279567,1.409228602078375,-0.23400853628173696,0.518808831932367,-0.06404921332342543,-0.8149285721155846,0.8922014086307927,0.8866644932762432,-0.8497043950373036,1.6038948127781452,1.2705353132893946,1.150886851497377,-0.7260512235824147,-1.1181721533953417,-0.9944328027393882,-0.865469821581997,0.6293100205550607,-0.5585055235912312,1.2355513854673865,1.0116069705202153,1.0150902086105493,0.9421199728486799,0.9525169804963289,0.44107404869262934,-0.5979193999223978,1.2882804488884132,0.4063777572217765,1.3384191631831286,-0.041230291750141215,-0.4829562011551463,1.2892462199134083,1.2925362658267465,0.3874320660488272,1.8073712836299312,0.19448951771163547,-1.1730517903425286,1.414589068202971,1.6620884487740386,0.37611317025787505,0.6343601946714157,0.32021096151612327,0.047667076557348136,0.5491475460920433,-0.8630432865747297,0.6293979596205219,-0.6269037178914728,0.9175852646043865,-0.051361480456438346,0.9453962140737866,1.032688186125597,0.32137953702693306,,1.392424286889043,1.1219402577614863,-0.5548510842637548,1.0820913444024698,-0.33630260307081505,-1.277713822967171,-0.169013583941758,1.072658676953265,0.6247076142540203,0.6915143779514642,1.322682410813105,0.759002551972593,0.4664600316908375,1.0295575888469444,0.4336923726575077,-0.26082916519710037,1.853805879928887,1.0504475533835411,1.2107316692938828,-0.12510813123822004,0.9944846328407553,0.8856717092096581,-2.1582565218215324,1.141213574146344,0.29409847920261845,1.2696468042984157,0.5011508771352718,1.2658169153619574,1.2128464210077972,1.0164407179165085,0.8474823833520768,0.3004677015591149,0.5591410445766302,-1.1396246922152968,1.3710321988426621,1.5250626246343715,-1.5992681142496334,0.9950903446247148,0.8816282414089273,0.8115211744404586,1.4928468092176257,0.0023402966368393217,-0.9523296711002996,1.1183341338385027,-0.5221312064558271,1.353657928960785,0.45740761718137685,1.5743815245345123,0.7993124422444928,0.5376881820671966,0.8636099988428731,1.5076187577655975,-0.4679858350078224,-0.6243313166481904,0.7415278042044143,1.5169061036825398,0.45831795870112746,-0.2408190827715416,0.38401257077731066,0.2380558333793187,0.22713741692292924,0.43660929960915895,1.3392121783500686,1.3159031278752709
78,-1.2843468203792017,1.0182492094697593,0.7656383607843548,0.23814018075574886,-0.774993743151811,-0.024389107154178854,-0.11683648420126383,0.739462759757567,0.7893542761002567,-1.0084915946416153,-0.952187975142496,-0.10485787197710322,0.7232698717791182,0.5853151968442438,0.558480759635862,0.0373929841437533,0.07373498911572965,-0.7472603046023351,0.8877106768099414,1.3342081186582262,0.8301940520836345,0.6831157248414886,-1.6194191337828563,-1.8200834166886606,-1.5731467629440588,0.3994647193359074,1.9290204756657456,-0.3829224734662846,0.25120916113074243,-0.29626937352657323,-0.5082472616076865,1.1195371681622908,0.5577213308592334,-1.4317599892536645,1.7310250160139042,1.6219668516750645,1.3604738639709937,-0.12225026091487735,-1.0692604801775865,-0.6565373330874676,-1.4707935749044885,0.3267875523788917,-0.6795394894654619,1.2770537736632093,1.2365907478350504,1.868821297288125,0.9657811199385486,0.9224787332410348,0.2798381197985089,0.08731562308687232,1.0184670349054055,0.719694265436228,1.0549189587869339,0.07451184261254422,-1.7565593737878353,2.103956318399051,1.549266629002433,0.5858651862253025,1.9125351834681426,0.6892174494468405,-1.4774999188606923,1.9905972793470321,1.7172804583979522,0.040834251129387406,0.9142933520268686,0.1680164506270645,0.8090206658891447,0.5489476887152773,0.20495151825203448,1.238445107586115,0.11159177131340767,1.7263180762653123,0.5652775948898253,1.4188674872366849,0.9523608997745815,0.13963032005335957,1.392424286889043,,1.3693326819676996,0.11912386665793134,1.4503007071670917,0.7320701572536141,-0.2932833491235298,0.28352268763146143,1.743642299967053,0.5668095577265418,0.8699638719982459,1.512664098736944,1.1004337000051936,1.0676269787404293,1.0889970447893156,1.0181321067652824,-0.019642007126969393,1.763464978983411,0.9626659304828911,1.05126768753946,0.813081069224345,1.608721796531668,1.0177717437163973,-2.3228557475465204,0.40816007399369025,0.38637763125379343,1.0626650693400768,0.6802126724454037,1.3999651406101428,1.2722847019320283,0.9618462617429461,1.0418274106126124,0.5035024707757095,0.31146182332054057,-0.36158409934047836,1.637119128472135,1.7026555560138057,-1.0072622173479975,1.2344230795934774,1.1169674375597165,0.7072016458017972,1.498507087525508,0.14912643672783346,-0.225366072292985,1.2714091285354077,-0.0568319183558301,1.565913193494891,0.6249879787219763,1.2385746760251048,1.393032881531562,1.122774271138712,-0.12013896084892338,1.386373700330416,-0.20618757771032034,-0.22088876409514846,1.3197681408916935,1.8850709511587134,1.1258874042074551,-0.682366287345724,-0.05451297127447229,0.1189426823987114,0.5950951013670682,0.7818046172472137,1.7076811395377989,1.670798960804784
79,-1.4542645672465335,0.4227571409500497,0.2413799804848545,0.10428943652837122,-0.760474912689958,0.23825628038582683,-1.2489524089911697,0.2899138355010692,0.7073672796001977,-1.947437541990153,-0.6138901828069222,-0.09052035624342385,0.018121542689734774,0.5834413639595214,0.6573119480114061,0.19973609924664174,-0.42148325087154076,-0.4430313339070678,0.5767900654336335,1.2812701675702187,0.816863364025909,0.8653694562483144,-1.1503248368250338,-1.0343377463632848,-0.9405958129352839,0.44845801882276803,0.8328131414370116,0.2727264267021791,0.2705137394086084,0.06810326548307866,0.3703767563188904,1.5807981520513992,0.2878276818347465,-1.0353339752629116,1.3176360904543933,1.126908944002941,1.9301059565963299,0.6054166515770234,-0.48012538640941127,-0.25005689409778226,-1.4185286154614163,1.3631635812943275,-0.44931507192487213,0.7047797652385306,2.0455236199123497,0.8881453867069401,0.4452577362487042,2.0470628006260787,1.2871881060645136,0.6386891481456345,0.9527063597908755,2.817084486199047,1.0609889550709573,0.08528059543049694,-1.409663879495331,1.0092085971571503,0.7475572310312225,1.0425821463949436,1.2896523493491485,2.0325253430004193,-0.5516266909414931,1.4053227330943145,1.5207544608674353,0.5479996934151363,1.0978511425889321,0.9336615876905131,1.598136352160418,0.982174277081991,0.945291678200908,1.052168929056346,0.8862209116214929,1.1293070668658125,1.4201295553710682,1.494407304481494,0.9913212647313283,0.7768387373846255,1.1219402577614863,1.3693326819676996,,1.5246593339910128,1.8220255594808092,1.2110509585663618,0.1232654970840017,2.346565202176366,1.5309869103767901,0.9844356249661955,2.413964858181099,0.904223103201703,2.192186079366145,0.652331874326895,1.1558813953086877,1.235051631204918,-0.16289079893143166,2.1659439299223995,1.9168853575001832,0.9089019182354391,0.9446723885517619,0.9438638988026192,0.6852473829820034,-1.2316757686835398,0.6234282153360883,0.7678734640517217,0.7205478868416255,2.0741532802144613,0.9555974200407592,1.1910786193533427,1.1549432339718173,1.101179069696252,0.4853600670769955,1.2603362905187185,0.23214298244121093,1.341143665669853,1.5560493239892794,-0.330354825316978,1.3129810529453425,1.2554440496306174,1.1438025704058754,1.276159231616976,0.7673067036641507,0.579431970516628,1.482395026903523,0.9165865539369041,1.6009136444916585,1.3188591934584846,1.2105813975290551,1.705283991282912,0.9983045002143975,0.1660420930948222,1.0097925650590267,0.10376263239090669,-0.034258509732053896,1.3441228351647472,1.2774571627553162,1.5216085732627833,-0.009538112462051641,-0.3709780397038616,0.5418946607530835,1.3159894887428871,1.257115586857575,1.666493893465682,1.7654634410980128
80,-2.305942988860378,-1.0239289109654222,-1.2715056096198165,-1.2987650351200182,-1.7821531784032785,-0.24816397311731347,-1.6653640960256566,-0.5385996882591352,-0.1924824582700124,-2.3306147657661835,-1.0558145569021329,-0.8466703456717317,-1.1906637275607483,-0.8913126175517893,-0.6647635181496779,-1.0414591698050066,-1.4987473540947287,-1.4857493887844881,0.10313686856124338,-0.46861056664526973,0.12278363486975624,0.5655555156106885,-1.2993266578324234,-1.020971053898652,-0.9516933856235251,-0.7583072504122733,-0.6574896363352081,-0.4540903215385258,-1.1214995507478334,-0.67651708223158,0.4268066400829853,0.6223648090107391,-1.4742103200770922,-1.0469774055437324,0.1698094583701898,0.23340705167192205,1.0453931928619784,0.25235290899437113,-0.5670533456508458,-0.5987597637507961,-1.5786631307624683,-0.028442070406970686,-0.679481591896301,-0.9257021423126934,-0.04436249896586635,0.13372734652600865,0.006582485596144472,1.0773906113158087,0.07436809664797935,-0.5755841631267592,-0.37270229668790056,1.562063016352439,-0.6049221602244061,-0.8824369567087058,-2.104831299264368,-0.4800028368942852,-0.7399385698887797,0.03923454972696866,-0.13683557651312006,1.215235444294428,-0.7869587731723495,0.40901411498118184,-0.1018949195477882,-0.9468461575618825,-0.14383621805268654,-0.7335427896558762,0.5087950354107259,-0.6095700211099258,-0.3138069580056261,-0.2927366709009273,0.4918284749833856,0.15220711095890016,0.0005076147026624843,0.2953478886883827,-0.5536414194378138,-0.586116619224591,-0.5548510842637548,0.11912386665793134,1.5246593339910128,,0.2690678092049915,0.31185381841889803,-0.8717981342333241,1.6602266208536895,0.3421998722112669,0.46079054085765003,1.305479033267643,-1.0860758751744053,1.2366836145378541,0.05613883736617237,0.12717048390051672,0.30438268113022626,-0.7596122055147715,0.4982086089704173,0.09808642861691172,-0.7064464851636753,0.13591978813019726,-0.10853644740415769,-0.8557503814584715,-1.1077203694381286,-1.0332329715972268,1.1070203100365616,-0.06806082819436508,1.4124447261712731,-0.05431972329373355,0.12158067397589149,-0.03957951135696565,0.006200739063487837,-0.2165358885173716,0.3447782849231488,-0.37357713354706995,-0.596078508269742,-0.3872049436577248,-1.5082317392936786,0.6119951733792072,0.5540545647352465,0.42195800160643687,-0.42700082611883006,0.022774087120815457,-0.5331889921280171,0.26397534785649107,0.08044470071348085,0.3389908842840928,1.5508545295531966,-0.773335838206604,0.6650921646113348,0.22549771438095928,-1.2554295961462743,-0.609360113103185,-0.3993315720005464,-0.17571835094869895,0.4267366696916493,-0.0027783938149514072,0.4648722374709955,-1.20438403157378,-1.1978322013038596,-0.31378674338494433,0.20576992545218598,0.0290319149259764,0.4560182544162488,0.3204242647312193
81,-1.5052901619146883,0.41041227612435704,0.28762822560018825,0.14728751056686698,-0.31415428434819376,0.0454463901299238,-1.4124235037327884,1.1058877893455916,0.8420779632907894,-1.933567548696521,-0.6069562096581016,-0.3289847886065431,0.6230290491889309,1.0898397291157749,0.5820115030748116,0.08153163137040874,-0.3769193260884364,-0.7926107146439821,1.0604896056827766,1.159935002710288,0.4557735940837549,0.6972197840712134,-1.5315047964541249,-1.2694829880582812,-1.0408579905281514,0.27891333527387435,0.774998947416664,-0.030149929190087667,0.13559782032980483,-0.062402918382589954,0.17162676253800221,1.2405046029360363,0.041964702495552945,-1.1458998350103162,1.7206852969201727,1.0299325479930088,1.3430257491019766,0.17883201332037632,-0.6037702265249992,-0.5255935465655026,-1.4030671372931045,0.5611524037392088,-0.6007622778628876,0.8709810344965249,2.153547163459964,0.9045750919358831,0.6570369301661212,1.0094672860903908,1.3116473538990496,0.5715345220977419,0.7306848844480962,1.2570586756567164,1.1309074587857566,0.27275780309146425,-1.6917813207839474,0.6892446697426404,1.052960015110776,1.4101258957407738,1.6549570735286585,1.0173506182193424,-0.5769480169119887,1.501813967904105,1.8530813922696903,0.7579020705362018,1.4285981692213194,1.4991837777682187,0.7134725597195999,1.3552049554430021,0.8763638688617104,1.4610259864719561,0.5498227655900203,1.0604728528129543,0.7466382259754052,1.8139027433997328,0.755068257397522,0.30672490724470286,1.0820913444024698,1.4503007071670917,1.8220255594808092,0.2690678092049915,,1.2438006647024944,0.5897092280247462,0.8670990337949523,1.4356912025237982,0.7280215135923609,1.6592212254307386,1.40352649712157,1.0273577140176435,0.5861678433115054,1.163604735767969,1.1467410986884758,-0.18908504964288086,2.494196398657784,1.7848799469879912,1.643422215186877,1.2193377760878905,1.217043473182507,1.0576139466587309,-1.105326057804332,0.5784986468956484,0.7707374153072147,1.028103726889714,1.500600142483087,0.7800824178757922,1.064623755944088,1.248605619801483,1.2573100379106317,0.9252176288101664,1.6630571940931798,0.9160697846556225,2.316993070589578,2.2292120495476997,-0.4116534682882086,0.9134454231910608,0.6896467583001463,0.8388441872484277,2.1365729793710657,0.969478920406131,0.5597937728277729,1.6730497928411057,0.68111071168712,1.709189873629401,0.7151135674879475,1.3205313252345208,1.625845290265451,0.667004470192858,-0.1429516071408917,1.5655592015024393,-0.025904526373175227,-0.21891991609050118,1.452518325976139,1.6752990074633587,1.4291842983763128,-0.09145238317433523,-0.038851328322045374,0.03349901948106853,1.2104865273598078,0.9680268869372107,1.6341283917261484,2.0272271777071422
82,-2.2219720714679188,-0.39489010538815233,-0.314857269816487,-0.6640360417470854,-0.9825241021329928,-0.6158374690547148,-1.3530326830751973,-0.14116529104847456,-0.3870308567945244,-2.162090991842902,-0.7755806574319314,0.018141383992501967,-0.2765917342506716,-0.46701679182085326,0.25424931062737494,-0.021475009291483823,-1.2157717876480962,-1.7530339779249942,-0.20512425776731144,-0.20094839913734822,-0.16181598782748177,0.11948471000573643,-1.7845726987047756,-1.668591352234546,-1.5037330340039932,-0.765610149305393,-0.40785569775991576,-0.21203026100998035,-0.5185796431287647,-0.6149971794438411,-0.05074366998827168,1.1803840557941745,-0.7323220558079108,-1.8269892162902852,0.6585324336129781,0.19387872781529622,0.692787437266494,0.0901435380253437,-0.8773960130120173,-0.9705720847495299,-2.0710147127438714,-0.8137100203720493,-0.834578387235873,-0.37926788976513215,1.2037743649001587,0.0972543483623258,-0.37059259229897773,0.3091203510294488,0.6247746525197466,0.7207772573718647,-0.37660630776249787,1.0223861411929591,-0.42415078296537473,-0.3168546434401792,-2.154745676452831,0.2847551862809114,-0.08651013356050491,0.7822417071689438,0.4568018032287806,0.5376194269080254,-1.2844588020139736,0.4416952284150941,0.5295960043444603,-0.5124367745980409,0.7666639237147971,0.3072081791167446,1.3147459869006752,0.0215471496661548,1.3039146041424376,0.5962611308509121,0.3527871530854942,0.6914240663533769,1.1021306532684076,1.3019088735799689,-0.5193080606045432,-0.7636374413800578,-0.33630260307081505,0.7320701572536141,1.2110509585663618,0.31185381841889803,1.2438006647024944,,0.8291708374668256,0.6273502364861447,0.5506523996912949,0.17609065751394523,0.8823538393235402,-0.1468774632614541,0.9433395752684618,-0.1370235959180908,-0.08499644135452271,0.3880069524430184,-0.38369994370954597,0.8751902331096658,0.8855654777132379,0.21561012841475488,0.9046253633021442,0.40145017569518093,-0.22152373063409667,-1.5775423016851144,-0.7735914734489927,0.4843601540953844,0.07874533916377793,0.48205367009553723,0.07437197497917582,0.1161787183519263,0.33632204298369256,0.6794616492994755,0.08359455196766624,0.3087936003543653,0.7070838891538781,0.5970578224991913,0.40656712062863537,0.4551398446730831,-0.09358443180392033,0.016532218985065704,0.23546347303182052,0.5826036083356633,-0.00937422503093777,0.3338929809065805,0.692449480685269,0.737209352068704,0.8026207941222923,0.7675803876897481,-0.24602903473798707,1.1424897403326226,0.1522150739948446,-1.3069590384529919,-0.10317030699899375,-0.2553555550190368,-0.4654422954430495,0.7660578894581592,0.4830909735702332,1.6114165058471293,-1.2377843849348094,-1.3180612232679576,-0.5477384063100293,0.6137572062331147,0.6700573502040845,0.9417833788460912,0.9564419331417757
83,-2.369019845587503,-1.4908984208926692,-1.3456539237315848,-1.4968605043704064,-1.7872359980728922,-1.707266034141383,-2.449092253218805,-1.4605003269008798,-0.6160052786611122,-3.0860018274746475,-1.1894482529902441,-1.1065601534365839,-0.9495430873627426,-0.7200281781856793,-0.623280361034582,-0.3511016284763617,-1.6796782352692006,-2.281023258484581,-0.878408714735739,-1.0468889038393256,-1.0818068797997096,-0.818613354798663,-2.3396508166409733,-2.47372556744191,-1.822991707052567,-1.3048497179045209,-1.216830494518929,0.3656417451088327,-1.4067967291100592,-1.6068857267553593,-0.6065211469661143,0.314825774561948,-1.2487703644603139,-1.9282535867770558,-0.15877526306705256,-0.900843331022753,-0.5801156750325475,-1.095805139471552,-1.3838552759658578,-1.146224278648069,-2.377624618178607,-1.656701047442187,-1.4486755440673458,-1.7761867040316477,0.5951083416985918,-0.7255486978905762,-0.9413614630630497,-0.2692382925884198,-0.29409685470126845,0.15375170924246567,-0.8340805419644636,0.0780488862974295,-0.9187209999374554,-1.926520157540429,-2.471650725136489,-0.49629861910711626,-0.48830632536988033,0.36861616475246617,-0.7832742971694835,-0.6678906614401877,-1.8764684573972277,-0.4302573216608014,-0.4423133410234723,-0.7706244191858986,-0.021483024416059093,-0.3033256426161662,-0.20899172909613142,-0.7180060569601865,0.5729086031973747,-0.3260105687815684,-0.5951007766254859,-0.009388658668638307,0.2644494929547507,0.32931950890986467,-1.155940906195437,-1.6609449999946062,-1.277713822967171,-0.2932833491235298,0.1232654970840017,-0.8717981342333241,0.5897092280247462,0.8291708374668256,,-0.4761055601536736,-0.5582240130044241,-0.08117644821741693,0.10489044577321133,-1.2539742973037435,-0.28463803426131923,-1.0003484680580823,-0.6105167643350746,1.1451612622896632,-0.7963491669980527,0.1327215266401497,0.24710794761609947,-0.4062218926321302,-0.5150894747962312,-0.6340672829044095,-1.1889278998405952,-1.998238480347275,-0.8407722135066381,-0.1124036084939631,-0.7099915243146139,-0.1350126428989175,-0.8392236569396186,-0.6754500143175803,-0.327458644149747,-0.12877118314182556,-0.7366229867107326,-0.34934846125758756,-0.3652976160300602,-0.4846432645867746,-0.7929932413612274,-0.00905969027558091,-0.9940015751924908,-1.1774369161983433,-0.11695252749899683,-0.48184762834070116,1.2739354387775879,1.4502377557165531,0.07937045119333694,1.9100554269796797,-0.14621491121574398,-0.23346132720567525,-0.8018681857764591,-0.2459660419650267,-0.578153721171785,-2.2955952852571397,-0.719531819393778,-1.5386143762315645,-1.236443978361209,-0.8065897945257502,-0.4598001211841747,-0.07242325141758729,-1.9768316863120665,-1.5156667770143462,-0.7174934437748443,1.149638078949062,-0.6704881064303703,-0.31004443107912566,-0.28029775488858916
84,-2.3222549792982607,-0.45760584608529875,-0.8490085028217879,-0.8528132372816405,-1.5916617581496035,-0.27007375252388466,-2.1047876923855093,-0.23934871948996111,-0.08967280962757569,-2.7306076240500845,-1.227388199738248,-0.7718694939587756,-0.935686973552018,-0.42823290435082784,-0.4694289722650158,-0.7549294311745948,-1.4990555484545607,-0.9995445160938877,-0.15939829176561454,-0.04854022575827183,0.04352914361489486,0.47477327124828916,-1.5478212808054763,-1.646136842156273,-0.9473601024085996,-0.7273641402685954,-0.4303076923387716,-0.13001841628401575,-0.5219569074482554,-0.5515040901460285,0.03992012511597207,0.9095140112360068,-0.7200136068610042,-1.6481351533174415,0.47113834485308353,0.2772343361122794,0.9396119610815229,0.468558753744157,-0.5884892401931414,-1.1272727610119793,-2.141966158488819,0.4467980755353037,-1.090725763767108,-0.4222858064995539,0.874240818045317,0.00554264418468594,-0.048078871454657626,1.6102593030096755,0.2350271736658906,-0.21298430949255928,-0.16125397812567888,2.1278261535626104,-0.05325720897674634,-0.8290434567413593,-1.7912656203450152,-0.35723689494898464,-0.2611232760238406,0.24480723953816128,0.25047327137092,1.5500924124745694,-1.1953651498666895,0.36154007105104347,0.4199319318325602,-0.7684215181160305,0.295060631800958,-0.4375430169381222,0.6794727727631021,0.24792270806766328,0.22701789596928632,0.3903611534827453,0.5456384836637638,-0.015466762060047266,0.5525570444729941,0.5907137212520263,-0.08555646339272778,-0.09608716303865847,-0.169013583941758,0.28352268763146143,2.346565202176366,1.6602266208536895,0.8670990337949523,0.6273502364861447,-0.4761055601536736,,0.873469396979506,0.410190414388692,1.7008258240666623,-0.3279549121633285,1.5293585972765589,-0.42607343334457365,0.23270490934769222,0.573818591865643,-0.729662713377562,0.8735247992915748,0.9303211443430218,0.19586837659831882,0.3631223756023482,0.19989808955486998,-0.46815243390681804,-1.7048582498419345,-0.4837828630733518,0.7927742663736861,-0.06957525443695085,1.344864715370121,0.0759123862073578,0.4033411241400599,0.1644999393951243,0.15432229296722816,-0.16293511536428323,0.502509241096423,-0.12480149472118426,0.17837833279448112,0.3613883363856359,-1.1583997599317313,0.46749189041402284,0.48141559958237534,0.8066426791914749,0.3037901214897548,0.1637473076968485,-0.12560755884163735,0.7637490676838096,0.23517000852314454,0.7203635034009968,1.1690106885136513,-0.20513161368109592,1.1305146700522701,0.03371869692052106,-0.7794858557305006,-0.3599645669420372,-0.5406177147964037,-0.6734077068413741,0.4742197787461157,0.33949959720428013,0.7835619140065727,-0.5160132394214983,-1.3233576774674636,-0.017999241843826366,0.48455750864472263,0.35433561445816547,0.5071903064305234,1.4669469883502773
85,-1.5000264044737963,0.8305070503796519,0.8396957655161698,0.5289394896211745,-0.4944335759922025,1.0049103160418484,-0.8188077642389091,1.3023133175154364,0.9743006468046908,-1.4739876528565856,-0.5608442223938405,0.2986907505269819,0.7784679041233038,0.8309340489904244,0.39875415953707866,-0.09705604886305011,-0.4054007185106988,-0.26509108393745284,1.4195054522151551,1.2257895145685052,0.4094234193785246,0.753538631177445,-1.5488541380712644,-1.8887466458119964,-1.109743752450789,0.3808706601393292,0.9993082890250831,-0.3693756450528313,-0.10013051435480216,-0.33284279885930185,-0.5993169191122676,1.6418169062717158,0.4818088617200134,-1.2034982285268605,2.1621164139063525,1.0770186544166853,1.7078940682545596,0.11551049346942334,-0.9019842548429992,-0.9054009163779769,-1.2875649446387298,0.7789073936595785,-0.936617118075976,1.4377402205313785,0.9305867214557979,0.9173308190460749,1.5357805574783907,2.0669284177977434,0.42993955262120453,-0.27170928047566284,1.0358148795985456,1.037305095953741,0.7502184037430616,0.247529608233307,-1.5694150904328688,0.9573402422186362,1.03134098609009,0.08116006506545405,1.814277005609064,1.1426933141028148,-1.4441356153780347,1.006235045236318,1.441388261330798,-0.14866340571145856,0.6177487411131892,-0.11905162198371123,0.8984350663855882,0.44865991164743135,0.04843426464963305,0.8749400210442058,0.1800904440978672,0.9032095410615212,0.4157032544406336,0.8724075679549417,0.6400470561115766,0.1589618833733645,1.072658676953265,1.743642299967053,1.5309869103767901,0.3421998722112669,1.4356912025237982,0.5506523996912949,-0.5582240130044241,0.873469396979506,,0.46015077266335613,1.1591871640082605,1.1374377357307497,1.3172930935789169,0.27307401463433356,1.1679577770136897,0.3688182106623021,-0.32270210265467913,1.6716044319666354,0.9001517825690453,1.8925965545927705,0.49905435123906805,1.3473741658335738,0.8321267614592314,-2.5589161357478134,0.606649951526667,0.5019575919982382,1.1260409751962162,0.8656998080469176,0.6373354401844356,0.7274543285814509,0.9436191510226738,0.8800586393274679,0.38908060458537536,0.3656334718459465,-0.40124220380108555,2.155702839463898,1.7338616136984328,-1.0001087107100919,0.542981169105229,0.44415659305117183,0.47134210349181505,2.0093310031864395,-0.06635940455358512,-0.5520760132037078,1.0185870588784771,-0.11373971297233995,1.365687489349063,0.6841431018788999,0.7663502280982583,1.389313889885744,0.6744120511238694,-0.14570165887660322,1.0223372704453955,-0.167947217609233,-0.5145002201470532,0.7463912273886276,1.182903916470952,0.9599836972426788,-0.639526233997392,-0.28190843068275157,-0.22632949571908406,0.23996293233137117,0.8144288396232048,1.2203733336114728,1.6900089637186086
86,-0.5331895263041374,-0.10195917875167788,-0.41722173724114037,-0.30121045982899214,-0.8313462640020585,-0.36410703150053536,-1.189290776980011,-0.7093129775963937,0.2736651661307172,-1.5909726669339528,0.15155434648668395,-1.0609930434717483,-0.13586310195615695,0.42334736996445155,0.5157686281995763,0.6871195830004747,-0.21594732149832105,-1.130885945060478,0.2658398776910897,0.2520599331253151,1.964090536048716,1.3301370426285577,-1.4973332278021192,-1.2864938380082815,-0.7737459756779962,-0.9810804786368078,0.2905739527946675,-0.39681076478255123,-0.03186468275033174,-0.4329360553486962,-0.24475288521755748,1.120440918252194,-0.6422561004611348,-0.4108239363636018,0.7623127949982069,1.1966381799804136,0.3831633948642168,-0.3622188012554741,-0.4288197624523066,-0.33831100625962174,-0.3663960373017563,-0.317732646838482,1.4765326907524274,-0.7846324947413155,0.7844606833747055,0.43276135558254697,0.905952894829869,1.4779323137423466,0.4379710273380129,-0.43994462872994633,0.03591498148213204,1.2180806462824492,-0.05705967363108446,-0.8302038717908452,-0.6416816710288483,0.47591264424037494,0.6283434141284465,0.9229154714364791,0.418643780662798,0.3792421397786318,-0.7305735849355229,1.0214603828802997,0.7490570555647945,0.12222059245010027,0.6303707999425613,-0.2070386374667886,0.2093108107300332,-0.6147069061685383,0.1007855986805728,1.1304540830481384,-0.7450346340981078,0.7074769082547742,0.6194295674407535,0.7371825277394065,-0.07112608484697554,-0.9661309020319593,0.6247076142540203,0.5668095577265418,0.9844356249661955,0.46079054085765003,0.7280215135923609,0.17609065751394523,-0.08117644821741693,0.410190414388692,0.46015077266335613,,1.0303356540788922,-0.7364277652097269,0.8052404619985529,1.3684209954022306,0.4620472630939029,1.1103793713032528,1.0817133692210363,0.8890303002583472,0.38124697108591143,0.6224069457266075,0.786706622503118,0.8762875353218793,-0.5926858925564316,-1.6988752713189859,-0.3360740494866259,1.8003610070244758,1.1784033091164654,1.11616757424696,2.0857577463536034,2.1129586840686794,0.5582664315865344,0.3854160837989881,0.12847072511124288,0.2833404806848791,-0.40342513627621895,0.4032186050982615,0.17801079331305036,-1.2415762000756136,1.5095051897722873,1.7425645955825657,2.612748422689822,0.9619963666350841,0.8394677557575867,-0.022632712952286995,1.3865149093428166,0.6096529871859284,0.9993140227976721,1.7034255245774481,0.4434598335468278,0.20300695546498065,1.5036967752852683,-0.7627180512089546,-0.12443080124055038,-0.35323427753088593,0.9507030803917998,0.5602220768973042,1.0934913102422417,0.6381238603646333,-1.166855808609083,-0.30485774794743614,1.8375748243935575,0.8201823032542557,-0.26689296487009023,1.088469802605667,0.9117645476371253
87,-1.4056862455664467,-0.15849545028525808,-0.7643525871362354,-0.2653663407962845,-0.7564908009460602,-0.2333580272686961,-1.7087649427071683,-0.1018239670884549,0.3384107393967713,-2.399890173904193,-0.09047943002236691,-0.7045010386456805,0.04700607280957819,0.49648248174544396,0.6188543803716597,0.24444833800603694,-0.36328973191216335,-0.5770228004007518,0.35768507768153224,0.5750568794007148,0.411065540173613,0.970879714129452,-1.630689574325095,-1.29530616952108,-1.2467532235383385,-0.031654903667583716,0.3293787114439107,-0.4756280672913116,0.5581622494767646,-0.5847274143780612,0.3795730170289012,1.371911115123456,-0.4287374522393269,-1.0550281995338242,1.2535802670933673,1.068752179333061,1.4725918184083833,0.1644366594036421,-0.9032592545632697,-0.07875301583630186,-1.1160745175355615,0.7127188962794115,-0.34527690723015875,-0.14504690197177764,1.9199680946850037,0.37077563097546623,0.4323107208138894,1.889711344702523,0.993050277609602,0.29826018676622595,0.3683634972941756,2.2583498051049817,0.697961752310996,-0.5225553143196106,-1.1297659731531864,0.31632150280966176,0.453615671827498,1.959630764418521,0.7829323825596803,2.034485568441751,-0.6618511039300432,1.3989537000917869,1.2486825888490252,0.6901166519497176,1.173581303205259,0.8459928811400016,0.7895679568321763,0.28602257529208325,0.604337672021512,0.991198210902354,0.7997096049830406,0.8786929371091988,0.891048293639252,1.766220624012237,0.6241769380374298,0.10754211494712555,0.6915143779514642,0.8699638719982459,2.413964858181099,1.305479033267643,1.6592212254307386,0.8823538393235402,0.10489044577321133,1.7008258240666623,1.1591871640082605,1.0303356540788922,,0.06616344042838619,2.200689115759283,0.5453008253187959,1.7163905650967184,1.342001735296733,0.03420333103134731,1.4378562028147717,1.5480683880681687,0.8475202577677559,0.30712925000744634,0.8914642217271886,0.31905978648677935,-1.2939933116198872,0.2550775154421015,0.9080523147855721,1.1511043661784668,2.4069461661768883,1.0890235304913036,1.2572017736742251,1.6190432849470788,1.4491467812450274,1.01593929985733,1.148263307413836,0.2937008677194543,0.768808848720609,0.8991908314115462,-0.6649130295478005,1.1381861275054541,0.6491583240426272,1.4571126450431153,1.31764445908697,1.1667586559543428,0.11815624045871607,1.4394978812979042,0.7152699920584127,1.847253399605997,1.080463505106435,0.9983154998358528,0.8774624916487678,0.6250823778745506,-0.3086037598633001,0.39640567769758495,-0.3722789062719142,-0.039559548545387,1.4921250160047161,1.477815332270385,0.9855849258098267,-0.25936392402891295,-0.398610340863355,0.5993419253350409,1.2137594041089756,0.6187207039610109,1.31922568224802,1.3939706934361624
88,-2.1371546310291407,1.2592891853505064,0.6429489462726969,0.32078882839174044,-1.0061552551137494,-0.14490437153784735,-1.816143829934696,0.6725321557682717,0.7291594863844396,-2.445413515641669,-1.8286779432687112,-0.5627581348668771,0.175492559625326,0.720793465047044,0.016314416683181315,-0.9534886742616291,-0.914531497044186,-0.9356077749208961,0.4222902457391578,1.4845662522933518,-0.06285706486009679,-0.609789160136706,-2.321308806231263,-2.2580504758256765,-2.4713915874669397,0.47291609475716295,1.392915199036919,-0.8418054831679599,-0.2009577499619264,-0.7163234614341117,-1.1601349307145186,-0.24729731266805702,0.7268528907704631,-2.2696234038987773,1.1772299276888856,0.29549418459607235,0.7383034780913897,-0.7755780775087023,-1.8834805877016225,-2.099970591907816,-2.184678810779992,0.16474311489025972,-1.7749796553283124,2.1084038061923196,1.178524045487687,0.6482727927031101,-0.4219769725106632,-0.0417480354881713,0.000874861502600427,-0.13819306761144634,0.7459563234094857,-0.0724062386987487,1.0346432964818928,-0.25473146787940243,-2.5238424854593497,1.003365641041675,1.2548605494530103,-0.16446046873737763,2.3860384157763885,0.24730530133659656,-2.075736457235903,0.5100813632474974,1.9426434262269943,-0.15779319930264749,0.5692314313738198,0.40467922972436493,0.3587075018086982,0.882977005156932,-0.9608371445138826,0.5027550137834216,-0.5810557431552814,0.5556299473358758,0.08526779418437455,0.9371223169956813,0.6307307085213973,0.6093013138450923,1.322682410813105,1.512664098736944,0.904223103201703,-1.0860758751744053,1.40352649712157,-0.1468774632614541,-1.2539742973037435,-0.3279549121633285,1.1374377357307497,-0.7364277652097269,0.06616344042838619,,0.1482752239572948,-0.1981314824680077,0.6130377354852196,-0.2584478543761635,-1.6717574258222274,1.811777832303384,1.020444772083011,0.8499615779182248,0.35951952745489113,1.4241859155887187,1.6078460394608767,-2.505881620665095,0.661364050818892,-0.582993520034502,0.3935835447352349,-0.19107409835709685,0.25930572067991725,0.5163253170156249,0.261332601004126,0.5129640990251745,-0.14376146302897902,0.11862264989012257,-0.7383527751246274,2.1759620724095194,2.439216997997697,-1.5871162080122492,0.42702113959489835,0.40552484683712936,-0.4343769272139861,1.3127658124859536,-0.7857743520776146,-0.4840330332653643,0.6484883985088221,-1.0757751978618408,1.0262087561538207,-0.2120833827372653,0.745004737924527,0.9110335150321395,-0.07510822484481482,-0.24392582663724174,2.199072340853847,-1.3038970400621517,-1.272638316726728,0.7285584915009264,1.0782842113080284,0.8230668360765386,-0.7735864719374268,-1.0620378770166408,-0.5548547121899319,-0.022697208168911517,1.0556359537615665,0.8555380129255699,1.4700258779651083
89,-1.7506044556476448,0.3044739037374248,0.03215401465376049,0.0490028465175614,-0.563569886950804,-0.25439182452387626,-1.5441545765472915,0.14634959713462653,0.5280765015178144,-2.3608925577009185,-0.35898254177321076,-0.5069426602306487,0.32761688741842,0.6181591690823467,0.4315418370262076,-0.0998624108581414,-0.5359137797692269,-0.4585067918295247,0.18222323390363343,0.6820508801027647,0.6435810025354022,0.7240192412846352,-1.9150439340451908,-1.6096707193409907,-1.7846987439423607,0.37159613278033954,0.665495260641294,-0.5674897780274772,0.9036597951653731,-0.739558285972921,-0.01773186168812799,1.429812066233717,-0.25257945112125063,-1.6937380254465206,1.19731825206635,1.3365548222016368,1.569377523841702,-0.16033478724571207,-1.2527494291722339,-0.8308744944893752,-1.6290751176955731,0.5383540675285765,-0.5841606792924386,0.24182554506484066,1.280374579389288,0.5712243076146095,-0.0797249267252477,1.6153480568845207,0.44593222966161805,-0.18514901680641738,0.3401388590375336,1.912290722436962,0.3503210877545914,-0.3727453747897433,-1.3937908144237032,0.6740079988008912,0.743727763543118,1.3217019311193272,1.0007719030411717,1.7612569252197516,-1.3947277766829527,1.5804555987325397,1.2223770930918012,0.287646337033393,1.3279821120006747,-0.050801735357650174,1.0853427830030802,0.34728293329539794,0.034231760473281074,1.0970213722932738,0.613782637963411,1.2144336486211256,0.9447150915193411,1.4823424767861322,0.40209701066403253,0.19484285235294183,0.759002551972593,1.1004337000051936,2.192186079366145,1.2366836145378541,1.0273577140176435,0.9433395752684618,-0.28463803426131923,1.5293585972765589,1.3172930935789169,0.8052404619985529,2.200689115759283,0.1482752239572948,,0.35787341928597916,1.4553729760739966,0.9921503646540997,-0.10433883337978347,1.3053377679538656,1.0312220606038431,0.5466119087165155,0.40126853067186413,1.1143925783792594,0.678256401331004,-1.9110618679185416,-0.0576216854881877,0.5417679603129073,1.0165979989057847,1.6614474701810027,1.2639964141666198,1.005010060772829,1.269442076560819,1.1199780125406742,0.4388066195401222,0.3809226675954649,-0.1891010039552358,0.4612202030893417,0.5512863817031253,-1.0266903137653796,0.7709831253095049,0.7821836635393835,1.4112047951831201,1.0297839580119437,0.4704252965834908,-0.33928132704801606,1.144839865887217,0.22480154021603174,2.026164054847928,1.1828696827910226,0.6345914634655303,0.7756906065524072,0.682590625982976,-0.25667948386711914,0.3623825165635785,-0.771062406577703,-0.4230025960028483,1.3605309133564765,1.4582158716575397,0.9661454507631709,-0.7529959080932633,-0.8733130162470112,0.646900915862398,0.9092509893066617,0.42461812738519733,1.170790125341064,1.0636513280619768
90,-0.9898359336391341,-0.39250070816837007,-0.16699695599732017,-0.5130977659358331,-0.7950454962094173,-0.17537875467963696,-0.5034342176484911,-0.556014493931965,-0.30232876524039154,-1.177581452487307,-0.20092939693028952,-0.638365599567835,-0.23240619376954058,0.027097846722102272,0.44336182395026985,0.02387843184792011,-0.328750558426073,-1.6032925631736858,0.11703378034541825,0.19023962128237823,1.905192134264162,1.3569833242597378,-1.4233973072598667,-1.0548699081615038,-1.496404541319174,-0.29077109224744846,1.0543290038766366,-0.8591744031183393,-0.2323700149671155,-0.5445221826759954,-0.24348933262475353,1.0274726501807927,-0.6325935295713389,-0.8295780303314464,0.6094316385898908,1.610835956852254,0.4643419728154889,-0.2609801669991843,-0.8221630227438631,-0.1372309174943034,-0.9612338218344436,-0.2146219534231026,0.831737747196684,-0.20353336300690292,0.4776013500583486,1.1144652062060962,0.792542891688255,0.38690714441823515,0.5154218000155985,-0.23949075532461717,-0.032931327567574296,0.5907481694560801,-0.0807562851338688,-0.1760136418699473,-1.4821739184231781,1.3557718435631727,0.49740527680431634,0.43202922209990047,0.30243128766520133,0.5118928333727206,-0.6556663385765213,1.2841978927619397,0.3453497569807685,-0.49710162603442504,0.4065241806122087,0.07834575839343097,0.10853386264761619,-0.4607216607661315,0.08647579192014337,0.5273867364458686,-0.09769402452244766,1.6594992087086247,0.45477281367921046,0.6649626421697074,-0.26491587958563284,-0.6956827536449702,0.4664600316908375,1.0676269787404293,0.652331874326895,0.05613883736617237,0.5861678433115054,-0.1370235959180908,-1.0003484680580823,-0.42607343334457365,0.27307401463433356,1.3684209954022306,0.5453008253187959,-0.1981314824680077,0.35787341928597916,,0.28766720062111556,0.3796668087393516,0.278957741995543,0.5920412354954737,0.3107112380993515,0.06737885085006591,0.5604099989556044,0.7413121730653774,-0.17110174077166515,-1.1597578017780559,-0.49533530316933305,1.2167906028359186,0.8806939261782225,0.4797933993633741,1.8003925402072838,1.4862741678230011,0.2315403434122028,0.6023394886475777,-0.03229093779362918,0.15571736080361173,-0.47652301918517687,0.19804767283084193,0.13222522497660466,-1.2982239273437206,1.8684335788808168,1.5515093365775197,1.1672769492703434,0.5470886721121109,-0.19720354579489968,-0.4800365178907974,0.4844232293742388,-0.34188547058766944,0.6493146856680418,0.9278652019972241,0.294094851088992,0.19514035914047326,1.6270265747014774,-0.8457169219140426,0.3486315025209461,-0.3149208152335547,0.5998124957613008,0.42029815950509386,1.110284049885474,0.17643190320860286,-1.1808050987979481,-0.2623667088857956,0.6460443527225577,0.32774137048763624,-0.12135979569381236,1.1678976219119406,0.7569446490686403
91,-1.7918406144646086,1.0429645174266102,0.3947916530558875,0.23202072965247522,-0.7241908372620348,0.3286218325475648,-1.4313317599643482,0.5309753675049973,0.8832424805721502,-2.1589551512496277,0.8194214000372715,-0.01978004836093632,0.6854867511706452,1.1600706311847568,0.1259421223140457,-0.41840368834615876,-0.49262939627411945,-0.6589951010633212,0.6597489302051914,1.268729804800052,0.42626997748035733,0.2718690227641112,-2.155980653522859,-2.2254272571505123,-1.967906585577218,0.006135198752610019,0.9382392229471522,-0.791858067438792,1.331729612386116,-0.8980145871465492,-0.9852894530251771,1.0227155079576,0.3044416908543591,-1.47575436947622,1.44825974971903,0.9789444233301146,0.8227922042062672,-0.7119063795182317,-1.5091230105677207,-1.3520603799437796,-1.1813833364272635,0.056925105884367846,-1.2326526078014908,0.9420059415050187,1.0062728102478844,0.553381573385421,0.016088762925735682,1.2338610758965947,1.0027264205454838,-0.34855572980832755,0.16176427384519543,0.6737163054764451,0.4013559095440766,0.45491874234671964,-1.3653815271716763,0.7099850991989733,1.1824651023232575,2.0265923908520147,1.1602251520441742,0.8927518369859505,-1.9309992261352558,1.382340941625556,1.2998893934652938,1.4571418399551115,0.9265404189625179,0.36900716371858927,0.4633447220100026,0.8882314496166889,-0.7842419559157342,1.1830614714724452,-0.46698569180470567,0.8745969628988265,-0.044156568513569035,1.1278842219155958,0.31573553902441104,-0.3624234766684282,1.0295575888469444,1.0889970447893156,1.1558813953086877,0.12717048390051672,1.163604735767969,-0.08499644135452271,-0.6105167643350746,0.23270490934769222,1.1679577770136897,0.4620472630939029,1.7163905650967184,0.6130377354852196,1.4553729760739966,0.28766720062111556,,0.7186668196808452,-0.6351816418756874,1.179218803477532,0.7982223288393371,0.5413802413595186,-0.05189158416092167,1.3777683743151212,0.8203206995467013,-2.755252611989005,0.044592377185877476,-0.36497919772608245,1.0694308268936616,1.3015206095349845,1.002253372165915,1.0418077895505051,2.5026256245368965,2.3928001547104008,2.100735285074861,-0.013688860173394286,-0.9162815984227678,0.8779771172465954,1.2263230620523362,-1.251928752227077,0.6316305370658414,0.3060301739592511,1.044976667344498,1.3235614268297913,0.10658531187601501,-0.737002098890162,0.5934393075493272,0.2440788785459244,2.0841611379411487,0.06752628283178638,0.4641831580952909,0.521049836636674,0.23356143327762005,-0.1774725391267066,0.8293933255906845,-0.8984915761685669,-1.612559731637933,1.3896702946184112,1.7932491720850139,0.8077378635267474,-1.4176426741815364,-1.0302345248812912,0.46151797442673215,0.45573610453495816,0.6820639224896677,0.8644064655582285,0.8165711845397481
92,-1.035416669524865,-0.139034688134553,-0.6820050500415238,-0.2712923730929466,-0.9575077860550751,-0.8595335093052074,-1.4832452146799786,-0.7499756793530553,0.007340011998145581,-2.2295472100458205,-0.39338909174585096,-1.1004178871685186,-0.2074467251196431,-0.04739606293113034,0.2940162229485423,0.16730998485871657,-0.3506487862280165,-1.0890206375002884,-0.1755761193075836,0.2660062052592722,0.4392965788348935,0.46567032509782535,-2.0609969857896404,-1.7526052253498736,-1.6661678895302647,-0.5123340267572059,0.5366901320004857,0.7702272886593953,0.1620445839250068,-0.9877297798167165,-0.35237187445603635,1.006151180084547,-0.4390357742608123,-1.261410637746995,0.8588406931697818,0.7758883560007537,0.3648712159300573,-0.8759904155191086,-1.2505885246837773,-0.4295273551055378,-1.161661731132232,-0.5258511166634893,-0.48817326954357554,-0.554127633445631,1.1772724329911999,0.34349181593496647,0.34830795310854157,1.1994547421748911,0.317227806851345,-0.41629227029460875,0.2598383398761051,1.0149820585432938,0.43975147496476097,-1.0432441618184862,-0.9859761022761853,0.6257273631311866,0.6402499298559878,1.1641309968001499,0.46840840418211427,0.48078553524892126,-1.3063076390734545,1.3708686835523254,0.7635922965321618,0.05133943390946245,0.9674664820320826,0.2665358443042487,-0.08289864558190925,0.08065594845527944,-0.0599291844514034,0.876858694127218,-0.06419972851000756,0.8999679740099049,0.012001483914252375,1.2335504926072005,0.26077007435438415,-0.7082642063263676,0.4336923726575077,1.0181321067652824,1.235051631204918,0.30438268113022626,1.1467410986884758,0.3880069524430184,1.1451612622896632,0.573818591865643,0.3688182106623021,1.1103793713032528,1.342001735296733,-0.2584478543761635,0.9921503646540997,0.3796668087393516,0.7186668196808452,,0.040105399261137896,1.2104491861745843,0.9161794647041015,0.39039016156123457,0.016772762918718386,0.48462462321371463,-0.07353440236729226,-2.0638418621988097,-0.22111600256260655,0.4273632623841091,1.0887455025652564,1.1370611843121605,1.1499789584100475,1.1489310321083464,0.8870452117327573,0.5461201705031065,0.14427822569105392,0.42589624070528226,-0.7606251402751307,0.4969052605972742,0.366231189832831,-1.1779266420170984,1.1056395283721292,0.40139369403840125,1.1207525458517396,0.9598798284981905,2.8400083536526703,1.8506992055717588,1.2793010188946528,1.985223089850162,1.1830309670615349,0.6780823753976517,0.796653032886501,0.4704886461064584,0.3886456786393426,-0.6424315275531298,0.3475585015925288,-0.9193038299146028,-0.8040506649456495,0.6376647757259934,1.1773892739073681,0.1931257718112068,-0.7647078275362927,-0.5651404925611128,1.3860468403420598,2.8976791276473843,-0.26601254933895685,1.0512090350178416,0.9537098017827494
93,1.6173878840488514,-0.47840913498437154,-0.47602569965261515,0.36829706111960997,0.15453000949970888,-0.64229480135358,-0.5767182157216771,-0.8499418426613885,-0.07603467387377152,-0.9324116596597236,-0.399164175606056,-0.928847001601646,0.25562783636961584,-0.1921598096416538,0.5772026617233065,0.6725774720350356,1.4475084013808184,-0.3868806257904606,0.18165690828429584,-0.1744230368064872,0.665688701284162,1.0281872891544486,-1.1674013017791813,-0.41371262647724333,-0.7126130565294225,-0.6638736426074023,-0.3488498688613281,-0.9127446641019453,-0.21350381460990547,-0.4139512401576883,-0.44330012161868554,0.30507160655501914,0.43823740716949316,0.1627541868970223,0.3001723214669495,0.512920339531385,-0.10228049464258873,-0.09335840147076345,-0.08501812561490887,-0.009213198211557208,0.1314175664731922,-0.22623854536802537,1.1580134454684066,-1.3427875122544646,0.10585352460068731,-0.24164755304856203,-0.0624287101244634,0.11269646926215894,0.2192862200303584,-1.1983782621842343,0.8199750332415792,-0.10932543033232549,0.5014453862129932,-0.5390977225473237,0.1772397654776669,-0.21139365132359328,-0.4839588928973147,0.10968973223421079,-0.185209074897946,-0.689022422400054,-0.3664095586176128,0.682962280122733,-0.24636777656906486,-0.40223321522017774,-0.06815429707180208,-0.8841495617152803,-0.8882157839000605,-1.389433871703724,-0.6092712368425142,0.8332916643648086,-0.8830177275925468,0.2823119949137386,-0.3009831806419128,0.09121489289998941,0.4573822405691689,-0.9980114083486772,-0.26082916519710037,-0.019642007126969393,-0.16289079893143166,-0.7596122055147715,-0.18908504964288086,-0.38369994370954597,-0.7963491669980527,-0.729662713377562,-0.32270210265467913,1.0817133692210363,0.03420333103134731,-1.6717574258222274,-0.10433883337978347,0.278957741995543,-0.6351816418756874,0.040105399261137896,,-0.0996470796986441,-0.8355150065761657,-0.37765178557926554,0.605282756545043,-0.3424126909186626,-0.9500756945861011,-1.3449682139262162,-0.22392700639708565,0.48714065646021965,1.162227698791308,-0.3247313747124966,0.37416841712652715,0.5766084870011755,-0.03598504579477521,-0.4083173414072239,-0.5213280670193766,-0.10953317617806695,-0.8418715630828899,-0.612669553615431,-0.9440849127967098,-1.633211911537919,-0.04916710094261935,0.14384474706258693,1.073775597491529,0.0961651433490918,-0.1789036159531103,-1.0707685963480265,0.8929441187534944,-0.41110354507054503,0.16026011533331933,0.2991358600855325,0.6286887079577634,-0.7533478716909129,0.5378567914960608,-0.380119169078562,-0.8602702116448676,0.18198982263758295,0.38896076496099863,-0.13470263669228633,0.07649364522801086,-0.5507175746423314,-0.9667597909114678,1.0367831606764488,0.2755897353108022,-0.254497000308029,-1.4932230863691724,-0.07596982350050287,-0.3436124794994617
94,-1.2985241287407745,1.1724680465579003,0.8918412047563471,0.7933890493610821,-0.039995514003579605,0.1273862533037929,-1.286778102901081,0.9224528854008694,1.2027338030058792,-1.8934169002946286,-0.775722782873123,0.06055016819333049,0.9167774220309214,1.2004925821624957,0.74181328436145,0.16919272278683276,-0.13609860360217096,-0.2519363172333013,1.2013872458685948,2.015393300597435,0.5874663097311925,0.8504435835032111,-1.4349631193905226,-1.142535259552567,-1.1985226632399382,1.0859584523962484,1.4617174007400577,-0.01939400487475705,0.3418735922981018,-0.168275152700545,0.02967797695644787,1.1887204803774136,0.6773205043869225,-1.2034878552300778,2.0916478369529448,1.3111638288529757,1.749233100306037,0.0847433901508678,-0.7664478933810126,-0.10821509607300216,-1.4578313447210967,0.7964298155826778,-0.6590609649626209,1.430158957254677,2.236040888947547,1.2791506534027768,0.8902043434035375,1.3311232208584127,1.2260877514853494,0.4854787712501803,1.4540523299909962,1.3152954336355323,1.613264936172596,0.3543200741661757,-1.3733581859241868,1.3202142713712104,1.4789130952786116,0.9925052746943364,2.2270286564838173,0.9508278913415358,-0.7189522219990306,1.6189107817646602,2.448955315992273,0.5602106516967945,1.4968142472476498,1.3727077364898546,0.9158129287474941,1.3350494774409658,0.510039886274416,1.104561718311391,0.5966128014302478,1.3170970806872635,0.8131586581259083,1.92781676736105,1.4399634669043044,0.7423904961059917,1.853805879928887,1.763464978983411,2.1659439299223995,0.4982086089704173,2.494196398657784,0.8751902331096658,0.1327215266401497,0.8735247992915748,1.6716044319666354,0.8890303002583472,1.4378562028147717,1.811777832303384,1.3053377679538656,0.5920412354954737,1.179218803477532,1.2104491861745843,-0.0996470796986441,,1.8888017405870268,1.751347326947447,0.8070299229890404,1.306776762081305,1.395941742005562,-1.3287072984570272,1.324570820480002,0.8505448992844226,1.5407979519971162,1.355295661659275,1.0352263678909284,1.218627495244832,1.2067900293792868,1.2356690164794564,0.6519255035101333,1.3587239579920776,0.2214759833326477,2.2061463819715903,2.377433266764554,-0.46818901458057033,1.1335478677572965,0.8769418777428838,0.819710416628006,2.0429912787507725,0.9674909667447662,0.47961597681990525,1.812156049029632,0.4754173665385367,1.7182900507020522,1.0340804696028676,1.8932970751484288,1.5264907964094532,0.7291280358111653,0.3087726091727745,2.114751568318322,-0.26789821952263526,-0.3340968337865751,1.480889070286988,1.7843917582565254,1.5647294351268974,0.1545914219919034,0.12957496112009487,0.21957055786608767,1.167795717592669,1.1771811454028889,1.8540428040893606,2.172999833199341
95,-1.6448188139221402,0.08743444514012547,-0.46366002891458225,-0.25187912284563707,-1.1681393119567396,-0.19984109856296683,-1.7913100290702164,-0.05852347441845422,0.5417425451840537,-2.3726105909530193,-0.3384376342440061,-0.0897048268368888,-0.11832088530362747,0.6853536581803378,0.9084885032717348,0.39969243383156594,-0.5110485169400373,-0.9652357009888002,0.20780346094557933,0.86332453699955,0.1945843797540001,0.3283509157548245,-1.5351527540539254,-1.8099486149256403,-1.5166268474807338,-0.09275935345298633,0.5757040354507028,-0.22671328447656097,-0.05584841477869301,-0.695290811538115,0.02096000752319568,1.0221136160708757,0.07486862095487076,-1.1873693567404477,1.045579080418707,0.706614364381763,1.0379927851245165,-0.35317807233311255,-1.0410515367586708,-0.776619155571909,-1.3677494904237946,0.5450444171102844,-0.7948662085289034,0.4545316462676543,2.1112038095436065,0.5013170564549171,0.037961426653171884,0.7124244218088358,1.1237435778262568,0.6614117478094419,0.5344256522985105,1.4399493345048289,1.0137587816728606,-0.33496145811207745,-1.7467348894799368,0.6514050939321858,0.8185852122255276,1.137014852298993,1.2169286011633456,0.7638419684979474,-1.0318936225103603,0.9036022285699372,1.3919906468750902,0.5682320697707979,0.971761970630468,1.271609182639528,1.3103324928841122,0.9982974557064064,0.8298613418222218,0.5574219460297523,0.3325446950059979,0.7841819954624312,1.2627903308809814,1.6076424962820945,0.5193234592102585,0.3275043859758458,1.0504475533835411,0.9626659304828911,1.9168853575001832,0.09808642861691172,1.7848799469879912,0.8855654777132379,0.24710794761609947,0.9303211443430218,0.9001517825690453,0.38124697108591143,1.5480683880681687,1.020444772083011,1.0312220606038431,0.3107112380993515,0.7982223288393371,0.9161794647041015,-0.8355150065761657,1.8888017405870268,,0.8060436117188954,0.5726643613649668,1.0225318461820512,0.664647852751477,-1.4985422845076097,0.6091617638710753,0.4284399283291023,0.44741459779947174,1.1001493159927282,0.5566071159149811,0.7139305282165755,1.0836897631784728,1.1307605145711184,0.6710639590540053,1.1575704926619002,-0.11922967282044607,1.3416647636253636,1.5367766726579986,-0.14828017563406434,0.9328861561557685,0.661985210148494,0.553022868347001,1.2648737682680595,0.5915496776762468,0.37134512015210236,1.077862453028663,0.4649670091397406,1.1510746860011551,0.6072876245872605,0.8941297184641154,1.1594635790474561,0.49490316152814473,0.042181646624192305,0.9971899414709408,-0.6835111011064644,-0.6401353464138366,0.7596741273139308,1.028405553336771,1.4184329164607987,-0.19755383582293384,-0.5580197938254454,0.11599581892374872,0.7970653118445568,1.0576308720897458,1.4186507345972001,1.2992313957611905
96,-1.5066802845073974,0.3461657988244534,-0.15348890881999638,0.4539696207879703,-0.2663969025288834,0.05144969642002903,-1.4689871929231046,0.6710266456227546,0.8185504036000723,-2.01438296195839,-1.099591169232874,-0.4924990192814283,0.8094973562490267,0.8699462470393233,0.41983015032586446,-0.18298656284724626,-0.4486292760017975,-0.30063514345411085,0.8988761219829848,0.8114547464606602,-0.10766260471552785,0.029884063821855555,-1.7679266688978972,-1.7708936419789234,-1.1876506904938626,0.11381861035285086,0.531717017053542,-0.7191265820497484,-0.23720737655806992,-0.6178861957431036,-0.7781495332048419,1.4441227489949162,0.16877601562691225,-1.3808507665565062,1.7509742987103643,1.014590772424427,0.8013936322607241,-0.6027108931296349,-0.8911386397791046,-0.6445672390298217,-1.6270513796061523,-0.13937642026241082,-0.7928638279010227,0.5820577494175302,1.3178937923324077,0.4657657169028334,1.334785963442677,1.5155868665832617,0.40264432644548537,-0.3809696904282957,0.6678005947869426,0.3823706338405956,1.0172905858222292,-0.6705019126257616,-1.734096892643221,0.41371642830909333,0.8169003028836933,0.3443663086284218,1.3682341017497635,0.38147150259393336,-1.2105682529378894,0.6657474906769871,1.2491939077960654,-0.20281424805265166,0.9511493471573147,0.5737561623601414,-0.014328156774411313,0.27997742603345893,0.0023070283692825932,0.39725586079362035,-0.4930062358752482,0.5381000140612718,-0.034043103743778946,0.8749156650535228,0.7704854490151054,-0.31766730774849555,1.2107316692938828,1.05126768753946,0.9089019182354391,-0.7064464851636753,1.643422215186877,0.21561012841475488,-0.4062218926321302,0.19586837659831882,1.8925965545927705,0.6224069457266075,0.8475202577677559,0.8499615779182248,0.5466119087165155,0.06737885085006591,0.5413802413595186,0.39039016156123457,-0.37765178557926554,1.751347326947447,0.8060436117188954,,0.059274497018949594,0.8767229317168287,0.7207064368038189,-2.1675917679732337,0.48705625472265274,0.6161609505801638,1.2312639841728588,0.6408991290570074,0.40661928119599056,0.6693669720563861,0.693577021370973,0.6744000791660745,0.09982219532877616,0.73035219437396,-0.487032395313543,2.4789614493531715,1.625847244987453,-1.1944655087820433,0.30677962875938913,0.21283514423221206,0.40060379118343115,2.325997765575095,0.25887464574057817,-0.47294260731835736,1.173175846196065,-0.2574459308482216,0.9416423718465726,0.3689170248500987,1.4038450794334945,0.850084680599854,0.3494447925070556,0.13270481182848318,1.0280800759111166,-0.7725616859649053,-0.6640226344907338,0.49594180101035806,1.1169022793630652,0.7797628386092615,-0.42450823495983436,-0.018533022624610686,-0.5711000395386768,0.3855795744310009,0.4157716008358684,0.9945564363091127,2.173864536730173
97,-0.8357789916772831,-0.007837064079023445,0.25932285175480324,-0.7199876906566904,-0.8638897324145399,-0.3572930003554597,-0.7859690668370516,0.7441981113708305,-0.13696515712964896,-1.2825883978378743,-0.6732769140571557,-0.3093812424440888,-0.3684586045229767,-0.22976995621170931,0.625829368906522,0.38577770824815083,-0.20003182537410666,-1.5341124175015828,-0.02842286166912624,0.07901974127870653,1.2422953328865594,0.3539167480767031,-1.6672345514677411,-1.3745401651298998,-1.4150717036848341,-0.35606205613750347,0.28433015954101004,-0.5299473712260424,-0.16083672677952512,-0.6525370903631357,-0.44577568942175155,0.7745264360284502,-0.21514239796162407,-1.420266398485231,0.39792189180764137,0.616976502428563,0.38029679241871567,0.1710174155480085,-0.9048451561058375,-1.244561115634455,-1.5432298142714735,0.058417256085435104,0.06433623184889334,-0.02907335685955331,0.9041874808344998,0.38178651371353506,-0.4313997251366709,0.20382281984833767,0.9560007305891817,0.33452858355253584,-0.07267981196240074,0.9206500179726075,-0.03464638072522604,0.11757927723612407,-1.5969057590743436,0.35188171560239806,0.48263530485803374,0.5343457937209454,0.4652655533369783,0.5426161551097934,-1.3527332948203423,0.417200265289543,0.8390340845057264,-0.2818334235592258,0.009382566837359038,-0.279211791694407,0.9651593636755492,-0.18019229806071022,0.40582628376316787,2.161502735011154,-0.3919638792281873,0.5895004102057045,1.1938511855836644,0.697949752924145,-0.40081013328313675,-0.4745757932821999,-0.12510813123822004,0.813081069224345,0.9446723885517619,0.13591978813019726,1.2193377760878905,0.9046253633021442,-0.5150894747962312,0.3631223756023482,0.49905435123906805,0.786706622503118,0.30712925000744634,0.35951952745489113,0.40126853067186413,0.5604099989556044,-0.05189158416092167,0.016772762918718386,0.605282756545043,0.8070299229890404,0.5726643613649668,0.059274497018949594,,0.8949320711816704,-0.015419299769913002,-1.9987534353294383,-0.7058163710451697,0.46954986875310595,0.1584571499944274,0.32863410871846793,0.5124375055977668,0.8640944290243676,0.21501184301648496,0.48602101185833685,-0.0986365914713057,-0.04328317869619585,0.192138861330869,0.9722004087972711,0.8066132109050939,-0.7821861796510594,0.833853840105112,0.8863100568049178,0.7518026410072002,0.8232525333241306,-0.48124037210197823,-0.11578463368285602,1.1451822278988573,0.15415835303658731,0.9274825589355712,0.6167400874519898,-0.22697420758662926,0.9157706854108396,1.4312892776631048,-0.9376391256076356,0.02486325585254369,0.1894568721328566,0.3110642558801985,1.0722145817325186,0.39344215337393534,1.3340750776851895,-1.303939513277769,-0.7937317238309881,0.5216375126016827,0.19151608723760194,0.3652358697252921,0.627728578459164,0.7164459042730034
98,-1.624783609780618,1.0388519661213318,0.4827957539057079,0.03222648481225384,-0.9972750341571885,-0.33164858823499466,-1.7036423323793235,0.652411941785068,0.6279197336984653,-2.3562703746679197,-0.47285302423316705,-0.574199451984449,0.3293839104759513,0.7170472731886128,0.4016791383858151,-0.035596090655777485,-0.5137256034784576,-0.9250870031823119,0.2401280013420216,1.1927472502288265,0.7243852771141436,0.07459732189351086,-2.457370869567491,-2.5851483470789827,-2.246488908596858,0.14164038911106464,0.9344899696258183,-1.0916021670271407,0.7285024058112654,-1.0445831481815357,-1.0846399629858405,0.705527369623296,0.3940987127663287,-1.8293557154470361,1.3447750649150678,1.2778592003015332,0.9405472828437057,-0.7821840522915646,-1.8785077101633005,-1.5102756869988312,-1.6861197636848635,-0.026777028710688662,-0.7190927209634959,1.1315782648471195,1.0923574639798117,0.5938914023372651,-0.10658660396934636,0.7492380018917727,0.01608311731426112,-0.3507631686319966,0.1882526575859455,0.5647085578327394,0.35453872580889045,-0.34601883838738917,-1.7590660073944424,0.7164456628690132,2.036936335083758,0.9204012924657018,1.601248924411022,0.6239770117195641,-2.1767644398223127,1.2337863097228086,1.7569685947335718,0.1272066997890092,0.8511127181619026,-0.24229281662990337,0.763875866908041,0.2771544512313312,-0.4686492541924256,1.7089125870376036,-0.3395329021156924,0.915730591762712,0.7849489705972128,1.219929237828397,0.3285336499962088,-0.37351666532376104,0.9944846328407553,1.608721796531668,0.9438638988026192,-0.10853644740415769,1.217043473182507,0.40145017569518093,-0.6340672829044095,0.19989808955486998,1.3473741658335738,0.8762875353218793,0.8914642217271886,1.4241859155887187,1.1143925783792594,0.7413121730653774,1.3777683743151212,0.48462462321371463,-0.3424126909186626,1.306776762081305,1.0225318461820512,0.8767229317168287,0.8949320711816704,,0.9679171238497358,-2.8608492528833254,-0.11264178509875081,0.3247453797560304,0.954501814047044,0.5251908754901132,1.2821917348775107,1.3264094697513544,0.9448720486863663,1.1214216077251697,0.5590963457338815,-0.2017617346847752,-0.23065979896390967,1.6212766422449503,1.6565558976845483,-1.3611747256678166,1.2366486354490307,1.3629189359720435,1.316988278932238,1.6912226415719622,-0.05828811718087091,-0.5791930493138584,1.1917796636063993,-0.16206980717478756,2.1759600804966435,0.6961272913923007,0.46152263707550856,0.6899193155891107,0.9688188329371511,-0.3566937858600878,0.9461373321477684,-1.090803878761345,-0.46033362088958585,1.4765526925560384,1.8860500862409748,1.2975457459437332,-1.3807020913082781,-0.9417697681892021,0.9379583402958882,0.47151459090976994,0.6458970463759677,0.9913710615989881,1.311388765243182
99,-1.825358007884611,1.0426571988442908,0.3437614897521172,1.0781955382121042,0.5388584508283936,0.18893950502693396,-1.6179293654877496,0.7230289324617758,1.055729872615787,-2.245791650464378,-1.2196471955061217,-0.09949007554562411,1.3161513084039262,1.2159360063938431,0.428023496040381,-0.8672728928780309,-0.28717276450177526,-0.04379465940656459,0.6068509334600645,1.5818900583747733,-0.21835848319424095,-0.41984244031162954,-1.811457969081979,-1.6262261919109433,-2.1893668023324855,1.0567908317165837,1.0493144210538026,-0.7188248954155515,0.45586073383473646,-0.7983891449273957,-0.8420563148659402,0.18443546629579158,0.8012564139251098,-1.900873644938094,1.4101574185921146,0.7088819435342051,0.915758836800492,-0.8322957828574425,-1.5079139306099962,-1.7988646472008347,-1.8858032276650813,0.12734875326668973,-1.3284359265590153,1.6572951524341109,1.1697664162770385,0.8642175921005837,-0.24671590446127764,-0.1494749556152765,0.13493990002767453,-0.6078490528135041,0.8936825353355664,-0.11048422781299917,1.1441215605380568,0.3397970908914633,-2.1882107386676686,0.8510069720825474,1.0988510847696529,0.4479230415914161,1.5608577559056103,0.8135293703427785,-1.5457513227931674,0.9699284597804635,1.4980608518861376,0.21712259884215557,1.3589671223730158,0.5070467182056071,-0.09517747455516319,0.6872366083916384,-1.1112562844755263,0.3619679201204489,-0.12870785520229516,0.9781629200956082,-0.06837291965952853,0.8724067319432333,0.87892101889883,0.8456013757124266,0.8856717092096581,1.0177717437163973,0.6852473829820034,-0.8557503814584715,1.0576139466587309,-0.22152373063409667,-1.1889278998405952,-0.46815243390681804,0.8321267614592314,-0.5926858925564316,0.31905978648677935,1.6078460394608767,0.678256401331004,-0.17110174077166515,0.8203206995467013,-0.07353440236729226,-0.9500756945861011,1.395941742005562,0.664647852751477,0.7207064368038189,-0.015419299769913002,0.9679171238497358,,-2.063883340502866,0.4697040927378987,-0.598541820185293,0.7116409061933495,0.01308597843959927,0.5196192296190405,0.5292020971348147,1.0687719263752722,1.0801878844810593,0.4725612912717739,0.6139285662943519,-1.035835035335131,1.409648310900412,1.6786520128309617,-1.4503432310274011,0.32539394424298584,0.2911724814826331,-0.2240549704554764,1.294649415137979,-0.7661865322644177,-0.6234875515141677,0.5355891710063801,-0.7500460982094834,1.1335680857951025,-0.25529719144710517,1.1690331762939008,0.34411259015378515,-0.12248783435408772,0.30445583130238735,1.4774516430922988,-1.011791697900315,-1.1202485949119891,1.0229290994050755,1.1439499617130853,0.40803303437118993,-0.45900030151821053,-0.5942883574796104,-0.4247797588706243,-0.08682487315611438,0.4279144055931012,0.9772092313054667,1.110096502988324
100,-2.6369950069548227,-3.046757461192671,-2.464277596727342,-2.167239639362079,-1.7150648786791376,-1.6830452148975124,-2.3828009408944544,-2.792005610816554,-1.7949736398985454,-2.73935509154348,-2.776968998778984,-1.9990308718910947,-2.0164843640022596,-1.9260113042070504,-1.462342575557554,-2.288114504064087,-2.208818554259092,-2.863928469964839,-0.5630335748100205,-2.1274824145590947,-1.817628360710647,-0.4547681175586197,-0.025029875205572292,0.7414836255724463,-0.8963269303408283,-1.2563024591860248,-2.1439769089395613,-0.8678442430249536,-2.349235521634625,-0.36226462609099375,0.9054734433476407,-1.4645095635078835,-2.548061407923125,-0.7522272677915843,-1.8185395469561751,-1.141383931163803,-0.3666709397457919,-0.9777529415307276,0.2952477532200995,-0.748836542272216,-1.934862085087128,-2.3305885513015987,-0.9375358072530832,-2.823147857997645,-1.1788124035979906,-1.1879611161486463,-1.1405138029174873,-2.028756501902483,-1.6690245387362215,-1.3324631628528485,-1.5647946976289513,-1.6184526699266926,-1.8718862154553304,-2.2938068646195573,-2.80779278755779,-1.8502350066250937,-2.8461264729053557,-1.5445099278793228,-1.9808861981113914,-1.818600605309193,1.695180273728691,-1.1973924901848383,-1.9191083585660311,-2.5761925356492013,-0.5653122917196503,-0.9529903098076997,-2.580521901566042,-2.2761578632627386,-1.452200844177198,-2.4701218434680983,-0.7830905448164588,-1.508651023682388,-1.828384494626039,-0.8733128131500754,-1.849678548521894,-1.6953264798341434,-2.1582565218215324,-2.3228557475465204,-1.2316757686835398,-1.1077203694381286,-1.105326057804332,-1.5775423016851144,-1.998238480347275,-1.7048582498419345,-2.5589161357478134,-1.6988752713189859,-1.2939933116198872,-2.505881620665095,-1.9110618679185416,-1.1597578017780559,-2.755252611989005,-2.0638418621988097,-1.3449682139262162,-1.3287072984570272,-1.4985422845076097,-2.1675917679732337,-1.9987534353294383,-2.8608492528833254,-2.063883340502866,,-1.8940105921238346,-0.18701188725379628,-1.2930263116277516,-1.5865826728218724,-1.8093299175925455,-1.793248840878339,-2.138289735859138,-2.071406077396709,-2.2034404604448516,0.9094911976928316,-0.9303099850633118,-2.5422038251707675,-2.2208986741457144,-2.299269732833605,-2.1196533683855057,-1.6022458578816787,-2.1343002270894287,-2.081452719427238,-1.8074996432861554,-2.2086068031929855,-1.7756078334656074,-2.3574076633088605,-1.9022986090294536,-0.8380861683733066,-1.6277617919111838,-1.7192050987851732,-2.331769049554291,-2.417653863746019,-1.4415213144378587,-0.5547963514145607,0.07035009364821093,-2.0367776438309746,-1.788146384488786,-2.5316629968400086,-1.3374426196587907,-1.6276312559497865,-2.7716787138177437,-2.023475241486901,-2.2951972538718493,-1.221571895334326,-1.3577370055285671
101,-0.8714232624684618,0.37283230245328164,-0.2654493660778849,0.8236886791226816,-0.6359087448088212,-0.17987512956629143,-1.463507872890434,-0.1437440354040771,0.907536505600552,-2.139196196015957,-1.78265951073651,-0.5381988958931737,0.15388458097039323,0.5698198827892919,0.5222899748914495,-0.2736691596126794,0.36319837382825176,0.20365798808709704,0.5032320535266606,1.4559359252291304,-0.36081542501760766,-0.04222280127901737,-1.283975234146628,-1.4834959589048005,-1.5328454110588539,0.7704429575175654,0.40515303962283505,-0.7263393143968967,-0.5255341070935293,-0.7359955997377681,-0.8226922088765589,0.020695484405351273,1.5721282481505587,-1.226494902290611,1.0836954649436454,0.2624069216592663,0.8769190734217754,-1.2023817901051896,-1.1167327667638691,-0.7250886449625086,-1.4128276375452644,0.568468006496844,-1.2839746244300865,0.6701489210802315,0.8106940286840584,0.497583389755391,0.29792213180216515,0.19805269165230024,0.03988313601639223,-0.33188871137154097,2.0477081150182626,-0.18826316947363284,1.8320714369345066,-0.5454674653713618,-1.3625545858459718,0.6291282886647775,0.1643255369852347,-0.17682596624626049,1.18975941806613,-0.09031082875592725,-1.2137594943612267,0.5600801997114665,0.6202439838375708,-0.03742198008352909,0.15893775757111775,0.2893991741734403,-0.44897680216528313,0.15768679518216883,-1.0813286994387656,-0.37145385261147035,-0.4721224041386797,0.46207658539457075,-0.49824496248388217,0.4523876587190111,1.7922724312122442,0.23061804802326935,1.141213574146344,0.40816007399369025,0.6234282153360883,-1.0332329715972268,0.5784986468956484,-0.7735914734489927,-0.8407722135066381,-0.4837828630733518,0.606649951526667,-0.3360740494866259,0.2550775154421015,0.661364050818892,-0.0576216854881877,-0.49533530316933305,0.044592377185877476,-0.22111600256260655,-0.22392700639708565,1.324570820480002,0.6091617638710753,0.48705625472265274,-0.7058163710451697,-0.11264178509875081,0.4697040927378987,-1.8940105921238346,,-0.3484929377756873,0.5651420150553549,-0.06450009360120608,-0.006977366245963605,0.04997094569164504,0.3861299389735812,0.24042428698195195,-0.42946006486162774,0.5914005909701928,-1.320316635903706,0.8114246702138777,0.9696204206685852,-1.4207708065498263,-0.042592700887562236,-0.36751639408650494,-0.17569810518392792,0.5335815578986453,-0.35934440863978406,-1.0100715473049782,0.45471201150791435,-0.9777213410048751,0.30085425733780924,-0.24282054493715757,1.5250586697903865,-0.26276970551933543,-0.3183270467600771,0.3323202860146967,1.0602377146926116,-1.2489004198550657,-1.2157886404778369,-0.1705701146371958,0.5330035581378422,-0.3642359796336656,0.3164990196143766,0.4771308325714841,-1.0436850006074352,-0.4189426900006064,-0.16038551155289946,0.5455894006198317,0.7116331641111671
102,-1.2366392221369544,-0.7922955942598786,-1.00096496581022,-0.6288231079483858,-0.9828471918016829,-0.11509003800368946,-1.2174010026988862,-0.7045747301959417,0.12873203408895123,-1.8079315134065614,-0.6910350488616076,-0.8582758254028306,-0.23726444694781346,-0.18290366533158595,0.3116087259574204,0.11315618503212325,-0.6836456233188294,-1.2600711350450924,0.5536796192414013,-0.2838470537328415,0.9692997158226971,1.326940402708526,-0.43674706198198765,-0.16782942767467907,-0.010621504262107374,-0.7804371000975451,0.009015477690605804,0.1678339662048167,-0.8581454337712894,0.2683493757636869,0.810484175033125,1.0324591639568974,-0.7913475434465675,-0.005886417628602335,0.5702871698654713,0.9415855393221211,0.8199451629173549,0.3203814449150396,0.4035453858455112,-0.06553107180527808,-0.7339701438028758,-0.601735930914929,1.0486827929987639,-0.9417642145040284,0.6007698179949065,0.7232242784464343,1.0639978071681506,0.9122623121384057,0.054070969143080655,-0.14029019781204244,0.035658098235858665,0.8874804828371308,-0.15505638101349448,-0.9376028299664553,-1.3366792411434962,0.25784467318539317,0.07624210912848153,0.13388475267972905,0.42189013282518734,0.5155900308264647,0.22152152771335007,0.8147116502320149,0.5637787292792296,-0.9302058430493026,0.6460976726778794,-0.2810198082834391,0.10103106146474854,-0.9146733121260321,0.5796311585650903,0.441337473165651,0.23222311357883083,0.7423585818012783,0.5167837541064375,0.9165278477969399,-0.24661926077832172,-0.7450532731621746,0.29409847920261845,0.38637763125379343,0.7678734640517217,1.1070203100365616,0.7707374153072147,0.4843601540953844,-0.1124036084939631,0.7927742663736861,0.5019575919982382,1.8003610070244758,0.9080523147855721,-0.582993520034502,0.5417679603129073,1.2167906028359186,-0.36497919772608245,0.4273632623841091,0.48714065646021965,0.8505448992844226,0.4284399283291023,0.6161609505801638,0.46954986875310595,0.3247453797560304,-0.598541820185293,-0.18701188725379628,-0.3484929377756873,,0.876355782131905,0.6598053727354023,1.27441533548978,1.3842647016401814,-0.033399042541936215,-0.05337044008427445,-0.41194737697982153,0.8913529834981445,0.2691009579127293,0.3125620404516161,0.08064165492667605,-1.0314073890985151,1.0693690936165676,1.4910268244023757,1.5761127944864368,0.610580729440596,0.386530429463078,-0.38106221755979985,1.1663067601018353,0.1218233009901444,0.655677104172433,2.3886925953755163,0.07239123710290532,0.5285607786375368,0.6750214340469493,-0.9778050057742513,-0.07585227818939745,0.1850490875934295,1.3279102880101472,0.30674731382220644,0.591790824772375,0.5755553364372614,-0.6333537894681505,-0.2570934249018633,0.5446560043235211,0.47956693412347884,0.18536478803099812,1.1499031446103922,1.2201444513341955
103,-0.13359015733693094,0.5953300062909165,0.36846795759801626,1.3492078233214317,0.7522173244131629,0.20719804020260885,-0.8039311196849964,0.2360215266803584,0.8034358461396212,-1.349979566617953,0.36237977371293856,-0.23330059400661943,1.4840569907787864,0.8659125432859551,0.6375395285248782,0.3620022691848153,0.6279981976406908,-0.001994415376229477,1.0446353552429948,1.2385012627609553,0.6787815986569626,1.1081232509901537,-1.357974217551477,-0.6853617186396056,-1.0731355934142974,0.7826121433528102,1.1667280775826006,-0.5447634601063615,0.8358430493979039,-0.13318121191355697,-0.3689155027811901,0.9777971247548114,0.6508540375093786,-0.42956723660478086,1.7860935991456708,1.2557163634682809,1.1741677099325272,-0.19285882514057393,-0.4809210302665508,0.17613067794101658,-0.3175713820914335,0.020552874615557812,0.26733418304861833,0.5779652854852393,1.051677780317533,0.7571790075699628,1.0680299150252432,1.6398528824160323,0.41138099628335384,-0.539257485641174,1.1871026377645153,0.49012177918765587,1.1321601023054668,-0.029998247019996704,0.006305549702959555,0.8101309188663625,0.730971285145083,1.1867287465854235,1.5089529018892702,0.15868365964955772,-0.3922845045790148,1.756996914966602,1.3320148415997508,0.42088117256231894,1.3771451007080253,0.2700820199127878,-0.10661193405357017,-0.17357955846188208,-0.6190783312938756,1.0687298325124415,-0.19409731246635661,0.9777013860178597,-0.06940563118986838,1.2776024696071857,1.0112988630658013,-0.3465248262533089,1.2696468042984157,1.0626650693400768,0.7205478868416255,-0.06806082819436508,1.028103726889714,0.07874533916377793,-0.7099915243146139,-0.06957525443695085,1.1260409751962162,1.1784033091164654,1.1511043661784668,0.3935835447352349,1.0165979989057847,0.8806939261782225,1.0694308268936616,1.0887455025652564,1.162227698791308,1.5407979519971162,0.44741459779947174,1.2312639841728588,0.1584571499944274,0.954501814047044,0.7116409061933495,-1.2930263116277516,0.5651420150553549,0.876355782131905,,0.9034212111512169,1.5276315190965408,1.4593670350809063,1.2949951041776895,1.039219221905792,0.7761669182608822,0.533950076991241,-0.3291499011688382,1.031325543103515,0.8864815447025469,-1.2767397161813303,0.8753397159127435,0.7407232597965306,1.2136679256462177,1.7449370896134853,0.7193491489302534,-0.4369379821264238,1.6525959294180115,0.01813925264424774,1.6000712200385245,0.9310547241096335,1.5244246367744638,0.27941396547197167,0.438442205237428,0.46976863796048834,1.180037489909547,-0.04544600905513032,0.04680573774872794,1.1266685988460126,1.7439513164341187,0.2244791398970351,-0.3003404591679764,0.5672217374273649,0.6163141840432587,0.7518088638645993,0.026561209654820242,0.8404348992418842,1.3341760094634751
104,-1.6354135202416273,-0.46814158459456856,-0.8991335347337792,-0.7258317064248511,-1.049729633141354,-0.4675171835037171,-1.5131309308444871,-0.2660370985356246,-0.09134410124225503,-2.062823068009829,-0.444871280642221,-0.7832184936419511,-0.3688554511219086,0.3243026954241733,0.15987854659709289,-0.23033357303206917,-0.5724900203051663,-0.9613717384706857,0.17618855315314752,0.2623959946766549,0.3957208625347988,0.6279964729117945,-2.002648539477717,-1.2451049886149705,-1.3427874218599856,-0.4145639289793435,0.06854064509158278,-0.6259668232368185,0.06396157067373837,-0.7766657428241694,-0.05185446180573874,1.1557952323409948,-0.7580909921819593,-1.3122670956256897,1.0418767207199224,0.5951596173137006,1.0951792316046307,-0.06740029852478135,-1.0644395287709474,-0.18594897121596746,-1.323112438896287,0.265783597676651,-0.5518431217487063,-0.09181899489461831,1.2177034453702342,0.17515568219048525,0.3148967529096869,1.832106406941427,0.6941063374048133,-0.21132331132582377,0.143466005325381,1.6445623832827343,0.41544298626488857,-0.6904896308126162,-1.4501499422572293,0.15713060476442423,0.1318532396512457,1.279370563312648,0.6200837635360638,1.7397621086860153,-0.7809491114941066,1.338754049093495,0.8998364095034799,0.7089391162124503,0.8416721456745956,0.5444359856906892,0.2543524379130138,0.16749500861206013,0.3869881430173004,0.7278437566466199,0.554565293675858,0.737473178694502,0.27167795488394375,1.1772947904564202,0.33869367654458643,-0.49647486864910895,0.5011508771352718,0.6802126724454037,2.0741532802144613,1.4124447261712731,1.500600142483087,0.48205367009553723,-0.1350126428989175,1.344864715370121,0.8656998080469176,1.11616757424696,2.4069461661768883,-0.19107409835709685,1.6614474701810027,0.4797933993633741,1.3015206095349845,1.1370611843121605,-0.3247313747124966,1.355295661659275,1.1001493159927282,0.6408991290570074,0.32863410871846793,0.5251908754901132,0.01308597843959927,-1.5865826728218724,-0.06450009360120608,0.6598053727354023,0.9034212111512169,,0.8547847767234164,1.162700480263138,1.3163959825043756,1.2043675000683631,1.2032576755116946,0.7121242328132099,0.10685001476919972,0.551981940141733,0.7055819702795916,-0.9218251742487971,1.1057577964401415,0.6057520916493239,1.252253970658632,1.0294427837301743,0.8472779534232205,0.2020747880264543,1.3454025369796343,0.5852792163712072,1.5790761111747769,0.8937671280067544,0.8023104061186732,0.8009887059069997,0.6419576873711987,-0.2889464435265195,0.22242801503785084,-0.45446060860294707,-0.2659485584872736,1.2367844182605507,1.2623486464267488,0.6662945558985034,-0.6122589348835841,-0.21153829952059794,0.29251977340731383,1.0541309898696314,0.44312006650841035,1.1447380364027635,1.242263730403017
105,-0.8515727000199329,0.5498608336394323,0.3951424793139934,0.346734123512825,-0.29817720290323807,0.009496059293827555,-0.6441413476868691,-0.3514347474380656,0.6391966800562773,-1.2917915249394876,0.12060469758764869,-0.8285023935738709,0.8002724325397077,0.8215822875977675,0.7560285534647907,0.3317598601839329,0.02697808899999464,-0.7082850402046104,0.3589939862481487,0.7782613747979035,2.210790450302722,1.4082054581944874,-1.5485403001018734,-1.5653304841100388,-1.6326410717912598,0.026455035017498577,1.5180172646733865,-0.3222204686495359,0.9849289561717248,-0.326577653508744,-0.2712057765345368,1.3531406726241622,0.10104748151392075,-0.9645427400265302,1.0672390913377137,1.8546265021986994,0.9279796441416656,-0.7615230776345648,-1.058987605872095,-0.7617344724534008,-0.8294771120442961,-0.2508401214230791,1.039403309071,0.1893855601174843,0.9362481295139143,1.07469398564252,0.7613843147276108,1.0188843625064334,0.24565571918073606,-0.3291695867199617,0.48846110883254706,0.7712910529713791,0.5605538966789932,-0.27893677256017163,-0.9673664781819795,1.4461908902389198,1.5097745936604492,1.1661623708675986,0.8429424349940459,0.876695262714432,-1.2045183140272562,1.8334670157156099,1.2280514312899597,0.1404846175906729,1.18877279013193,0.06285769230004931,0.336423879570615,-0.044709118722999576,-0.33674951049098734,1.358675805017865,-0.29272756728983973,1.7385325317752043,0.6916898975272843,1.2692402750471035,0.2499463936523382,-0.4747002855654651,1.2658169153619574,1.3999651406101428,0.9555974200407592,-0.05431972329373355,0.7800824178757922,0.07437197497917582,-0.8392236569396186,0.0759123862073578,0.6373354401844356,2.0857577463536034,1.0890235304913036,0.25930572067991725,1.2639964141666198,1.8003925402072838,1.002253372165915,1.1499789584100475,0.37416841712652715,1.0352263678909284,0.5566071159149811,0.40661928119599056,0.5124375055977668,1.2821917348775107,0.5196192296190405,-1.8093299175925455,-0.006977366245963605,1.27441533548978,1.5276315190965408,0.8547847767234164,,2.449243646163337,0.9583530786209293,0.8194471676966796,0.31931721277635017,0.3093195566002833,-0.637290616426381,0.38101023541684564,0.4926016646916415,-1.4421507716154724,1.967574791529794,1.9913129796714846,2.1448715194244232,1.1500769865435514,0.43434977325623364,-0.26915051264215284,1.214834526321542,0.012098036901471015,1.73243490563161,1.350792665597949,0.8231757847336726,0.26503443167320206,1.4677702959594041,-0.16503549731282552,0.7058615168897,-0.3707863166962077,0.5250851303911512,1.1195676166746709,1.8506064336273083,0.3471591463613899,-0.8606428311127504,-0.41417319762137755,1.959525108584913,0.8759965411264201,0.06768928224889316,1.6238386896584989,1.1046043074535603
106,-0.5892997707974963,0.5160931761648474,0.4287414808026603,0.09860227307897293,-0.5300156664745722,0.007444260915701402,-0.7636812652387854,-0.1907784270402374,0.5291147654355961,-1.254785663325182,-0.1417394029682457,-0.6581454552256603,0.25153090832130603,0.792084204074388,0.7486198231594358,0.5122476794734212,0.0650374093791367,-0.7997221807466117,0.37052266587351074,0.8288725619950026,2.032549348988888,1.2306701399992959,-1.4433119933463672,-1.2329577835198156,-1.2270088090714997,0.03222365886596889,1.405533268399791,-0.16192918704107048,0.9404015269701126,-0.2156399627359915,-0.14585383280836808,1.1997685083287761,0.14935943151077502,-0.9249742746780607,1.0834441782513902,1.6559431080702813,0.848337580725878,-0.49041075190793526,-0.7664185705298194,-0.6475547578008161,-0.7693338383244623,-0.015108587981117081,1.287398773937084,0.25499481678670916,1.133725379944178,1.0831277729318463,0.6575599940080419,1.282906718799995,0.48560577647209546,-0.0731287373370678,0.5277609433401669,0.9899005857919995,0.6140888316428829,-0.21338801902959795,-0.9584807883457739,1.2268680489249102,1.2954432891815055,1.0407583817960848,0.9101735094703051,1.0033684907406635,-0.8200115590138306,1.6256930264114917,1.7363568604217456,0.28277592074826463,0.8360684564036034,0.06603490076387965,0.458862818359943,0.10724944296370427,-0.12890472866286098,1.7057958840738563,0.06115336560038896,1.3820473391993204,1.0720334988747173,1.2316809825615151,0.41296305007956025,-0.3606044386101488,1.2128464210077972,1.2722847019320283,1.1910786193533427,0.12158067397589149,1.064623755944088,0.1161787183519263,-0.6754500143175803,0.4033411241400599,0.7274543285814509,2.1129586840686794,1.2572017736742251,0.5163253170156249,1.005010060772829,1.4862741678230011,1.0418077895505051,1.1489310321083464,0.5766084870011755,1.218627495244832,0.7139305282165755,0.6693669720563861,0.8640944290243676,1.3264094697513544,0.5292020971348147,-1.793248840878339,0.04997094569164504,1.3842647016401814,1.4593670350809063,1.162700480263138,2.449243646163337,,1.082610022441779,0.7854650830905398,0.4797541285031028,0.3565294528878329,-0.16064440784639084,0.765390193221474,0.8467668707203692,-1.2530304144035362,1.926539590703402,1.8462683589261537,2.5138837901838036,1.399108915779191,0.45897731794385477,-0.21715340232428607,1.7272163827395313,0.07407369630089947,1.7831978622150635,1.2164247599872238,0.8763429567326075,0.5367197627052397,1.446660322698929,-0.1893453506094516,0.9365617985264229,-0.11624889539765472,0.8746407910728128,1.5411171713821432,1.7145640016533468,0.7521288946444984,-0.6326599978234357,-0.14802684252655327,2.4557346359583723,0.903228721958476,0.6892469996570797,1.3960431783917682,1.3202740038039429
107,-1.2379178032394742,0.8130782163452316,-0.057243146358201616,0.5850867799712098,-0.2520774175981274,0.5792441477557023,-1.017027771078209,0.5881007972655928,1.2491670736454814,-1.773217177807376,0.8728427031374911,0.09956118233701623,1.0155076289788634,1.2660181140873823,0.6148383051430361,-0.02277002852118961,0.20602668150637404,0.20736130668995478,0.8705144479599408,1.1362593795197753,0.20273740058209525,0.38746074187939955,-1.371728861644716,-1.5498517925151032,-1.3695189923746884,0.287520924665612,0.761830657637572,-0.465841512050146,1.3101653730406215,-0.5947516499895052,-0.2938960383825783,1.0818070128646298,0.574123989884106,-0.9424897370845121,1.4853304271786707,0.963273636179575,0.9227783743720132,-0.5208417177422626,-0.8166413317441351,-0.8008858179623178,-0.5599133825195608,0.2302959915433216,-0.7277116828658441,0.5987729946089846,1.3430170909499293,0.6623248552558971,0.17650100369420796,1.0718489258133002,1.444803064335425,-0.2288750865029737,0.6419067992054467,0.6419279952049244,0.7136112508954765,0.5326310374587173,-0.8352377849887157,0.7251100162967233,1.0402526181100658,2.22056728596941,1.068131370641952,0.6772739677037598,-1.2220920949499232,1.4752937957721615,1.1568279969512334,1.5860533917186543,1.176295494822798,0.6903991303132123,0.4429071809733038,1.1847281877505096,-0.6196716690846931,1.1639414194355513,-0.27245752809119056,1.0618542026321316,0.16079983627708042,1.4230477880125556,0.6584904442234248,0.30128191224994594,1.0164407179165085,0.9618462617429461,1.1549432339718173,-0.03957951135696565,1.248605619801483,0.33632204298369256,-0.327458644149747,0.1644999393951243,0.9436191510226738,0.5582664315865344,1.6190432849470788,0.261332601004126,1.269442076560819,0.2315403434122028,2.5026256245368965,0.8870452117327573,-0.03598504579477521,1.2067900293792868,1.0836897631784728,0.693577021370973,0.21501184301648496,0.9448720486863663,1.0687719263752722,-2.138289735859138,0.3861299389735812,-0.033399042541936215,1.2949951041776895,1.3163959825043756,0.9583530786209293,1.082610022441779,,2.918408574154212,2.518287202142678,0.7537443797016822,-0.609547149361513,0.9194314255298842,0.9345807859381675,-0.8440804460618657,0.5437384241428157,0.3845546198297788,1.1532870957175692,1.5621774938868667,0.21191646118501692,-0.30340560496668223,1.0449662725909392,0.5138859335664753,2.0774774421568343,0.13963112740861866,1.1636668182416239,0.6906098965341642,0.3343046684660123,0.5474807004203635,0.7124718757072058,-0.36052557259798496,-0.9716350741093057,1.3586058392572515,1.8395815626089642,0.6169020297366336,-0.6282818891901981,-0.30594519071551224,0.48621582382120776,0.5690754861337384,0.9453010016293362,1.2307516768582623,0.8460716502618493
108,-1.6921085562143738,0.7815530422038858,0.11295526468687557,0.15875498936911933,-0.6525962620206861,0.6515127775284965,-1.124015485005334,0.6809558009041612,0.8885222900424269,-1.8752551925868794,0.8121299235459314,0.28829242717420683,0.7193201677961572,0.9518784795518023,0.6427764305211477,-0.12185751558500131,-0.19976318855427042,-0.43734999357471954,0.6686289575366796,0.9730736057087828,0.21911468615683197,0.023811984370080787,-1.4826685545879181,-1.812007477072067,-1.4968276863841459,0.13191708546946598,0.7476584588760906,-0.5797341539027532,0.9145487075585473,-0.788160720240647,-0.406665946004712,1.1467757817468327,0.5640006289819469,-1.2620102493617582,1.2336210982825164,0.914728940842524,0.7939372764508611,-0.44688167207858887,-0.9337541028229066,-1.1156776050596549,-1.033999872821843,-0.1851711687547936,-0.9381282000707075,0.6785996624497547,1.4358670675340628,0.6641047319123102,-0.08304052038478678,0.8288447100892082,1.5591643919788059,0.23968735617138612,0.3516728928195807,0.5577434997658511,0.5455382227865485,0.5892205317874712,-1.3832904873526803,0.7770790530890932,0.9815122115458443,2.323449501595913,1.0579708496533091,0.6886583959465878,-1.3894887441661457,1.0701918885392219,1.16924723844772,1.4532790415429584,1.0698029600015635,0.9624469286362041,0.734418558782248,1.484398196332349,-0.19620587614026216,1.0196794987512912,-0.3278817922472914,1.2546143550128923,0.3612273735314828,1.5212814625129067,0.4344541090182796,-0.07937225279969073,0.8474823833520768,1.0418274106126124,1.101179069696252,0.006200739063487837,1.2573100379106317,0.6794616492994755,-0.12877118314182556,0.15432229296722816,0.8800586393274679,0.3854160837989881,1.4491467812450274,0.5129640990251745,1.1199780125406742,0.6023394886475777,2.3928001547104008,0.5461201705031065,-0.4083173414072239,1.2356690164794564,1.1307605145711184,0.6744000791660745,0.48602101185833685,1.1214216077251697,1.0801878844810593,-2.071406077396709,0.24042428698195195,-0.05337044008427445,1.039219221905792,1.2043675000683631,0.8194471676966796,0.7854650830905398,2.918408574154212,,2.76574991042106,0.49190579526461675,-0.5933745710128671,1.1055076903914398,1.0274916491993769,-0.7231478169913547,0.5828407161961359,0.4780966347067591,0.84953735955891,1.282045428011797,0.025096474057315202,-0.1262900260419617,0.7570856733984054,0.557848891817308,1.7625957776959016,0.18169026471649025,0.7161021222383297,0.9877945257298998,0.5106573914847172,0.2725996580673302,0.909077801039888,-0.45718364190497857,-1.0100939243742988,1.2794849489752622,1.652332057192671,1.1950194815730095,-1.0150398061075196,-0.6154860305313997,0.13815210999799665,0.3955907812306159,1.2913321876939663,1.224196499086622,0.9072136325092084
109,-1.9652819492781075,0.2279053158613648,-0.4295568258605266,-0.43333876080303446,-0.986138058771665,0.04117409302725047,-1.6340692713240166,0.246466169697375,0.2836153675848338,-2.307772397133125,0.6916248744736742,-0.32576193930286024,0.23870034117252345,0.42214369757515025,-0.18838670131057342,-0.9215080956240997,-0.4762403265456849,-0.859539747786005,0.1663588998112968,0.41469139213201556,-0.31462529725379446,-0.3121096137383398,-1.7556604508584377,-1.9511156927337756,-1.5057506670248586,-0.549979139261934,0.3687198301580136,-1.1399474146631519,0.5403243728816358,-1.1126492181913805,-0.6987154799679329,0.45700342815512457,0.06051674324998046,-1.5878611717746174,0.6764342590599896,0.2988499343762072,0.14504440000115223,-0.7404233355073976,-0.9558177166654672,-1.610252652548722,-1.374480713237219,-0.463352097389933,-1.3313990058017384,0.3378640017977999,0.6164153856024699,0.18339594323925543,-0.40385658575453576,0.6115612453630204,0.7065939031565581,-0.6219163154453683,-0.20874959880533225,-0.0860555521631599,0.09739631902718503,0.1252259049367401,-1.5912929990599267,0.020196212474581313,0.2366317863987502,1.8679436398133378,0.5678815352550475,0.22384920498949956,-1.432985454341738,0.6453700632434439,0.6065312178773102,1.3614255177882821,0.6388214469224264,0.5602106471759416,-0.3284803945043145,0.8432623567511085,-0.8971011191634432,0.7133777162024374,-0.7534557886393275,0.44181528946295034,-0.622833784355114,0.8828453352147866,0.04757923866009781,-0.5660546791650273,0.3004677015591149,0.5035024707757095,0.4853600670769955,-0.2165358885173716,0.9252176288101664,0.08359455196766624,-0.7366229867107326,-0.16293511536428323,0.38908060458537536,0.12847072511124288,1.01593929985733,-0.14376146302897902,0.4388066195401222,-0.03229093779362918,2.100735285074861,0.14427822569105392,-0.5213280670193766,0.6519255035101333,0.6710639590540053,0.09982219532877616,-0.0986365914713057,0.5590963457338815,0.4725612912717739,-2.2034404604448516,-0.42946006486162774,-0.41194737697982153,0.7761669182608822,1.2032576755116946,0.31931721277635017,0.4797541285031028,2.518287202142678,2.76574991042106,,0.05747438353102354,-0.65949435168215,0.5398760862867217,0.4693675099777139,-1.435923660968868,0.10044940896322124,-0.04665939184998973,0.6035313086026265,1.0431219168681298,-0.3444423310755062,-0.6744374938766985,0.3502894087357105,-0.019462985704916152,1.2564156418340129,-0.278134311499734,0.2500842384497738,0.1714925107493818,-0.1371948274490634,0.4127480429746003,0.4785940280655581,-0.9738572846420062,-1.3741347502587613,1.1504218031921263,1.3776241963076574,0.21357495998827644,-1.2176896610113468,-0.5917618925881222,-0.29371394539931556,-0.1469363965042089,0.4365581029838013,0.48019367848764577,0.49450530296308554
110,-1.4681548089285459,-0.6274752288645165,-0.7680693229647839,0.21800128424678375,-0.10090657961978684,0.44042842434225365,-1.1686780402556476,-0.20443807342461118,0.8573506730893807,-1.7836289505287535,-1.424816399569039,-0.3412053548874281,0.3173223314653926,0.7257551418233719,0.804736485957008,-0.18885720409182488,-0.09082237608765165,-0.6358197765228519,1.6301539272647645,0.7782063664116514,-0.17494021239700028,0.9014915121931297,0.29828433890189443,0.4849738326895009,0.10194359638161267,0.37878896234482123,0.14170189302068004,0.522942174906075,-0.5069418875828284,0.7307734161497725,1.5403406089175047,0.7022313666247185,-0.23569948076679972,0.28556703531175337,0.8828683453192109,0.8038900301802144,1.5596368023285296,0.3400635697479269,0.7835655680696616,0.0801680222367889,-0.6071838919244662,0.24584581050786292,-0.12953156926581996,-0.1403549899383332,1.576394755445554,0.7719549493535156,0.8618679542073833,0.32441465703556205,0.8300135523769273,-0.000820817641263975,0.8289705300539308,0.786436979488135,0.8728892464020409,-0.013235795870976138,-1.5887834073177567,0.34231883180130923,-0.09074805427473834,0.5104564575123546,0.7773869555075558,0.528504244087394,1.30467440355647,0.8282670968718465,0.5808992555318077,-0.2449574248115715,1.247573402091316,1.2152773833733876,-0.26628059517027275,0.3988696766273813,0.17757062172344387,-0.28593023335527007,0.5227581126427968,0.440106407157234,0.14786668687389548,1.1900599959022966,0.6467757446953037,0.7512227748682508,0.5591410445766302,0.31146182332054057,1.2603362905187185,0.3447782849231488,1.6630571940931798,0.3087936003543653,-0.34934846125758756,0.502509241096423,0.3656334718459465,0.2833404806848791,1.148263307413836,0.11862264989012257,0.3809226675954649,0.15571736080361173,-0.013688860173394286,0.42589624070528226,-0.10953317617806695,1.3587239579920776,1.1575704926619002,0.73035219437396,-0.04328317869619585,-0.2017617346847752,0.6139285662943519,0.9094911976928316,0.5914005909701928,0.8913529834981445,0.533950076991241,0.7121242328132099,0.3093195566002833,0.3565294528878329,0.7537443797016822,0.49190579526461675,0.05747438353102354,,0.02459184804444597,0.7717846910979306,0.7654434692404124,-0.6351876496955479,0.25148921464836427,0.37523683922391005,0.1069708129515177,0.8321519863529153,0.25128674084372166,-0.33157356848900865,0.7679179079948715,-0.06033117642753482,0.5671242158218915,0.5787270391037229,1.3255625731317875,1.0396327229708244,-0.06836139200391154,-0.26382409441618054,0.7140140592067603,0.8413479806202707,0.5491240121085825,0.15795250057432025,0.5922499262891989,0.16588491424107893,0.5185092842623549,0.14818202286488705,-0.5952523094572614,0.3808520437050207,0.4359786845312375,1.3710546178053236,1.169881831339408
111,-2.7319772811138843,-1.3650756734693,-0.9605639763444312,-1.3644565376583522,-1.2062557920240538,-1.431796108508731,-2.381259691690489,-0.40968649919703254,-1.2542884142504225,-2.8029461852567157,-1.3344101622399949,-1.229643203432348,-0.9635434107027182,-1.0432026308760636,-0.6029817166644463,-0.8467456628621395,-1.852780974486128,-2.412879063379653,-0.5405595595441512,-0.6832683251427898,-0.8765924034133341,-0.12757515170236952,-1.7979814609396545,-1.396974653065204,-1.6585073595792943,-0.8158016791642682,-1.193110039128937,-0.955268538236076,-0.881991627681964,-0.791726105941343,-0.2607443965215538,-0.39148524510246024,-1.7129175735113797,-1.8957476627011554,-0.22966524492431792,-0.28622596655934146,0.1203533920643856,-0.24131872202921137,-0.5948415451791431,-1.0484573088276328,-2.351835463979095,-1.1391404125945845,-1.0562348942811484,-1.0191998703433036,0.39253227774396804,-0.8473865136621087,-0.9749138207646029,-0.48998833067006864,-0.21469229284723584,-0.22726229037088796,-0.8265841978169121,0.16710259342286304,-0.849933055471903,-0.8728633573641424,-2.7413749318274876,-0.8436720260120938,-0.8390803945556554,-0.18510870779709315,-0.2986790192239116,-0.15111315516219856,-0.657109980926014,-0.31647890304529963,-0.01987430182619328,-1.1571569812883746,-0.046123181006021384,-0.40670680032923395,0.031542301195353624,-0.7228434478522129,0.11477257372946678,0.10613679120437466,-0.0290045652926835,-0.5818397423350887,0.12129906455265645,0.2880578829902995,-1.054412318317344,-1.1942077207425552,-1.1396246922152968,-0.36158409934047836,0.23214298244121093,-0.37357713354706995,0.9160697846556225,0.7070838891538781,-0.3652976160300602,-0.12480149472118426,-0.40124220380108555,-0.40342513627621895,0.2937008677194543,-0.7383527751246274,-0.1891010039552358,-0.47652301918517687,-0.9162815984227678,-0.7606251402751307,-0.8418715630828899,0.2214759833326477,-0.11922967282044607,-0.487032395313543,0.192138861330869,-0.23065979896390967,-1.035835035335131,-0.9303099850633118,-1.320316635903706,0.2691009579127293,-0.3291499011688382,0.10685001476919972,-0.637290616426381,-0.16064440784639084,-0.609547149361513,-0.5933745710128671,-0.65949435168215,0.02459184804444597,,-0.12795233062142566,-0.0929946864149569,-0.1527211304535494,-0.868915161903962,-0.477543211899559,-0.23153014278600573,0.04293566562164123,-0.8460236935707228,-0.45541778917491116,0.4158777759038952,-0.44966254759598906,0.1407913713391284,-0.06996702154811511,-0.8138940746811408,0.15691157037107042,-0.8455227433143835,-1.9122616039693563,-0.451112529517774,-0.7462152552754019,-0.33425053298944424,0.4612367885706958,-0.2740590753651576,0.35570890415274753,-1.320187008994357,-1.299475565041516,-0.8551972149404271,-0.3083610110084359,-0.3096777211680562,-0.14380806096076867,0.27390629455966786
112,-1.565200213700338,0.9949121728548929,0.5413115262714252,0.6317577923776649,-0.5610134643282637,0.4411333501984485,-1.4244673806942578,1.5425879193989789,0.9762023968341765,-1.9170670951840076,-0.9982467669155767,-0.05758352681658417,0.8823874425254123,0.967814913058616,0.47113045562279854,-0.1853723595072604,-0.42760815203346253,-0.36791179704011595,1.1903192018957076,1.3799572185125717,0.08746007766394946,-0.23492877473617685,-1.8516557249672219,-1.8054596511829006,-1.2260532301518563,0.24675818000898642,1.0296616586979939,-0.5612228819289726,-0.2958504796250619,-0.41166416896244784,-0.864710103117449,0.7753263044431082,0.7853574954632342,-1.5450947808872015,1.855748682089661,0.6320187945734433,0.9959734372502554,-0.3020152024510046,-0.875914508408254,-1.226730569637862,-1.6056448766765574,0.4676517878563881,-1.1467439946481575,1.6617549942162972,1.7316460107584788,0.7177866498451151,0.9119987106010014,1.2726001431755936,0.8030196971138185,-0.02334786297293834,1.0091225022475974,0.6047007871757073,1.4288703592213956,0.163280299618303,-1.8967361796983369,0.8529224169806374,1.2571332750713269,0.34640619715228393,2.2916352182256063,0.5293943965245604,-1.430604372963179,0.7330669257375844,1.8843843467236068,0.20355556428185131,0.8139644502482544,0.8349918270617576,0.5499457684446328,0.8506467018993268,0.10102308218766194,1.0711109432747263,-0.4541683437308327,0.5961651417505759,0.3545543277284741,1.0872830519445598,1.1053671975862012,0.1993918337066817,1.3710321988426621,1.637119128472135,1.341143665669853,-0.596078508269742,2.316993070589578,0.5970578224991913,-0.4846432645867746,0.17837833279448112,2.155702839463898,0.4032186050982615,0.768808848720609,2.1759620724095194,0.4612202030893417,0.19804767283084193,0.8779771172465954,0.4969052605972742,-0.612669553615431,2.2061463819715903,1.3416647636253636,2.4789614493531715,0.9722004087972711,1.6212766422449503,1.409648310900412,-2.5422038251707675,0.8114246702138777,0.3125620404516161,1.031325543103515,0.551981940141733,0.38101023541684564,0.765390193221474,0.9194314255298842,1.1055076903914398,0.5398760862867217,0.7717846910979306,-0.12795233062142566,,2.788072054836488,-1.1572493446101402,0.7816699660062921,0.5948057163876982,0.27661925789201064,2.8106267970962877,0.0687293902256027,-0.07005716582123195,1.5420903073309442,-0.12052838247902531,1.3316517892307411,0.292971593859901,1.5445653701104223,1.4224792061025606,0.5606840091214067,-0.0019692374645010873,1.6839265879549559,-0.5647924723525356,-0.5452048436933022,1.0220207881421421,1.4441815924193482,1.4997025487541662,-0.21765703518798554,-0.25087267370507227,-0.34135468793713114,0.6482893144155202,1.1269342565033567,1.3385291195218887,2.3434444099916756
113,-1.9188400799071659,1.2834399709801276,0.8028161608456849,0.6166480944091153,-0.686927005917823,0.05455155307829582,-1.4847643584844747,1.3597738252996636,0.8870569539509869,-2.0353967295174527,-1.205079060681666,-0.21429484146223185,0.43056047600701464,0.8902959976083924,0.2921639809982874,-0.4482820483841451,-0.5947532131439679,-0.6707916029034918,1.0222696291480466,1.9727297404460473,0.2550005033553863,-0.14437746645545554,-1.8977034005632842,-1.7053146424073755,-1.5896066401841826,0.7442821762532874,1.0679040161284006,-0.3796842002996218,-0.043773658645758134,-0.22160516074794342,-0.832113031990525,0.41079349341744265,0.7752398765593338,-1.7428620920691769,1.7921324306900956,0.7189865889286202,1.3818567984775803,-0.41404777672014664,-1.1660256816521168,-1.3985478662717465,-1.8324243443895427,0.5622012591955324,-1.3901243862533912,2.14363121087813,1.829321429371122,0.8581287797230601,0.27733277533418216,0.6257311045433008,0.5874871363306972,0.04499544690117078,1.106402148221916,0.7338553253923258,1.4592725280941001,0.26859027042991385,-1.9819911761340656,0.993930897891762,1.5002325558698129,0.5641684422990803,2.386981462201255,0.6643016935497762,-1.2604912385777693,1.1066736285017307,2.1620455613391343,0.6505783236178481,0.6382011547745926,0.7606382074965714,0.624077439264388,1.0501509973659142,-0.06470554144657786,1.0686050821344384,-0.3548767450167292,0.5478014004884979,0.35977114549122824,1.1117489307485307,1.210312376651956,0.5924063716843301,1.5250626246343715,1.7026555560138057,1.5560493239892794,-0.3872049436577248,2.2292120495476997,0.40656712062863537,-0.7929932413612274,0.3613883363856359,1.7338616136984328,0.17801079331305036,0.8991908314115462,2.439216997997697,0.5512863817031253,0.13222522497660466,1.2263230620523362,0.366231189832831,-0.9440849127967098,2.377433266764554,1.5367766726579986,1.625847244987453,0.8066132109050939,1.6565558976845483,1.6786520128309617,-2.2208986741457144,0.9696204206685852,0.08064165492667605,0.8864815447025469,0.7055819702795916,0.4926016646916415,0.8467668707203692,0.9345807859381675,1.0274916491993769,0.4693675099777139,0.7654434692404124,-0.0929946864149569,2.788072054836488,,-1.0931209214377717,0.8583997969106499,0.729735508256491,0.4043767412672206,2.2265066031050584,0.0417407294050071,-0.368871129228711,1.410445719824469,-0.295737001505485,1.59851075768897,0.3856484341525384,1.3866583931569423,1.4323137911716357,0.3913533155873629,0.29740815156976697,1.9482537124931598,-0.5944521777829954,-0.9012305456043332,1.2902962249203656,1.4820216468408804,1.5521602718401977,-0.3336494426599986,-0.49462784131086235,-0.25073103007382314,0.5042350994839949,1.0626019042433865,1.4671209327055401,1.988693288392115
114,-3.0292596066895094,-1.7384395525376026,-1.3537292454267191,-1.4827926420520834,-1.880143720936093,-1.4294198487866694,-2.0258406857251288,-1.4492270751466203,-1.5124925469818795,-2.7452657919347048,-1.363710418283154,-0.2287990788771359,-1.4362056096877251,-1.50154248745784,-0.6793579497871993,-0.4090671186009335,-2.0431703911962207,-2.7085028933252056,-1.272434639393197,-1.1075417609623976,-1.3620532638203495,-0.8474241095978835,-1.8551012264068234,-2.369336715469376,-1.9359401751229393,-1.6563806157186152,-1.5582519144249856,-0.7715142693548549,-1.2859949169207823,-1.2714970681441082,-0.4649464200126344,-0.1409602673150392,-1.4252709242052535,-2.0824530337137386,-0.6199667154109728,-1.3514880963617673,-0.7897250840728622,-0.8419934624094934,-1.3969251477606552,-1.5594384919907025,-2.6633830791607473,-1.7824319277557605,-1.601649749092262,-1.7286850710618131,0.08490855990494318,-1.1305185463800105,-1.4609362838505162,-1.215032810785988,-0.1902648442440085,-0.23766931491611049,-1.1671185580863708,-0.25623059652100094,-1.3805111391183533,-0.8770713671450003,-2.853448180112783,-0.6538243779329769,-1.3345455177130316,-0.7923208012536032,-1.1653423909922214,-1.2642805176303946,-1.7163032282499873,-1.0108788950344572,-0.8988512295248383,-1.4216186223913827,-0.7854382268920043,-0.4499706409030279,0.33918491901539305,-0.9104999093840448,0.2526672266203026,-1.1342594810963482,-0.9964452680867729,-0.6448775829155933,0.16912247500160024,-0.7256661085023269,-1.7210838772225172,-1.5711502379817197,-1.5992681142496334,-1.0072622173479975,-0.330354825316978,-1.5082317392936786,-0.4116534682882086,0.4551398446730831,-0.00905969027558091,-1.1583997599317313,-1.0001087107100919,-1.2415762000756136,-0.6649130295478005,-1.5871162080122492,-1.0266903137653796,-1.2982239273437206,-1.251928752227077,-1.1779266420170984,-1.633211911537919,-0.46818901458057033,-0.14828017563406434,-1.1944655087820433,-0.7821861796510594,-1.3611747256678166,-1.4503432310274011,-2.299269732833605,-1.4207708065498263,-1.0314073890985151,-1.2767397161813303,-0.9218251742487971,-1.4421507716154724,-1.2530304144035362,-0.8440804460618657,-0.7231478169913547,-1.435923660968868,-0.6351876496955479,-0.1527211304535494,-1.1572493446101402,-1.0931209214377717,,-1.3661821924278537,-1.4864222505662776,-1.4277151882466559,-1.2118805893539069,-1.4180572888514063,-0.6569199821144044,-0.6719094356424133,-0.38711782968630604,-1.0128336337738935,-1.0205253756873014,-1.5980936772456078,-0.1696470457918996,-1.3304440147112528,-2.2651094859600747,-1.3186145122861341,-0.913395836579892,-1.6901943154555326,-1.1670459826628858,-1.4107151798532662,-0.2649331944630253,-2.0908417495024834,-1.765623506726772,-1.817159909735954,-0.9101226456943775,-0.7067541431477896,-0.3677624545310807,-0.8865373767734388
115,-1.0271693843671228,0.26538570961672203,-0.06887803370791624,-0.32650339574590004,-1.1129000638590925,-0.16116406388005922,-1.000752048348181,-0.2955373445045492,0.2372466311431476,-1.546618915376751,-0.6565498254247211,-1.157234556007018,-0.18575784953562635,0.38171755538654173,0.5844690996212228,0.23234819346458133,-0.13882018066065133,-0.9727564176109401,0.10001814374282522,0.5509496973583224,1.7661493759579185,0.6830202192860989,-1.5090755145104964,-1.5940312122862095,-1.396044615068638,-0.29884062246546006,1.3208753662209822,-0.3436373577037153,0.08403314664161907,-0.5312104419564389,-0.40970205997602716,0.9308289863794892,-0.10489161992520152,-1.190282733875157,0.7197133904567236,1.3259066477357118,0.5069631903284975,-0.6178507543546541,-1.025787416664893,-1.0498197561807783,-1.2745234783226709,-0.14917410228593808,0.48451339580843406,0.19909162338947475,1.0039715919700736,1.0566391324650395,0.43790738834548815,0.729697140270936,0.4547666926674536,-0.34824138600418897,0.43743414301963407,1.1129312822298787,0.7018264233981262,-0.34528019769232154,-1.6034491579351702,1.1685316245442776,0.9799443864048946,0.600499551485921,0.8735925771376387,0.9805098916410594,-1.1398008514212261,1.418905671232334,1.326044397055317,-0.20597454757140535,0.433007856107818,0.10106557754393772,0.4817081390999407,-0.021541063644315427,-0.18998986947492358,1.0288877181677285,-0.33880389760759455,1.328765461147893,0.6549158076110546,0.7351851740021513,0.31687973874232384,-0.3955233500425587,0.9950903446247148,1.2344230795934774,1.3129810529453425,0.6119951733792072,0.9134454231910608,-0.09358443180392033,-0.9940015751924908,0.46749189041402284,0.542981169105229,1.5095051897722873,1.1381861275054541,0.42702113959489835,0.7709831253095049,1.8684335788808168,0.6316305370658414,1.1056395283721292,-0.04916710094261935,1.1335478677572965,0.9328861561557685,0.30677962875938913,0.833853840105112,1.2366486354490307,0.32539394424298584,-2.1196533683855057,-0.042592700887562236,1.0693690936165676,0.8753397159127435,1.1057577964401415,1.967574791529794,1.926539590703402,0.5437384241428157,0.5828407161961359,0.10044940896322124,0.25148921464836427,-0.868915161903962,0.7816699660062921,0.8583997969106499,-1.3661821924278537,,1.859870617315667,1.6474390453990946,1.0755180110535933,0.31373416348080735,-0.15184793076943076,1.5896279868953545,0.04677102898213951,1.3575159713035454,1.2253595911957,0.6463085224598096,0.665973603265657,1.4937451264327333,-0.3299036321415374,0.7750789685803741,-0.3691982050402872,0.3359726995724678,1.2290030576995599,1.329699894014897,0.8677911681266002,-0.837632584632758,-0.39762725443647584,1.540694270244841,1.002285975353485,0.5018488982647147,1.6981534445534148,1.1628737812428904
116,-1.1142131528914003,0.6195563201668945,0.013696615081208662,-0.22006974260030063,-1.0649147532486753,0.18394458851090234,-1.0889968774893808,-0.26456723488402284,0.3092602010882302,-1.520656606513865,-0.5333843903660346,-1.0263856689307764,-0.2010867733262676,0.19118453669068147,0.5492917166300889,0.10101543927400228,-0.4543304764323209,-1.0210518461922005,0.37289720403147625,0.44287312437121745,2.017689891657432,0.7831755021966645,-1.0888774385866073,-1.1971895663502072,-0.9512372128513815,-0.259060761613011,0.8470113910553814,-0.02267341851131344,-0.1082382127461875,0.10931087372776137,-0.1302273641012614,0.7365827263703055,-0.0683373938171167,-0.7609208662953248,0.69968931144951,1.1888070149894716,1.035190179033498,-0.12620584229355838,-0.5421613431347392,-1.3346894926033743,-0.9921308569522925,-0.3213739461459117,0.8776215194845091,0.27202180759302275,0.7165063258728642,1.0736882462490904,0.15282027540673593,0.7812680692026671,0.14795774435668205,-0.26774373087815867,0.19369346764898843,0.9282543821673899,0.40623167797761006,-0.38498954121580153,-1.5453698053260518,0.8036931056154449,0.8874092323182966,0.22729157805607358,0.6875037839478726,0.7672740583174446,-0.6576519057931911,0.9663416210797461,1.0507976708119204,-0.15256414054246006,0.33717322227053875,-0.2608051931671158,0.5049220559234056,-0.15655338198220392,-0.3607970769722061,1.1005109418734302,-0.3391261498707775,0.9586655244018887,0.759362074041602,0.4646992096327282,0.04234108296211911,-0.4173325877975838,0.8816282414089273,1.1169674375597165,1.2554440496306174,0.5540545647352465,0.6896467583001463,0.016532218985065704,-1.1774369161983433,0.48141559958237534,0.44415659305117183,1.7425645955825657,0.6491583240426272,0.40552484683712936,0.7821836635393835,1.5515093365775197,0.3060301739592511,0.40139369403840125,0.14384474706258693,0.8769418777428838,0.661985210148494,0.21283514423221206,0.8863100568049178,1.3629189359720435,0.2911724814826331,-1.6022458578816787,-0.36751639408650494,1.4910268244023757,0.7407232597965306,0.6057520916493239,1.9913129796714846,1.8462683589261537,0.3845546198297788,0.4780966347067591,-0.04665939184998973,0.37523683922391005,-0.477543211899559,0.5948057163876982,0.729735508256491,-1.4864222505662776,1.859870617315667,,1.6789341239236288,0.7419295066763183,-0.09188333886724172,-0.3064965777612943,1.4452962786613672,-0.025128787779396086,1.0950138508471818,1.588913136720796,0.21589350103906085,0.8215744514256185,1.3854000128084145,-0.15939637758817574,0.48487402958623227,-0.04648405586744818,1.120934623507014,0.8419736930377971,1.1990657307439274,0.958095323461077,-1.0925447769215644,-0.6526855133080891,1.5193663346615143,0.5794915372514359,0.46116439511789353,1.3748337158367503,1.0761424487829683
117,-0.9801947157434014,0.0909068072703592,-0.1709793908651563,-0.14380475028316808,-0.6955312466211137,-0.3539031866942819,-1.4617960681521036,-0.3827158234584888,0.5290919991851061,-1.9055927315721952,-0.06427203394002633,-1.007305409063197,0.0391720308108779,0.713321039972682,0.25644946163953597,0.28963379704049536,-0.31139163988083485,-0.8578514108203543,0.18855341249157148,0.6310041887171952,1.851114220184665,1.0722966259000863,-1.6627490089936712,-1.4772955784653419,-1.0005375659031943,-0.5134976159016309,0.514293402382655,-0.39305052406738306,0.8784484378209697,-0.47933485854582714,-0.4065860375786899,1.233927174763314,-0.24064208248455035,-1.063318939859658,0.8923121510543318,1.2819940744911043,0.5306323176469263,-0.5755624593746963,-0.7420041335245244,-0.681408568468785,-1.0342252301918444,-0.09561483186844448,0.775719650989161,-0.5452954359986046,1.0380708240105994,0.46033315603106767,0.19548268267976776,1.3910076138878917,0.27260932998566534,-0.4134294561652053,0.21555341242850343,1.1606598651169031,0.18742433788955046,-0.7384387430000007,-0.6613447826653135,0.4737351458050384,0.954799966115379,1.3581370538794098,0.5320790658992738,0.7855266109945215,-1.082439258728404,1.426417032072279,1.0909044132493442,0.5046835007578351,0.6957993229672368,-0.37649788580492216,0.25456070820034515,-0.40140941207946973,-0.07315690432708298,1.8226196292825665,-0.41602657171289986,0.9026414782436984,0.7649010968300416,1.0099643334492636,0.18490247692424244,-0.6372710840150146,0.8115211744404586,0.7072016458017972,1.1438025704058754,0.42195800160643687,0.8388441872484277,0.23546347303182052,-0.11695252749899683,0.8066426791914749,0.47134210349181505,2.612748422689822,1.4571126450431153,-0.4343769272139861,1.4112047951831201,1.1672769492703434,1.044976667344498,1.1207525458517396,1.073775597491529,0.819710416628006,0.553022868347001,0.40060379118343115,0.7518026410072002,1.316988278932238,-0.2240549704554764,-2.1343002270894287,-0.17569810518392792,1.5761127944864368,1.2136679256462177,1.252253970658632,2.1448715194244232,2.5138837901838036,1.1532870957175692,0.84953735955891,0.6035313086026265,0.1069708129515177,-0.23153014278600573,0.27661925789201064,0.4043767412672206,-1.4277151882466559,1.6474390453990946,1.6789341239236288,,1.1257833853817893,0.7018439454760971,-0.33340214424129166,1.731139261127313,0.5526303937563493,1.7278686199111948,1.5981993285721288,0.4413918840639462,0.182766332174383,1.4260937038948382,-0.47554452858344987,0.05578816508749226,-0.5100985986145256,0.47328493647861547,1.304577450305406,1.4406825683826952,0.848676674067128,-1.100963874754152,-0.526971711655712,2.192088855649001,0.7911075970865271,0.06705249532889794,1.0299784962403502,0.8294419361522737
118,-1.2546430427005764,1.1010126091077597,0.694894239624605,0.7911421409058601,0.13026510594526983,0.39038855834395936,-1.3933442994732572,1.3173359221765497,1.1328297845301123,-1.8966985741422697,-0.23891219719482423,-0.3137110875395214,1.4050246638631654,1.2358262597214698,0.685131736832089,0.1283616090794014,0.022429573885147953,0.026589605762077903,1.1523404801607007,1.3128999320150443,0.4604659548382072,0.5037324363746872,-1.8215401685503494,-1.5104856417509598,-1.210450761656084,0.43888707672996896,1.1795089598203403,-0.7034404079740094,0.8335343093413626,-0.4181850746197903,-0.5983447871254542,1.191810083426093,0.6490472836413351,-1.2574455268109854,2.0513406319213594,1.118093717968525,1.0699848025560612,-0.4223285640081858,-0.8147130103568101,-0.8512051818676086,-1.17915890278931,0.22417557549894626,-0.5977129777468202,1.1281176848518186,1.6912276334326863,0.5445911574628222,0.9473699542331122,1.6814542370786465,0.6984379754077423,-0.28200819202688965,0.7471822351705111,0.6765042549236608,1.2140388607651869,-0.025781395474728144,-1.2333289446062072,0.8282259424764341,1.3773685283092372,1.206241499032539,1.9032608031520966,0.653360134506839,-1.121280926649574,1.3837320223018206,1.8957660516200947,0.6738070453587306,1.4954764103691875,0.821165593556793,0.4316054359542505,0.6408740656979126,-0.004217910960343513,1.684651715551258,-0.17768818470191172,0.8022763045078197,0.3969032796153481,1.4493978127018894,0.9437529329581796,-0.026166850223446208,1.4928468092176257,1.498507087525508,1.276159231616976,-0.42700082611883006,2.1365729793710657,0.5826036083356633,-0.48184762834070116,0.3037901214897548,2.0093310031864395,0.9619963666350841,1.31764445908697,1.3127658124859536,1.0297839580119437,0.5470886721121109,1.3235614268297913,0.9598798284981905,0.0961651433490918,2.0429912787507725,1.2648737682680595,2.325997765575095,0.8232525333241306,1.6912226415719622,1.294649415137979,-2.081452719427238,0.5335815578986453,0.610580729440596,1.7449370896134853,1.0294427837301743,1.1500769865435514,1.399108915779191,1.5621774938868667,1.282045428011797,1.0431219168681298,0.8321519863529153,0.04293566562164123,2.8106267970962877,2.2265066031050584,-1.2118805893539069,1.0755180110535933,0.7419295066763183,1.1257833853817893,,0.5386216424032231,-0.294897443636101,1.9683170984264244,0.07608966676725962,1.9648231614730736,0.5776156467242575,1.765670594204168,1.095608862631042,0.7293964676804263,0.20466517464421527,1.4541554879614025,-0.3471974968234511,-0.36461752958574334,1.6900844872068315,1.9173057431787688,1.149718300842025,-0.2992264307080791,0.01335445270748689,0.5365072888242164,0.9479234452005227,0.7084271491962745,1.2176415164839542,2.2119902004097036
119,-1.313737085144687,-0.8229070772941288,-1.2054202748946548,-0.7922628216447504,-1.4252244521379025,-1.4544022750407295,-2.271931455279525,-1.4594480019967635,-0.6109470282262633,-2.8477893058496937,-0.841268869995649,-1.6296301930639885,-0.6430468424640071,-0.41920098708769143,-0.07441006540194328,-0.14410031923325092,-0.6899587637235061,-1.5862921417493823,-0.4593488780504574,-0.252030877654614,-0.21237282497400406,-0.0018391590645075694,-2.3653661179719796,-1.835487731802719,-1.7596413061409342,-0.8718845408268096,-0.4564175930329504,0.38178998780146906,-0.6946053036824045,-1.3540427929006091,-0.5357859416211465,0.44577765459617336,-0.9802968947928895,-1.1749240538928312,0.3325901666701793,-0.04518833897114171,-0.08908840731741366,-1.215767906220029,-1.4301498608118572,-0.5864717514433445,-1.3098013884347617,-0.8389544743064768,-0.8824525012632497,-1.2797836176002093,0.7907561373379876,-0.4772899728703287,-0.1257498907672244,0.7099567424853358,-0.056785941510681615,-0.8415731074257179,-0.0822930965240979,0.41942080233194023,0.1958465357163027,-1.6633169770787268,-1.2448912546805884,-0.3487208281978956,-0.11338106338608837,0.668026455593412,-0.07093072232864807,-0.021866019597220364,-1.1527795336344935,0.6710056098359989,0.37867018211235587,-0.3610657872844497,0.5727199617908579,0.046188565128391555,-0.7841313407494054,-0.37528924062774105,-0.20226736252446187,0.16899527194636652,-0.1519979869630912,0.2715134560566433,-0.6746177618744965,0.9162300423656334,0.006538567220368291,-1.0279737089005379,0.0023402966368393217,0.14912643672783346,0.7673067036641507,0.022774087120815457,0.969478920406131,-0.00937422503093777,1.2739354387775879,0.1637473076968485,-0.06635940455358512,0.8394677557575867,1.1667586559543428,-0.7857743520776146,0.4704252965834908,-0.19720354579489968,0.10658531187601501,2.8400083536526703,-0.1789036159531103,0.9674909667447662,0.5915496776762468,0.25887464574057817,-0.48124037210197823,-0.05828811718087091,-0.7661865322644177,-1.8074996432861554,-0.35934440863978406,0.386530429463078,0.7193491489302534,0.8472779534232205,0.43434977325623364,0.45897731794385477,0.21191646118501692,0.025096474057315202,-0.3444423310755062,0.25128674084372166,-0.8460236935707228,0.0687293902256027,0.0417407294050071,-1.4180572888514063,0.31373416348080735,-0.09188333886724172,0.7018439454760971,0.5386216424032231,,1.706582866387002,1.0989426703731517,1.8367323060480436,0.39009439999341433,0.3482428368886089,0.6376916385092524,-0.028985690809119,-0.009940065879289082,-1.0451596794393352,0.08066120301060649,-1.1570191048149168,-0.9220630218052936,-0.13001218571614392,0.427196528439303,-0.17163710641453264,-1.0092367162351517,-0.4289296268384346,0.6731722196945126,2.486971740153441,-0.7312025150061107,0.37367548431737474,0.5231420624783056
120,-2.3123383880394344,-1.1541364696538088,-1.2182697310046524,-1.2375981684531119,-1.5871804491037866,-1.5006930574876753,-2.4973160132445957,-1.2964009597434285,-1.012054479750215,-3.0686349460038636,-1.4487575368348704,-1.1883640767269994,-1.0373550091230757,-0.714573147229962,-0.676073649952417,-0.5695038879749181,-1.6893614704915247,-2.347931688987737,-1.1089124907217236,-0.7592266847604192,-0.5934738913615368,-0.8006999831910627,-2.4407086474678508,-2.3799268975219943,-2.261211540877669,-1.1627345003976852,-0.8453406177307778,0.46105638340939586,-1.0196564207644112,-1.6188431142624544,-0.7578706276444307,0.05576538414209015,-1.2024836753279924,-2.3503184364058356,-0.29372079021548286,-0.8867782893919874,-0.5325042769989741,-1.1499564439988887,-1.5451755046749105,-1.4092985017195456,-2.6171185002296915,-1.4209940432701242,-1.3378847145762476,-1.317986238509472,0.5715238522875251,-0.6324826830511617,-1.0085720421104711,-0.1959323879048723,-0.15644634495131576,-0.4429865450410233,-0.7418756714026022,0.14632305564091305,-0.6822688353524201,-1.696348788957672,-2.489440116175629,-0.3809198176516039,-0.30940272562189103,-0.030443493555287096,-0.5913699530723596,-0.24931380791124566,-1.7849732509949021,-0.36989041409325507,0.17974666036846848,-0.8589876800094347,0.26810043067992895,0.11148952024192949,-0.37987428651568395,-0.30601253520933064,0.0844693654735794,-0.44077771184039505,-0.4662772126042825,0.13266537687081242,-0.1775147717346611,0.5100926966537916,-0.9868392281138425,-1.310174827223442,-0.9523296711002996,-0.225366072292985,0.579431970516628,-0.5331889921280171,0.5597937728277729,0.3338929809065805,1.4502377557165531,-0.12560755884163735,-0.5520760132037078,-0.022632712952286995,0.11815624045871607,-0.4840330332653643,-0.33928132704801606,-0.4800365178907974,-0.737002098890162,1.8506992055717588,-1.0707685963480265,0.47961597681990525,0.37134512015210236,-0.47294260731835736,-0.11578463368285602,-0.5791930493138584,-0.6234875515141677,-2.2086068031929855,-1.0100715473049782,-0.38106221755979985,-0.4369379821264238,0.2020747880264543,-0.26915051264215284,-0.21715340232428607,-0.30340560496668223,-0.1262900260419617,-0.6744374938766985,-0.33157356848900865,-0.45541778917491116,-0.07005716582123195,-0.368871129228711,-0.6569199821144044,-0.15184793076943076,-0.3064965777612943,-0.33340214424129166,-0.294897443636101,1.706582866387002,,0.38338389494010783,2.1364138883140753,-0.17370332494008772,-0.2601527220785672,-0.40476226846036595,0.2432736780759957,-0.18954424499988018,-1.6593390102857568,0.10510038588477033,-1.3526847094256305,-1.0441412699919792,-0.3229690251608302,-0.23146344262207552,-0.04763790409597635,-1.7112758834100361,-1.2902245835769381,-0.014078233405581644,2.1121888927638515,-0.14287543265060612,0.02920246719368172,0.1250579542017689
121,-0.7618862733218214,0.8763278629608249,0.45966718857629146,0.5087444937976372,-0.0791391361979244,-0.25748606033901394,-1.3784275008717404,0.4113495164479409,0.5665230401771786,-1.806628428222814,-0.5092582964273846,-0.6359852312174874,0.6483589072580139,0.614263514698994,1.0315730560227798,0.800539828093246,0.11911751797913213,-0.4560423452434868,0.5794737902611429,1.0408060008453348,0.8205688877685932,0.5565986503382252,-1.3218132208511824,-1.0493302087521328,-0.96046195958878,0.1935150104903752,0.8000313491236319,-0.0861128650623337,0.4658150031602197,-0.19542302627121116,-0.28894255994992957,0.818694317631187,0.22188238814271366,-1.0045694006514079,1.283966071550606,0.6557968712470681,0.9108885179661136,-0.25518954935470456,-0.6394718036779009,-0.5850808585272067,-1.144607274973724,-0.05411494309638034,0.04464009955720369,0.27862865789094116,1.664255565515288,0.48009668076445283,0.18008109589747479,1.3113702424616285,0.6651973859131768,-0.035113517801554875,1.021183139004086,1.0966746976633512,1.038702963341465,-0.4603494245867425,-1.096985115242656,0.7795521918777163,0.8332657382259551,0.9977104851362816,1.2330753885475183,0.6253138642755969,-0.6621202011856496,1.299654333094312,1.7655296533776765,0.44692723409212026,0.9978020376745624,0.41673882830364456,0.7066537801117223,0.10530451722324612,0.19152229231381127,1.6778035548158787,0.011155212849045568,0.6289192017814198,0.9247661116364794,1.256493218491248,0.7184289617787126,-0.159414340640363,1.1183341338385027,1.2714091285354077,1.482395026903523,0.26397534785649107,1.6730497928411057,0.692449480685269,0.07937045119333694,0.7637490676838096,1.0185870588784771,1.3865149093428166,1.4394978812979042,0.6484883985088221,1.144839865887217,0.4844232293742388,0.5934393075493272,1.2793010188946528,0.8929441187534944,1.812156049029632,1.077862453028663,1.173175846196065,1.1451822278988573,1.1917796636063993,0.5355891710063801,-1.7756078334656074,0.45471201150791435,1.1663067601018353,1.6525959294180115,1.3454025369796343,1.214834526321542,1.7272163827395313,1.0449662725909392,0.7570856733984054,0.3502894087357105,0.7679179079948715,0.4158777759038952,1.5420903073309442,1.410445719824469,-0.6719094356424133,1.5896279868953545,1.4452962786613672,1.731139261127313,1.9683170984264244,1.0989426703731517,0.38338389494010783,,0.6304180452342812,1.7746705409975363,1.1463734714542488,1.3381208160345652,0.9863870180321549,0.8786240879988872,-0.22188882059869428,1.1194067387295918,-0.11418117124376329,0.4920541383929528,1.5876139613567495,1.4467708011410978,1.4287607328206906,-0.4673548255602083,0.11830080450338257,1.2720203366439695,1.5149174583798093,0.5893136422368542,1.303545908012017,1.5815024807971954
122,-1.7462234855317,-0.5996375771769547,-0.8075308241279776,-0.7822651772715212,-1.1614528691888335,-0.9414314347755496,-1.8977014105824122,-0.8390495092261037,-0.4288025066985902,-2.6450379250030327,-0.5701777397778462,-0.70191288355823,-0.4867070629734663,-0.5900332109958225,-0.2750005462433651,-0.13718550928718581,-1.0819186923219999,-1.572065881900379,-0.5451475093350984,-0.2890924333881922,-0.24754793739521472,-0.43213948079948034,-1.9016633101634235,-2.1572969217625926,-1.3088276840485764,-1.4464714850479041,-0.9110987548885203,1.117836785800409,-0.6948798355703525,-1.041301184037666,-0.7993851223452165,0.9001750756943965,-0.9056789180847774,-1.3177199377030846,0.23440549944987144,-0.5466106083065034,-0.19585951779271277,-0.8297001816567798,-1.132172634144738,-1.2977161736940397,-1.6801590363479546,-1.0022381829072653,-0.8732784502187402,-1.1636027783534728,0.5045139154127983,-0.5066696744675986,-0.595469055614862,0.5400792390007267,0.465720040718624,-0.4566878863149626,-0.6252604599367197,0.6508889346797261,-0.5908116027806513,-0.9277468733000559,-1.3927177068222822,-0.3153673505228346,-0.2038495586901853,0.6772281660358876,-0.3911677135992362,0.06662366563504138,-1.5349632052380182,0.1428415123052665,0.20920450008664337,0.011271319005017637,0.3782055174051912,-0.16673743402915853,0.26802015787164907,-0.32882802058819,0.4175727243752703,0.3400065781213359,-0.5066215516960945,0.06870711395112393,0.40600349109989914,0.394396633833048,-0.7747072320791262,-1.3110871590301438,-0.5221312064558271,-0.0568319183558301,0.9165865539369041,0.08044470071348085,0.68111071168712,0.737209352068704,1.9100554269796797,0.23517000852314454,-0.11373971297233995,0.6096529871859284,0.7152699920584127,-1.0757751978618408,0.22480154021603174,-0.34188547058766944,0.2440788785459244,1.985223089850162,-0.41110354507054503,0.4754173665385367,0.4649670091397406,-0.2574459308482216,0.15415835303658731,-0.16206980717478756,-0.7500460982094834,-2.3574076633088605,-0.9777213410048751,0.1218233009901444,0.01813925264424774,0.5852792163712072,0.012098036901471015,0.07407369630089947,0.5138859335664753,0.557848891817308,-0.019462985704916152,-0.06033117642753482,-0.44966254759598906,-0.12052838247902531,-0.295737001505485,-0.38711782968630604,0.04677102898213951,-0.025128787779396086,0.5526303937563493,0.07608966676725962,1.8367323060480436,2.1364138883140753,0.6304180452342812,,0.5074497591329503,0.016770385809195976,-0.35527228464076366,0.5181557339856385,0.08484249225688063,-1.1956713543362394,-0.44237587203285517,-0.913982392583584,-1.046783322367827,0.19655779314155858,0.09851024468015565,0.5546239799800808,-1.915161546782371,-1.0399702835610773,0.5522164400006423,2.245762248326989,0.14748675940880793,0.0270861738330762,0.01817616031245559
123,-1.3452140559364412,1.0299164662429325,0.5638593425034489,0.4539551891056529,-0.3498557779137568,-0.03977333871978642,-1.3943557303490548,0.8536886077476439,1.2393560180100736,-1.975099420894817,-0.12494467007140704,-0.20779797803593603,0.6981488604762282,1.2225156067401237,0.519346067427707,0.13570638479300365,-0.20758152641744884,-0.24480508770472953,0.7189610195067202,1.3878601856058281,0.8322778588977912,0.5706670412122158,-1.6999492657681408,-1.432559282638255,-1.5590529161090672,0.8224930000241296,1.2266128583465983,-0.29978956589998174,1.6167661727305316,-0.21986264790800544,-0.15886335954826186,1.337026647123708,0.5603969316749079,-1.502352441752585,1.7451278432860406,1.5862732162619624,1.6091943252272596,-0.2892975299967362,-1.0410526640287616,-0.8132740015131699,-1.5039501235408677,0.1721347874775882,-0.2588551879772256,1.0060399346816606,1.7627566824382033,0.8427862281010984,0.23019227898203515,1.262941201090337,0.4229274439201269,0.0008129029337855004,0.7397250582407959,1.2578747852839804,0.8270559544340644,-0.003042275550166993,-1.026025581608713,0.9937812618865906,1.8661561348258164,1.9625610277408287,1.6263452579300621,1.242027271221403,-1.2078661034573368,2.1965881010604558,2.1698985293325466,1.0022239040459788,1.2725684107940507,0.2852192822089625,0.9077478470971101,0.5397599184305816,-0.21804547745622396,2.171083164835491,0.3968051075193803,1.3342004421257003,1.1815275979758204,1.924429002998155,0.7713938811216601,-0.0007638253942197637,1.353657928960785,1.565913193494891,1.6009136444916585,0.3389908842840928,1.709189873629401,0.8026207941222923,-0.14621491121574398,0.7203635034009968,1.365687489349063,0.9993140227976721,1.847253399605997,1.0262087561538207,2.026164054847928,0.6493146856680418,2.0841611379411487,1.1830309670615349,0.16026011533331933,1.7182900507020522,1.1510746860011551,0.9416423718465726,0.9274825589355712,2.1759600804966435,1.1335680857951025,-1.9022986090294536,0.30085425733780924,0.655677104172433,1.6000712200385245,1.5790761111747769,1.73243490563161,1.7831978622150635,2.0774774421568343,1.7625957776959016,1.2564156418340129,0.5671242158218915,0.1407913713391284,1.3316517892307411,1.59851075768897,-1.0128336337738935,1.3575159713035454,1.0950138508471818,1.7278686199111948,1.9648231614730736,0.39009439999341433,-0.17370332494008772,1.7746705409975363,0.5074497591329503,,0.9959128443263876,1.159909945523177,0.9679833326520029,0.8120940425080843,0.3044550467608366,1.1602767832728451,-0.31173943986098046,-0.059431205055760605,2.3380907118197056,2.5343832871469156,1.254839698197483,-0.5690500290851417,-0.578136314961229,1.2797629519016303,1.074957750920596,0.8940028393759467,1.7082154282360624,1.3818432358862478
124,-1.4753038311569413,-0.3484282258547024,-0.6192758495518879,-0.3878505058087266,-1.141045865504617,0.0020029890390858727,-1.330318052848982,-0.4008195716100881,0.5848151379853188,-1.775682636902886,-0.6225681584366185,-0.72631801046894,-0.336331684818963,-0.055613757449938,0.13780640986033818,0.06148466539659522,-0.7526047810331657,-1.196212077522206,0.49905638726335066,0.0656672064117796,1.1531949479151193,1.0880511781875277,-1.143446428098232,-0.8366588215071721,-0.6354159348029917,-0.4046086227969729,0.30625585656016363,-0.04848717524033744,-0.450492120715996,0.01583244828464235,0.67335603372945,1.1593010386393277,-0.40533399755449,-0.6424458286832975,0.7745499902327992,1.1182357710599267,1.130577576002161,0.5424673290721467,-0.13070742384159972,-0.5322609767955937,-1.0339562304007013,-0.4547122286724998,0.547819403609122,-0.44060478768010464,0.9411860365468105,0.7632730887007287,0.4725229862165554,1.2658682220093924,0.05666088545727611,0.18379135016073728,0.10794566905684753,1.4682953939911505,0.006897048822897479,-0.6983342146445114,-1.4719650162163658,0.44521909728350234,0.41504421782020134,0.36026155324228637,0.5224077721483934,0.7542137264817419,-0.4418577821010721,0.9003974811244512,0.6857068624536076,-0.5994846289527658,0.6141110195436751,-0.19485205222958454,0.9939283317762327,-0.6444319402635755,0.29710050586296843,0.7326148078174038,0.1984607513649384,0.9419244538289613,0.8080402527452409,0.9159891335219215,0.04355694086434527,-0.2932783542347859,0.45740761718137685,0.6249879787219763,1.3188591934584846,1.5508545295531966,0.7151135674879475,0.7675803876897481,-0.23346132720567525,1.1690106885136513,0.6841431018788999,1.7034255245774481,1.080463505106435,-0.2120833827372653,1.1828696827910226,0.9278652019972241,0.06752628283178638,0.6780823753976517,0.2991358600855325,1.0340804696028676,0.6072876245872605,0.3689170248500987,0.6167400874519898,0.6961272913923007,-0.25529719144710517,-0.8380861683733066,-0.24282054493715757,2.3886925953755163,0.9310547241096335,0.8937671280067544,1.350792665597949,1.2164247599872238,0.13963112740861866,0.18169026471649025,-0.278134311499734,0.5787270391037229,-0.06996702154811511,0.292971593859901,0.3856484341525384,-1.0205253756873014,1.2253595911957,1.588913136720796,1.5981993285721288,0.5776156467242575,0.3482428368886089,-0.2601527220785672,1.1463734714542488,0.016770385809195976,0.9959128443263876,,0.15371401931981102,0.8621692280335362,0.7843378443650786,-0.7806785783179552,0.10113614488176313,0.09368347510546,0.9126860271314304,0.5772958012364855,0.8929897654727648,0.9546582498407465,-0.6599464188450354,-0.7321255173889785,0.7651025701685198,0.6430600636967528,0.08211949481356808,1.3212789814024748,1.2747852464039027
125,-0.29112537909586245,0.5274600152499749,-0.38436721987469497,1.2199363525540705,0.3265497333830805,-0.34424275722820996,-1.2088115336947263,0.013017379939208833,1.1261277856567224,-1.8259216137286232,-1.1986251070356608,-0.7339775834205172,1.2104992401728563,1.2620915611501597,0.9585024882310409,0.08633553515815481,0.9960093794007393,0.7048914598077308,0.81832143305877,1.539907753541035,-0.05572484088944996,0.31812152226422286,-1.6674565680937343,-0.9182727832249218,-1.420939694089447,0.7058412284692044,0.9643940262768946,-0.9142600809902333,0.06292548147602102,-0.5322201347021447,-0.5076809523190805,0.4428536892612635,1.0580619096375725,-0.9251544841955361,1.5162277620238875,0.9518432689366846,0.8981704925694912,-0.7916807024721713,-0.9164177969766758,-0.10741727085805429,-0.7802170965259267,0.7382788895540671,-0.6693907543612079,0.5273445440769352,1.5017153190699546,0.644297384916586,0.7847432094651767,0.7786474968536033,0.4481992316839299,-0.7776221641131876,1.8736003206605054,0.205693784377911,2.2969549152314594,-0.25423149728451283,-0.7212992669152731,0.7409141791101034,0.7805116541433142,0.5348972995388372,1.4229661468565653,0.3047044171063972,-0.6095503260159315,1.3957753959849069,1.3944312728984836,0.4119656938172516,1.2746706863129986,0.9480550040461713,-0.6335039594397245,0.3979170022356007,-0.7283821900483178,0.3002253193275091,-0.1260999717892691,0.7924356264822556,-0.4518559701215028,1.3208345211423147,2.1624472710492526,0.6230524887654946,1.5743815245345123,1.2385746760251048,1.2105813975290551,-0.773335838206604,1.3205313252345208,-0.24602903473798707,-0.8018681857764591,-0.20513161368109592,0.7663502280982583,0.4434598335468278,0.9983154998358528,0.745004737924527,0.6345914634655303,0.294094851088992,0.4641831580952909,0.796653032886501,0.6286887079577634,1.8932970751484288,0.8941297184641154,1.4038450794334945,-0.22697420758662926,0.46152263707550856,1.1690331762939008,-1.6277617919111838,1.5250586697903865,0.07239123710290532,1.5244246367744638,0.8023104061186732,0.8231757847336726,0.8763429567326075,1.1636668182416239,0.7161021222383297,0.2500842384497738,1.3255625731317875,-0.8138940746811408,1.5445653701104223,1.3866583931569423,-1.5980936772456078,0.6463085224598096,0.21589350103906085,0.4413918840639462,1.765670594204168,0.6376916385092524,-0.40476226846036595,1.3381208160345652,-0.35527228464076366,1.159909945523177,0.15371401931981102,,0.2485753117818457,0.2866909256574458,1.0922517800405298,1.4284813475753952,-0.44743767803473017,-0.5506071841823724,0.8070373689072253,1.4408214601427927,0.10820334549989034,0.785177806357976,1.164749074902223,-0.17204403890822065,0.6675958444086072,0.03951307526183609,1.2061348743703293,1.4180680791108107
126,-2.1140988854199794,0.11206767494088622,0.14548034739932325,-0.36604577469714866,-1.3150559921840914,1.1532824103302495,-1.1982249690401998,0.7012366423308048,0.4556202847353235,-1.8418410689371478,-1.0041413473227983,-0.18312381337657577,-0.14551672616091316,-0.18780374210844364,0.29007620720723304,-0.1523563460394125,-0.8038066339541909,-1.2290928464038884,1.3556508959756974,0.46065461855108475,0.2836497222657744,0.38269227147364876,-1.2636183812604174,-1.4718597734074788,-0.5473890556368026,-0.4017176560103356,0.2715732920644185,0.3991187669020339,-0.6841854673315324,0.4514518790182036,0.35218396904657256,0.9552338860616427,-0.029659132982537566,-0.4413992323871624,1.1413844422520805,0.6175663510748777,0.9608860925766394,0.8506610128738233,-0.163280806216414,-1.1516837197044711,-0.7919341731097439,-0.0786568331363132,-0.8682807435826024,0.637580457785804,1.1202749607365143,0.6050188075370425,0.24747917192711857,0.8036346899442472,1.2166360988848872,0.25294482104599386,0.22066978622994388,1.3524998155882295,0.387449338686215,0.23871887367304556,-2.0233846735423455,0.624284148249187,0.37391029631351935,0.029866776341274045,1.2974156523834917,0.707339139854475,-0.7414766628715606,0.6618075098635248,1.167123540558475,-0.13976328401959978,0.49041080435723805,0.2291366213380503,1.338103664182699,0.8254716249992053,0.7434174887016356,0.649795852042347,0.10589702542836972,0.5447371247366873,0.7731093436070392,0.8290239048566796,-0.008172189453482236,-0.2086175756243433,0.7993124422444928,1.393032881531562,1.705283991282912,0.6650921646113348,1.625845290265451,1.1424897403326226,-0.2459660419650267,1.1305146700522701,1.389313889885744,0.20300695546498065,0.8774624916487678,0.9110335150321395,0.7756906065524072,0.19514035914047326,0.521049836636674,0.4704886461064584,-0.7533478716909129,1.5264907964094532,1.1594635790474561,0.850084680599854,0.9157706854108396,0.6899193155891107,0.34411259015378515,-1.7192050987851732,-0.26276970551933543,0.5285607786375368,0.27941396547197167,0.8009887059069997,0.26503443167320206,0.5367197627052397,0.6906098965341642,0.9877945257298998,0.1714925107493818,1.0396327229708244,0.15691157037107042,1.4224792061025606,1.4323137911716357,-0.1696470457918996,0.665973603265657,0.8215744514256185,0.182766332174383,1.095608862631042,-0.028985690809119,0.2432736780759957,0.9863870180321549,0.5181557339856385,0.9679833326520029,0.8621692280335362,0.2485753117818457,,0.5628053192825806,-0.5751682714594444,0.6000983605876292,0.7762814035775143,-0.27342086160594375,0.8545932906148406,0.7444044013750354,1.6028153906393714,-0.6636952875728656,-0.8666266952288605,-0.34086042330682603,0.7631141884245487,2.020191228587385,1.2003391273799244,1.559365949942681
127,-0.624666349007934,-0.20839953154200863,-0.1283060591427692,-0.7570228696424689,-1.3309954754774787,-0.42400948720939324,-0.26316899070183847,-0.2891247203962203,0.13328019944751174,-1.088600033989076,-0.7109054868287384,-0.7254909646896259,-0.4384047349349062,0.06433100247156859,0.7077532724396494,0.553694183141545,0.18187019355505657,-1.2551278455191968,0.04629701602513236,0.1732949141739898,1.6751772075203937,0.6259822617542578,-1.9868589987977503,-2.0893338778276114,-1.6937723032750052,-0.4643046927762058,0.33719658472217606,-1.0318773838010113,-0.27630008719700355,-0.999965456887179,-0.6880665607159238,1.0796292855890868,-0.23895750947524588,-1.0170565695441953,0.46327113973631606,1.4540356683941182,0.29698859255515736,-0.6495288831456818,-1.3024029918705058,-0.8681670582461876,-0.8151008532962046,-0.11522224203688948,0.6691710855612306,-0.26253334396883515,0.5949368632910209,0.6372582002309795,0.2992752326126689,0.756891701159377,0.6584084288912377,-0.2863540795102732,0.21583686684066405,0.7897382951042539,0.36572349380800795,-0.5447587184656378,-1.6328045022430142,0.6246851829602957,0.5842770099745539,0.21098827730173603,0.38219003635323195,0.673739146712073,-1.7492679940564295,0.8247378656415668,0.729361276471264,-0.21183129604428344,0.1474128107644058,-0.12099785991025608,0.43073750683465195,-0.3962923947403292,0.19995246759508165,1.1638130648080327,-0.5747085481299459,1.0161136757691909,0.8263082085219388,0.5572266353452247,-0.08876240988738908,-0.713755410178674,0.5376881820671966,1.122774271138712,0.9983045002143975,0.22549771438095928,0.667004470192858,0.1522150739948446,-0.578153721171785,0.03371869692052106,0.6744120511238694,1.5036967752852683,0.6250823778745506,-0.07510822484481482,0.682590625982976,1.6270265747014774,0.23356143327762005,0.3886456786393426,0.5378567914960608,0.7291280358111653,0.49490316152814473,0.3494447925070556,1.4312892776631048,0.9688188329371511,-0.12248783435408772,-2.331769049554291,-0.3183270467600771,0.6750214340469493,0.438442205237428,0.6419576873711987,1.4677702959594041,1.446660322698929,0.3343046684660123,0.5106573914847172,-0.1371948274490634,-0.06836139200391154,-0.8455227433143835,0.5606840091214067,0.3913533155873629,-1.3304440147112528,1.4937451264327333,1.3854000128084145,1.4260937038948382,0.7293964676804263,-0.009940065879289082,-0.18954424499988018,0.8786240879988872,0.08484249225688063,0.8120940425080843,0.7843378443650786,0.2866909256574458,0.5628053192825806,,-0.7361984673960613,0.2429384170880937,-0.14486568072116948,0.3324078609499294,0.6638208786317222,0.9617480332900926,0.47790864586238824,-1.3510263439556247,-0.22071861703365167,0.8419566704572694,0.5163074787546786,0.32302697063451136,1.1541940067687675,0.899182246255302
128,-1.0951252344707032,-0.033840594764044454,-0.824258836505266,0.32770834807644555,-1.0445609379631418,-0.38964432095595014,-1.5065569629690487,-0.334574649285883,-0.0028406227327012587,-2.1804599147179466,-1.3593987353162982,-1.177373517876892,-0.13408362119609205,-0.06996219791056432,-0.5080879100189057,-1.3236430539924993,0.3365203474348001,0.4991441611203769,-0.2916023173842306,0.4470947385448607,-0.6153088863400338,-0.8868343288144277,-1.608176727075586,-1.88703521515967,-1.4302739216219047,-0.24673303114664827,0.0562975447406486,-1.0012352020654618,-0.43150803008296124,-0.7060098263376072,-1.3940780148991363,-0.05641500405665661,1.0021734290479896,-1.6556968564103218,0.2705847512333463,0.13578095961334624,-0.11602319061886973,-1.3310758942236227,-1.1818875189719937,-1.9670228519463697,-1.595701117183104,0.18509832764237943,-1.4405301202874328,0.4595652614070561,-0.11864261983430628,-0.36918675141425306,-0.5452283987497771,-0.3839363292383874,-0.48264101045159546,-1.6051461461292276,1.1422146943745253,-0.6699372607518689,1.142681641734357,-0.4521397627220602,-0.6701433821204508,-0.24050968483683388,-0.3389961388896809,-0.31393360844033735,0.3979233856781717,-0.6276256422746787,-1.3582226759349492,0.25182023380270946,0.3499832843555117,0.3931773920101179,-0.3182991499511142,-0.34305307510190924,-1.0770125961490453,-0.3375369932746968,-2.1193678754315104,-0.29282116619785237,-1.1984758642531306,-0.2554113130796624,-1.2527308797920216,-0.3423788376735752,1.1461941690109883,-0.1535199378024306,0.8636099988428731,-0.12013896084892338,0.1660420930948222,-1.2554295961462743,-0.1429516071408917,-1.3069590384529919,-2.2955952852571397,-0.7794858557305006,-0.14570165887660322,-0.7627180512089546,-0.3086037598633001,-0.24392582663724174,-0.25667948386711914,-0.8457169219140426,-0.1774725391267066,-0.6424315275531298,-0.380119169078562,0.3087726091727745,0.042181646624192305,0.13270481182848318,-0.9376391256076356,-0.3566937858600878,0.30445583130238735,-2.417653863746019,0.3323202860146967,-0.9778050057742513,0.46976863796048834,-0.2889464435265195,-0.16503549731282552,-0.1893453506094516,0.5474807004203635,0.2725996580673302,0.4127480429746003,-0.26382409441618054,-1.9122616039693563,-0.0019692374645010873,0.29740815156976697,-2.2651094859600747,-0.3299036321415374,-0.15939637758817574,-0.47554452858344987,0.20466517464421527,-1.0451596794393352,-1.6593390102857568,-0.22188882059869428,-1.1956713543362394,0.3044550467608366,-0.7806785783179552,1.0922517800405298,-0.5751682714594444,-0.7361984673960613,,0.18130200114248204,-0.9854553107897661,-1.583308653887091,0.16467261123657861,0.33753741314825114,-0.8861567349493122,0.08120293547001668,0.45874632129246873,-0.7208811987430792,-0.7337606201734094,-0.5972353070313183,0.03207603400554229,-0.2218788550911553
129,-1.682093055952209,0.9827886811166455,0.7845125632560869,0.8161654217638508,-0.033822586361400196,0.06275718061531024,-1.5125021872072746,0.4880918106407938,0.9101332704454765,-2.075399378814042,-1.5306590382810845,-0.4857583522105549,0.7669483711568444,1.1120437130882947,0.35149500280675516,-0.5735564550553474,-0.5601178771437331,-0.6908112683688269,0.8765397588076168,1.7267630304707766,0.3264646276455317,-0.13747404206964847,-1.533379072650871,-1.4380664838964767,-1.830467040570387,1.2850338447921106,1.6081909377637307,-0.3332522665930584,0.2911450336207237,-0.5221111250574052,-0.4589252794324397,0.4269844690208462,0.8628989718236258,-1.7368443290598399,1.550520843259796,0.9311377577727422,1.2350491794105367,-0.7348016823820531,-1.1420554238357745,-1.2600549496889972,-1.9773597041593614,-0.023804852187831523,-0.9477858887992414,1.4726117191598935,1.3953677906266972,0.9532370019591268,0.20268287785562947,0.3665248704505052,0.570388813455995,-0.17589298904438178,1.1801892884354943,-0.062147712293945966,1.2014585007729472,-0.2344169183107198,-2.0806238393231604,1.2097593632180652,1.0463108868682807,0.4663597701583776,1.674692447121162,0.36490692022317495,-0.9766610509489844,0.9387654832555719,2.2248340722295725,0.11856172057255218,1.0979584915474458,1.5017149982352418,-0.17381580767628246,0.9904165012116689,-0.8752954548167665,0.31130198657186126,-0.08834726034539085,0.9016178641149033,-0.20230565644173248,1.4824560578614125,1.1117113370440743,0.37307129691437924,1.5076187577655975,1.386373700330416,1.0097925650590267,-0.609360113103185,1.5655592015024393,-0.10317030699899375,-0.719531819393778,-0.3599645669420372,1.0223372704453955,-0.12443080124055038,0.39640567769758495,2.199072340853847,0.3623825165635785,0.3486315025209461,0.8293933255906845,0.3475585015925288,-0.8602702116448676,2.114751568318322,0.9971899414709408,1.0280800759111166,0.02486325585254369,0.9461373321477684,1.4774516430922988,-1.4415213144378587,1.0602377146926116,-0.07585227818939745,1.180037489909547,0.22242801503785084,0.7058615168897,0.9365617985264229,0.7124718757072058,0.909077801039888,0.4785940280655581,0.7140140592067603,-0.451112529517774,1.6839265879549559,1.9482537124931598,-1.3186145122861341,0.7750789685803741,0.48487402958623227,0.05578816508749226,1.4541554879614025,0.08066120301060649,0.10510038588477033,1.1194067387295918,-0.44237587203285517,1.1602767832728451,0.10113614488176313,1.4284813475753952,0.6000983605876292,0.2429384170880937,0.18130200114248204,,-0.7500020323903552,-0.5803570692594704,0.9787251304263739,1.4777019903268653,0.5775166143664334,-0.35895943559226845,-0.2731010944346045,-0.019316580995035103,0.4331684887844679,1.0619566897488848,1.6419630458328236,1.5777677836503998
130,-0.8884457017581798,-1.2242751062615918,-0.7514198757273016,-0.702261102785081,-1.1927178493784207,0.70520338264867,1.082699786118114,-0.9719116390753724,-0.5033213079991256,1.0130288899032942,-1.3428911889611503,-0.7507689643174281,-0.594085332661261,-0.8265121481090193,-0.07775035201275553,-0.03635902290136165,-0.07107299657316266,-1.891913796862004,1.1465160906932501,-0.697334540341756,-0.3479126954917371,0.4477560631665587,0.12598748984778235,0.1899449460750714,0.3797504947533454,-1.0459160535899716,-0.8216948108108385,0.10731982127064768,-1.2502728014905975,0.9668627039039757,0.405508942283937,0.519643163437116,-0.6554448972361534,0.7319707424936237,-0.14069242340399565,-0.03132470917448245,0.331812737937042,0.9582964262839412,0.7412793421052271,-1.2198261297828452,0.05067405596541391,-0.8393702559222415,0.1559231369301276,-1.2349742982026242,-0.31933612955766627,-0.215691535905139,-0.01022387144774608,-0.26680251927164483,0.1174451747539979,-0.6975175433354999,-0.45559372630129746,-0.18801456371201,-0.3736757039229438,0.20193083857486696,-1.8858221531436699,-0.5173957868779259,-1.1632840071143664,-0.8818900023354251,-0.42713389960385806,-0.6035385013818682,0.513334838741221,-0.2081282959174875,-0.46227433045490535,-1.3123290385620825,-0.529510631664821,-0.9068717749884884,-0.35613087190041304,-0.9666843515004891,-0.42881325602672304,-0.16576309736692774,-0.7884650723733532,-0.4617254250781419,-0.4444424986154032,-0.3321804755949294,-0.8442466437411109,-1.0430891885497173,-0.4679858350078224,-0.20618757771032034,0.10376263239090669,-0.3993315720005464,-0.025904526373175227,-0.2553555550190368,-1.5386143762315645,-0.5406177147964037,-0.167947217609233,-0.35323427753088593,-0.3722789062719142,-1.3038970400621517,-0.771062406577703,-0.3149208152335547,-0.8984915761685669,-0.9193038299146028,0.18198982263758295,-0.26789821952263526,-0.6835111011064644,-0.7725616859649053,0.1894568721328566,-1.090803878761345,-1.011791697900315,-0.5547963514145607,-1.2489004198550657,0.1850490875934295,-0.04544600905513032,-0.45446060860294707,-0.3707863166962077,-0.11624889539765472,-0.36052557259798496,-0.45718364190497857,-0.9738572846420062,0.8413479806202707,-0.7462152552754019,-0.5647924723525356,-0.5944521777829954,-0.913395836579892,-0.3691982050402872,-0.04648405586744818,-0.5100985986145256,-0.3471974968234511,-1.1570191048149168,-1.3526847094256305,-0.11418117124376329,-0.913982392583584,-0.31173943986098046,0.09368347510546,-0.44743767803473017,0.7762814035775143,-0.14486568072116948,-0.9854553107897661,-0.7500020323903552,,0.90453180557427,-0.371062879002889,-0.4903179263625804,-0.38574966789958237,-1.1192408488356806,-0.2922895177393275,-0.9020381415571687,-0.7562505864599275,-0.18141024835302835,0.2840951553357202,-0.22324791519174786
131,-1.358112090256294,-1.500111785998273,-1.2144320867142995,-1.2103182314440117,-1.1722040868615682,-0.5415555576535417,-0.5585420511219371,-1.216052419166372,-0.6621339577462856,-0.6482678000892024,-1.7144550889919121,-1.2441171167407106,-1.0491494681108977,-1.0683307643288664,-0.4194880486983436,-0.5323363184058884,-0.9082241608044939,-1.947289845854906,0.3852035003870857,-1.1575570208102781,0.5717060418560672,0.3923524026796049,-0.383405637473208,0.41077610920198354,-0.5190647069869706,-0.5111710944770618,-0.47348885413671155,-0.7109356476071998,-1.3946248798792458,-0.1813168535712208,0.4890698290177053,0.07542590039603984,-1.2877918092616305,-0.5343727961536451,-0.43873354517569946,0.4853876863759939,0.5852077957209204,0.3642791943882056,0.2068957682443729,-0.782552861838113,-1.18554303161976,-0.8977507673342191,1.3306059218225637,-1.6325470072172215,-0.1176816309157177,0.2840433167186767,0.007220000810584895,-0.31325179479140713,-0.72911311001539,-0.808848396928167,-0.5191416086473659,0.04322964709807307,-0.6683667501786766,-1.1595658238236015,-2.2249370799525776,-0.34480829122133305,-0.7291227944417288,-0.762897644384423,-0.7726218259551034,-0.2760942626422132,0.3959249891590636,-0.09166701622170224,-0.3620937921069237,-1.9533818954133229,-0.333959114901285,-0.8903461471773807,-0.7439558539198279,-1.8048899573027448,-0.3478813297851961,-0.1890909136690632,-0.48466529349939685,0.15619916353354604,0.2587029428885804,-0.2592428243162199,-0.7671052872637436,-1.2112245296190136,-0.6243313166481904,-0.22088876409514846,-0.034258509732053896,-0.17571835094869895,-0.21891991609050118,-0.4654422954430495,-1.236443978361209,-0.6734077068413741,-0.5145002201470532,0.9507030803917998,-0.039559548545387,-1.272638316726728,-0.4230025960028483,0.5998124957613008,-1.612559731637933,-0.8040506649456495,0.38896076496099863,-0.3340968337865751,-0.6401353464138366,-0.6640226344907338,0.3110642558801985,-0.46033362088958585,-1.1202485949119891,0.07035009364821093,-1.2157886404778369,1.3279102880101472,0.04680573774872794,-0.2659485584872736,0.5250851303911512,0.8746407910728128,-0.9716350741093057,-1.0100939243742988,-1.3741347502587613,0.5491240121085825,-0.33425053298944424,-0.5452048436933022,-0.9012305456043332,-1.6901943154555326,0.3359726995724678,1.120934623507014,0.47328493647861547,-0.36461752958574334,-0.9220630218052936,-1.0441412699919792,0.4920541383929528,-1.046783322367827,-0.059431205055760605,0.9126860271314304,-0.5506071841823724,-0.27342086160594375,0.3324078609499294,-1.583308653887091,-0.5803570692594704,0.90453180557427,,-0.37134260740699476,-0.1447309807162766,-0.45492471116476074,-0.994515142952505,-0.5680976757020207,0.2189332133975442,-0.5163426972737641,-0.6825936155933194,0.6376372235002209,0.047286296816304335
132,-1.5152959760071476,0.9956002125598393,0.5829338769126845,0.031477152757657556,-0.3545166169184615,-0.24437424104058145,-1.5873004903713839,0.9162496360187176,0.4502142625202634,-2.1087350666672693,-0.4690481995333363,-0.5289178963884992,0.5212807815433756,0.4095823242597701,0.44681381546395604,-0.09451821693100805,-0.2659300616953035,-0.6701034264148213,0.24388815424942187,1.0723370451039391,0.5788212981268855,0.1931771507574707,-1.9407920011852622,-1.6522369782159823,-1.7983898308452881,0.3857757165862775,0.7603026014495,-0.6831843400368451,1.306454569694758,-0.5776596974857557,-0.44252211787018403,0.6796247129551727,0.22087611619933564,-1.7451660276636956,1.1239757365948726,1.0769674118812427,1.114387694387885,-0.3419546124096995,-1.331010300600918,-1.260025543338854,-1.6309950648848088,-0.09906004119202164,-0.7097871402841227,0.7209496195290954,1.351617932597999,0.43222292880096164,-0.277026883059288,0.7676335680365636,0.483126012280306,-0.21877328668414822,0.4649145361858146,0.9106753705118402,0.5926765555476711,-0.013982052436357615,-1.5341076481437974,0.687486603807299,0.9657362338578768,1.7060476232884452,1.1258787110964557,0.9841545073482626,-1.360137682532959,1.4314836568408573,1.8636484015081958,1.032763449574426,1.1851906378909767,0.32898462421340463,0.6338962826980208,0.4348498576477689,-0.3130750921283772,1.8077539632438069,0.09788199167247427,0.6679573950955253,0.6901370792849919,1.4615741675105753,0.5764588290353326,-0.20653254047307876,0.7415278042044143,1.3197681408916935,1.3441228351647472,0.4267366696916493,1.452518325976139,0.7660578894581592,-0.8065897945257502,0.4742197787461157,0.7463912273886276,0.5602220768973042,1.4921250160047161,0.7285584915009264,1.3605309133564765,0.42029815950509386,1.3896702946184112,0.6376647757259934,-0.13470263669228633,1.480889070286988,0.7596741273139308,0.49594180101035806,1.0722145817325186,1.4765526925560384,1.0229290994050755,-2.0367776438309746,-0.1705701146371958,0.30674731382220644,1.1266685988460126,1.2367844182605507,1.1195676166746709,1.5411171713821432,1.3586058392572515,1.2794849489752622,1.1504218031921263,0.15795250057432025,0.4612367885706958,1.0220207881421421,1.2902962249203656,-1.1670459826628858,1.2290030576995599,0.8419736930377971,1.304577450305406,1.6900844872068315,-0.13001218571614392,-0.3229690251608302,1.5876139613567495,0.19655779314155858,2.3380907118197056,0.5772958012364855,0.8070373689072253,0.8545932906148406,0.6638208786317222,0.16467261123657861,0.9787251304263739,-0.371062879002889,-0.37134260740699476,,1.7564972433423949,1.2839157178874683,-0.6479743287178691,-0.6135091390463514,0.8178216196156475,0.8113165121480304,0.8917925448269827,1.1031141451190678,1.318098472352602
133,-1.2645280048384024,0.8610973315131834,0.4191993149748274,0.7109214332918787,-0.17819148624843992,0.06328085987715275,-1.1238512680198218,0.4210141182562368,1.133260886012238,-1.7417945687475074,-0.16246991168836236,-0.34517381823290266,0.9596792511001636,1.178455798180391,0.25838203800817816,-0.10242886282202107,-0.08353192927998586,-0.2739453758083194,0.7657422450451972,1.4517152377481848,0.82403481355814,0.7127113472333775,-1.8704022476399056,-1.6369473229086795,-1.7037709292562384,0.6506569162158063,1.3861725639260387,-0.6836971419401465,1.0769707042767152,-0.5572692623854242,-0.4992250803327504,1.1480997717258545,0.46892284454774474,-1.447309798033451,1.9224545086950016,2.005550232035148,1.2463159062255962,-0.6045798559265995,-1.2440165895487516,-0.7841479296669687,-1.2937494198316553,0.01346792844759256,-0.46608802616949163,0.910956750258984,1.4968739879370383,1.378801632069331,1.0060455601190084,1.255242923215312,0.22983832330361142,-0.26700837963774215,0.8246613758381947,0.6727994822853833,0.9711804064757272,-0.2716294234162772,-1.2825268726217762,1.2070138913700101,1.7251189407979743,1.4959072328987528,1.5269871064517468,0.8039991543040813,-1.296978227076437,2.11022372750866,1.9018626182135796,0.7150660535503437,1.3971011010153123,0.5094022406000562,0.2451572468810707,0.6030790844253361,-0.22308458615822474,1.4313542862298458,0.13896735879183508,1.4378359299476888,0.29040768412043694,1.758754695598726,0.9510621410633696,-0.08848706525381937,1.5169061036825398,1.8850709511587134,1.2774571627553162,-0.0027783938149514072,1.6752990074633587,0.4830909735702332,-0.4598001211841747,0.33949959720428013,1.182903916470952,1.0934913102422417,1.477815332270385,1.0782842113080284,1.4582158716575397,1.110284049885474,1.7932491720850139,1.1773892739073681,0.07649364522801086,1.7843917582565254,1.028405553336771,1.1169022793630652,0.39344215337393534,1.8860500862409748,1.1439499617130853,-1.788146384488786,0.5330035581378422,0.591790824772375,1.7439513164341187,1.2623486464267488,1.8506064336273083,1.7145640016533468,1.8395815626089642,1.652332057192671,1.3776241963076574,0.5922499262891989,-0.2740590753651576,1.4441815924193482,1.4820216468408804,-1.4107151798532662,1.329699894014897,1.1990657307439274,1.4406825683826952,1.9173057431787688,0.427196528439303,-0.23146344262207552,1.4467708011410978,0.09851024468015565,2.5343832871469156,0.8929897654727648,1.4408214601427927,0.7444044013750354,0.9617480332900926,0.33753741314825114,1.4777019903268653,-0.4903179263625804,-0.1447309807162766,1.7564972433423949,,0.8243292377810483,-0.453214960963405,-0.31774014843880966,0.8483657522002904,0.8047892350946237,0.5562482467672679,1.6894460159719031,1.7438490981582189
134,-2.1850198502413067,0.4172287554609732,0.12121909980061678,-0.330187450753246,-1.0911134652290506,0.004504210925762305,-1.773380696262692,0.6589105294385343,0.21860269990641196,-2.301240378000567,-0.6917857226718305,-0.13677541544820657,0.02058768307729086,0.11807452991588302,0.5419598720934393,0.21877764321548682,-1.1681955890156694,-1.4801454567180166,0.22807836625327485,0.7344431652609255,0.4344850268292545,-0.27357389871671456,-1.7694858635542323,-1.9887511297498202,-1.2879615564699358,-0.47919555427800925,0.2964442816055898,-0.2203510752879962,-0.30934303181377276,-0.28883578135439747,-0.4385136858455271,0.9219729956185293,-0.2030779878387098,-1.6729702118204064,1.0002763115597644,0.5078408046574675,0.6378504871076371,0.04074580922134056,-0.8775053387222556,-1.6513398183935768,-1.9496638608948944,-0.4035992934325038,-0.8926672025476641,0.47067807971755754,1.7457072322938614,0.35698596885943457,-0.42959328420173454,0.5235733303320401,1.039746816741361,0.6655940080796494,-0.046321085236245604,1.3660348973744025,0.047912838045331384,0.17112392305106455,-2.458218201270318,0.573892275071286,0.6452487427172737,0.7786961851024696,1.0842344662443673,0.6175071033433223,-1.4882692586630102,0.475760827142914,1.5801282771722553,0.2566198207616998,0.4869038089953365,0.3424260866505108,1.9715807212037528,0.517270676860893,1.0345346935566304,0.9976412422253426,-0.19681242200675178,0.48776260199610344,1.5787906673231404,1.2308429594410863,-0.026834752244937806,-0.5509712880223393,0.45831795870112746,1.1258874042074551,1.5216085732627833,0.4648722374709955,1.4291842983763128,1.6114165058471293,-0.07242325141758729,0.7835619140065727,0.9599836972426788,0.6381238603646333,0.9855849258098267,0.8230668360765386,0.9661454507631709,0.17643190320860286,0.8077378635267474,0.1931257718112068,-0.5507175746423314,1.5647294351268974,1.4184329164607987,0.7797628386092615,1.3340750776851895,1.2975457459437332,0.40803303437118993,-2.5316629968400086,-0.3642359796336656,0.5755553364372614,0.2244791398970351,0.6662945558985034,0.3471591463613899,0.7521288946444984,0.6169020297366336,1.1950194815730095,0.21357495998827644,0.16588491424107893,0.35570890415274753,1.4997025487541662,1.5521602718401977,-0.2649331944630253,0.8677911681266002,0.958095323461077,0.848676674067128,1.149718300842025,-0.17163710641453264,-0.04763790409597635,1.4287607328206906,0.5546239799800808,1.254839698197483,0.9546582498407465,0.10820334549989034,1.6028153906393714,0.47790864586238824,-0.8861567349493122,0.5775166143664334,-0.38574966789958237,-0.45492471116476074,1.2839157178874683,0.8243292377810483,,-1.5121246671939788,-1.4080286391616956,0.20936723521726136,0.5987683366479325,1.7178629904397162,1.1590384105868865,1.1789221696341075
135,-1.6174000987862531,-1.5803633341353156,-1.5528776200772798,-0.48245937593944066,-1.1252533617502896,-0.9449863315676925,-1.816688458867252,-1.2619810551959387,-0.7002373420781959,-2.3056326770078406,-2.6188958029066995,-1.260709550938575,-0.9985752829488773,-0.7133435279827451,-0.800196072590018,-1.543372279117312,-0.8317735106417259,0.2050267520326842,-0.49088494497666146,-0.5736819116623839,-1.3839262238209236,-0.5407435696346862,-1.67951496872846,-0.8921625273652779,-1.6853187402780974,-0.2927095686506955,-0.6108356247124289,-1.1154507519074814,-1.451864772796614,-1.0558487623252735,-0.34626365292240546,-0.9233309966665761,-0.19742847007240513,-1.651793846224629,-0.5585623053938954,-0.5171908491265224,-0.3061516254739927,-1.0234027957569176,-1.0592849840482144,-1.2824107369431128,-1.882735148276281,-0.3819797971364828,-1.7771293434237745,-0.7969788809133537,0.0029079564103499226,-0.49246103472015984,-0.03129773005656117,-0.8428597355953178,-0.7562497101118699,-1.2150348030593119,0.5443862006443515,-0.6514799416979012,1.2323936806239495,-1.526506382696907,-1.5952835731853063,-0.7544173116334406,-1.1296459741627891,-1.0572253621283727,-0.32572127616990804,-0.5551887414151309,-0.7335219906676792,-0.4577199111314832,-0.5005908591568362,-1.5133116412483278,-0.25449383260690384,-0.32613984178887706,-1.6073879121398824,-0.7799802953812454,-1.5738126302764426,-1.360994195395567,0.2121792236094552,-0.8494955657989438,-1.1788797859186029,-0.2262935415220723,1.330422313784025,-0.46564958188685845,-0.2408190827715416,-0.682366287345724,-0.009538112462051641,-1.20438403157378,-0.09145238317433523,-1.2377843849348094,-1.9768316863120665,-0.5160132394214983,-0.639526233997392,-1.166855808609083,-0.25936392402891295,-0.7735864719374268,-0.7529959080932633,-1.1808050987979481,-1.4176426741815364,-0.7647078275362927,-0.9667597909114678,0.1545914219919034,-0.19755383582293384,-0.42450823495983436,-1.303939513277769,-1.3807020913082781,-0.45900030151821053,-1.3374426196587907,0.3164990196143766,-0.6333537894681505,-0.3003404591679764,-0.6122589348835841,-0.8606428311127504,-0.6326599978234357,-0.6282818891901981,-1.0150398061075196,-1.2176896610113468,0.5185092842623549,-1.320187008994357,-0.21765703518798554,-0.3336494426599986,-2.0908417495024834,-0.837632584632758,-1.0925447769215644,-1.100963874754152,-0.2992264307080791,-1.0092367162351517,-1.7112758834100361,-0.4673548255602083,-1.915161546782371,-0.5690500290851417,-0.6599464188450354,0.785177806357976,-0.6636952875728656,-1.3510263439556247,0.08120293547001668,-0.35895943559226845,-1.1192408488356806,-0.994515142952505,-0.6479743287178691,-0.453214960963405,-1.5121246671939788,,-0.1228683911813889,-1.6476075247372794,-0.9455906803074979,-0.8681882043702608,-0.15121371596794717,0.04754235131147303
136,0.46578603336745894,-0.6028254760670586,-1.2669613528177217,-0.18182616825096123,-0.8337284409570256,-1.173965061029539,-0.6097644154357692,-1.0808323070589712,-0.6687010079595731,-1.0985434910040408,-1.8500502080616614,-1.1654731265404334,-0.3247184134702818,-0.5219953875993025,0.4408910159862907,-0.10521865823420563,1.5568131144574506,-0.1571664680215082,-0.14141231205471885,0.013743755838291639,-0.6526234341443117,-0.13605880857985517,-1.3775118820196495,-1.004228353296413,-1.0012191299814468,-0.7528155129863286,-0.5791995229517997,-1.2034269470816805,-0.9532739602106935,-0.6776581875051765,-1.0814826248248466,-0.6087633984485505,0.7669123669816443,-0.03752837106654297,-0.06875985871695572,-0.3054842503174617,-0.3668691403763785,-1.1164114344808698,-0.5784247422836095,-0.7752615842492867,-0.48172557575379366,-0.27616738610237007,-0.06413921496504009,-0.8974507561810819,-0.307027987923622,-0.5069818767078126,0.2605670201918401,-0.21283308035618598,-0.2390623638692785,-1.5604191165368768,1.218022119791101,-0.7748860775026664,1.2450580682236418,-0.8176478875897619,-0.8058412625453367,-0.4175941905969507,-1.2531221400589174,-0.9987513749761533,0.04137377480964817,-0.848507970250046,-0.6042008666466626,0.3321959796595815,-0.28413787157763126,-0.6374226262692665,-0.28936921413972,-0.4442592961386289,-1.488233401266396,-1.269948376275273,-1.306949996376141,-0.5299411174318625,-0.8628479480820817,-0.38687720729948255,-1.2730997451585195,-0.49948115812307026,1.0831671447490783,-0.8289309933799464,0.38401257077731066,-0.05451297127447229,-0.3709780397038616,-1.1978322013038596,-0.038851328322045374,-1.3180612232679576,-1.5156667770143462,-1.3233576774674636,-0.28190843068275157,-0.30485774794743614,-0.398610340863355,-1.0620378770166408,-0.8733130162470112,-0.2623667088857956,-1.0302345248812912,-0.5651404925611128,1.0367831606764488,0.12957496112009487,-0.5580197938254454,-0.018533022624610686,-0.7937317238309881,-0.9417697681892021,-0.5942883574796104,-1.6276312559497865,0.4771308325714841,-0.2570934249018633,0.5672217374273649,-0.21153829952059794,-0.41417319762137755,-0.14802684252655327,-0.30594519071551224,-0.6154860305313997,-0.5917618925881222,0.14818202286488705,-1.299475565041516,-0.25087267370507227,-0.49462784131086235,-1.765623506726772,-0.39762725443647584,-0.6526855133080891,-0.526971711655712,0.01335445270748689,-0.4289296268384346,-1.2902245835769381,0.11830080450338257,-1.0399702835610773,-0.578136314961229,-0.7321255173889785,1.164749074902223,-0.8666266952288605,-0.22071861703365167,0.45874632129246873,-0.2731010944346045,-0.2922895177393275,-0.5680976757020207,-0.6135091390463514,-0.31774014843880966,-1.4080286391616956,-0.1228683911813889,,-1.1856456972737013,-0.6023196498361079,-1.5462483426766596,-0.14313843602160584,-0.3459409191523155
137,-0.8056881173961223,0.049685611820527664,-0.17230079475611149,-0.3545975397934163,-0.965449038579946,-0.7028015395166397,-1.7304084578891081,-0.9273262814987844,-0.1396481099080258,-2.039514666350794,0.029690938949426485,-1.505235388794357,-0.3656289243223656,0.07225912854279586,0.2510832737488213,0.25188850510603344,-0.49553532745152873,-1.291465624847702,-0.6495591967846631,0.007623487840245473,1.6994540866029049,0.474841055819335,-2.058127142442915,-2.058121458551868,-1.9428218833713045,-0.7546645075915922,0.44111586425435795,-0.12868992271744328,0.8062737303322015,-0.9783773160513842,-0.9157254672537304,0.5480817636291812,-0.5569893693989716,-1.5102488556121492,0.1779600786518204,0.729230866606726,-0.16298609070427914,-1.3427369586547149,-1.6427094922366448,-1.7456526845133475,-1.2793198951126525,-0.8304887210298498,0.7631592209766079,-0.7426342364533255,0.4504328325651954,-0.22412106176193197,-0.6835032178265572,0.44660938830224567,-0.04694078280882736,-0.8996779366559017,-0.4055579673351402,0.6285334630810346,-0.2916414665108903,-0.8463384911488051,-0.947098844049871,0.11880431890265264,0.8132883712247737,0.769237545253223,-0.1465671203290941,0.2712368304611415,-1.8110722199134333,0.7546412069671211,0.9372940740089644,-0.07634129362276944,0.1154606979518576,-0.8418957946409896,0.05949675179666055,-0.6803235267575094,-0.9803526189813133,1.5786647515432162,-1.068925571064997,0.2371173636812451,0.6103757211910563,0.30958620393590186,-0.5750113054320012,-1.2208469522586989,0.2380558333793187,0.1189426823987114,0.5418946607530835,-0.31378674338494433,0.03349901948106853,-0.5477384063100293,-0.7174934437748443,-0.017999241843826366,-0.22632949571908406,1.8375748243935575,0.5993419253350409,-0.5548547121899319,0.646900915862398,0.6460443527225577,0.46151797442673215,1.3860468403420598,0.2755897353108022,0.21957055786608767,0.11599581892374872,-0.5711000395386768,0.5216375126016827,0.9379583402958882,-0.4247797588706243,-2.7716787138177437,-1.0436850006074352,0.5446560043235211,0.6163141840432587,0.29251977340731383,1.959525108584913,2.4557346359583723,0.48621582382120776,0.13815210999799665,-0.29371394539931556,-0.5952523094572614,-0.8551972149404271,-0.34135468793713114,-0.25073103007382314,-1.817159909735954,1.540694270244841,1.5193663346615143,2.192088855649001,0.5365072888242164,0.6731722196945126,-0.014078233405581644,1.2720203366439695,0.5522164400006423,1.2797629519016303,0.7651025701685198,-0.17204403890822065,-0.34086042330682603,0.8419566704572694,-0.7208811987430792,-0.019316580995035103,-0.9020381415571687,0.2189332133975442,0.8178216196156475,0.8483657522002904,0.20936723521726136,-1.6476075247372794,-1.1856456972737013,,1.2872559077058456,-0.2749492008736612,0.5435306069521152,0.1061354217054735
138,-1.3418275485973343,-0.014825158704299521,-0.548008372638294,-0.4670892056328486,-1.032314023931859,-0.8098793059825828,-1.9757003035404141,-0.5615430790879192,-0.20103889529134936,-2.5820143288779662,-0.6098394229424643,-1.2742444051653032,-0.24518269720909863,-0.1914577150917993,0.37921332917394773,0.25452977589207404,-0.7175799349722617,-1.3101979029351694,-0.31718845597650325,0.1807735799079134,0.34352062140970635,0.08221123161906468,-2.1132776865707887,-1.7537440009351526,-1.6836679178131686,-0.5715653674515032,0.051976668005923196,0.7775657930201346,-0.040451831321250034,-0.8692227874398252,-0.5160461333526961,0.8153763785857335,-0.6711734354918683,-1.3225218443773457,0.6043342028842565,0.3831728006404147,0.22318116944496388,-0.8002945998235399,-1.2846020715444,-0.7954693824976163,-1.435360192825428,-0.5980336000894156,-0.50849553224681,-0.47680562621009187,1.2751238220582541,-0.1711586147767446,-0.2770192915785432,0.8978878499924712,0.45929900806758495,-0.21448641970600724,0.05898858852980882,1.0320165419098406,0.26415337113851983,-0.965043514243572,-1.2772633799989188,0.2589013775446448,0.5615315302166359,0.8490438745751728,0.3441470534770313,0.5980750144299218,-1.3284719581302311,0.7668470800399367,0.8795472128177734,-0.07759677272016076,0.9178446670977028,0.3593818606911827,0.30731172344687935,0.0589881535800689,0.14684985378192542,0.7306024978943868,-0.1767894236914311,0.5584024862172673,0.3508712242351689,1.034829361482911,-0.10738179242643889,-0.7250419157506924,0.22713741692292924,0.5950951013670682,1.3159894887428871,0.20576992545218598,1.2104865273598078,0.6137572062331147,1.149638078949062,0.48455750864472263,0.23996293233137117,0.8201823032542557,1.2137594041089756,-0.022697208168911517,0.9092509893066617,0.32774137048763624,0.45573610453495816,2.8976791276473843,-0.254497000308029,1.167795717592669,0.7970653118445568,0.3855795744310009,0.19151608723760194,0.47151459090976994,-0.08682487315611438,-2.023475241486901,-0.4189426900006064,0.47956693412347884,0.7518088638645993,1.0541309898696314,0.8759965411264201,0.903228721958476,0.5690754861337384,0.3955907812306159,-0.1469363965042089,0.3808520437050207,-0.3083610110084359,0.6482893144155202,0.5042350994839949,-0.9101226456943775,1.002285975353485,0.5794915372514359,0.7911075970865271,0.9479234452005227,2.486971740153441,2.1121888927638515,1.5149174583798093,2.245762248326989,1.074957750920596,0.6430600636967528,0.6675958444086072,0.7631141884245487,0.5163074787546786,-0.7337606201734094,0.4331684887844679,-0.7562505864599275,-0.5163426972737641,0.8113165121480304,0.8047892350946237,0.5987683366479325,-0.9455906803074979,-0.6023196498361079,1.2872559077058456,,0.2277737662668159,0.8991205631937222,1.0465373196122705
139,-2.4818361723930433,-0.04739816725197441,-0.1126247366490103,-0.6144486485950806,-1.4567052500871744,1.2984278682200754,-1.6079483613846646,0.45728130827137087,0.2502452249647187,-2.2527393163199565,-0.9193296383650004,-0.15070232292021654,-0.3505743862569632,-0.022979913560934737,0.16729944134346178,-0.4224824216032676,-1.3637369866646774,-1.3926379850686779,0.6827360603950388,0.3655823106447031,-0.0331476462502011,-0.5439606847635231,-1.6762357800852417,-1.818344121811297,-1.4194804611545597,-0.2917712074911376,0.3639989433759479,-0.22010950961394155,-0.6787453925067686,-0.41480919820039874,-0.16219996263643877,0.6403317976425444,-0.06301514307533364,-1.0984583044176615,0.5987635072913527,0.2712820956926394,0.4653111146922475,0.06097099133268848,-0.9394713200336584,-1.7598787014243404,-1.1428255063749253,-0.4926272413605478,-1.1670769732404453,0.5761200918180412,1.1311051206386438,0.2907396882070112,-0.4744220498314149,0.3076301321407444,1.1806119429381428,0.16712575871531113,-0.26775507899996903,0.8737094784793172,-0.07118811909743651,-0.1462475865612232,-2.557952372524293,0.5078969668998695,0.22401798286540778,0.17663647501826332,0.8766088759672153,0.616914684333896,-1.432961590350829,0.048601844679408174,1.3998412656596206,0.009515248290343715,0.3587989621159734,0.4933174015002849,1.08694678065775,0.7561372442107944,0.06921640004631242,0.08090033650195826,-0.21043565354807037,0.36233124380348025,1.0433544937279553,1.013203345657759,-0.3016462255808681,-0.2794661539917082,0.43660929960915895,0.7818046172472137,1.257115586857575,0.0290319149259764,0.9680268869372107,0.6700573502040845,-0.6704881064303703,0.35433561445816547,0.8144288396232048,-0.26689296487009023,0.6187207039610109,1.0556359537615665,0.42461812738519733,-0.12135979569381236,0.6820639224896677,-0.26601254933895685,-1.4932230863691724,1.1771811454028889,1.0576308720897458,0.4157716008358684,0.3652358697252921,0.6458970463759677,0.4279144055931012,-2.2951972538718493,-0.16038551155289946,0.18536478803099812,0.026561209654820242,0.44312006650841035,0.06768928224889316,0.6892469996570797,0.9453010016293362,1.2913321876939663,0.4365581029838013,0.4359786845312375,-0.3096777211680562,1.1269342565033567,1.0626019042433865,-0.7067541431477896,0.5018488982647147,0.46116439511789353,0.06705249532889794,0.7084271491962745,-0.7312025150061107,-0.14287543265060612,0.5893136422368542,0.14748675940880793,0.8940028393759467,0.08211949481356808,0.03951307526183609,2.020191228587385,0.32302697063451136,-0.5972353070313183,1.0619566897488848,-0.18141024835302835,-0.6825936155933194,0.8917925448269827,0.5562482467672679,1.7178629904397162,-0.8681882043702608,-1.5462483426766596,-0.2749492008736612,0.2277737662668159,,0.9797699941497053,1.0061384759856442
140,-1.3416834194602383,0.41089259127391164,0.15407408957877147,0.28161514459296805,-0.5579531949198052,0.33650673229844813,-0.42494876620219185,0.11821678668624315,0.904285803683028,-1.195862298479268,-0.7389053900310381,-0.10646904293461533,0.5123866866993927,0.7053039738948823,0.9921261448691966,0.38103936195964844,-0.2506165066001037,-0.7247864502755216,0.8712268848339473,0.9201578626782339,1.3437365377437185,1.0096331795526332,-0.988798131347839,-0.9198624822166018,-1.088677499479136,0.48051258416897197,1.317586132989436,0.010774280217482776,0.28632297061537587,0.016121906393183057,0.5901413328762093,1.6416088020605122,0.30505585592159395,-1.051394467080231,1.4993125090773263,1.8212505405853647,1.6496713499943525,0.24118423290150487,-0.41602357400306084,-0.3399223617239295,-1.185472486576599,0.09399375918654836,0.5705311538296872,0.5089919915579022,1.9404621333320138,1.5015512894448584,1.110801176655293,0.8221281136184176,1.0762270697440988,0.4754036256269537,0.9171962441574637,1.3292622652771395,0.9964229963096464,0.256627421073419,-1.6138643456758641,1.547250889770812,1.052355496087729,0.9657038947550696,1.2500778502971104,1.1232618616260834,-0.6721422383742971,1.6774307027818316,1.464545627301255,-0.04650099344748264,1.0785242606669476,1.4479925806827443,0.8830239715328764,0.5558092733666429,0.7365396088620798,0.6312035357190386,0.2598007593127158,1.806741732713504,1.041618996552215,1.6000007042433626,0.786341728494836,0.375069922495142,1.3392121783500686,1.7076811395377989,1.666493893465682,0.4560182544162488,1.6341283917261484,0.9417833788460912,-0.31004443107912566,0.5071903064305234,1.2203733336114728,1.088469802605667,1.31922568224802,0.8555380129255699,1.170790125341064,1.1678976219119406,0.8644064655582285,1.0512090350178416,-0.07596982350050287,1.8540428040893606,1.4186507345972001,0.9945564363091127,0.627728578459164,0.9913710615989881,0.9772092313054667,-1.221571895334326,0.5455894006198317,1.1499031446103922,0.8404348992418842,1.1447380364027635,1.6238386896584989,1.3960431783917682,1.2307516768582623,1.224196499086622,0.48019367848764577,1.3710546178053236,-0.14380806096076867,1.3385291195218887,1.4671209327055401,-0.3677624545310807,1.6981534445534148,1.3748337158367503,1.0299784962403502,1.2176415164839542,0.37367548431737474,0.02920246719368172,1.303545908012017,0.0270861738330762,1.7082154282360624,1.3212789814024748,1.2061348743703293,1.2003391273799244,1.1541940067687675,0.03207603400554229,1.6419630458328236,0.2840951553357202,0.6376372235002209,1.1031141451190678,1.6894460159719031,1.1590384105868865,-0.15121371596794717,-0.14313843602160584,0.5435306069521152,0.8991205631937222,0.9797699941497053,,1.722683839640781
141,-1.702380233049534,0.6264186762404987,0.27742215038258544,0.2096296211190037,-0.49522756540414326,0.2701979919232772,-1.3454921002927231,0.736898864456017,0.9224513123045521,-2.019755711582522,-0.8722640583624697,-0.5521187401656823,0.6197889232081051,0.786913907173719,0.5186136350736942,-0.09103334104125985,-0.5772093248177187,-0.7238760852103706,0.9498442974186798,1.1652997466410393,0.67697915963249,0.8486309428606573,-1.70214132519396,-1.2766154957356675,-1.274348629090413,0.4667471991045123,1.1041213700693486,-0.24948883555793835,-0.0007761383618470344,-0.1222301435075432,0.03441477583409855,1.2202860611910318,0.1519149587940007,-1.2396077966348502,1.8940615479623797,1.3717138670665603,1.4809662307666829,0.0763566297089522,-0.6611175703122777,-0.6501930633214561,-1.5007304615619323,0.25792642135188776,-0.456882911456448,1.1179256646951556,1.7872814664458494,1.1454818172816807,1.125931355268274,1.532397434341682,0.6970759281038217,0.2535011875047686,0.7215292377548967,1.1096843589800724,1.016456590520421,-0.30542118369296234,-1.8932121374348707,1.175740882397575,1.0806219267810904,0.6835095312387162,1.7664518554256852,1.1771361571343768,-0.850899297171468,1.367407328532695,1.6137978779327788,-0.046164276088578454,1.538057401210791,0.8860018428456987,0.651241086143309,0.7245726244482055,0.5592663705532263,0.8874262691455184,0.2410271530882514,1.1904898161550044,0.38417291652169605,1.4870197652476436,0.8324629420601755,0.2088651972947959,1.3159031278752709,1.670798960804784,1.7654634410980128,0.3204242647312193,2.0272271777071422,0.9564419331417757,-0.28029775488858916,1.4669469883502773,1.6900089637186086,0.9117645476371253,1.3939706934361624,1.4700258779651083,1.0636513280619768,0.7569446490686403,0.8165711845397481,0.9537098017827494,-0.3436124794994617,2.172999833199341,1.2992313957611905,2.173864536730173,0.7164459042730034,1.311388765243182,1.110096502988324,-1.3577370055285671,0.7116331641111671,1.2201444513341955,1.3341760094634751,1.242263730403017,1.1046043074535603,1.3202740038039429,0.8460716502618493,0.9072136325092084,0.49450530296308554,1.169881831339408,0.27390629455966786,2.3434444099916756,1.988693288392115,-0.8865373767734388,1.1628737812428904,1.0761424487829683,0.8294419361522737,2.2119902004097036,0.5231420624783056,0.1250579542017689,1.5815024807971954,0.01817616031245559,1.3818432358862478,1.2747852464039027,1.4180680791108107,1.559365949942681,0.899182246255302,-0.2218788550911553,1.5777677836503998,-0.22324791519174786,0.047286296816304335,1.318098472352602,1.7438490981582189,1.1789221696341075,0.04754235131147303,-0.3459409191523155,0.1061354217054735,1.0465373196122705,1.0061384759856442,1.722683839640781,
