,1,2,3,4,5,6,7,8,9,10,11,12,13,14,15,16,17,18,19,20,21,22,23,24,25,26,27,28,29,30,31,32,33,34,35,36,37,38,39,40,41,42,43,44,45,46,47,48,49,50,51,52,53,54,55,56,57,58,59,60,61,62,63,64,65,66,67,68,69,70,71,72,73,74,75,76,77,78,79,80,81,82,83,84,85,86,87,88,89,90,91,92,93,94,95,96,97,98,99,100,101,102,103,104,105,106,107,108,109,110,111,112,113,114,115,116,117,118,119,120,121,122,123,124,125,126,127,128,129,130,131,132,133,134,135,136,137,138,139,140,141,142
1,,-1.4120325006088006,-1.1911553663080856,-1.0222797907621692,-0.11612008540913918,-0.660661297475274,-0.6709273708821185,0.1893267230713825,-0.2926241689979012,0.2445460066465612,0.07888815592102516,-0.3076468291052256,0.040089049984849336,-0.533691913913929,-0.76796749312356,-1.4424312826131007,-0.7360026527977392,0.29976529022173987,0.048489373916725,-0.4904735577159882,-0.6389625305562983,-0.3586959866288297,-0.08676969480451088,-0.4352542741408095,-0.4352542741408095,-0.4352542741408095,-0.9702782320073703,-1.1272360676475826,-0.6854817990461526,-0.6561314084415243,-0.9919769989263467,-1.0698749019521476,0.041237443306337426,-0.04855074832471659,-0.3076468291052256,-0.14152074643639864,-0.3369972197098539,-0.592043568991179,-0.5174510328759847,-0.4352542741408095,0.5758617080976338,-0.7360026527977392,-0.9842568363726683,-0.3282972046245295,-1.6611357062622247,0.0008326514264367115,-0.6504956838380958,0.10451551461501535,-0.09507001681457089,-0.2524275455300475,-1.0120990706736332,-0.2146655482200325,0.18298924143955245,0.6863002752479912,-0.29999520541957364,0.023668872345846474,-0.12556880074068671,-1.729949757150957,-0.22680018683605674,-2.30007092684541,-0.6864020083094373,-0.41808539625558355,-0.5851609857746475,-1.696597781284596,-1.0254975155825496,-0.7531715306829653,0.2713428964643933,0.0191389833120967,-1.0254975155825496,-0.16473613669833778,-1.2207862252156465,-1.4672517841839794,-0.4728364478874713,-0.1039385726897369,-0.2948650771136237,0.2886617564387974,0.048489373916725,-0.3369972197098539,-0.5557016433589784,-0.7085097282989229,-1.5135681698858061,-0.8130892440817359,-0.9686905502698946,-0.7360026527977392,-0.8385006609202124,-0.3161156919051278,-0.47655920562040094,-1.4115642686655097,-2.1040142941155735,-0.9965279151131268,-1.024006713061427,-0.35323810074779816,-1.0572594731203426,0.6589901978347438,-0.38114357275507643,-0.6302625154709739,-0.45912541030748183,-0.0725960567756817,-1.6709704225906057,-1.1579839757838888,-0.40921684038041695,-0.6758537871135465,-1.1529020778301058,-0.41808539625558355,-0.6168166694963859,-0.6340329484472835,-0.5459371669181462,-0.5837432469811196,-0.8636100978333232,-0.7665699755918817,-0.08676969480451088,-0.16263935389899348,-1.1701654885032908,-1.772698592664501,-0.7494010977066556,-0.4289048770542536,-0.3601088998190866,-0.9039833399072488,-1.5677734040594982,-1.3629091643888915,-0.03503190886340954,-1.2042658996709046,-0.4046869513466672,-1.612850344856966,-0.49027067492796106,0.3013895054201485,-1.2767734318875648,-0.9276021158028364,0.1618081414424249,-0.9686905502698946,-0.8771891280844034,-0.6559285256534971,-0.8253403730569745,-1.8114976986006768,-0.8286600582383488,0.6014890667916241,0.4670473561456851,-0.45958030040364656,-0.8757044142926158,-0.18858124035626245,0.14494933670178506,-0.3316865060617401
2,-1.4120325006088006,,1.4727686902094097,0.058406321191563436,-0.7787514883112839,-0.7577014197167156,-0.008295967979973777,0.4788215858561923,-0.6669302402390781,-0.28282632753434767,0.5892601530065502,1.0176159766990638,1.0418563188135608,-0.672324888413797,-0.6709273708821185,-0.41808539625558355,-0.8464412199480972,0.023668872345846474,-0.7494010977066556,0.006499994460620466,0.21495408176537328,0.08305828197260033,-0.3076468291052256,0.4482542630620499,0.22737712876133517,0.03132049603149899,-0.08186352630213639,0.7354236114679006,0.5427408845166959,-0.1335304975709254,0.7636180188174106,-0.12556880074068671,0.5657517656549409,-0.6255640856473825,0.1475058844051202,-0.23856086867784024,-0.21316020765058077,0.36228707135056504,-0.02047748069937606,0.03132049603149899,-0.41808539625558355,0.907177409548706,-1.646888239274813,-0.7148321896507809,-0.5681720914206131,1.1909254511102525,0.5036764294252563,-0.41808539625558355,0.26664446664080194,1.3487862395321157,0.0922866008299415,-0.8390780046423824,-0.0526838553017565,-1.0807167991577282,0.6691313973627652,-0.6389625305562983,0.6723216708826939,0.5892601530065502,-0.5837432469811196,-2.2440447861471196,-0.8321297416841692,-0.3076468291052256,0.2962837925876625,-0.3713349754803059,0.654318617462358,0.13033700651989416,-0.5151255184970246,0.3504546847631693,0.7415195588231699,0.7243506809379439,-0.9028689686734904,-0.2524275455300475,0.07935638786431606,1.055666382389016,-0.6643997250444906,-0.6805522169371379,-1.4120325006088006,0.6569498846433629,0.10692975954316626,-0.5482847193887876,-0.07786679693115935,-0.7618345266937555,0.6256928754451887,-0.6121656407384661,0.07540665828694725,-0.08184011269549674,0.4356740205444388,-0.3071785971619347,-2.435329995566646,-0.12641782281918248,0.15252585980370068,0.22737712876133517,-0.39462807021819796,-1.121425321479892,0.14145733811552244,0.6950002903333156,-0.4973443567872761,0.45279988915827296,-0.7740634404788299,0.18670565755623497,-0.11612008540913918,-1.020567933473535,-0.3798321077776031,-0.08676969480451088,-0.7124592742061491,-0.3161156919051278,-0.8050332476986553,-0.39245803756159336,0.5720912751213242,0.5034735466372291,-0.41808539625558355,-0.3835164881997082,-0.15918053766740692,-1.8334961566731016,1.2384931109997785,-0.22142618766245467,-0.05573552680386692,-0.13091336985474675,-1.0289790132166274,-1.694224865839964,-0.6728428101946763,-1.16604695319111,0.8101372873072649,-0.18392091366578717,0.17236072797418367,-0.7882002036428314,-0.22680018683605674,0.01663126609961384,-0.7153152582039012,-0.5565282065496536,-0.021874998231053957,0.032330235942637814,-0.33587290045793505,-0.5306227801181703,0.6270903929768666,-1.3163898958990372,-0.5969149942233052,0.29869370720826127,0.8494918214468407,1.1670803474523272,0.09530833356002802,0.2701473328318043
3,-1.1911553663080856,1.4727686902094097,,-0.47678617746483953,-0.7787514883112839,-0.426385718265643,-0.2439690647212833,0.13410743949620382,-0.23997193407824235,-0.28282632753434767,-0.08676969480451088,0.3549845737969191,0.5074706772802695,-0.533691913913929,-0.2439690647212833,-0.14756725881311178,-1.0807167991577282,0.46542314094727594,-0.28282632753434767,0.006499994460620466,-0.7789930225878441,0.27911491470243655,-0.41808539625558355,-0.7665699755918817,-0.7665699755918817,-0.7665699755918817,-0.7360026527977392,-0.13328896329436518,-0.3541660975950799,-0.7961619004730701,0.001970105426870692,-0.12556880074068671,-0.15284280117654517,-0.8330427750391809,-0.5285239634059409,-0.14152074643639864,0.22859406095084925,0.16762795615240672,-0.35179318215044814,-1.0978856770429544,-0.7494010977066556,-0.7494010977066556,-1.646888239274813,-0.16263935389899348,-1.3298200048111524,0.792968409422039,0.3434514205151217,0.10451551461501535,0.2744646311162966,0.3300913529170299,-0.4046869513466672,-1.2086126525732492,-0.3396116694310464,-1.1911553663080856,-0.5322943963822505,-0.6389625305562983,-0.12556880074068671,-0.07337124989559454,-0.6281311343029023,-2.440101418876956,-0.5893618860679963,-0.7494010977066556,-0.03503190886340954,-1.0339663783824506,1.1670803474523272,-0.07714168287190477,0.2713428964643933,-0.3169481414492859,0.7415195588231699,0.5969117766922021,-0.019360431470630973,-0.9150589484321923,0.7285893458575444,0.26559607524113005,-0.6657972425761686,-1.2461434975978414,-1.2767734318875648,0.6569498846433629,0.10692975954316626,-1.039825429749995,-0.07786679693115935,-0.5261614299524465,-0.01913133323846054,-1.0673183542488118,-0.3111283267393035,-0.27789674542533294,0.7657960606654648,-0.4176171643122926,-3.429277099919863,-0.6233913749957906,-0.275829963888813,1.0824632722068481,-0.0633123687671253,-1.2318638886302493,-0.8524897662376949,-0.29894681401990125,-0.1278097088564092,0.7827180730776677,-0.5369928262058425,-0.495352572881744,-0.643492419590048,-1.1310065006238923,-0.3798321077776031,-0.9454577304364924,-0.47678617746483953,0.13903702160521797,-0.681196235639382,0.17453076063078826,0.46165270797096625,0.46165270797096625,-0.7494010977066556,-0.4939550553500661,-1.1687679709716128,-2.435329995566646,-0.28282632753434767,-0.3318647548128126,0.15379227014389574,0.08996376444596799,-0.9051420011573532,-1.2672665596791284,-0.9185404460662695,-0.8347312517400376,0.3683830187058349,-0.07340962720641969,-0.15895497347688842,-0.7882002036428314,-0.9850741944479652,-0.9658210622826312,-0.8273675396004825,0.13569512123368013,0.213798098510255,0.17236072797418367,-0.5155198565009537,-0.48623489279638765,0.45221486024415797,-1.3163898958990372,-0.6925575989330683,-0.45958030040364656,0.6838339707213047,0.18572483088491448,-0.015130233590329346,-0.00037080461066800436
4,-1.0222797907621692,0.058406321191563436,-0.47678617746483953,,0.4826027653966713,0.5151601342575105,0.6285748919516885,0.6543963838565673,0.8844806992122694,0.18540627672625745,0.6543963838565673,0.18584522543730517,0.23804277628239734,0.12607164844446356,0.03735625259699458,-0.7452315384173042,0.2544629539213996,-0.6909640893110967,-0.6909640893110967,-0.22534172036998248,0.7500389885663304,0.5644412468193335,-0.8081018789159122,0.1059739810810896,0.42403705447411943,0.2627115711955068,0.8685742957028239,0.41790128673976,-0.7219828099164562,0.39429931274205743,-0.6446029044857703,-0.5780175635602102,0.6744331022855449,-1.472130799349735,-0.2319287257201008,1.1090308996015232,0.3223939346032162,0.5483082607521507,0.48907099576116564,-0.10820393076516752,-0.14547047601376747,0.2544629539213996,-1.9989229740742624,-0.33799542662305854,1.0872787193519478,0.36867195404806724,0.27218578742797256,0.17590575439377293,0.9967617518080383,0.10692638231228394,0.11443246188985379,-1.3643704566340684,0.014463550170264267,-1.1394175803669844,-0.2987308721643875,-0.1956554824132825,0.058986480647944387,0.0874075856641857,-0.42966363387579753,-2.6340612688074483,-0.34291554070313235,-0.35964838786002457,0.359583322592979,-0.6358015700056552,-0.03503190886340954,1.1133924387686593,-0.9051420011573532,0.049537765316396865,-0.0867922185732047,-0.5296325455953864,1.7613692453144452,0.3916984108895897,1.281096339079771,-0.005714788591644997,0.9268145649530178,-0.5611654375910359,-0.9051420011573532,-0.005608609833345337,0.5888820621033599,-0.599309577675052,-1.2009693970077049,1.3345229638919347,-0.10718205727607392,-0.008235019045577418,-0.23673965787958898,-0.1402771210910557,-0.036829000509305126,-0.9245076637637403,-2.2455440006875977,0.14811971283596026,-0.1719764118325191,-0.10407175696622917,-0.3267986696025309,-1.0075052566954568,0.8357646460012551,0.5636801953782316,0.8704908957063354,0.44666212145443857,-1.1571169278710034,1.3758158530746316,0.14518037002615997,-1.445442259531971,0.16348152276008246,1.0058097526710132,-1.0130872647971103,-0.04633143058781522,-0.12308664266110281,-0.42993106162291356,-0.1891882247379033,-0.24683690526503546,-0.14547047601376747,1.0882472089632662,0.6475077036245731,-2.16271507532483,0.7448101920689872,-0.110673463041657,0.4279739871676111,-0.21246956892644484,-0.7092057629799071,-0.4586893027323318,0.5474393143402873,-0.017695714154751695,-0.3111283267393035,-0.30246247078781,0.5458114255619589,-1.364304641521263,-0.28550096804531333,-0.04863610164302555,-1.323076758521905,-0.48774213744599126,0.3808534667674695,1.0075175446758893,0.6198769657911627,-0.9945229097795126,0.41725531983725056,-1.8020489832691293,-1.3147963862770653,0.23237241928820515,-0.10667137007759164,-0.02420051261001416,0.621203855530016,0.05832997659858858
5,-0.11612008540913918,-0.7787514883112839,-0.7787514883112839,0.4826027653966713,,1.4983724854594171,-0.2646090582494492,0.8778270189440777,1.2290443956682304,0.8778270189440777,0.8778270189440777,-0.44743578686021185,0.5664129927660851,1.3635470552485662,1.2949293267644713,1.5832310949814565,0.7377965269125318,-0.44743578686021185,-1.1100671897623566,-0.09895120752391316,1.2091427203951504,-0.13328896329436518,-0.11612008540913918,0.2323644939271589,0.2323644939271589,-0.05935140701431152,0.8778270189440777,-0.1039385726897369,-0.06433877218013524,1.2263115982803763,-0.39565447363120787,-0.7588498130382043,0.26664446664080194,-1.2071073120037976,-0.07652028489953752,2.096600987175378,0.2445460066465612,-0.03532084420564244,-0.04716989429490923,-0.09895120752391316,0.5465113174930055,-0.44743578686021185,-1.4214812159403485,-0.13328896329436518,0.4551254035372326,0.5636801953782316,0.018564303219264413,1.2091427203951504,0.46165270797096625,-0.11612008540913918,1.9403918517813894,-1.136489588833387,0.9892409840073888,-0.44743578686021185,-0.4302669089749858,-0.7318963724693579,0.8006885719757162,0.11815549380049188,0.049537765316396865,-1.996129227752012,-0.4361744834040943,0.2151956160419329,0.16092816693572595,0.11316812863466759,-1.2757250404878926,1.1292714760389353,-0.3102003298920218,0.5758617080976338,-0.9444093390368199,-0.09895120752391316,0.4517442277354279,-0.2817779361346752,0.3970321101299122,0.5636801953782316,1.1601621473153672,-0.6646002712414258,-0.44743578686021185,1.141452988758337,0.35715728444850986,-0.6044796750546281,-0.8215863763790331,1.2041553552293265,-0.6080244582141943,1.1121025981537087,-0.2817779361346752,0.6101416808112763,0.27804612770742787,-1.0508981766098096,-1.8990891055105705,-0.3045461216063537,-0.4175702658251227,-0.4586893027323318,-0.46092028432333276,-0.20856639367240423,1.5404584218462223,0.3930349794868712,1.7541758217334162,0.289467552811696,-0.1925202141224143,0.2420868189352771,-0.41808539625558355,-0.9778190979599908,-0.26963507490380656,1.4434182996047813,-0.44743578686021185,0.09414097714530358,-0.3205301435836817,-0.9444093390368199,-0.8586227326674994,-0.7615826104260579,-0.11612008540913918,2.185920946863141,0.7514365060980083,-1.5677734040594982,-0.44743578686021185,-0.06823878499855324,0.0005571922366137303,-0.21200154640047694,0.11815549380049188,-0.1039385726897369,1.2091427203951504,0.15034729673801317,0.449471195251564,0.10467099633737094,0.20171111857881194,-0.09621841013605956,-0.7787514883112839,-0.45642473728776856,-0.9016131024576037,0.3859226461390231,-0.46273990643893775,0.20171111857881194,0.5521655257786736,-1.119515905093904,-0.13667826473157574,-0.7787514883112839,-0.4275341115871316,0.13675888839336278,0.05195047595546556,-0.35319069968212663,0.5664129927660851,0.3602952874450329
6,-0.660661297475274,-0.7577014197167156,-0.426385718265643,0.5151601342575105,1.4983724854594171,,-0.643492419590048,0.5293424396077795,1.2385931129215941,0.6646015083290154,0.5293424396077795,-0.79592036619651,0.2368258440928827,1.6977915461777857,0.449471195251564,0.26664446664080194,0.8606581410588516,-0.8567179302051108,-1.6242096198241909,-0.14651886741343934,1.365451857710955,-0.44743578686021185,-0.13328896329436518,0.0191389833120967,-0.11612008540913918,-0.44743578686021185,1.7957840696504217,0.16562716352153994,-0.14756725881311178,1.7139364370472532,-0.7494010977066556,-0.7571212602603341,0.2838133445260279,-1.3232927003774189,-0.09507001681457089,2.1137698650606045,0.5586928302124078,0.17313324309911038,-0.318116484535994,-0.44743578686021185,0.19802673815670688,-0.79592036619651,-1.7510683646135512,0.0191389833120967,0.14097857997138596,0.3808534667674695,-0.25246619701858053,1.0949337202684828,0.6444794365817283,-0.02851773917819158,1.2301927889897186,-1.222980010692757,0.6636491070978205,-1.1272360676475826,0.0191389833120967,-1.3232927003774189,0.47110142330251376,-0.09507001681457089,0.48082237848705844,-2.639686950306542,-0.4190056055188683,-0.13328896329436518,0.3810220075573117,-0.057988524335210005,-0.8263191482008101,1.2674593342383191,-0.09507001681457089,0.3930349794868712,-0.2607278675401069,-0.44743578686021185,0.7031886848302844,-0.06467123481027016,0.22291577859561082,0.2151956160419329,0.846015323749521,-1.1748037275371088,-0.79592036619651,0.6939518989336437,0.6143564551711453,-0.28072822669561215,-0.6691584297725712,1.7261179497666548,-0.4508250882974224,1.0949337202684828,-0.12934998952821333,0.3930349794868712,0.2823051882223652,-0.9366891764831426,-1.9951768265208176,-0.35599497220522275,-0.19859004158228208,-0.4758581806175578,-0.11243570498703412,-0.854028918689323,1.399789613481407,0.07888815592102516,1.9085801565868317,-0.024679270754150082,-0.22940108868852505,-0.009905364904975577,-0.7665699755918817,-1.1949257992843956,-0.4437514064381068,0.7636180188174106,-0.4302669089749858,-0.6303227127471692,-0.30336126569845623,-0.5131247258661589,-0.5444759091016529,-0.44743578686021185,-0.4646046647454378,1.3463781773633396,0.6985901379674614,-1.847640254911702,-0.4646046647454378,-0.20725362658641422,-0.12598948185029013,-0.059573599794014484,0.2725598286539074,0.26464367400993516,0.9332148433090985,0.5674496045584063,0.6646015083290154,0.2467087657021445,-0.11243570498703412,-0.6218621915390982,-0.3474668751406223,-0.23744451304492675,-1.2757250404878926,0.38528432980575306,-0.5818026516264487,0.004702084617780845,0.7065698606320892,-0.41961795694315995,0.32894410420953785,-1.2242761898890238,-0.9712991721065907,-0.06025014556766832,0.2368258440928827,-0.29894681401990125,0.2368258440928827,0.28042404308881735
7,-0.6709273708821185,-0.008295967979973777,-0.2439690647212833,0.6285748919516885,-0.2646090582494492,-0.643492419590048,,0.5539214069020979,0.22369906996837943,0.7862691869675807,0.4582788021923342,1.1917323082333642,0.6498740847564466,-0.471439857455563,-0.08676969480451088,-1.6433792903402835,-0.3396116694310464,-0.3396116694310464,-0.04759834709352225,2.366301766542553,0.1977852038801467,0.8188847034582614,-0.008295967979973777,1.6654514171606138,1.5698088124508507,2.484837073679046,-0.3013927229512516,0.07516512401038705,-0.11612008540913918,-0.44767732113677144,-0.1950389285341604,1.9899328530013296,1.072451092908154,-1.0992831945746322,2.4481493991457226,0.09175384243923211,0.7945818688092305,1.4461529558720412,2.272688845992061,2.1535213722279742,0.5586928302124078,1.8839556360166962,-1.97915634195708,-0.14547047601376747,-0.04620949688328367,0.907177409548706,0.8992823559208561,-0.1039385726897369,1.033183755028688,0.044230313401787645,-0.9336253438490961,-1.0569035099417274,0.518660141428856,-0.4400256974511195,-0.9702782320073703,0.4582788021923342,0.7885070592563145,-0.8784060602739174,-0.5456928412911669,-2.1077847270918837,0.5026007384396154,1.452225906545551,0.05288635285169095,-1.76890452847963,0.05694785472548918,0.7097232592871918,-0.20237621246285636,0.34950228353197443,-0.0783112139957467,0.09663123509051814,-0.03178347846659288,-0.9322278263174182,0.9074515082811088,0.3616837962513767,-0.2601110965710926,-0.346863600041434,-0.9807478874381388,-0.3346243042652221,0.36593871379920534,0.019007119241653807,0.568812353702763,-0.519823948320616,-0.12323241875698784,-0.43665179167248747,0.24343742445711564,1.0645349382641824,0.08271779962847806,0.026510019733769152,-2.1655710593225823,0.921369374828286,-0.016213239987711382,0.28357181024946776,0.21962051830190896,-0.7877367045841875,-0.5148365831547922,0.3808534667674695,-0.46007781153867616,-0.13685858672154638,-1.2416392009851382,0.7770638647919985,1.9204627252078565,-1.4185741310267765,0.38081481527893646,0.3445149183661507,0.11071104670731413,0.5535722807700918,0.2046852170081097,0.22737712876133517,-0.5433199258465351,-0.4328813586961778,2.2152713374677693,-0.38114357275507643,-0.09850839150152377,-1.7898674705497273,0.6758306198172228,0.20650751641133439,0.10515758948095931,0.10713264233119342,-1.1236462200134367,-1.2757250404878926,-0.03265899341877834,-1.069959232180863,-0.43665179167248747,-0.3693207982729927,0.8521610087615544,-0.8505207030258279,1.083276024176606,-0.6517530653667177,-0.801885725014575,-0.9811135972658571,1.597822634458198,1.266305635575395,-0.3326931278901922,-1.3801841939016106,-0.7858638216591326,-1.4292013784940267,-0.9366891764831426,0.6215509278505692,-0.12588888748947277,-0.1201320526620096,1.0768323909172823,1.1802685792906777
8,0.1893267230713825,0.4788215858561923,0.13410743949620382,0.6543963838565673,0.8778270189440777,0.5293424396077795,0.5539214069020979,,0.5626899608554482,1.3737521797210144,3.8337994390331787,0.3549845737969191,2.083202542266463,0.5572953126807294,0.4186623381808614,0.21414722464226105,1.141452988758337,0.5206424245224551,-0.6141420289854197,0.5034735466372291,1.0176159766990638,1.6540187236484831,0.5758617080976338,1.2213242331145526,1.2213242331145526,0.3930349794868712,0.6863002752479912,1.9717430350168845,0.8606581410588516,0.6691313973627652,0.8302593590545515,0.47626503815285715,0.7038688462084821,-0.2694278826254313,1.0176159766990638,1.183742059367891,0.9882655860944356,1.0645349382641824,1.3047853251049133,1.055666382389016,1.2384931109997785,0.8101372873072649,-0.5176820662003597,1.5128043128269522,0.16110065171867366,1.124284110873111,1.667316708787732,1.5698088124508507,0.8988770875386465,0.7725797593325615,0.4236023022810136,-0.5459812496711046,1.4112119250024002,0.5758617080976338,0.40085514396236593,-0.3076468291052256,2.759232390077522,-0.2694278826254313,0.40543243406178725,-2.30007092684541,0.07326951683414842,1.4041509617253145,1.7340489243828587,-0.5978794528152044,-0.1285905334707738,0.9034069765723962,0.16090432931403653,1.2473616668749452,-0.36286611268040486,0.8674299141346739,0.6566694163404301,-0.2524275455300475,1.9568120294203923,1.3948022483155826,0.6594655632281209,0.18389053232262265,0.37980507536779706,0.9882655860944356,2.5309108938168463,0.1984945122521479,0.3419967503548125,0.6078161664323166,0.21654176350284898,0.5892601530065502,1.1876124942660167,1.47572188407147,0.7942184544228114,-0.08630146286121997,-2.31819220596183,0.340156947353126,1.4008462107299224,0.3208153588163082,0.8335946133446505,0.7694287649851012,0.8470791108077714,0.9292758695429466,0.8661373954968076,1.6782275376577656,-1.0083390196884605,0.3154477161119258,0.9522885236567132,-0.23409951851211644,0.9454306980266863,1.0424364782699418,-0.04982787130400435,0.8016684245073628,0.5832690061563071,-0.48810064227135647,-0.20097869493117848,-0.29999520541957364,0.2445460066465612,0.8313077504542239,0.015066825269452574,-1.772698592664501,0.41802402184759196,1.5400410691472837,1.176083154098804,0.42127946589704063,-0.5738262997062812,-0.6046351567769837,0.8618750732483662,-0.40637542804752397,1.1548514336672533,-0.6189032405037495,1.6328826024997085,-0.02992619603092359,0.18235092510628298,0.7174816154815529,-0.10870999600004685,-0.5269362816684646,0.5437162824296492,1.4276082877627008,0.16860673129624293,-0.2519593135867566,0.6123430196390778,-0.7494010977066556,0.5626899608554482,0.865682505400643,0.4495583915116736,0.3770100403044413,1.114075939484124,0.6622605982914768
9,-0.2926241689979012,-0.6669302402390781,-0.23997193407824235,0.8844806992122694,1.2290443956682304,1.2385931129215941,0.22369906996837943,0.5626899608554482,,0.5989811081910943,0.4670473561456851,-0.1969815642881381,0.17453076063078826,1.4185263404070543,-0.03978219437136681,-0.1740888618614078,0.13573165469461246,-1.189531151109677,-1.1298170197348303,-0.04315610014999831,1.114882796607235,-0.42952859071989896,0.3700072339042435,0.4842162340309105,0.3885736293211474,0.17439571747488974,1.2345390457647656,-0.06886249866419918,-0.591463409534798,0.9111745401917457,-0.8056413213810552,-0.5837432469811196,0.6637491090196374,-1.052295694141487,0.32701686411413927,1.8366039179826843,0.4356001827417119,0.2139331416661524,-0.17904733549882756,0.17439571747488974,0.6056803306455525,-0.29122665146622334,-2.1231839646316657,-0.28949809868835313,0.32454362683723487,0.057257927870074776,-0.3948760905800345,0.702720452886994,0.3617837981731924,0.4225335152860049,0.7013229353553162,-1.0331450777376632,0.6066616234051513,-0.5282972657392102,-0.03978219437136681,-1.189531151109677,0.5044489445501824,0.03869153245317144,0.2743646291944804,-2.239853522293191,0.1215025014920423,0.13573165469461246,0.05758896311626649,-0.34189899016932235,-0.12836383580404306,0.6576942492319408,0.17592698942136092,0.186577230194292,-0.07431408335270631,-0.4322331104793077,0.8922204462578,0.20574690071038537,0.3364655794456868,0.17439571747488974,1.2524397880096827,-0.8908246526511867,-1.1680359662146247,0.30034111402047603,0.46768144630522246,-0.2812042229060188,-0.5508372056121864,1.8762354734630193,-0.5985757428826467,0.7013229353553162,-0.011028765367828533,0.7244506828597601,0.38044444555532186,-0.7801490058429618,-2.187201287373532,-0.10381219685527882,-0.3515260720818244,0.45439632274188607,-0.40034844636284433,-0.9317643272587743,1.2185914357266978,0.2368258440928827,1.5750739839126975,0.050429492054940024,-0.39171971930650706,0.4799699791776809,0.186577230194292,-1.4721847979088005,-0.31540564314743713,0.9551173112130454,-0.18950029544035968,-0.5844024462577118,-0.3810966742679065,-0.05695107225659225,-0.3724954133541168,-0.27545529111267575,0.2743646291944804,1.7587794468124713,0.18581980951640423,-1.951528190632223,-0.5054045633124804,-0.2993191584192339,-0.20353968979568643,-0.36821068179446487,0.5801898739868654,0.2368258440928827,1.1485761897109248,0.5778507211211488,0.3700072339042435,0.004852888376965002,-0.2858137182662492,-0.8194163437224286,-0.5397134275545273,-0.698740565799863,-1.0156080196081627,0.22971351074503463,-0.5245742338285733,0.12833090854759147,1.1095519361646575,-1.0016109057055977,0.06405566001949801,-1.050898176609809,-1.0807167991577282,-0.18510809772616177,0.061399191287013655,-0.15399119449803325,0.27017336534055136,0.5567830739928358
10,0.2445460066465612,-0.28282632753434767,-0.28282632753434767,0.18540627672625745,0.8778270189440777,0.6646015083290154,0.7862691869675807,1.3737521797210144,0.5989811081910943,,1.2384931109997785,0.5758617080976338,1.6662687752359107,0.4998716544507611,0.4817503753343402,-0.4484841782598837,0.5758617080976338,-0.08676969480451088,-0.6141420289854197,1.0252676003847159,0.3549845737969191,1.221679909292785,0.907177409548706,0.5586928302124078,0.8071796063007118,0.8900085316634799,0.048489373916725,0.687496078882199,0.8606581410588516,0.6691313973627652,0.8043344718121698,0.20574690071038537,1.6007758283202573,-0.5759230825056254,1.0424364782699418,1.4868677501576701,1.5895754081901803,1.187702116674783,1.3473367461839705,0.8900085316634799,1.5698088124508507,-0.08676969480451088,-0.7882002036428314,1.086420840571549,-0.8024476706302436,1.6381852808360933,1.20150275913885,1.4637877879865069,2.41115337692732,0.34931723076273535,0.4484228038518921,-0.7917516048517079,2.6408321260969254,0.048489373916725,-0.1039385726897369,-0.41808539625558355,1.5310097065146748,-0.5151255184970246,0.19602594552584013,-2.3248914284162883,1.3508844532095943,1.2384931109997785,0.6884865228223048,-0.48568343575198425,-0.7797998797109558,1.2920943808657501,0.8483562337870592,2.1746674309910214,-0.2231895012731547,1.055666382389016,0.14682143605270537,-0.7237737390126654,0.8947712133808808,1.996602974510062,0.5853181434134097,-0.36263496039498094,-0.08676969480451088,1.1196874810033606,0.9997810316827481,1.3859459128441156,0.5125449853004229,1.0854955420837822,0.7221968212275144,0.8101372873072649,1.590623799589851,2.3040111376991517,0.5366137765785213,0.5763299400409247,-1.777470015974811,1.739559409999028,0.8936581340989229,0.002898102274152427,0.5036764294252563,0.09339891717404011,0.8628336420689964,1.1635514487525778,1.022436144052516,1.2045856366189345,-0.45614618393667367,-0.2596794761404351,0.7121691682185416,-0.21405044025154787,1.2286774467294006,0.7415195588231699,1.179792329790522,0.9744766060597202,0.9024928172967437,0.19602594552584013,-0.5322943963822505,-0.4352542741408095,0.907177409548706,1.073168212513507,1.069009033196376,-1.607040741938965,0.9833800208824528,1.2119195983260262,0.7200968806336437,1.0176477285089707,0.0888051031958636,-0.016151173689550224,1.3150513985117578,0.6908599126292299,0.9453963560285008,-0.0633123687671253,1.7494234668812878,0.34100596943162126,0.4788215858561923,-0.15445942644132418,-0.5752847661723554,0.6447605637209243,0.02207394037968048,1.1476238789668631,0.07296412658647981,-0.7004128046426448,0.7304393780645241,-0.41808539625558355,-0.12556880074068671,1.429358146578514,0.3539157868019105,0.0074753923735743355,2.227088632586305,1.9161106405483153
11,0.07888815592102516,0.5892601530065502,-0.08676969480451088,0.6543963838565673,0.8778270189440777,0.5293424396077795,0.4582788021923342,3.8337994390331787,0.4670473561456851,1.2384931109997785,,0.3549845737969191,2.083202542266463,0.5572953126807294,0.3230197334710983,0.07888815592102516,1.251891555908695,0.41020385737209725,-0.7494010977066556,0.3930349794868712,1.0176159766990638,1.6540187236484831,0.7967388423983486,1.33176280026491,1.2213242331145526,0.5282940482081071,0.5758617080976338,2.082181602167241,0.9710967082092096,0.6691313973627652,0.6950002903333156,0.5867036053032151,0.5686097774872463,-0.37986644977578865,1.0176159766990638,1.183742059367891,0.9882655860944356,0.9292758695429466,1.3047853251049133,1.1909254511102525,1.2384931109997785,0.9205758544576222,-0.6529411349215956,1.6232428799773095,0.02584158299743777,1.124284110873111,1.581771362517264,1.5698088124508507,0.7636180188174106,0.8581251056030302,0.3131637351306562,-0.5459812496711046,1.3155693202926377,0.3549845737969191,0.5112937111127233,-0.41808539625558355,2.894491458798758,-0.37986644977578865,0.30978982935202415,-2.435329995566646,0.07326951683414842,1.6250280960260282,1.6236103572325014,-0.7083180199655623,-0.3494676677714885,0.9034069765723962,0.050465762163678596,1.1121025981537087,-0.5837432469811196,0.732170845413438,0.4357922820397154,-0.14198897837968957,1.7359348951196776,1.2595431795943468,0.5638229585183573,0.07345196517226528,0.2445460066465612,0.8778270189440777,2.42047232666649,0.027403819711209875,0.2315581832044551,0.7034587711420798,0.3121843682126121,0.5892601530065502,1.298051061416374,1.3404628153502343,0.7942184544228114,0.13457567143949475,-2.207753638811473,0.340156947353126,1.3153008644594537,0.09993822451559344,0.9292372180544136,0.9903058992858159,0.9427217155175346,0.9292758695429466,0.7308783267755717,1.5825849329480013,-1.0083390196884605,0.3154477161119258,0.8170294549354773,-0.23409951851211644,0.9454306980266863,0.907177409548706,0.14145733811552244,0.580791290206648,0.8041461404570218,-0.48810064227135647,0.019898439369536242,-0.07911807111885895,0.37980507536779706,1.0521848847549387,0.015066825269452574,-1.772698592664501,0.2827649531263561,1.7609182034479984,1.2616285003692722,0.531718033047398,-0.3529491654055664,-0.79592036619651,0.8618750732483662,-0.5416344967687599,1.1548514336672533,-0.5333578942332802,1.7681416712209443,0.08051237111943377,0.18235092510628298,0.8030269617520216,-0.2439690647212833,-0.5269362816684646,0.5437162824296492,1.618893497182227,0.07296412658647981,-0.06067410416722978,0.7079856243488408,-0.6537584929968925,0.5626899608554482,0.865682505400643,0.5452009962214367,0.5122691090256771,1.114075939484124,0.7975196670127126
12,-0.3076468291052256,1.0176159766990638,0.3549845737969191,0.18584522543730517,-0.44743578686021185,-0.79592036619651,1.1917323082333642,0.3549845737969191,-0.1969815642881381,0.5758617080976338,0.3549845737969191,,1.1996940050636027,-0.47964216146259225,-0.2439690647212833,-1.743348202059873,-0.41808539625558355,-0.3076468291052256,0.31900751135919675,0.4482542630620499,-0.08676969480451088,0.6104306161535091,0.46542314094727594,0.11693856161097782,0.08734663672978935,0.8292109676548796,-0.5285239634059409,0.6397810067581369,0.43230231736633795,0.46165270797096625,0.37150475335773764,-0.015130233590329346,1.1704436163807908,-1.509072622850242,0.2445460066465612,0.07935638786431606,0.7673884517937203,0.8684783055343464,0.7377965269125318,0.4978952662038069,1.0984626189682327,0.6863002752479912,-2.113463009447121,-0.16263935389899348,-0.5319295331877713,1.68789900328686,0.6673136354322691,-0.08676969480451088,1.0949337202684828,2.121928928893628,-0.3494676677714885,-1.3191239390326168,0.4186623381808614,-0.17238776038398973,0.7795699645131231,0.26936650821743974,0.6723216708826939,0.1475058844051202,0.629683474141134,-2.30007092684541,0.29414665113486316,0.46542314094727594,0.738038061189092,-0.8379824649616251,1.2214927739043948,0.5586928302124078,1.141452988758337,0.9734696236538413,0.8519581259735273,1.2213242331145526,0.10447658058864273,-1.135936082732907,0.618150778707187,1.5526399345656252,0.20431284971777514,-0.4730735275453389,-0.8101986617152565,-0.22655865255949711,0.30291367296399235,0.27053040298644404,-0.7786377536109504,-0.7174466393719728,1.1148462631463028,0.3683830187058349,-0.09025119243858878,0.34651571099701695,0.4088530005204026,0.037535549198053166,-1.993575726965216,1.2122434278940233,-0.08314723693760885,1.2765435166897312,0.5945476108247094,-0.7901096200288193,0.14145733811552244,0.8862854997528418,-0.36208528806604023,-0.11418890903410865,-0.2218706047270426,0.4556041616813685,0.7807868967026366,-1.4623222020749649,0.2827992951245416,0.1475058844051202,0.12390659314230283,0.6912298573570059,0.53362800301455,1.4997935664350777,1.2347226780234684,1.5526399345656252,1.0424364782699418,-0.2730779210493514,0.29373029180086635,-1.772698592664501,1.9011245139019228,0.28408981741215056,0.05477575965550056,0.43467791080595697,-0.6842648668566385,-1.0315934629378194,-0.14547047601376747,-0.8729501982198319,0.8101372873072649,-0.2350321536482328,0.8349921308763284,-0.9309854782070026,0.2445460066465612,0.01663126609961384,-0.9922185332029063,-1.1895676845706096,-0.021874998231053957,0.5993190341350194,0.285744520901059,-1.1502638132302103,-0.401701752077513,-1.0807167991577282,-0.9282306956743773,1.6239565130125502,1.5377505830429756,1.443176765328221,0.978816870762888,0.7975196670127126
13,0.040089049984849336,1.0418563188135608,0.5074706772802695,0.23804277628239734,0.5664129927660851,0.2368258440928827,0.6498740847564466,2.083202542266463,0.17453076063078826,1.6662687752359107,2.083202542266463,1.1996940050636027,,0.1258756563541698,-0.012757318145698148,-0.32162543347052347,1.31013257221396,0.20574690071038537,-0.7882002036428314,0.5542314800466834,0.5370626021614581,1.422299692142187,0.6475011693118153,0.8855471814977556,0.8855471814977556,0.5542314800466834,0.20574690071038537,0.6785801126943127,1.3412115155964575,0.22291577859561082,0.8994572469950274,0.821559343969227,1.3642853735036526,-0.443486057282843,1.4205711393643174,0.7807868967026366,1.0081672613675157,1.3950332816399582,1.3246870003779936,1.2168628829488282,1.1996940050636027,0.3161854678607433,-0.6141420289854197,1.422299692142187,-0.4323328632429951,2.4890592266192497,1.3761976308045143,0.8683783036125301,1.4042509636471303,0.9849838503923904,0.05348749489376568,-0.5071821437349288,1.7380662762877475,0.4266240350111001,0.8381480623980716,-0.45688450219175936,2.1354000931115538,-0.885240325884273,-0.09994144204669651,-2.4741291015028217,0.33294575707103896,1.6414482736650322,0.3294155554896546,-1.1056058395966322,0.3848031963448378,1.3406998950081013,1.1160523277310774,1.8194561778998115,-0.18078808431586538,2.12743380576464,0.019438674465545418,-0.512103785766938,1.1054033756992505,2.6548061399455483,0.40656543172469684,0.11225107110844111,0.20574690071038537,0.5664129927660851,1.0292374026822022,0.38742136865916454,0.6235637119071612,0.41094217562718405,1.6762462799530773,0.9443895307707653,1.2872091642107928,1.8458366914587192,1.1615382267467034,0.39425191167638585,-2.4741291015028217,0.575012686019138,1.236962180790814,0.6724902116725355,0.3068024386201226,0.6843908588620033,0.5545625152928751,0.7324018787378135,0.4383617312606755,0.7244770567724019,-0.7486627794515693,0.07188654263268779,1.3035059003808656,-0.1953004125759406,0.9842298039628621,1.003637372333766,0.41592954079300726,0.7300289632931823,0.46198854180036847,0.4670473561456851,0.5068323609469995,0.2725567817373684,0.6723216708826939,0.6492297220896855,0.38518163265670163,-1.8114976986006768,1.373172020264633,1.6111868824972728,0.5549672780405353,0.5705171389835738,-0.0932729251686753,-0.3301629540994989,1.3424284477859716,-0.03626062066027493,1.5578065963325076,-0.24878843311650098,1.8069407771571202,0.008872909905252233,0.2999919878884706,-0.04160975020565192,-0.11317134616577124,-0.1568214742812167,-0.09761592766773745,0.7337607447809583,-0.12390986421865333,-1.0144245850525928,1.2922783435823464,-0.36124189748199625,0.34018861135632433,0.808839006627055,1.0901913363413938,0.9400447732618092,1.579833351581135,1.032375405678725
14,-0.533691913913929,-0.672324888413797,-0.533691913913929,0.12607164844446356,1.3635470552485662,1.6977915461777857,-0.471439857455563,0.5572953126807294,1.4185263404070543,0.4998716544507611,0.5572953126807294,-0.47964216146259225,0.1258756563541698,,0.3131637351306562,0.4266747787029438,0.7641011802049652,-1.003640589864869,-1.1263080708003008,0.1717357255674319,1.3504143609938,-0.478183694996518,0.09205581311755011,0.414554756447345,-0.018151966320416428,-0.06645330216482635,1.4112119250024002,0.2970741377313762,-0.35179318215044814,1.6955857833155876,-0.5444759091016529,-0.7724288432892844,0.8001752924950388,-1.0915520926998996,-0.29801881717261947,2.3790783904599984,0.7704276085472241,0.1945043241593195,-0.27882025512812275,-0.2808499392873935,0.19895473500398864,-0.43900637986636837,-1.8620185523522648,0.02422269899549208,-0.10254972247949945,0.28474134137330964,-0.4960574762384138,0.8670189797215353,0.449471195251564,-0.05280980883965337,1.2710554794329576,-0.8818075592430417,0.550155735247988,-0.76796749312356,0.3387910938246464,-0.9079979851551059,0.7920389415471345,0.31359838437872084,0.4835950067243724,-2.1618830686460258,0.8210241463880372,-0.009693485511652245,1.2735527092475654,0.7269612333703604,-1.063129698942553,1.4727686902094097,-0.12692812463168204,0.34074010658538295,-0.6993497646394651,-0.12297800205823302,0.43816519748434773,0.4657219050009556,0.6385208878567956,0.3496084622902741,1.6449541867725734,-0.8182097935240519,-0.6293345186236922,0.9845303094612003,0.7721609683135594,0.3886567962551415,-0.6640747140891758,1.4253251038780437,0.19930492763081323,1.6239293425480306,0.2988835984559098,0.26664446664080194,0.9906542310221237,-0.15803431315745628,-2.0068404174593404,0.018657264155305997,0.09908412106655175,0.27930198474696244,-0.20289684498517055,-0.5534611253745565,2.2815574018672273,0.11815549380049188,2.1596708181186757,0.26403341203425146,0.3528657222581875,0.2800903126153898,-0.8586227326674994,-0.9837721605829379,-0.38895396830394424,0.792968409422039,0.4312277483765914,0.5378843931196333,0.7398733189762954,-0.563668114440288,-0.09427390625562801,-0.21906908496132413,-0.5121967290188766,1.7160833192717837,0.937532959286973,-1.5354942239767222,-0.8636100978333232,0.15649253858609946,0.7447694369054598,0.21367178874669127,0.7026254622511849,0.6506152043160883,1.334196664643938,0.981917241395758,0.5127814718210498,0.7446585694756863,-0.23882621783310398,-0.4425106593698897,-0.676009948354381,0.5743514499081455,-0.9750737855238856,1.4174630872205791,0.28677102553258094,-0.07316836710756738,1.9626518854063937,0.06059866054107839,0.985890055420422,-1.209136996163069,-0.619584671910743,-0.055291671930248525,0.5374963461884525,0.1188422305489213,0.33983334476568866,0.23270009240852976
15,-0.76796749312356,-0.6709273708821185,-0.2439690647212833,0.03735625259699458,1.2949293267644713,0.449471195251564,-0.08676969480451088,0.4186623381808614,-0.03978219437136681,0.4817503753343402,0.3230197334710983,-0.2439690647212833,-0.012757318145698148,0.3131637351306562,,-0.318116484535994,0.3230197334710983,-0.3396116694310464,-0.9807478874381388,-0.08816721233618935,-0.2439690647212833,0.21147258413129538,-0.43665179167248747,-0.3224427915458204,-0.41808539625558355,-0.06667202744113694,-0.008295967979973777,0.2151956160419329,-0.7787514883112839,0.670106795275719,-0.992929400157541,-0.43971562430653394,-0.056755080166298495,-1.3335587737842636,-0.6709273708821185,0.6191261766201409,0.5622826778465536,0.1666755549212124,0.1495355685643909,-0.6322633081018406,-0.20097869493117848,-0.4352542741408095,-1.6478406405060075,-0.47678617746483953,-0.21968751208431442,0.4788215858561923,0.08046723354562439,0.792968409422039,0.4695688626149379,0.2785058926114187,-0.10533609022141537,-1.5227594761390957,0.4646103889775193,-0.906600467623428,-0.5151255184970246,-0.6709273708821185,0.1258756563541698,-0.76796749312356,0.46165270797096625,-2.6465791179347544,0.17128503698854272,-0.3396116694310464,0.6299724094833664,-1.5569894088717742,-0.40962691544681934,0.2431484891148833,-0.533691913913929,-0.07885354016053922,-0.1753513362371883,-0.39798772889220957,0.2995322229844798,-0.7969687575961824,0.8118089035713456,-0.06667202744113694,0.07120460487998004,-0.9124548807021371,-0.6494321859870666,0.4652425556051121,0.44061837643887125,-0.46849230168250583,-0.9037831351142084,0.26664446664080194,0.015400555742880108,-0.10533609022141537,-0.5296325455953864,-0.06467123481027016,0.6483090802891818,-0.5390812609269345,-2.219620811773919,0.23429567030218945,-0.44177402861686926,0.17313324309911038,0.2581473343435047,-0.7877367045841875,-0.059683869644446434,0.2838133445260279,0.4368291705730996,0.09741699248808466,-1.2956889534364746,-0.2168832395612183,-0.3131291193701703,-1.0329909804694974,0.4750599024570217,-0.08384090532636294,-0.4738284964582871,-0.20609924437349447,-0.002793472383689227,-0.20097869493117848,0.008872909905252233,-0.08816721233618935,-0.20097869493117848,0.5157634093566994,-0.25469211097461075,-2.218223294242241,-0.08384090532636294,-0.5503689736688956,0.23358468785017814,0.010092520089752406,-1.2206863422548777,-1.0414494612782614,-0.461014817111292,-0.8356836529712319,0.3216222159394204,-0.5190131554340925,0.42380518506904075,-0.7724288432892844,-0.11814976956841046,0.010878337535426942,-1.294894711003985,-1.04856179462611,-0.2646090582494492,0.5066341104318087,-0.054029661358778375,-0.4832772117898352,-0.08024204896688301,-1.526241500735468,-0.9366891764831426,0.19319510415805552,0.6228492085307785,-0.20097869493117848,0.6484765672247687,0.3682114420890046
16,-1.4424312826131007,-0.41808539625558355,-0.14756725881311178,-0.7452315384173042,1.5832310949814565,0.26664446664080194,-1.6433792903402835,0.21414722464226105,-0.1740888618614078,-0.4484841782598837,0.07888815592102516,-1.743348202059873,-0.32162543347052347,0.4266747787029438,-0.318116484535994,,0.41802402184759196,-0.4484841782598837,-1.743348202059873,-0.9322278263174182,0.2445460066465612,-0.8860683208097385,-0.6012322116151311,-0.7665699755918817,-0.7665699755918817,-1.7093939573161583,0.2445460066465612,-0.79592036619651,-0.278222473395261,-0.4352542741408095,-0.08216584066542483,-0.6529411349215956,-1.4192844312191881,-0.790100994351882,-0.7590755390863155,0.6248500011616447,-0.9929294001575405,-0.844440427317231,-0.8932862164078796,-1.0978856770429544,-1.0807167991577282,-1.1777569213991697,-0.8185989856471316,-0.5034806069190391,-0.13981626772809885,-0.9931144529267801,-0.3854994508117869,-0.08816721233618935,-0.8929604884379515,-1.1416034257670902,1.4423699082051096,-1.1533933689980707,-0.5537895812773035,-1.2767734318875648,-1.625258011223863,-2.0141742090641452,-0.45688450219175936,0.4788215858561923,-0.8949612810688182,-2.2010544163570147,-1.6937475575715708,-0.7494010977066556,-0.9670168218901928,0.4151334394811119,-1.852665827189194,0.40085514396236593,-1.144309398229685,-0.7787514883112839,-1.9698036167940096,-1.4596001604983269,-0.20201861929155082,-0.1695986201672789,-0.4823248105586403,-0.9322278263174182,-0.4086289609398077,-1.5831265420830969,-1.4120325006088006,0.5465113174930055,-0.2607400660125015,-1.675465980185435,0.04259630934948228,-0.03332005157477624,-1.749857260308533,-0.18380981704595248,-0.11730036321565987,-0.48177354263066385,-1.0523351963162229,-0.9974196418516693,-2.86368581925916,-1.5096890524153623,-0.10787385310394576,-1.556640282739768,-1.0700731524673377,-0.9975883094206183,-0.14547047601376747,-1.2928939183731185,0.39956262532449965,-0.3824165733317019,-0.4131558141465688,-1.1593814933155666,-1.2757250404878926,-1.1061859990530136,-1.01764300910887,0.41020385737209725,-0.9481323709474581,-0.9405281483274777,-1.465799828225601,-2.0275413599219028,-2.017748338350409,-2.0918327813961715,-1.743348202059873,0.49999204900315125,-0.6246718752059618,-2.86368581925916,-1.909006052785409,-0.8773583681101418,-1.4835603592657607,-0.8298988968614871,0.1844477079056267,0.05793326935621204,-0.2062680400223678,-0.14170106683359274,-0.49309415714285687,0.7965209034372945,-0.8215863763790331,-1.119515905093904,-1.822267045184894,-1.910054444185081,-0.8365852216076551,0.3961887195458676,-0.9728317327941665,-0.9872442271045697,-0.5681720914206125,-1.0747818526527702,-0.5458644179079972,-0.9635790095529128,-0.6225423529172954,-1.549170009466627,-1.2400499382041332,-1.5790878688660148,-0.8489977676514323,-1.3256336104149575
17,-0.7360026527977392,-0.8464412199480972,-1.0807167991577282,0.2544629539213996,0.7377965269125318,0.8606581410588516,-0.3396116694310464,1.141452988758337,0.13573165469461246,0.5758617080976338,1.251891555908695,-0.41808539625558355,1.31013257221396,0.7641011802049652,0.3230197334710983,0.41802402184759196,,-0.5151255184970246,-1.743348202059873,-0.20097869493117848,0.5758617080976338,0.3599615569716054,0.205137955686246,-0.1039385726897369,-0.1039385726897369,-0.4352542741408095,0.907177409548706,0.07279220856575529,0.30846530530706484,1.124284110873111,-0.13328896329436518,0.28659354297955425,-0.09402162541489846,-0.7937889850284383,0.3549845737969191,0.9346705177176655,0.5169193926118171,0.45932719359200663,0.5451137999613277,0.22737712876133517,0.2445460066465612,-0.19720826195486882,-1.25954639712545,1.0008899148362271,-0.00455719900686296,0.46165270797096625,0.4289967667855904,0.7287322705562103,0.10098661591526588,-0.16020310307048552,0.37980507536779706,-1.2086126525732492,1.3363525508818332,-0.7494010977066556,-0.23057061981236696,-1.4120325006088006,1.237912951543397,-1.0807167991577282,0.27017336534055136,-2.7284267505379236,-0.29039289203073754,0.6863002752479912,-0.2181787242229571,-0.9167556803521987,-0.9164564659638701,1.2347226780234688,0.16090432931403653,0.449471195251564,-1.1507320451735013,-0.009693485511652245,0.6741687409971253,0.6755184269318548,0.5877519967028869,0.7432710542043777,-0.09741092685210902,-0.8770974772056012,-0.41808539625558355,0.20856930201291177,0.44878628273748106,-0.09598962904411552,-0.032121644608429714,0.7430752351535526,0.08579766884664664,1.4841907468713718,1.238590845249673,1.1344667115768658,-0.034070799204869384,-0.0748794061992578,-2.5323701178080875,-0.23784458409301693,0.7383116573429926,-0.9336253438490961,0.13957623431472851,-0.1274782171266746,0.5157634093566994,-0.12099490405695255,0.8518577156691718,-0.1682386614854454,-0.6663796558610974,-0.5828567835315285,-0.11612008540913918,-0.9101293663231775,0.2504525877107277,0.907177409548706,-0.05122538883568225,-0.30271724699621144,0.13331232572197368,-0.42755952750803256,-0.5717024473425664,-0.8918045051828333,-0.28282632753434767,0.27911491470243655,0.44342264896196626,-2.2010544163570147,0.14419272739060962,0.7711233991590842,-0.6488696247897948,-0.009933980961146682,0.3090431916161584,0.04818012004603376,0.8618750732483662,0.3122821155529117,0.4608330546373314,-0.026985842383216607,0.6389354981464922,-1.119515905093904,0.4903184190700442,-0.5402602736534734,-0.9417019575698673,-0.009844935863117047,-0.45406210088923293,-0.16035249100856688,-0.2798467597596447,-1.2635600035462415,0.03546243021397188,-1.5520629926403464,-0.5539246244332003,-0.22390720366233757,-0.20787252959517405,-0.5549984317537737,0.3970321101299122,0.23155018640508268
18,0.29976529022173987,0.023668872345846474,0.46542314094727594,-0.6909640893110967,-0.44743578686021185,-0.8567179302051108,-0.3396116694310464,0.5206424245224551,-1.189531151109677,-0.08676969480451088,0.41020385737209725,-0.3076468291052256,0.20574690071038537,-1.003640589864869,-0.3396116694310464,-0.4484841782598837,-0.5151255184970246,,0.37980507536779706,0.6139121137875859,-0.5037034618350623,0.9665668191754597,-0.41808539625558355,-0.3248157069904516,-0.4352542741408095,-0.4352542741408095,-0.8598396648570136,-0.02285039614400783,0.4189038724574216,-0.9874471098925963,0.001970105426870692,0.34100596943162126,-0.2900782581447352,0.3932035202767134,-0.3076468291052256,-0.4728364478874713,-0.005681518258781818,0.4019035353620378,0.5721386761869958,-0.4352542741408095,-0.41808539625558355,-0.18380981704595248,-0.32162543347052347,0.44477276542797256,-0.9985043033600803,0.3626361974825711,0.9205374771467977,-0.22680018683605674,0.23624568463650175,-0.49819790071065084,-0.5703448020722032,-0.30595095683369455,-0.1483264600115196,0.023668872345846474,-1.5148194440735057,0.13410743949620382,0.20574690071038537,-0.29424838419630983,-1.055089440463738,-1.9687552253943374,-0.5893618860679963,-0.08676969480451088,-0.15113781904795123,-1.2548435126831659,-0.6941818141314775,0.24077557367025154,-0.5017270735881082,-0.31217671813897596,-0.6941818141314775,0.03132049603149899,-0.558154822313502,-0.9150589484321923,0.40397286686093,-0.4352542741408095,-0.7614398472859322,0.3991003235891542,0.048489373916725,0.10475704889157554,0.21736832669352363,-1.039825429749995,-0.4091824983822314,-1.1444049455328085,-0.9686905502698946,-1.0673183542488118,0.2658850105833624,0.015200009545944844,-0.14524350416932888,0.2450142385898521,-2.6562071298673606,-0.5681720914206125,0.38680143901333175,-0.25619797850635717,0.26800333268394677,0.6589901978347438,-1.0437749756572212,-0.29894681401990125,-0.7904411117585539,0.921351047577535,-1.3396547211395333,-0.7310256696230529,-0.11612008540913918,-0.013222384211401716,-0.15895497347688842,-0.41808539625558355,-0.47678617746483953,0.02859845445486119,-0.21462146546707353,-0.25382506306172536,-0.7665699755918817,-0.7665699755918817,-0.41808539625558355,-0.4939550553500661,-0.7992333230407456,-1.9687552253943374,-0.7494010977066556,0.5650422272989638,0.15379227014389574,0.531718033047398,-1.8990891055105705,-0.9359508582280558,-0.6976633117655543,-1.2042658996709046,-0.4046869513466672,-0.31917998238702305,0.5036764294252563,0.3161854678607433,-0.8498151257267292,-0.510741068081295,0.3578647741722611,-0.6373748488188226,-0.4502308219235676,0.10234548195841074,-0.7082025834521589,-0.7219079895376966,-0.8286600582383488,-0.22680018683605674,1.225321363757593,-0.03262199424281135,-0.5443887128415438,-0.8512126432584072,0.34100596943162126,-0.00037080461066800436
19,0.048489373916725,-0.7494010977066556,-0.28282632753434767,-0.6909640893110967,-1.1100671897623566,-1.6242096198241909,-0.04759834709352225,-0.6141420289854197,-1.1298170197348303,-0.6141420289854197,-0.7494010977066556,0.31900751135919675,-0.7882002036428314,-1.1263080708003008,-0.9807478874381388,-1.743348202059873,-1.743348202059873,0.37980507536779706,,0.0009217140271988249,-1.0062552944450927,-0.4939550553500661,-0.28282632753434767,-0.9626266083217184,-0.8636100978333232,-0.6009121248663456,-1.3071722138918649,-0.8748392093215311,-0.79592036619651,-1.0234241723303188,-0.79592036619651,-0.6529411349215956,0.07163622531063758,-0.5151255184970246,-1.0807167991577282,-0.8097304297719656,-0.01125979869220346,-0.3959869362613428,-0.5444759091016529,-0.9322278263174182,-0.18380981704595248,-0.9454577304364924,-1.119515905093904,-1.156586458252211,-1.4650790735323882,-0.2695964234152735,0.04145885534904887,-1.0807167991577282,-0.3959869362613428,-0.7494010977066556,-1.3434147721247056,-0.8334123536153649,-0.906600467623428,0.5454629260933337,-1.2939423097727907,1.0120376962656417,-0.7882002036428314,-1.1032954166865343,-1.159635642282749,-1.8030973746688015,-0.760598017226954,-0.9454577304364924,-0.8688994429245125,-1.6582914642112052,-0.6141420289854197,-0.6979522471077871,-0.6121656407384661,-1.1100671897623566,-1.4424312826131007,-1.0978856770429544,-1.0989256014033266,-1.1111155811620284,-0.35097582407515177,-1.0978856770429544,-0.7399446623908797,0.23919887849856286,-0.41808539625558355,-0.1769176494177395,-0.5173953262855878,-1.427363341186536,-1.4250203240509065,-1.6717772797137174,-1.300006251720967,-1.5698701868588423,-0.8385006609202124,-0.8130892440817359,-0.7886490292257682,-0.6136737970421288,-2.6495079074129024,-1.0955444256015219,-0.556327344159834,-0.5626931783865513,-0.42165294644386603,-0.5692324857281046,-1.10119863388719,-0.7273026377124154,-1.4226737326563987,-0.28537645109026094,-2.173522255200636,-0.6880352998329488,-0.5444759091016529,-0.3445380856624738,-1.1529020778301058,-1.0807167991577282,-0.5953214846013335,0.053418956025739706,-0.8772528683692182,-0.9150589484321923,-0.8273675396004825,-0.8273675396004825,-0.2524275455300475,-1.0213273895309745,-1.5014811899543632,-2.1040142941155735,-1.0807167991577282,-0.8000934917620754,-0.42872662830318164,-0.43740856973494086,-2.095145738240407,-1.6727296809449117,-1.1394175803669844,-1.535581601121977,-1.2747970436406109,-0.8061241726295674,-0.49027067492796106,-0.02992619603092359,-1.743348202059873,-1.3749510081294394,0.3882635561765613,-1.1647471829997311,-0.75865382094791,-0.49027067492796106,-1.1136657047179417,-1.4801819971496044,-1.042837970084606,0.2445460066465612,-0.008431011135871743,-0.7694008169596673,-1.0683871412438206,-0.5198969418073345,-0.45688450219175936,-0.6630022075128127
20,-0.4904735577159882,0.006499994460620466,0.006499994460620466,-0.22534172036998248,-0.09895120752391316,-0.14651886741343934,2.366301766542553,0.5034735466372291,-0.04315610014999831,1.0252676003847159,0.3930349794868712,0.4482542630620499,0.5542314800466834,0.1717357255674319,-0.08816721233618935,-0.9322278263174182,-0.20097869493117848,0.6139121137875859,0.0009217140271988249,,-0.410433772569931,0.6524199956096132,0.6691313973627652,1.0310144216079795,1.001422496726791,1.9393434603817177,-0.6009121248663456,0.2218948384963905,0.6569498846433629,-0.06194919323363293,0.4857137534844052,2.69078320238327,1.02195464354048,-0.9492281634128026,1.8839556360166962,0.48306025077579284,1.2815308818555549,1.5995333037096975,2.3415286660373464,1.276712057479573,0.7499780396319341,1.5660383794745416,-1.2984036599385145,0.1306259418621265,-0.9813354254748543,1.5090112484422504,1.2690220564830959,0.22737712876133517,1.2777604488792453,0.14726462430626786,0.07511772294471548,-1.4787858160315217,0.8627895222269232,-0.9874471098925963,-0.7245805961357776,-0.4352542741408095,0.5542314800466834,0.13033700651989416,-0.5052695201565824,-1.8506650345583275,1.000743821740066,1.33176280026491,0.8733766080994085,-0.6911491420803363,-0.8217892591670602,0.8787550157913594,-0.29801881717261947,0.5636801953782316,-0.4904735577159882,0.37980507536779706,-0.20967024297720277,-0.8217892591670602,0.42114174474615595,0.5758617080976338,-0.08163956649856091,-0.572010559844654,-0.8273675396004825,0.8949958968293042,0.4497469958452817,0.21706090766905178,0.9845039026952644,-0.32934559602420194,0.04242543196854877,0.09398288241529851,1.0561238585210904,0.8606581410588516,0.27732551821273205,0.7039373850765082,-2.224922516696699,0.9114950492370925,0.4039703168985577,0.40064662308533483,1.0434462181810813,-0.6491037300843197,-0.1330730214388514,0.9034543776380684,-0.11064083097118317,0.9385199254627605,-0.8807315746528777,0.044417215874080866,1.275701226977551,-0.9900006106793925,0.18952960585940967,-0.4352542741408095,0.961288110934439,0.942674314451863,0.5756173824706545,0.15736188274556226,-0.4046869513466672,-0.3076468291052256,2.3973855220309312,-0.03503190886340954,0.3075252639074609,-1.9859241032795636,0.22737712876133517,0.10811012916894647,0.15674995115044876,1.4075022272555942,-0.7775345561217698,-0.25615057744068503,0.2030141033225312,-0.19314991743246118,-0.20097869493117848,0.5633034342756313,0.8521610087615544,0.002038644294896094,1.452225906545551,0.07201909046463414,-0.7541725210169655,-0.153631200761288,1.59502759939484,1.113461464196854,-0.006907117769735765,-0.1821382007818723,-0.0317219878461625,-0.6709273708821185,-0.08277256416147107,0.978493987995632,0.46532975186522113,-0.3410091869627243,1.352121951670064,1.3420608790788475
21,-0.6389625305562983,0.21495408176537328,-0.7789930225878441,0.7500389885663304,1.2091427203951504,1.365451857710955,0.1977852038801467,1.0176159766990638,1.114882796607235,0.3549845737969191,1.0176159766990638,-0.08676969480451088,0.5370626021614581,1.3504143609938,-0.2439690647212833,0.2445460066465612,0.5758617080976338,-0.5037034618350623,-1.0062552944450927,-0.410433772569931,,-0.05220078674863612,-0.19720826195486882,1.1108856659641946,1.0812937410830068,0.16657956475273486,2.1984395411622284,0.07279220856575529,-0.13328896329436518,1.1108856659641946,-0.1940865273029655,-0.6777616364924741,0.7208900291892778,-0.8464412199480972,0.670106795275719,2.0064530325621495,0.04395948488297522,0.639540444100195,0.07516512401038705,0.8292109676548796,0.435831216066088,0.3549845737969191,-1.119515905093904,-0.16263935389899348,1.5549811860070581,0.03132049603149899,0.11787558221310654,0.2445460066465612,0.04018905190666556,-0.3325400499851148,0.6444794365817283,-0.6679873121014444,0.08734663672978935,-0.3076468291052256,-0.6561314084415243,-0.5285239634059409,0.8636068803022201,-0.29424838419630983,-0.1567849408202838,-1.5136025118839913,-0.6998004532183537,0.46542314094727594,-0.2559090431641248,0.3902402186012233,-1.135936082732907,1.3948022483155826,-0.6121656407384661,-0.11612008540913918,-0.613335171862308,-0.7665699755918817,0.20151670283008433,0.5206424245224551,-0.04448062419495764,-0.1039385726897369,0.6594655632281209,-0.1532526020652397,-0.47888296026418387,0.43607275034264764,0.634229374415065,-1.2109161222909324,-0.8509367669836614,0.8286933007330314,-1.2043636470112038,0.6996987201569069,-0.09025119243858878,0.6170338484394893,-0.2805752921995743,-0.8593714329137226,-1.6636575430458218,-0.7890492257213277,-0.275829963888813,-0.5875136799574292,-0.8659742637008159,-0.4587939185777467,1.356281576769454,-0.107661604600375,1.3887383063674066,-0.21122903127554965,0.3007303061435563,1.3067257389396836,-0.11612008540913918,-1.1918971161789784,0.2827992951245416,2.232440215352996,-0.9481323709474581,-0.6340329484472835,-0.7916348027897394,-1.1507320451735013,-0.8770085427422395,-0.8770085427422395,-0.28282632753434767,1.2434700941744647,0.8001779752299241,-1.0158221025842713,-0.41808539625558355,0.18704969517070896,-0.441209598397631,-0.7935447727568915,0.5009674469161045,-0.7002777614867468,0.5171609268883772,-0.40637542804752397,-0.18380981704595248,-0.2350321536482328,0.17236072797418367,-1.009077337943546,-1.4120325006088006,-0.9773158382536036,-0.5800561894826654,0.02525655408332219,-0.6845064011331987,-0.0633123687671253,0.05146894169142796,-0.8619384815692425,-0.6373748488188226,-1.4120325006088006,-0.5969149942233052,-0.3639376956938834,-0.35310350342201696,-0.6551560105285704,-0.015130233590329346,-0.00514222792097797
22,-0.3586959866288297,0.08305828197260033,0.27911491470243655,0.5644412468193335,-0.13328896329436518,-0.44743578686021185,0.8188847034582614,1.6540187236484831,-0.42952859071989896,1.221679909292785,1.6540187236484831,0.6104306161535091,1.422299692142187,-0.478183694996518,0.21147258413129538,-0.8860683208097385,0.3599615569716054,0.9665668191754597,-0.4939550553500661,0.6524199956096132,-0.05220078674863612,,0.41437398342367243,0.2962837925876625,0.5105346128593561,0.787679064330849,-0.42165604197735457,1.339806143652818,0.5465113174930055,-0.3663476103144822,0.6618914441271769,0.7596682892400424,0.7049691310285283,-0.7014337447418645,0.6104306161535091,0.5583478913512973,1.5133500729174647,1.6838548530523503,1.773928739316403,0.787679064330849,0.8313077504542239,0.3599615569716054,-0.8720897164444412,3.178988200606527,-0.30564941370524173,1.179792329790522,2.0544510254578086,0.8014893373236271,1.575364211311506,0.22925575363364914,-0.6462144611666858,-0.8014272920276946,0.8040887410176671,0.058237780401721236,-0.9185404460662695,-0.16263935389899348,1.6679973280137803,-0.8118723118922219,-0.4535317342154811,-2.511199654661128,0.9563623104159126,1.077005386325817,1.0478465961463745,-1.3519212951157766,-0.16018397678425159,1.4980012200344248,0.6506259508802571,0.6646015083290154,0.08363865084630373,1.229433332932279,0.57579698147994,-0.9909286075266742,1.8604992694525464,1.0958026666803466,0.07270381942045823,0.13009574642104185,-0.16263935389899348,0.18477411009866465,1.483169003562049,0.2649950453298726,0.14260088890874517,0.06582874577952744,0.7127434147291457,-0.2596794761404351,1.0457269113454843,1.1959128162760762,0.45792576979705246,0.4158821397273357,-2.3051184828010074,1.0921246464713572,1.9659664852735879,0.47534008822211493,0.6678199323852919,0.5814309199887636,-0.028174910067038286,0.3808534667674695,0.10767185580829174,1.7558744628327734,-0.2942009831306377,-0.08816721233618935,1.2416148456516813,-0.4034700191571537,2.556758379367453,0.30393541627331505,0.06979589175656972,1.868629507072626,2.152324445199526,0.5256194076971414,-0.03503190886340954,0.07540665828694781,0.49999204900315125,0.34173194573887633,0.5215398337717589,-1.8485682517589836,0.7572575583875808,2.5321392767310047,2.2106637970615255,1.5915953254515651,-0.7531715306829653,-1.0144245850525928,0.44825426306205046,-0.3470715540255953,-0.14924090899007714,-0.13014325854709882,2.6920174480886887,-0.26662552252698773,0.15388038511148436,0.6446937609458833,-0.6168166694963859,0.5397131416155966,0.46367809266725496,2.3426776952692623,-0.13918470585659343,-0.661478655550571,-0.15442582565056812,-1.156586458252211,0.20270403017794558,2.2829418066609195,0.11997124283847113,-0.28927140102162296,1.877452405652534,1.2047050275582678
23,-0.08676969480451088,-0.3076468291052256,-0.41808539625558355,-0.8081018789159122,-0.11612008540913918,-0.13328896329436518,-0.008295967979973777,0.5758617080976338,0.3700072339042435,0.907177409548706,0.7967388423983486,0.46542314094727594,0.6475011693118153,0.09205581311755011,-0.43665179167248747,-0.6012322116151311,0.205137955686246,-0.41808539625558355,-0.28282632753434767,0.6691313973627652,-0.19720826195486882,0.41437398342367243,,0.11693856161097782,0.08734663672978935,0.4978952662038069,-0.3076468291052256,0.19235939512252315,0.6397810067581369,-0.21437713984009482,0.3332858068779428,0.4266240350111001,0.7038688462084821,-0.4103542943808509,0.3549845737969191,0.8333605699737187,1.2034753773609665,0.2723991802685809,0.07516512401038705,0.4978952662038069,2.423725424772522,-0.5285239634059409,-1.4508316065449764,1.0076688538667826,-1.4650790735323882,0.7987231230498173,0.9205374771467977,1.495129149811184,0.43230231736633795,0.5867273917284367,0.2956747704966447,-1.0733535838520134,0.9755538779339487,-0.41808539625558355,0.11693856161097782,-0.9702782320073703,1.003637372333766,-0.7360026527977392,0.27930198474696244,-2.435329995566646,0.328107654758648,0.5758617080976338,0.38071275368662044,-1.0339663783824506,-0.810287724316018,-0.09054012778082055,0.798642511336292,0.6636491070978205,-0.9150589484321923,-0.1039385726897369,-0.9028689686734904,-0.14061278354311804,0.3245653961972822,0.5586928302124078,-0.2948650771136237,-0.9148277961467683,-0.9454577304364924,0.6569498846433629,0.703298022155097,-0.03746180304732573,0.3171035294749238,0.1149118112856973,0.05631675459271436,0.4424674617515966,1.0084671360308022,0.6778314124480895,0.2641698340765937,0.4672675677271389,-2.6562071298673606,0.09036879175643764,1.1857965093659968,0.1076693263903266,1.2700888310971428,-0.679671052878462,-0.1898583633355502,-0.107661604600375,0.2670363447440704,0.687075468367904,-1.0036403156871612,-0.7310256696230529,0.11815549380049188,-0.7996907991728196,0.5036037101162462,-0.08676969480451088,0.9751794335586046,0.8140786752928025,0.9118519194665725,0.4257339576267936,-0.0684524143507492,0.0008326514264367115,0.8463798455401056,0.1686763475520786,-0.40136534395329426,-2.435329995566646,-0.08676969480451088,0.8960685560220634,-0.18901820727814864,1.4373142836803288,-0.07141990571427104,-0.0007626827139364695,0.2962837925876625,0.22576813024955905,0.40611333764700264,0.3072235135668661,0.6389354981464922,-0.015130233590329346,-0.21767156742964625,-0.413700945839854,-0.3497089278703408,0.02995525808462261,-1.1114647072940345,0.19798808666817386,-0.6020338418043063,-0.16242340279643214,0.6218789312307349,0.008872909905252233,-0.36124189748199625,0.6515045935543858,0.14621992287289698,0.0369945979457527,0.7827602380330513,0.4662039655616405
24,-0.4352542741408095,0.4482542630620499,-0.7665699755918817,0.1059739810810896,0.2323644939271589,0.0191389833120967,1.6654514171606138,1.2213242331145526,0.4842162340309105,0.5586928302124078,1.33176280026491,0.11693856161097782,0.8855471814977556,0.414554756447345,-0.3224427915458204,-0.7665699755918817,-0.1039385726897369,-0.3248157069904516,-0.9626266083217184,1.0310144216079795,1.1108856659641946,0.2962837925876625,0.11693856161097782,,3.7489882305768116,3.068549633456171,0.682529842271681,0.43607275034264764,0.891225463852994,0.44223104184570083,0.8190058431824315,0.9959857486481135,0.9553133033033392,-0.4218558292318932,2.0211910929848873,0.6487181015013289,0.011487359626444192,0.9416733241178626,1.5832546584254392,3.399865334907243,0.7499780396319341,1.9148784348187966,-1.4336627286597508,0.2962837925876625,-0.21968751208431442,0.515064144089033,0.18952960585940967,0.5586928302124078,0.11815549380049188,0.06715211985120055,-0.25619797850635717,-0.35533435658484785,0.5314738207758511,-0.1039385726897369,-0.19720826195486882,-0.21437713984009482,1.3488087946555536,-0.6692382196486941,-0.2695964234152735,-2.452498873451872,-0.13043873958134086,2.670424050978115,0.09257553617217326,-1.23767463479794,-0.6009121248663456,0.1475058844051202,-0.29801881717261947,0.45765917091388847,-0.2695964234152735,-0.11990126494961821,-0.5543843893371911,-0.15915785626491558,0.511628461384013,0.4665275266187796,-0.08163956649856091,0.10968663100059026,-0.29999520541957364,0.7679915446063923,0.8971686074808949,-0.3522053627199828,0.5790407814294811,-0.03764635858460207,-0.8558790676749055,-0.4218558292318932,1.0180507288921685,1.0263159917843883,-0.1280746262841023,-0.17957115212635247,-2.231621739151157,-0.10924894493395705,0.0726546154474851,-0.018151966320416428,-0.6131322890742809,-0.11030933924144859,0.06298361129098534,0.5721386761869958,0.08541580175865303,0.21389710810554247,-1.2252999041619925,0.5670181267446798,2.1184471570818433,-0.8795620435290351,-0.03134752844130505,0.8900085316634799,-0.2683320901600873,-0.20051067240521,-0.33712919898909827,-0.11806909816987514,-0.5285239634059409,-0.5285239634059409,1.0252676003847159,0.7314117471600708,-0.5501434541397695,-1.6546084018284912,-0.1039385726897369,0.47177253803383185,-0.07480920715148161,-0.006619081833675071,-0.9984116904224851,-1.3457402865036656,-0.12830159812854147,-1.1870970217856787,0.13033700651989416,-0.895662946206027,0.5208453073104823,-0.5501541914568913,-0.008295967979973777,-0.3538392267129152,-0.3668306788676031,-0.8443962622488218,1.0379797704044194,1.0434462181810813,-0.4605894053229666,-1.2717279098448522,-0.059843486770236036,-1.0022430723331912,-0.24843041488700712,-0.015453116357585341,-0.10026152879548257,-0.3410091869627243,0.5685884937762306,0.48337284344686654
25,-0.4352542741408095,0.22737712876133517,-0.7665699755918817,0.42403705447411943,0.2323644939271589,-0.11612008540913918,1.5698088124508507,1.2213242331145526,0.3885736293211474,0.8071796063007118,1.2213242331145526,0.08734663672978935,0.8855471814977556,-0.018151966320416428,-0.41808539625558355,-0.7665699755918817,-0.1039385726897369,-0.4352542741408095,-0.8636100978333232,1.001422496726791,1.0812937410830068,0.5105346128593561,0.08734663672978935,3.7489882305768116,,2.700991373772257,0.6529379173904925,0.6880991716948711,0.7807868967026366,0.10451551461501535,1.2228327990058132,1.0768323909172823,0.7230141123406617,-0.5322943963822505,2.0211910929848873,0.9206234649406169,0.42033654633217515,1.3620660650137983,1.8756903731244787,3.363622776674401,0.8900085316634799,1.7439251439851502,-1.4336627286597508,0.5105346128593561,-0.21968751208431442,0.4788215858561923,0.5075926792524394,0.8668164325619049,0.43953172420803227,-0.1039385726897369,-0.3666365456567145,-0.3915769148176891,0.435831216066088,-0.1039385726897369,-0.22680018683605674,-0.2439690647212833,0.8855471814977556,-1.003640589864869,-0.2695964234152735,-2.452498873451872,0.15140609490147822,2.6408321260969254,0.3744203706549929,-0.9425771722570775,-0.6009121248663456,0.45894264376912774,-0.29801881717261947,0.2323644939271589,0.038527178934224075,-0.41808539625558355,-0.22638184490062968,-0.0783112139957467,0.5215679324275452,0.5460432949670371,-0.1772821712083246,0.08009470611940177,-0.20097869493117848,0.7483390907687366,1.192266070021758,-0.29528495736648996,0.46860221427912313,0.17814779606964237,-0.6202059709335965,-0.3410091869627243,0.8879597079041556,1.0263159917843883,-0.21361997255457157,-0.2091630770075404,-2.452498873451872,0.07849661922165091,0.2262533103285986,-0.018151966320416428,-0.6387596477682711,-0.22074790639180594,0.3554193259900244,0.7121691682185416,0.37366046202108555,0.26403341203425146,-1.5729549024362106,0.44574816334092643,2.1184471570818433,-0.9900006106793925,0.179590134815878,0.8900085316634799,-0.2939594488540775,-0.07461070585380242,-0.15136591792708887,-0.6009121248663456,-0.5581158882871293,-0.5581158882871293,1.124284110873111,0.7018198222788824,-0.6158262255562796,-1.7898674705497273,0.22075081473231406,0.7701831575892054,0.08210264474414247,-0.0494636347729058,-1.0280036153036736,-1.4413828912134286,-0.12830159812854147,-0.8657207913781387,0.13033700651989416,-1.3188800153044271,0.8488478517470438,-0.771031325757606,-0.1039385726897369,-0.7999219514582429,-0.3668306788676031,-0.9614611434282014,0.8533208750139148,1.1735372391690948,-0.7852787927450181,-1.4630131192643787,-0.16211240550902084,-1.0978856770429544,-0.43971562430653394,0.038435293296681924,-0.12588888748947277,-0.3410091869627243,0.22291577859561082,0.34811377472563065
26,-0.4352542741408095,0.03132049603149899,-0.7665699755918817,0.2627115711955068,-0.05935140701431152,-0.44743578686021185,2.484837073679046,0.3930349794868712,0.17439571747488974,0.8900085316634799,0.5282940482081071,0.8292109676548796,0.5542314800466834,-0.06645330216482635,-0.06667202744113694,-1.7093939573161583,-0.4352542741408095,-0.4352542741408095,-0.6009121248663456,1.9393434603817177,0.16657956475273486,0.787679064330849,0.4978952662038069,3.068549633456171,2.700991373772257,,-0.3970353276610147,0.13627677291691168,0.5914636387305955,0.16055634353638581,0.7571214894561316,1.4873810203913,1.648343488209784,-1.1949257992843956,1.7845370205198354,0.36704340319201384,1.0302549655505402,1.3033878075732355,2.100742419773357,3.226387319706212,1.124284110873111,1.6083832349386031,-2.0962941315618955,-0.14547047601376747,-0.38534536280985043,1.4041509617253145,0.6164879120202454,0.22737712876133517,1.1121025981537087,0.3321483528775094,-0.6979522471077871,-1.071702923574988,0.76714691751716,-0.7665699755918817,-0.47888296026418387,0.08732307097944571,1.047891875208781,-0.288281515055865,-0.4656530561451097,-2.452498873451872,0.816109245672192,2.485789474910241,0.34600427391849964,-1.549837177712317,-0.6009121248663456,0.4788215858561923,0.033296884278452586,0.7889748723649606,0.061719278035799144,0.5427301379525266,-0.5543843893371911,-0.7969687575961824,0.6287662509888284,0.7978432280698523,-0.06014438160350906,-0.30724713602996123,-0.9322278263174182,0.3510577775758414,0.2536903631154455,0.32052329862145634,0.2258343586629502,-0.3474668751406223,0.15956322157336372,-0.0657196262099426,0.7611965321537321,0.6950002903333156,0.22246695301267466,0.2013855524664778,-1.868786313674748,0.9477376074699332,-0.20784276482353586,0.3513826816104511,0.42380518506904075,-0.7481202405727148,-0.22534172036998248,0.9464447474281726,-0.24589989969241904,0.2353922930005943,-0.5130274981180908,0.5143658918250209,2.528995786555861,-1.5173729448603013,0.32478867458064553,0.22737712876133517,0.5329322872419253,0.13080502904586208,0.8417179772271121,0.8017305863686304,-0.2446073810545528,-0.012308190091875325,2.089213287251834,0.4497370488507558,0.40418718620197513,-1.7898674705497273,0.8900085316634799,0.26818969946106086,0.17597582899615363,0.9017099569400635,-0.6174549858296554,-1.1100671897623566,0.2030141033225312,-0.855781320334606,-0.20097869493117848,0.16832835717294753,0.8521610087615544,-0.540129652326607,1.0252676003847159,-0.08884299368660638,-1.029462081769748,-0.4882600592268712,0.9638323505897081,0.9692987983663699,-0.01213591426707899,-1.0145596282084908,-0.2525262137214413,-1.0978856770429544,-0.9852092376038626,0.9043465681809207,0.2740445424456943,0.1255655832095842,1.587356099700326,1.5077187298043835
27,-0.9702782320073703,-0.08186352630213639,-0.7360026527977392,0.8685742957028239,0.8778270189440777,1.7957840696504217,-0.3013927229512516,0.6863002752479912,1.2345390457647656,0.048489373916725,0.5758617080976338,-0.5285239634059409,0.20574690071038537,1.4112119250024002,-0.008295967979973777,0.2445460066465612,0.907177409548706,-0.8598396648570136,-1.3071722138918649,-0.6009121248663456,2.1984395411622284,-0.42165604197735457,-0.3076468291052256,0.682529842271681,0.6529379173904925,-0.3970353276610147,,0.2558490832401054,-0.3541660975950799,1.0500881019555943,-0.5254022287540382,-0.6777616364924741,0.547412013988247,-0.7360026527977392,0.3131637351306562,1.7225364502107612,0.10475704889157554,0.3922290939823784,-0.1605079727309219,0.26559607524113005,0.10451551461501535,-0.07337124989559454,-1.7821473079960488,-0.05220078674863612,0.9893899053463544,-0.16473613669833778,-0.2694662599362559,0.2445460066465612,-0.23032908553580678,-0.3325400499851148,0.6863002752479912,-0.5020075895635313,-0.008295967979973777,-0.6389625305562983,-0.21437713984009482,-0.8464412199480972,0.4400224799200164,-0.41808539625558355,0.17453076063078826,-2.457908613095452,-0.7629082058757014,0.023668872345846474,-0.14547047601376747,-0.47404244075593127,-0.7668634529543406,1.124284110873111,-0.5151255184970246,-0.44743578686021185,-0.3360692228625722,-1.0978856770429544,0.5328324042811564,0.7549180037320862,-0.04448062419495764,-0.4352542741408095,0.3295473793087262,-0.36263496039498094,-0.47888296026418387,0.2151956160419329,0.7638938194111272,-1.028330653779022,-0.6778854175839854,1.1140074006160974,-1.1599757596894213,0.7967388423983486,-0.09025119243858878,0.34651571099701695,-0.34130013689916505,-0.8727698778226384,-2.3047937610529146,-0.9681055213557797,-0.17878984164737197,-0.5875136799574292,-0.6303011669595069,-0.9005481871791767,0.9789642737503759,-0.43897730605144764,1.4317286761575108,-0.6381873374363854,-0.6206345035383678,0.39201156260941183,-0.2817779361346752,-1.24144506777425,-0.49027067492796106,1.4727686902094097,-0.9877724007092744,-0.9653486498983562,-0.9020733699400968,-0.8194163437224286,-0.6561314084415243,-0.6561314084415243,-0.6141420289854197,0.8447061953631403,0.0560808068126038,-1.8315197684261477,-0.5151255184970246,-0.1433343279259106,-0.757325908846553,-0.6831062056065341,-0.22911215334629215,-0.273319455325911,0.25814423881001614,-0.04466094459215116,-0.08676969480451088,-0.14123795538047,-0.15895497347688842,-1.340393039394619,-0.9850741944479652,-0.8802757160121619,-0.6921084708792467,0.16710226435558648,-0.9187819803428298,-0.39462807021819796,0.14526313995919077,-1.1502638132302103,-0.38020656718246115,-1.6477055973501096,-0.9282306956743773,-0.695253397144956,-0.26559929277223254,-0.7494010977066556,-0.45688450219175936,-0.42872662830318164
28,-1.1272360676475826,0.7354236114679006,-0.13328896329436518,0.41790128673976,-0.1039385726897369,0.16562716352153994,0.07516512401038705,1.9717430350168845,-0.06886249866419918,0.687496078882199,2.082181602167241,0.6397810067581369,0.6785801126943127,0.2970741377313762,0.2151956160419329,-0.79592036619651,0.07279220856575529,-0.02285039614400783,-0.8748392093215311,0.2218948384963905,0.07279220856575529,1.339806143652818,0.19235939512252315,0.43607275034264764,0.6880991716948711,0.13627677291691168,0.2558490832401054,,0.6996987201569069,0.5169193926118171,0.7080263450806686,0.5533455831033606,0.34470729677768236,-1.1138376227386662,-0.02285039614400783,1.093244596165864,1.671986495513447,1.2235557283965282,1.2311241521218812,0.13627677291691168,0.3893119475762337,1.0815352753595664,-1.7510683646135512,1.1908921807773887,-0.3074749110845022,0.8170294549354773,1.5638328334983558,1.2543434569119238,0.984557314979393,1.0317488335997895,0.21142518306562325,-0.817490803595161,0.42797601035651156,-0.79592036619651,0.3108382207516966,-0.5750432318957952,1.5620886498971727,0.08619065347467106,0.2236540968506971,-2.561390061641246,0.6817527080404177,0.5360416620622371,2.81532005076887,-0.3797631814005625,-0.02388909113379455,1.0358270783945258,-0.5616447869868788,0.5586928302124078,0.29079513456300715,0.2151956160419329,0.4225289074175032,-0.40938538117025913,1.7017611011643337,0.8579480768570131,-0.05089165836225472,-0.42655425905548516,-0.660661297475274,0.509068383420183,3.1983667188567795,0.9561402292080198,-0.1647913789218225,0.5618664351907154,0.9156115436886595,0.43900153982079554,1.0756761982448422,0.5101727690916867,0.893825351142065,0.29823272953416347,-2.0400949954550702,1.0483446532362766,0.802636441041316,0.3108382207516966,1.0928942761490834,-0.41227465008789294,0.8833006309415811,1.2641204696937687,0.6412669261429474,0.6985475272298184,-0.9188293814085019,0.07516512401038705,0.3230197334710983,-0.9322278263174182,1.5392299587953624,-0.016151173689550224,0.29522260497746744,0.35327709531274276,1.5004747412997983,-0.5346199107612107,0.4438038522173808,0.6973732057779474,0.13722917414810656,0.3797490810959658,0.8231879466088053,-2.015274493884192,0.47301877036109713,1.0905732435196227,1.1682245822228572,1.202069791260106,-0.7367621088551793,-1.211618671782863,-0.24173648208808382,-0.8860677559911706,0.9911943755725835,-0.19185243325292398,1.633017672786412,-0.9103688602004308,0.6506124030115329,0.8228220597330539,-1.1100671897623566,-0.9818081080412333,0.1630296279539538,1.3444754839755886,1.0743845695612795,0.09061638843879756,0.16167001067601391,-1.5985822611302007,-0.661478655550571,1.8697041510840962,1.3189669119344372,0.6632039907973375,0.5681415455439554,0.708779866781331
29,-0.6854817990461526,0.5427408845166959,-0.3541660975950799,-0.7219828099164562,-0.06433877218013524,-0.14756725881311178,-0.11612008540913918,0.8606581410588516,-0.591463409534798,0.8606581410588516,0.9710967082092096,0.43230231736633795,1.3412115155964575,-0.35179318215044814,-0.7787514883112839,-0.278222473395261,0.30846530530706484,0.4189038724574216,-0.79592036619651,0.6569498846433629,-0.13328896329436518,0.5465113174930055,0.6397810067581369,0.891225463852994,0.7807868967026366,0.5914636387305955,-0.3541660975950799,0.6996987201569069,,0.11815549380049188,3.415710577678255,0.6785801126943127,0.3808534667674695,-0.4512062198365215,0.8448812028945151,0.1258756563541698,0.33781569591169314,0.6444794365817283,0.8446396686179549,1.1121025981537087,0.5293424396077795,0.21142518306562325,-0.7571212602603341,0.7673884517937203,-1.087244103591462,0.6817703862142415,1.298372447087724,0.3893119475762337,0.7111207768188698,-0.05923839299486876,0.6113586130007909,-0.9757111927332182,0.8334391316222949,-0.4646046647454378,-0.3235987748009381,-0.9607949255492779,1.2307729484461,-0.21693064062689044,-0.2047017268418166,-2.150533562605428,-0.3219654832774273,1.5366879888699132,0.24576293883607525,-0.4218558292318932,-0.8511396497716885,0.7673884517937203,0.11438506082418222,1.2595431795943468,-0.9481797720131302,0.449471195251564,-0.8563497001836361,-0.519823948320616,-0.10839992285546127,1.1121025981537087,-0.3822073598133274,-0.5369928262058425,-0.4646046647454378,0.6691313973627652,0.4847647294840932,0.14937117603223907,0.6312838744608397,-0.3396116694310464,0.0703783050414986,0.7770164637263269,1.1710923147051977,1.055666382389016,-0.43003993713054667,0.40197207423006376,-2.468450819147584,0.375254159181017,1.1074468863763025,-0.9444093390368199,0.3145226011738011,-0.0809589486368203,0.230966976395481,0.3131637351306562,-0.11950938684634974,0.4036765529383636,-0.7409426168978914,-0.6831088836015208,0.6959282871805973,-0.20097869493117848,0.21887999646403797,0.19802673815670688,0.3280070986369226,0.7243506809379439,-0.09588257630665674,-0.8659356122122829,-0.6683129211609266,-0.7653530434023675,0.04156990593647234,-0.005681518258781818,0.2412330498023255,-2.015274493884192,0.10098661591526588,0.8190401851806164,-0.2797343957564844,0.6886758686876086,-0.6511440432757005,0.008872909905252233,0.7845573296789463,-0.1637995268278329,0.8874550308766838,-0.2726607138971687,1.0167704680874186,0.015948709792167993,-0.03904387611627997,-0.3652052891030461,-0.12089150871944915,-0.2595398788778956,-0.76796749312356,0.07884950443249211,-0.33036761351123195,-0.9110618177891519,-0.023866782136586624,-0.5089925520672206,0.3324684488026458,0.9808195023745917,0.48063733489417093,-0.19688156236632187,0.5681415455439554,0.37746416533025895
30,-0.6561314084415243,-0.1335304975709254,-0.7961619004730701,0.39429931274205743,1.2263115982803763,1.7139364370472532,-0.44767732113677144,0.6691313973627652,0.9111745401917457,0.6691313973627652,0.6691313973627652,0.46165270797096625,0.22291577859561082,1.6955857833155876,0.670106795275719,-0.4352542741408095,1.124284110873111,-0.9874471098925963,-1.0234241723303188,-0.06194919323363293,1.1108856659641946,-0.3663476103144822,-0.21437713984009482,0.44223104184570083,0.10451551461501535,0.16055634353638581,1.0500881019555943,0.5169193926118171,0.11815549380049188,,0.05735792979189157,-0.9919084600583207,1.2006629533972824,-1.760517079945099,-0.2439690647212833,2.0236219104473747,0.723759765670346,0.08298528848588176,-0.238981699555459,-0.14756725881311178,0.4186623381808614,0.23510782846186,-1.7649784301108231,-0.47678617746483953,0.012611678878363048,0.37980507536779706,-0.38755645077226575,0.5586928302124078,0.8170294549354773,0.3129224750318039,1.3869820838400886,-1.633270762598463,0.5710902847873238,-0.9874471098925963,0.3549845737969191,-0.8770085427422395,0.860896816100381,1.0105323867082425,1.4826246885498522,-2.0829642255210046,-0.44835599612349714,0.11693856161097782,0.6581668168328769,0.7272300219665491,-0.5875136799574292,0.8463798455401056,-0.1039385726897369,1.097098474714458,0.03212735315461066,0.5659222370541016,0.9161620243186184,-0.25619797850635717,0.26755922798172316,1.1059668304193493,1.4363059662569326,-1.1185360525622576,-0.49605183814940984,1.5758214872733052,0.47325743148030613,0.052958361870956365,-1.1650835905495078,1.2876164472196874,-0.053217172741214916,1.4422013674152667,-0.10952704171298067,0.3028870248736426,0.28599728122072826,-0.662333507424287,-1.2538681147702124,0.62746690101395,-0.06458084152070438,-0.3360692228625722,0.11573113065680386,-0.7729407421435933,2.146520424707182,0.9034543776380684,1.5029473064940735,0.38338773595517156,0.8721534761142753,0.0014268460839766046,-0.7615826104260579,-0.7825219212875936,-0.5835403641930919,1.1080965257474837,-0.36537221240152834,0.06660484324778189,0.14211896864760262,-0.1219018752939693,-0.059972804986678764,0.3683830187058349,-0.29999520541957364,1.5621362603801674,1.0071274825244283,-1.6956223833716422,0.22737712876133517,-0.03005700615369608,-0.025095484700714446,0.2867085580752294,0.6828059814033901,-0.11751760294081708,0.5343298047736033,0.2592136558611738,1.124284110873111,0.768059997029511,-0.14178609559166241,-0.6605927586072486,-0.1039385726897369,0.6169157785387271,-1.0854882224680382,0.46430075848291485,-0.24229485656996957,-0.04614349088189929,1.4729774450181525,-0.4178112975231807,0.45281795305683004,-1.4292013784940267,-0.9110618177891519,0.949083400114809,1.0831659752603364,0.08734663672978935,0.545396394674655,0.3433423514153207
31,-0.9919769989263467,0.7636180188174106,0.001970105426870692,-0.6446029044857703,-0.39565447363120787,-0.7494010977066556,-0.1950389285341604,0.8302593590545515,-0.8056413213810552,0.8043344718121698,0.6950002903333156,0.37150475335773764,0.8994572469950274,-0.5444759091016529,-0.992929400157541,-0.08216584066542483,-0.13328896329436518,0.001970105426870692,-0.79592036619651,0.4857137534844052,-0.1940865273029655,0.6618914441271769,0.3332858068779428,0.8190058431824315,1.2228327990058132,0.7571214894561316,-0.5254022287540382,0.7080263450806686,3.415710577678255,0.05735792979189157,,0.5073439815353551,0.3808534667674695,-0.8929604884379515,0.2926883671427277,0.393080636782131,0.46807685307321073,0.959229352960247,1.0135300049594673,1.2777604488792453,0.43230231736633795,-0.09507001681457089,-1.0884369617114062,0.526632375405941,-1.087244103591462,0.3808534667674695,1.3999883015851493,0.14832938293904618,0.5592959230250799,-0.5616447869868788,0.1696043443993609,-0.613996709277846,0.4064808254614597,-0.660661297475274,-0.6052734731102531,-1.1320310567082357,0.8994572469950274,0.4097236998375325,-0.474905779386364,-2.316191413330964,-0.05807365986397722,1.5615084904407905,0.5039874192153427,0.4724947979334328,-1.1576348496518827,0.5001271192898554,-0.5616447869868788,0.792968409422039,-0.9730566256599124,0.11815549380049188,-0.7442827305639753,-0.8263191482008101,0.12080483636901508,1.108789441139198,-0.5963852716595844,-0.7082289573648002,-0.4646046647454378,1.458710800411917,0.7297365818053168,0.1621285272446844,0.9407088545964541,-0.4816384723439597,-0.05176955578435072,0.2744646311162966,1.301353471866716,0.7243506809379439,-0.7421297607359139,0.09547687434986964,-2.7930672981441984,0.5038869138732318,1.2106789836817156,-1.005206903045421,0.12183987422259694,-0.5227132172382503,0.32984206672121996,0.21612361288921464,0.029582678806632352,0.5075617144851358,-0.1391087780043476,-0.8757916105527255,0.635130723171997,-0.5322943963822505,0.202314211391484,-0.13328896329436518,0.11382918679066548,0.8430439645866258,0.04763120891290371,-1.2928939183731185,-0.9748081210411207,-0.9365891745613258,-0.2593470135102996,-0.01399258683301062,0.19830342877634216,-2.4818492640565,0.06785504577015855,0.898760447386464,-0.39781457606525056,0.593118332064598,-0.2950078402537494,-0.6322633081018406,-0.09895120752391316,-0.20024425398745077,0.003946493673824294,0.2142445328501292,0.8583193002646076,-0.3301629540994989,-0.426385718265643,-0.762840458978882,-0.4218084281662216,0.36664679686463125,-0.12359878950049139,-0.14888043214665256,-0.6186929451722003,-1.4336627286597508,-0.04212948141566322,-1.1272360676475826,0.022647932246625598,0.7770200102829146,-0.04336109350810584,-0.6634563325386303,0.2368258440928827,0.0461484638791863
32,-1.0698749019521476,-0.12556880074068671,-0.12556880074068671,-0.5780175635602102,-0.7588498130382043,-0.7571212602603341,1.9899328530013296,0.47626503815285715,-0.5837432469811196,0.20574690071038537,0.5867036053032151,-0.015130233590329346,0.821559343969227,-0.7724288432892844,-0.43971562430653394,-0.6529411349215956,0.28659354297955425,0.34100596943162126,-0.6529411349215956,2.69078320238327,-0.6777616364924741,0.7596682892400424,0.4266240350111001,0.9959857486481135,1.0768323909172823,1.4873810203913,-0.6777616364924741,0.5533455831033606,0.6785801126943127,-0.9919084600583207,0.5073439815353551,,0.08003654924251381,-0.7748017587339151,1.875723852874662,-0.3369972197098539,0.7872901270667999,1.582944585280853,2.519136996157909,1.4873810203913,0.06571640867883953,1.7222949159342011,-1.3015939334584432,0.4531730893598488,-0.9597051974239039,0.7750358950383881,1.4542894905410588,-0.12556880074068671,0.47110142330251376,-0.2360800872000542,-0.5539246244332003,-1.3658701793669097,0.31855838330537395,-1.119515905093904,-0.9919084600583207,-1.009077337943546,0.5758617080976338,-0.6643631915835577,-1.079092583959319,-2.4741291015028217,0.4433843242213969,1.5558302080855533,0.26040323588417247,-1.5722533290779508,-0.953858054368368,0.5676299249555998,-0.5405261795242841,-0.09621841013605956,-0.953858054368368,-0.15257534971560455,-0.34146895186671516,-0.29122665146622334,0.5021234301712229,-0.10839992285546127,-0.7078447789091615,-0.7049379976696545,-0.9842568363726683,0.014220157014298377,0.562589913200884,-0.10007805226499512,1.4164480680244549,-0.6786475334357964,-0.17161743672181096,-0.33304749013248564,1.3842492864522338,0.716630518384266,-0.10644439823315305,1.1673218817288873,-3.0411178996952035,0.409354835293602,0.6814681585694053,-0.2606593286720815,0.8994185955064944,-0.5600253046731173,-0.9093332650112822,0.2624532027868729,-0.5555853730925419,0.15888577611169824,-1.4921408246228836,-0.45655346694556764,1.5851805986901817,-0.8713302603870017,0.5424755353614321,-0.45688450219175936,0.99907156642693,0.2882746946917523,0.4619885418003679,-0.29122665146622334,-0.8814698929079634,-0.7710313257576055,1.8015278439571465,-0.5655945165642471,-0.31115374266020446,-2.4741291015028217,-0.45688450219175936,0.32288892334832636,-0.4024104924614552,1.0122714075850032,-0.9767814623715353,-0.7571212602603341,-0.32754850437830635,-0.5028353908325834,-0.443486057282843,0.24222003441975165,1.00905030553374,-0.5932173782335686,1.184898042623008,-0.8165833891960975,-0.6605927586072486,-0.7898609523021729,0.9635513876378965,0.7733772087924311,-0.4767207505647778,-0.6831088836015208,-0.26726004143157406,-1.124287328404214,-0.28282632753434767,0.14620760372491032,-0.07863130074453219,-0.6395426900126792,0.7967388423983486,0.7010597042276525
33,0.041237443306337426,0.5657517656549409,-0.15284280117654517,0.6744331022855449,0.26664446664080194,0.2838133445260279,1.072451092908154,0.7038688462084821,0.6637491090196374,1.6007758283202573,0.5686097774872463,1.1704436163807908,1.3642853735036526,0.8001752924950388,-0.056755080166298495,-1.4192844312191881,-0.09402162541489846,-0.2900782581447352,0.07163622531063758,1.02195464354048,0.7208900291892778,0.7049691310285283,0.7038688462084821,0.9553133033033392,0.7230141123406617,1.648343488209784,0.547412013988247,0.34470729677768236,0.3808534667674695,1.2006629533972824,0.3808534667674695,0.08003654924251381,,-0.9507332727999258,0.9685432074224134,1.1415529906801531,2.1937411113386345,1.5529713954763713,0.8322357473015056,0.9857120853076394,1.4655167595990215,0.6243530778602246,-1.7118010267340846,0.3131637351306562,-0.20663290321684655,1.7654812778145996,0.7455662802757974,0.5686097774872463,2.210909989223861,0.5686097774872463,-0.2596794761404351,-0.4623804887018894,1.3426551454527023,-0.2900782581447352,0.17554411079637838,0.4107720912372044,1.5010027085206874,-0.18132444553958496,-0.045501564294178516,-2.07502366649312,0.8173697051496086,0.7038688462084821,0.6092856678231361,-0.8832668010440207,-0.23286118679441903,1.345450180516058,1.1342010581479494,1.6785689749319535,0.3441307510000635,1.1667584270087885,-0.2313171164758048,-0.5527762311117123,0.7587657146912434,1.5875293678516509,0.9238857754748693,0.3836862660771399,-0.4253373268659711,1.514543923363937,0.8475836429811046,0.7882861291722905,-0.37513367795401176,0.24018465840265363,0.6923448525324987,0.5078122134786454,0.8179347278437904,1.3635470552485662,0.7335313075155662,0.08096454608979498,-2.06274616360524,0.7588918073790243,0.6590496026500275,0.5754775407315461,0.5437549339181822,-0.42474509814952754,0.566512994687902,1.2777604488792453,1.1380636873211265,0.8424605762861119,0.252559389038601,0.9067792880423196,0.7636180188174106,-0.6929648819419628,0.30947935470855115,0.4715696552458047,0.6474082260598762,0.8944155279556002,0.8925985939608745,0.5974696217972129,0.07850398855493738,0.17554411079637838,1.065583329663855,1.007387770483574,0.6285458181367677,-1.6142926725493525,1.1342010581479494,0.7856450863671307,0.3926033590562137,1.029028466633415,0.43125392596666606,-0.5929959702223739,0.6878002531433023,-0.23148925846464619,0.7058452344554358,0.5830433796785195,0.9721107576106959,-0.38653822092979473,0.0030184968265425595,0.13551563824818624,-0.11202295284428257,0.10563322063878836,0.10120534119157532,0.30947935470855115,0.34420402937753936,-0.7855436540176807,0.5145309964473247,-0.7566530283170432,-0.6007161327760518,1.1287052001157127,0.7756754368783212,0.4486769528190744,2.024279347886605,1.7903939755823455
34,-0.04855074832471659,-0.6255640856473825,-0.8330427750391809,-1.472130799349735,-1.2071073120037976,-1.3232927003774189,-1.0992831945746322,-0.2694278826254313,-1.052295694141487,-0.5759230825056254,-0.37986644977578865,-1.509072622850242,-0.443486057282843,-1.0915520926998996,-1.3335587737842636,-0.790100994351882,-0.7937889850284383,0.3932035202767134,-0.5151255184970246,-0.9492281634128026,-0.8464412199480972,-0.7014337447418645,-0.4103542943808509,-0.4218558292318932,-0.5322943963822505,-1.1949257992843956,-0.7360026527977392,-1.1138376227386662,-0.4512062198365215,-1.760517079945099,-0.8929604884379515,-0.7748017587339151,-0.9507332727999258,,-0.5017270735881082,-1.0802485672144373,-1.2071073120037976,-0.8929604884379515,-0.9762056385727985,-0.5322943963822505,-0.8464412199480972,-0.986471711979643,-0.4072434990500023,-0.34529754171991334,-1.8934348972249024,-1.0596667305631593,-0.5017654508989333,-0.7111821512268613,-1.186057243409229,-1.2027228615880683,-0.9083597259777341,0.14337432373986214,-0.4414232149827974,-0.07337124989559454,-1.208324244193312,-0.2694278826254313,-0.5539246244332003,-2.129883187086124,-1.1507320451735013,-2.5323701178080875,-1.4594719783619396,-0.8464412199480972,-1.2761468859289087,-2.1249536049771094,-1.4672517841839794,-1.1815273543754794,-0.4654845153552675,-1.0718482432825618,-1.4672517841839794,-1.2805438648638747,-1.5950922964568233,-0.4666054573763046,-1.0398252460798534,-1.0596667305631593,-1.4926889786721718,0.05612975626450332,-0.41808539625558355,-0.7653530434023675,-0.5479705414842453,-1.420532981839457,-0.7270997549243883,-1.2844354375643545,-1.4564464204393306,-1.5776903513343365,-0.10446238931726179,-0.609212446876405,-1.1405881260542237,-0.7004128046426442,-2.8770842641680754,-1.4031605675027516,-0.17878984164737197,-1.3471852051010158,-0.9309930641091161,0.18764400435212533,-1.5677734040594982,-1.7212497420656323,-1.3540560041723038,-0.5439422502583008,-2.7323657243040755,-1.7263702915079482,-1.0718482432825618,-0.02662082912031806,-1.1395036329211894,-0.37986644977578865,-0.7698829324361174,-0.7310730706887251,-1.225657969516437,-1.2511460731935742,-1.6557458558289249,-1.760517079945099,-1.509072622850242,-1.253626580493652,-1.8235792093982632,-2.2618519803656154,-1.2767734318875648,-0.5945627277797897,-1.1829653116313663,-0.7858136708821595,-2.1921858604818487,-1.0453575459581388,-1.1260191354580684,-0.7680899115028962,-0.8531404424025554,-1.7441993313404547,-0.9186264986204747,-0.0017317886814135698,-1.6772975222312987,-1.849329599485491,0.4568812846606563,-0.9008796789089119,-1.6514286292607476,-1.3503562280916201,-1.797792292515139,-1.515441265064976,-0.520237059214007,-0.41948291378726144,0.670924153351016,-1.5505675269983052,-1.4840570139288005,-1.1663348647372074,-0.885240325884273,-1.2874146639351627
35,-0.3076468291052256,0.1475058844051202,-0.5285239634059409,-0.2319287257201008,-0.07652028489953752,-0.09507001681457089,2.4481493991457226,1.0176159766990638,0.32701686411413927,1.0424364782699418,1.0176159766990638,0.2445460066465612,1.4205711393643174,-0.29801881717261947,-0.6709273708821185,-0.7590755390863155,0.3549845737969191,-0.3076468291052256,-1.0807167991577282,1.8839556360166962,0.670106795275719,0.6104306161535091,0.3549845737969191,2.0211910929848873,2.0211910929848873,1.7845370205198354,0.3131637351306562,-0.02285039614400783,0.8448812028945151,-0.2439690647212833,0.2926883671427277,1.875723852874662,0.9685432074224134,-0.5017270735881082,,0.31363196707394714,0.5599097624019219,1.6431619898330723,2.062078356993078,2.3525067944359592,0.907177409548706,1.914522958810838,-1.3155725378237406,0.6104306161535091,-0.636789819904707,0.5586928302124078,0.6747671219661937,0.435831216066088,0.9370960340184413,-0.24699470371464552,-0.5703448020722032,-0.6605159777677002,0.8456206443416971,0.023668872345846474,-0.6561314084415243,-0.45912294354907784,1.5310097065146748,-1.509072622850242,-0.2968154328518302,-2.2440447861471196,-0.03716905031620894,2.01156308105228,-0.47678617746483953,-1.8070363484349532,-0.6941818141314775,1.02724398863167,0.2713428964643933,0.8170294549354773,-0.1285905334707738,0.03132049603149899,-0.792430401523133,-0.5703448020722032,-0.04448062419495764,0.6939518989336437,-0.4301241458348596,-0.19697710966944493,-0.41808539625558355,-0.11612008540913918,0.327806893843881,-0.13142367166724628,0.9673350248100384,-0.09920312379161081,-0.44608963939929575,-0.07337124989559454,0.6828187776139133,1.7099974632811012,-0.19972864993040543,0.024137104289137387,-2.435329995566646,0.20489787863189016,0.30125609274286247,-0.25619797850635717,-0.39462807021819796,-0.1274782171266746,-0.1898583633355502,0.032368887431170855,0.06824692387342703,-0.30687163598531275,-1.1187775868388183,0.010838661302037264,1.6757174905674583,-0.8967309214142611,0.2827992951245416,0.9453963560285008,-0.04982787130400435,0.02859845445486119,-0.23944196703795206,-0.1567849408202838,-0.9874471098925963,-0.9874471098925963,2.07598338313276,0.27911491470243655,-0.6031766903109094,-1.4413828912134286,0.2827649531263561,0.6754807944493211,-0.4232937864877797,-0.13091336985474675,-0.4633877325559232,-1.0315934629378194,0.5171609268883772,-0.503415550288965,0.1475058844051202,-1.067356731559637,0.9702511995975642,-0.7882002036428314,0.76714691751716,-1.0628611845240723,-0.16950756000864775,-0.6669667737000105,0.8209822314293851,0.5993190341350194,-0.8468355579520269,-1.3845393924398413,-0.6373748488188226,-0.8894315897382015,-0.45688450219175936,0.1074084977887345,-0.5443887128415438,-0.38463787308609865,0.6475011693118153,0.9935762997425494
36,-0.14152074643639864,-0.23856086867784024,-0.14152074643639864,1.1090308996015232,2.096600987175378,2.1137698650606045,0.09175384243923211,1.183742059367891,1.8366039179826843,1.4868677501576701,1.183742059367891,0.07935638786431606,0.7807868967026366,2.3790783904599984,0.6191261766201409,0.6248500011616447,0.9346705177176655,-0.4728364478874713,-0.8097304297719656,0.48306025077579284,2.0064530325621495,0.5583478913512973,0.8333605699737187,0.6487181015013289,0.9206234649406169,0.36704340319201384,1.7225364502107612,1.093244596165864,0.1258756563541698,2.0236219104473747,0.393080636782131,-0.3369972197098539,1.1415529906801531,-1.0802485672144373,0.31363196707394714,,1.38743956921921,1.2048041053372578,0.588236648150903,0.36704340319201384,0.933273000185987,-0.14152074643639864,-1.53842301345487,0.5449494464423803,0.598977730960212,0.8944157373729227,0.5437653649225336,1.9152235738501833,1.3342193978299532,0.26194185637622636,1.6388947728782366,-0.9004328631950357,1.1267149283356002,-0.4728364478874713,-0.027311746309731627,-0.6937135821881866,1.1503215446335036,0.5345091013746619,0.6033548162665928,-1.9604668289755527,0.5866322558417666,0.6315492236161029,1.1072688399426625,0.99783944615737,-0.7071120270971024,1.937681996996874,0.11757533434411035,0.7713381813710891,-0.028873407943034442,0.09652526574954208,1.23710804760802,0.23831501613539394,0.9911107205829777,1.0904723701027594,1.6245220418807003,-0.5019641532459763,-0.3127568775953569,1.6184019914143306,1.7971309781693905,0.5987041635343435,-0.45147156899178525,2.2131265506707725,0.2944893109245291,1.6254963279693202,1.0026453330099971,1.3026494893181497,1.1362599941847193,-0.3427684453170309,-1.8073519769330153,0.5424216786174764,0.584164059120054,-0.055734140067077616,0.31326012679802057,-0.1563688428273115,2.640326288163127,0.8141344179503047,2.811888350444561,1.038371516521116,0.6782370328957988,0.7552342023684473,-0.22260892298212828,-0.9061218536889997,0.3310698495782812,1.4046191936686054,0.5616415694557753,0.30222188778678427,1.017985483035536,-0.4209910700909247,-0.24045777873571375,-0.24818888061044692,0.21461545658555195,2.5463879169086048,1.645549741887533,-1.4693370530274847,0.042911660704698186,1.0026955840023821,0.7401902803216233,0.6913861256463328,1.0597846527562258,0.4233296074215481,1.463319974877861,1.1433356228532778,0.8591255803712757,0.9313885575036092,0.7795962490596052,-0.10272164050022282,-0.48623489279638765,0.016163034156322927,-0.7259202116495982,1.5077849034189899,0.15988082445838944,0.8619862257113261,1.1048548802460678,-0.3147116896710878,0.8515993868374988,-0.9145907164889013,-0.35319069968212663,1.207426516614159,0.7388401620976471,0.018558823855715747,0.891225463852994,1.3342203219727788
37,-0.3369972197098539,-0.21316020765058077,0.22859406095084925,0.3223939346032162,0.2445460066465612,0.5586928302124078,0.7945818688092305,0.9882655860944356,0.4356001827417119,1.5895754081901803,0.9882655860944356,0.7673884517937203,1.0081672613675157,0.7704276085472241,0.5622826778465536,-0.9929294001575405,0.5169193926118171,-0.005681518258781818,-0.01125979869220346,1.2815308818555549,0.04395948488297522,1.5133500729174647,1.2034753773609665,0.011487359626444192,0.42033654633217515,1.0302549655505402,0.10475704889157554,1.671986495513447,0.33781569591169314,0.723759765670346,0.46807685307321073,0.7872901270667999,2.1937411113386345,-1.2071073120037976,0.5599097624019219,1.38743956921921,,1.8785231724341476,1.5154814540855357,0.36762356264839535,1.4004279298146765,0.10475704889157554,-1.7527969173914209,1.5629910760592216,-0.63783821130438,1.692886368452685,1.681498831851485,2.318469951382539,2.104978587168286,0.6320566637634742,-0.21316020765058077,-0.9392319691312115,1.2263115982803763,-0.6683129211609266,-0.20938977467427108,0.10475704889157554,1.463319974877861,-0.3235987748009381,-0.09049272671514898,-2.3902188814586385,1.5533481277716432,0.7673884517937203,1.7367459395136835,-0.7927193535258025,-0.5026550704353899,1.885775661018884,0.8190058431824315,0.907177409548706,0.37437296958932137,0.5636801953782316,0.5555564808567641,-0.7235322047361052,1.8690975388456421,1.193180028135269,0.5931733491229856,-0.4437231369407112,-0.5082333508688122,1.4560570882859822,1.771584500291258,0.8978470730782614,0.11156316396558334,1.0082566990116784,1.2761425654576564,0.8979246863074516,0.9054366607316675,1.0384975045037899,1.1945010104899845,0.6123795531000101,-2.3475425965664587,1.1499298077638545,1.4868982814117335,0.4800385180457063,1.5997238266661336,-0.42944352797311897,0.7627020965701629,0.9156358903574701,1.5194660926751626,1.0311757753510504,-0.1629282892412258,-0.03904387611627997,0.5758617080976338,-0.8807789757185492,1.6489803650462944,-0.11612008540913918,1.008314664355004,1.038643321354664,1.9797597954815986,0.3808534667674695,0.12965702865153414,0.2875837775023376,1.1483451563865499,0.9811819961036148,0.9109876629041057,-1.8990891055105705,0.874513861929567,1.3150911216043428,1.1628785682230678,2.0816620786357833,0.7085672760320736,-0.23484044531487225,0.6569498846433629,0.4750366841600641,1.0069657359261317,0.8925894515674333,1.9869223805263887,-0.4275341115871316,0.8078117729283047,0.4743374803967552,-0.626323541704822,0.1272135586818749,0.23320901807135105,1.2846745136127709,0.6949306740774793,0.6404363087459537,0.3974783599905433,-1.0144245850525928,-0.6632072083284406,1.7995247609666982,1.0900575388217995,0.2534145625217278,1.560360097119303,1.5885179710078803
38,-0.592043568991179,0.36228707135056504,0.16762795615240672,0.5483082607521507,-0.03532084420564244,0.17313324309911038,1.4461529558720412,1.0645349382641824,0.2139331416661524,1.187702116674783,0.9292758695429466,0.8684783055343464,1.3950332816399582,0.1945043241593195,0.1666755549212124,-0.844440427317231,0.45932719359200663,0.4019035353620378,-0.3959869362613428,1.5995333037096975,0.639540444100195,1.6838548530523503,0.2723991802685809,0.9416733241178626,1.3620660650137983,1.3033878075732355,0.3922290939823784,1.2235557283965282,0.6444794365817283,0.08298528848588176,0.959229352960247,1.582944585280853,1.5529713954763713,-0.8929604884379515,1.6431619898330723,1.2048041053372578,1.8785231724341476,,2.6633650530527158,1.3033878075732355,0.8322357473015056,1.115789655652163,-1.351134934678384,1.0401717126551038,-0.19033712147968612,1.5605560892095969,1.9350957321548008,0.7971277889094447,2.0213596337747277,0.032368887431170855,-0.4930270585027844,-0.8307776826323229,1.0998250952658288,-0.2607278675401069,-0.8091502703155841,-0.12546879881887105,1.6307063783812679,-0.5538246225113848,-0.5131247258661589,-2.221946326152879,1.6288258483718043,1.7527936998603169,1.0855593172124707,-1.1066312976400134,-0.02726299691242662,1.7164931941679107,-0.026452288330475866,1.0891139055585008,0.30015423673283603,0.40095113413084343,0.4318880095873315,-0.5435235078704591,1.1798377869155063,1.0437035949459237,0.037823737485213685,0.023020174021438976,-0.06467123481027016,0.549947209615348,1.5745916205055508,0.8646655315044671,0.7969417251863757,0.2231860743247292,0.7897115771372525,0.2058469026322016,1.4311469643063375,1.8070131811386296,0.787231933834897,1.232189127001892,-2.5788893862979414,1.3460091644326593,1.0130668569080123,0.37055235212654275,0.7359512160040206,-0.1227797873030832,0.3720352104877641,1.3977599293221357,0.7442660251203187,0.6243378604925579,-0.360792769428174,0.72935921961513,1.5768697757279364,-0.8636100978333232,1.3784849515427913,0.26664446664080194,0.6504192029787463,0.8311873559018332,1.0962739822177072,0.3332858068779428,-0.25592555514352283,-0.36069677925969645,1.4775041391075363,0.7338223296257825,0.6801087134120748,-1.5849422819447243,0.5813943830193207,1.3342079248990826,0.6118855613907636,1.1981762653718915,-0.09113104304841903,-0.6931499347112026,0.37907408214779803,0.050597110294733655,0.052466554794544804,0.09236967761908971,1.9374499181744733,-0.6885035317762397,0.7462550077212959,-0.23744451304492675,-0.5082333508688122,-0.17455853424802437,0.894734264400773,1.2615658872142852,-0.06372520062242211,-0.5006022509158952,-0.09557894235888277,-1.38993404061456,-0.24005004072035202,1.2574277773869693,0.6592980941082175,-0.00833100921405552,1.627917238164557,1.7713446996186428
39,-0.5174510328759847,-0.02047748069937606,-0.35179318215044814,0.48907099576116564,-0.04716989429490923,-0.318116484535994,2.272688845992061,1.3047853251049133,-0.17904733549882756,1.3473367461839705,1.3047853251049133,0.7377965269125318,1.3246870003779936,-0.27882025512812275,0.1495355685643909,-0.8932862164078796,0.5451137999613277,0.5721386761869958,-0.5444759091016529,2.3415286660373464,0.07516512401038705,1.773928739316403,0.07516512401038705,1.5832546584254392,1.8756903731244787,2.100742419773357,-0.1605079727309219,1.2311241521218812,0.8446396686179549,-0.238981699555459,1.0135300049594673,2.519136996157909,0.8322357473015056,-0.9762056385727985,2.062078356993078,0.588236648150903,1.5154814540855357,2.6633650530527158,,2.0060807907873364,0.7121691682185416,1.9660192104753784,-1.2862221472191127,1.19772225911685,-0.1589859382441922,1.4605871774900079,1.7442801590683028,0.5365718464494733,1.4324077132226085,0.19770665140792196,-0.6144911551174258,-0.8938635601300496,0.8377943301605264,-0.35179318215044814,-0.5354523603053689,-0.10450539778297462,1.2290443956682304,-0.4536047277021997,-0.643492419590048,-2.3475425965664587,1.1442820839160557,2.462992762651989,1.0098500097095364,-1.0612975321628104,-0.5174510328759847,1.5496034681707487,-0.3102003298920218,0.5758617080976338,-0.19607480246844436,0.36762356264839535,0.43378092513119604,-0.6178650608960579,1.1817307024593708,0.8519248556406641,-0.0822717331261543,0.05841446845511028,-0.21316020765058077,0.5248475067468295,1.3916087835090536,0.6100868209983019,1.5188907898648598,-0.044904839241216576,0.45549894344374836,0.07376760647870916,1.49534874548808,1.3698132059548627,0.27804612770742787,0.7969655400650792,-2.2518999918566953,1.2066316769574625,0.8350572001954131,0.20056819439118084,0.450197894667116,0.12135179024699051,0.13236669067916487,0.8900085316634799,0.15841143483618847,0.5800668012680095,-0.8981419868146638,0.3494733920035699,2.4725595707911676,-0.9778190979599908,1.4067417030400853,0.2151956160419329,0.4764960714772326,0.6825921864194643,1.1120282085299587,0.13236669067916487,-0.5702974010065317,-0.43503833228529576,2.1060497025069242,0.382685633547212,0.5898301577728747,-1.6849111936643137,0.5398850034639844,1.1785196034381804,0.6499713563398888,1.0390549589514335,-0.6845064011331987,-0.9322278263174182,0.3108382207516966,-0.5155972631786421,-0.11751760294081708,-0.047444722535467596,2.193137209576066,-0.5675646036186774,1.645318708563158,-0.09891233942924528,-0.7844753128527888,-0.6113376152287048,1.6786218756616935,2.089252048029294,-0.1589859382441922,-0.953858054368368,-0.2680272512150648,-1.2757250404878926,-0.09621841013605956,1.1969691330367942,0.3004372520437696,-0.10079384135607519,1.3643034643894663,1.3542423917982498
40,-0.4352542741408095,0.03132049603149899,-1.0978856770429544,-0.10820393076516752,-0.09895120752391316,-0.44743578686021185,2.1535213722279742,1.055666382389016,0.17439571747488974,0.8900085316634799,1.1909254511102525,0.4978952662038069,1.2168628829488282,-0.2808499392873935,-0.6322633081018406,-1.0978856770429544,0.22737712876133517,-0.4352542741408095,-0.9322278263174182,1.276712057479573,0.8292109676548796,0.787679064330849,0.4978952662038069,3.399865334907243,3.363622776674401,3.226387319706212,0.26559607524113005,0.13627677291691168,1.1121025981537087,-0.14756725881311178,1.2777604488792453,1.4873810203913,0.9857120853076394,-0.5322943963822505,2.3525067944359592,0.36704340319201384,0.36762356264839535,1.3033878075732355,2.0060807907873364,,1.124284110873111,1.3565833018357885,-1.4336627286597508,0.5171609268883772,-0.38534536280985043,0.7415195588231699,0.6164879120202454,0.22737712876133517,0.449471195251564,-0.33048305002463535,-0.6979522471077871,-0.46019464330178356,0.76714691751716,-0.1039385726897369,-0.47888296026418387,-0.29999520541957364,1.3825207336743641,-1.2557233632929958,-0.4656530561451097,-2.452498873451872,0.25051796501148826,3.148420877812385,-0.21958700674220405,-1.549837177712317,-0.9322278263174182,0.4788215858561923,0.033296884278452586,0.5636801953782316,-0.6009121248663456,-0.08676969480451088,-0.8857000907882638,-0.4656530561451097,-0.020612523855274026,0.5758617080976338,-0.3914600830545817,0.024068565421111417,-0.2695964234152735,0.03630786119732271,0.5850060645665176,-0.1897028816131946,0.8884657615650949,-0.3474668751406223,-0.503068181328781,-0.0657196262099426,1.1057648616628475,1.3576316932354604,-0.44016444988947007,0.2013855524664778,-2.2001020151258204,0.38214632680923,0.45478863807860886,-0.21420859905025263,-0.23882621783310398,-0.08548883767057007,-0.22534172036998248,0.2838133445260279,-0.24589989969241904,-0.26820757320503547,-1.1624062729621927,0.18305019037394882,2.528995786555861,-0.8547415419581567,0.32478867458064553,0.8900085316634799,0.20161658579085273,-0.06467123481027016,0.07306554986062423,-0.15245863381045796,-0.8101986617152565,-0.6749395929940201,1.3869820838400886,0.1250476614287043,-0.49036520771591974,-1.7898674705497273,0.22737712876133517,0.9308211023632056,-0.3896154516645495,-0.08892399039864278,-0.6174549858296554,-1.1100671897623566,0.2030141033225312,-0.855781320334606,-0.20097869493117848,-0.8090529621077159,0.8521610087615544,-0.540129652326607,0.3626361974825711,-1.0264664287931413,-0.3668306788676031,-0.8162626036634327,0.32107988977462787,0.6379830969152973,-0.9994567045912752,-1.6771910311106355,-0.5772156011434922,-1.0978856770429544,-0.32257783470171836,0.24171516527877604,-0.3885868604564504,-0.5370658196925605,0.6894905487679194,0.8450873269022393
41,0.5758617080976338,-0.41808539625558355,-0.7494010977066556,-0.14547047601376747,0.5465113174930055,0.19802673815670688,0.5586928302124078,1.2384931109997785,0.6056803306455525,1.5698088124508507,1.2384931109997785,1.0984626189682327,1.1996940050636027,0.19895473500398864,-0.20097869493117848,-1.0807167991577282,0.2445460066465612,-0.41808539625558355,-0.18380981704595248,0.7499780396319341,0.435831216066088,0.8313077504542239,2.423725424772522,0.7499780396319341,0.8900085316634799,1.124284110873111,0.10451551461501535,0.3893119475762337,0.5293424396077795,0.4186623381808614,0.43230231736633795,0.06571640867883953,1.4655167595990215,-0.8464412199480972,0.907177409548706,0.933273000185987,1.4004279298146765,0.8322357473015056,0.7121691682185416,1.124284110873111,,0.10451551461501535,-1.4508316065449764,0.8313077504542239,-0.8024476706302436,1.4555998123241831,0.8349921308763284,1.2384931109997785,1.0949337202684828,0.5758617080976338,-0.018151966320416428,-0.6430213719125462,1.4126094425340794,0.2445460066465612,0.4186623381808614,-0.22680018683605674,1.5310097065146748,-0.6551560105285704,0.41020385737209725,-2.435329995566646,0.3883917383129484,1.0984626189682327,0.6114060140664624,-0.9531197361132817,-0.5837432469811196,0.46165270797096625,1.044412866516896,1.2091427203951504,-0.5837432469811196,0.5586928302124078,-0.5715532672224184,-0.7237737390126654,0.5077122115568298,1.2213242331145526,0.13686465235752204,-0.17134975097545474,-0.18380981704595248,0.7377965269125318,0.8504078047144799,0.02880133724288834,-0.1883053640815167,0.18085786027148087,0.02525655408332219,0.670106795275719,0.5427882855823675,1.0091471138991617,0.10052685101127505,-0.2263319548927664,-2.1040142941155735,0.3287348906911633,0.5470264479234663,0.19895473500398864,0.6693342801507923,-0.23791678427703197,0.3515030761628412,0.6950002903333156,0.39956262532449965,0.591432863658141,-0.5961766759682195,-0.09402162541489846,0.7807868967026366,-1.0071694885646185,0.5036764294252563,0.5758617080976338,0.3515030761628412,0.580791290206648,0.8353517795844342,0.41020385737209725,-0.009693485511652245,0.08734663672978935,1.4727686902094097,0.6912772584226775,0.059454712591235304,-1.772698592664501,0.5758617080976338,1.0876431381695622,0.30252250308305806,0.9438803767676395,-0.05122538883568225,-0.4646046647454378,0.8484766283394499,-0.2103187953176872,0.4788215858561923,-0.34210178883643594,1.166307832327401,-0.12556880074068671,-0.08676969480451088,-0.15445942644132418,-0.5752847661723554,-0.30605914736774986,-0.5444759091016529,0.5036764294252563,-0.47113196917917094,-0.8175505942474597,-0.16602865533620403,-0.08676969480451088,-0.45688450219175936,1.101355602141952,0.18825793607637387,0.3387910938246464,1.1996940050636027,0.9935762997425494
42,-0.7360026527977392,0.907177409548706,-0.7494010977066556,0.2544629539213996,-0.44743578686021185,-0.79592036619651,1.8839556360166962,0.8101372873072649,-0.29122665146622334,-0.08676969480451088,0.9205758544576222,0.6863002752479912,0.3161854678607433,-0.43900637986636837,-0.4352542741408095,-1.1777569213991697,-0.19720826195486882,-0.18380981704595248,-0.9454577304364924,1.5660383794745416,0.3549845737969191,0.3599615569716054,-0.5285239634059409,1.9148784348187966,1.7439251439851502,1.6083832349386031,-0.07337124989559454,1.0815352753595664,0.21142518306562325,0.23510782846186,-0.09507001681457089,1.7222949159342011,0.6243530778602246,-0.986471711979643,1.914522958810838,-0.14152074643639864,0.10475704889157554,1.115789655652163,1.9660192104753784,1.3565833018357885,0.10451551461501535,,-1.9221778000275946,-0.14924090899007714,-0.23685638996954042,0.3626361974825711,0.3434514205151217,-0.08676969480451088,0.19802673815670688,0.8956826335777336,-0.3494676677714885,-1.1703937060934548,-0.1483264600115196,-0.7494010977066556,-0.02309193042056859,-0.3076468291052256,0.45423367679869,-0.1793922743599382,-0.1567849408202838,-2.435329995566646,-0.25804618461692364,1.1280545438494207,0.7757683801302597,-1.3652820798335237,-0.018151966320416428,0.33781569591169314,-0.7360026527977392,0.52000606137692,0.41020385737209725,0.3060149996874972,-0.2402375657713457,-0.2524275455300475,0.6071069219921517,0.528874417081811,-0.42872662830318164,-0.20106762939454065,-0.9454577304364924,-0.10176307167959266,0.4382454609942389,0.04145722919412073,-0.13705064669353634,-0.7174466393719728,-0.21041654265798676,-0.29424838419630983,0.25564801099143863,0.34651571099701695,-0.14524350416932888,-0.1967400300115779,-2.1040142941155735,0.4257750129326049,-0.681196235639382,0.061719278035799144,-0.6303011669595069,-0.4587939185777467,0.04581473340575876,1.2176012012039144,-0.4973443567872761,0.2776415161002524,-1.1981475383362028,0.4556041616813685,1.2091427203951504,-1.5727607692253223,-0.15895497347688842,0.2445460066465612,-0.5211740647866223,-0.37243936115180964,0.013543023134901015,-0.3717011980524334,0.019898439369536242,0.11693856161097782,2.1716426513443956,-0.014651673917515097,-0.05746435173727022,-1.772698592664501,0.5758617080976338,-0.11098762051209787,-0.08048330906573532,-0.09667741403813628,-1.5811718489684143,-2.1211831720007996,-0.6976633117655543,-1.8668973025730493,0.2579444515554775,-1.0778929387099792,0.6389354981464922,-1.4508316065449764,1.1941052236779959,0.43049473159816837,-1.0466309596549739,-1.7141508785348076,1.481259046137649,1.1649103147957225,0.20099995605545834,-1.3845393924398413,-0.8191595359058642,-1.5520629926403464,-0.885240325884273,0.43872419923980716,0.4481608739799957,0.4740501625458823,0.7117820265084303,0.3309448968404046
43,-0.9842568363726683,-1.646888239274813,-1.646888239274813,-1.9989229740742624,-1.4214812159403485,-1.7510683646135512,-1.97915634195708,-0.5176820662003597,-2.1231839646316657,-0.7882002036428314,-0.6529411349215956,-2.113463009447121,-0.6141420289854197,-1.8620185523522648,-1.6478406405060075,-0.8185989856471316,-1.25954639712545,-0.32162543347052347,-1.119515905093904,-1.2984036599385145,-1.119515905093904,-0.8720897164444412,-1.4508316065449764,-1.4336627286597508,-1.4336627286597508,-2.0962941315618955,-1.7821473079960488,-1.7510683646135512,-0.7571212602603341,-1.7649784301108231,-1.0884369617114062,-1.3015939334584432,-1.7118010267340846,-0.4072434990500023,-1.3155725378237406,-1.53842301345487,-1.7527969173914209,-1.351134934678384,-1.2862221472191127,-1.4336627286597508,-1.4508316065449764,-1.9221778000275946,,-0.9825282835947986,-0.8606886869355087,-1.3481173823892818,-0.6780160463266837,-1.4508316065449764,-1.351134934678384,-2.2047484180607833,-1.4812303885492766,-1.5011292480881455,-1.0081019400305935,-0.6529411349215956,-1.985855564411538,-1.05325276480369,-0.7494010977066556,-1.7821473079960488,-1.8306673691167694,-1.8114976986006768,-1.9862641530864673,-1.119515905093904,-2.0090202325135564,-1.020060493326164,-2.475177492902494,-1.3954437821799561,-1.7439283615162542,-1.1601807605050494,-2.475177492902494,-1.4888820122349293,-1.862788390400841,-1.6164894572705124,-1.541796919233502,-1.1327458092129783,-1.5980525385664797,-0.8153765648200124,-0.12556880074068671,-1.0901655144892763,-1.2899725074753043,-2.0497981206208267,-1.3395099952283942,-1.5339616632891464,-1.9979859685016468,-2.113463009447121,-0.8245220565549151,-0.7742901381455596,-1.7437970276428094,-1.2757250404878926,-2.007554331330513,-1.953652301777121,-0.8689416070381047,-2.223733035807637,-1.4454186733450023,-0.3391481703724026,-1.7632498773329532,-1.9167262153390872,-1.8808481788968314,-0.7179235386367036,-1.742609883804787,-1.8774588774596208,-1.5871390666658847,-0.035220842283826215,-0.9788439031726941,-1.28517375581944,-1.4319341758818809,-0.9017290423913018,-1.8572213683571384,-2.1619830705678416,-2.427609833012968,-2.2619519822874317,-2.113463009447121,-1.4491030537671068,-1.7239825394534867,-2.3084712507772855,-1.9478051587215848,-0.9889754375470468,-1.377131718968967,-1.527815636873218,-1.5289742981233223,-0.9712991721065907,-1.296675107160645,-1.1654667937347285,-1.646888239274813,-1.7767343747960747,-1.11410297189393,-0.20473446779780358,-2.1000645645382052,-1.993115962061225,-0.5797461163380797,-1.3220047097933918,-1.8928274094229667,-1.6414753060748386,-2.3030892823446143,-0.5263546299852331,-0.8869010745436146,-0.45688450219175936,0.18374844263796086,-1.8416866049815235,-2.0746639035109453,-2.2534935014786672,-1.0310757960159713,-1.4524923552043176
44,-0.3282972046245295,-0.7148321896507809,-0.16263935389899348,-0.33799542662305854,-0.13328896329436518,0.0191389833120967,-0.14547047601376747,1.5128043128269522,-0.28949809868835313,1.086420840571549,1.6232428799773095,-0.16263935389899348,1.422299692142187,0.02422269899549208,-0.47678617746483953,-0.5034806069190391,1.0008899148362271,0.44477276542797256,-1.156586458252211,0.1306259418621265,-0.16263935389899348,3.178988200606527,1.0076688538667826,0.2962837925876625,0.5105346128593561,-0.14547047601376747,-0.05220078674863612,1.1908921807773887,0.7673884517937203,-0.47678617746483953,0.526632375405941,0.4531730893598488,0.3131637351306562,-0.34529754171991334,0.6104306161535091,0.5449494464423803,1.5629910760592216,1.0401717126551038,1.19772225911685,0.5171609268883772,0.8313077504542239,-0.14924090899007714,-0.9825282835947986,,-1.1035398853286222,0.6524199956096132,1.313727762819121,1.2432436059250571,0.777473739688126,0.03877740133723401,-0.4805566104411498,-0.3348525218553861,0.944119233049213,-0.05220078674863612,-0.4519656758939616,-0.7148321896507809,1.5327382592925445,-1.474503714794367,-0.2326545999147664,-2.8425153561122007,0.6279760483857811,0.9417463176045813,0.916833712893983,-1.3270280742358884,-0.6596129060756022,0.8353698171322801,1.0789817745727712,0.5293424396077795,-0.3581156177551263,0.787679064330849,0.17703308266861476,-0.7848474356665538,1.6315253951656945,0.9605435979591107,-0.4498970914501407,-0.07155551003396798,-0.16263935389899348,0.295212677249022,1.6791529169828758,0.35799387813426653,0.6387435437500097,0.3971444472306001,0.39622367571866784,0.2777173971707586,1.359054081577696,1.0606537475548403,0.21806152642869595,0.27585164769578924,-2.7320767889618427,0.35947799755343907,2.2728484893607135,0.058406321191563436,0.43214683564398293,0.6244212897788685,-0.028174910067038286,-0.2817779361346752,0.6100782498003018,1.2762639217522793,-0.4854861925501639,-0.750798615238334,0.3332858068779428,-0.5273070312164269,2.1398246123369007,0.1686763475520786,0.21258116632074095,1.5313584635212592,1.8457565260103226,0.09866110153630568,-0.2808022640440135,-0.23108854159324632,-0.0273802851777576,0.34173194573887633,0.013115762095747644,-2.04462488448882,-0.040632913235800414,2.635750360710585,1.3847602550890008,1.4562635374213186,-0.31141726208153525,-0.597563537331052,0.33781569591169314,-0.015755852574522673,0.2777173971707586,-0.44673571686658675,2.1646451139077807,-0.3447173822635318,-0.03215170848806757,0.2142888296974053,-0.47678617746483953,0.5559066215878693,-0.15596294044478606,1.8364864610854816,-0.5413225104465507,-0.8116064060214107,-0.014395333619022838,-0.9653012488326841,0.23310281218224577,1.6418055886538265,-0.06674643186717959,-0.7870518103213433,1.140624993832872,0.40681455593488725
45,-1.6611357062622247,-0.5681720914206131,-1.3298200048111524,1.0872787193519478,0.4551254035372326,0.14097857997138596,-0.04620949688328367,0.16110065171867366,0.32454362683723487,-0.8024476706302436,0.02584158299743777,-0.5319295331877713,-0.4323328632429951,-0.10254972247949945,-0.21968751208431442,-0.13981626772809885,-0.00455719900686296,-0.9985043033600803,-1.4650790735323882,-0.9813354254748543,1.5549811860070581,-0.30564941370524173,-1.4650790735323882,-0.21968751208431442,-0.21968751208431442,-0.38534536280985043,0.9893899053463544,-0.3074749110845022,-1.087244103591462,0.012611678878363048,-1.087244103591462,-0.9597051974239039,-0.20663290321684655,-1.8934348972249024,-0.636789819904707,0.598977730960212,-0.63783821130438,-0.19033712147968612,-0.1589859382441922,-0.38534536280985043,-0.8024476706302436,-0.23685638996954042,-0.8606886869355087,-1.1035398853286222,,-0.45396309129394546,-0.03639644435249796,-0.8024476706302436,-0.5216528229307588,-0.8024476706302436,-0.30547411845363487,-1.7134262584356317,-0.9253092847765639,-1.1641621540856164,-1.3126511269259267,-0.9298865748759854,-0.26667501251745906,0.26596093843560936,-0.34617401509886125,-1.5914695863784583,-0.8428105130246025,-0.636789819904707,-0.5150250131549142,0.2179796608167579,-0.9985043033600798,0.7742595922689024,-1.56211919577383,-1.1044129814766879,-0.9298865748759854,-1.4479101956471625,0.2793837773245508,-0.07119853924400381,-0.04553239282551297,-1.1165944941960901,0.07277343567629448,-0.8369607216523024,-1.2994212228068522,-0.63783821130438,0.06302358081890902,-1.5129497427628158,-1.6147416067434917,-0.09741126825600324,-1.4382448882169054,-0.33587290045793505,-1.1167697894476964,-0.4287269697070753,-0.630831232186006,-1.2614775735004808,-1.4743317967736427,-0.8101986617152565,-0.9517342622921342,-0.7774586282695234,-0.7122886404599921,-1.5101330171577334,0.08520358096143547,-0.5902705514148537,0.2869513475225516,-0.8949612810688182,-0.03356496308221818,0.9378995139106702,-0.14086465912777127,-1.7824121692687116,-0.10590840055330046,0.7570907143836769,-1.5577172009260147,-1.083538208133726,-1.155521996896703,-1.2994212228068522,-0.8765642013586802,-0.6118007775439874,-0.8024476706302436,-0.10959278097540552,0.539459591675659,-1.9227852878295306,-0.40251424069507646,-0.8823059875597228,-0.7069957568306664,-1.1822524684347337,-0.18946402533162052,-0.6387906125355743,-0.4237396045412516,-1.1512193267473165,-1.1337633720813163,0.13609828053106263,-0.10590840055330046,-1.8976261610788308,-1.1641621540856164,-0.8734509441499639,-1.3478213322405368,-1.2469596787973793,-0.987275191871873,-0.43722410200437256,-0.06667202744113694,-0.24190311045327345,-1.155449247886554,-1.7963947749834606,-1.6404578794424691,-0.7163542440360794,-0.6465107750892523,-0.6719600252193182,-0.4323328632429951,-0.6099556345892242
46,0.0008326514264367115,1.1909254511102525,0.792968409422039,0.36867195404806724,0.5636801953782316,0.3808534667674695,0.907177409548706,1.124284110873111,0.057257927870074776,1.6381852808360933,1.124284110873111,1.68789900328686,2.4890592266192497,0.28474134137330964,0.4788215858561923,-0.9931144529267801,0.46165270797096625,0.3626361974825711,-0.2695964234152735,1.5090112484422504,0.03132049603149899,1.179792329790522,0.7987231230498173,0.515064144089033,0.4788215858561923,1.4041509617253145,-0.16473613669833778,0.8170294549354773,0.6817703862142415,0.37980507536779706,0.3808534667674695,0.7750358950383881,1.7654812778145996,-1.0596667305631593,0.5586928302124078,0.8944157373729227,1.692886368452685,1.5605560892095969,1.4605871774900079,0.7415195588231699,1.4555998123241831,0.3626361974825711,-1.3481173823892818,0.6524199956096132,-0.45396309129394546,,1.1834767102126271,0.8900085316634799,1.7747340010558534,1.9279292961242707,0.43125392596666606,-0.8601280732369512,2.2095475129262643,-0.4352542741408095,1.3433533977167142,0.16657956475273486,1.5481785843999003,0.3478446317301941,-0.2695964234152735,-2.452498873451872,1.0784290186922423,1.0252676003847159,1.1053866617159207,-0.7904547899148961,0.6635531169293436,1.141452988758337,1.02724398863167,2.2335455816707563,0.7243506809379439,2.6493012630745363,0.10824701356495353,-0.475592527188642,1.164556813148521,2.89507161825514,0.6564399242347582,0.057578335513144945,-0.2695964234152735,0.8341983328207033,0.946809610622652,1.2051782380443048,0.02012515747289247,0.5293424396077795,1.8724819544249416,0.8311873559018332,1.122911015609105,1.320849765049457,1.6184129381487748,0.39744218519631397,-1.9859241032795636,1.0085351714785336,0.668966549924866,1.2956160635129008,0.9692987983663699,-0.22074790639180594,0.9827832958294909,2.057529641386205,0.4167315032097257,0.939917442994439,-0.3037182373302112,0.6211709764727428,0.980541243099773,-0.9900006106793925,0.8521610087615544,0.22737712876133517,0.7724469832720183,0.5979601680918746,1.1278102182224419,1.2775753961100056,1.1110542067540368,1.0424364782699418,1.3869820838400886,0.6524199956096132,1.296410370440214,-1.6242096198241909,2.2152713374677693,1.0981755040536725,1.0786820560360895,1.3715978841268825,-0.0900826516487466,-0.25621355420963404,1.196961207675748,-0.11032099206969317,1.4555998123241831,0.7547748433709317,1.514792411663699,0.1478385347593741,1.3318357086903463,0.6301120784622207,-0.8038862434677327,-0.2888902694825239,0.5440199785674771,0.9692987983663699,0.2827527546539615,-0.06037040802940304,1.1896899073904734,-0.5446609618708925,-0.21780661058554476,1.566977971083066,1.8134852600962403,1.6468850217437103,2.082177421726256,1.9351159846762669
47,-0.6504956838380958,0.5036764294252563,0.3434514205151217,0.27218578742797256,0.018564303219264413,-0.25246619701858053,0.8992823559208561,1.667316708787732,-0.3948760905800345,1.20150275913885,1.581771362517264,0.6673136354322691,1.3761976308045143,-0.4960574762384138,0.08046723354562439,-0.3854994508117869,0.4289967667855904,0.9205374771467977,0.04145885534904887,1.2690220564830959,0.11787558221310654,2.0544510254578086,0.9205374771467977,0.18952960585940967,0.5075926792524394,0.6164879120202454,-0.2694662599362559,1.5638328334983558,1.298372447087724,-0.38755645077226575,1.3999883015851493,1.4542894905410588,0.7455662802757974,-0.5017654508989333,0.6747671219661937,0.5437653649225336,1.681498831851485,1.9350957321548008,1.7442801590683028,0.6164879120202454,0.8349921308763284,0.3434514205151217,-0.6780160463266837,1.313727762819121,-0.03639644435249796,1.1834767102126271,,0.7985474037167105,1.54856074712855,-0.026428692896459702,-0.004791898722324672,-1.0154479850072722,0.8602994028215336,-0.12789477296749682,-0.9720959939378669,-0.3090827239477287,1.8754694430404542,0.06382582976176979,-0.6088071784941954,-1.9666571245556026,0.7765666634997609,1.0161800818565607,1.3883566068770632,-0.5712524369269486,-0.7205109298538687,1.6162011062648889,-0.18194452541883357,0.6377980441460582,-0.521282560272177,0.2943008299755838,0.3244146358495108,-0.153522131661487,1.7019583116277843,0.9403664478051746,0.025903115670352042,-0.20490433545213527,-0.3854994508117869,0.9300089256643609,1.888602971660954,0.4621207304969347,0.8365491542792374,0.01977048884460968,0.5636737922402547,-0.084904403177392,1.4521925389261838,1.2738805762092937,0.5158565505810546,1.0573047021716961,-2.771201441329478,1.012848705214967,1.9286947725242776,-0.1553015162811585,1.8122227857204605,-0.0801861593341857,0.021409437707807077,0.384537847189574,0.21538501353138198,1.4361410198266085,-0.978041226490566,-0.11340975442229526,1.0472056053336742,-0.20380172531422197,1.6520410017068088,0.27713195209035785,0.9314232310267522,1.8832522904345435,1.2078915992808592,-0.1842652408664487,-0.5626884327502514,-0.48459657301370734,0.6084476535414299,0.3065280304078615,0.5016091912173102,-2.176199572787951,0.5885687114543654,1.6008965653024831,1.2207478775257088,1.9009597396296651,-0.7743803711407494,-0.29558252034658167,0.4021522017243777,0.3704039145301246,-0.084904403177392,0.5123313559482263,2.327271968425637,-0.00971730039035524,0.1453976320877237,0.12834399254802614,-0.09895350377049059,0.15979507992459394,0.31790803399258305,1.2893854549439652,-0.07971170414584985,-0.016721033890322607,0.426765489123303,-0.6734174902875086,0.28524427695612176,1.5736811053525455,0.17618190464233704,-0.13507064416061468,1.2906522845340456,1.2010206471361629
48,0.10451551461501535,-0.41808539625558355,0.10451551461501535,0.17590575439377293,1.2091427203951504,1.0949337202684828,-0.1039385726897369,1.5698088124508507,0.702720452886994,1.4637877879865069,1.5698088124508507,-0.08676969480451088,0.8683783036125301,0.8670189797215353,0.792968409422039,-0.08816721233618935,0.7287322705562103,-0.22680018683605674,-1.0807167991577282,0.22737712876133517,0.2445460066465612,0.8014893373236271,1.495129149811184,0.5586928302124078,0.8668164325619049,0.22737712876133517,0.2445460066465612,1.2543434569119238,0.3893119475762337,0.5586928302124078,0.14832938293904618,-0.12556880074068671,0.5686097774872463,-0.7111821512268613,0.435831216066088,1.9152235738501833,2.318469951382539,0.7971277889094447,0.5365718464494733,0.22737712876133517,1.2384931109997785,-0.08676969480451088,-1.4508316065449764,1.2432436059250571,-0.8024476706302436,0.8900085316634799,0.7985474037167105,,1.296077729333007,0.6863002752479912,0.5744641905659553,-0.8772969511221772,1.8609093537659946,-0.41808539625558355,0.22737712876133517,-0.7494010977066556,1.1996940050636027,-0.5151255184970246,0.7111207768188698,-2.7666456970177182,0.5957897563062126,0.5758617080976338,1.527180587284601,-0.17033678326665572,-0.2571989688403575,0.6496247603759819,0.6835052401846354,1.1121025981537087,0.27017336534055136,0.22737712876133517,0.3958885810147134,-0.0810212781975852,1.5707966645037241,1.4532452241303027,0.46818035380859413,-0.6939506618460536,-0.41808539625558355,1.754855058968789,1.8798873253289798,0.731790393451785,-0.07786679693115935,1.2671344123199508,0.5542572907335345,0.5744641905659553,1.1195751346556255,1.3272101872921909,0.9193419733865068,-0.2263319548927664,-2.435329995566646,0.5337116768797806,0.9970354330232204,0.3342138037252245,0.6949616388447826,-0.23791678427703197,0.8385371572959176,0.9733054795522164,1.4983372819284397,1.2176195394006677,-0.9787470948072725,-0.2596794761404351,-0.11612008540913918,-0.9101293663231775,1.1035843373011058,0.4788215858561923,0.4067223597380199,0.7819352992711723,1.1133413940118106,-0.14198897837968957,-0.029888002390240462,0.03132049603149899,0.2445460066465612,1.146057666832742,0.23874339132174094,-2.1040142941155735,0.5592959230250799,1.1021518635966272,0.9452749638981383,1.2152436771659945,0.2666111963079393,-0.2935139722044998,0.7084461363079035,0.24300334679657795,1.52402340759739,-0.28738207184610726,1.1398025762113149,-0.12556880074068671,0.34336034820817973,0.27389639725118947,-0.4218558292318932,-0.0688427162438895,0.4362185671935217,1.1530552042693576,0.49241635316974575,0.3474872026466951,0.9136215826832442,-0.5837432469811196,-0.45688450219175936,0.9920214206630982,0.8298295149984045,0.4922200307651086,0.8683783036125301,0.8974947463217385
49,-0.09507001681457089,0.26664446664080194,0.2744646311162966,0.9967617518080383,0.46165270797096625,0.6444794365817283,1.033183755028688,0.8988770875386465,0.3617837981731924,2.41115337692732,0.7636180188174106,1.0949337202684828,1.4042509636471303,0.449471195251564,0.4695688626149379,-0.8929604884379515,0.10098661591526588,0.23624568463650175,-0.3959869362613428,1.2777604488792453,0.04018905190666556,1.575364211311506,0.43230231736633795,0.11815549380049188,0.43953172420803227,1.1121025981537087,-0.23032908553580678,0.984557314979393,0.7111207768188698,0.8170294549354773,0.5592959230250799,0.47110142330251376,2.210909989223861,-1.186057243409229,0.9370960340184413,1.3342193978299532,2.104978587168286,2.0213596337747277,1.4324077132226085,0.449471195251564,1.0949337202684828,0.19802673815670688,-1.351134934678384,0.777473739688126,-0.5216528229307588,1.7747340010558534,1.54856074712855,1.296077729333007,,0.6341136637239532,0.07058783391096572,-1.1543622822086623,1.8460863858072072,-0.426385718265643,-0.2817779361346752,-0.23032908553580678,1.3680084054142896,0.003946493673824294,0.26664446664080194,-2.211331126614028,1.5667692966195284,0.7636180188174106,1.119332004995403,-0.4440889573386309,-0.22448530930726623,2.1124738476091696,0.7028204548088103,2.1544737734591677,0.504031033938167,1.0434848696696142,0.8318214395224992,-1.0586183391634876,1.2484555153996013,1.6862373304846938,0.9631531133543361,-0.4131558141465688,-0.5616447869868788,0.8440321587101028,1.041375510096102,1.373055245496393,0.006871418038489814,0.8194902218876567,1.308180314208913,0.43230231736633795,1.044606084433441,1.8811606009533404,1.2231858304417143,0.9513698749184942,-2.033395773000612,2.2381447232341234,0.7787912776983813,0.6533479924568949,1.0187468563343727,-0.28843763802861927,0.8110062337191283,1.6746690991677864,1.0755817265713914,1.5114482898818853,0.05892424297244278,0.5798398797527266,0.9586262601475749,-0.7283510291120874,1.2510460472970497,0.5979601680918746,1.126476440975579,1.522241152561325,1.7815730652494202,0.6180578354552485,-0.21316020765058077,0.11815549380049188,1.14731933232657,0.9984966908397137,1.249769191102768,-1.5849422819447243,1.3410659081629064,1.1113828651888542,1.2830608181373981,1.6893951039207205,0.5342696074974085,-0.16371214968257852,1.0684739120303344,0.6161883909554368,0.7028204548088103,0.5702933652784845,1.7717920674489374,-0.12390044523901302,0.6464802292125945,0.2233755434996022,-0.8501642518587353,0.3606339644083786,0.47667955534918605,1.0959080364887492,0.9207477724783462,0.028835534112728215,0.4611087411925726,-0.708193164472518,-0.5228456810507031,1.9685792414098362,0.950586010845111,0.45792967606032814,2.7113924903349984,2.4113974849919804
50,-0.2524275455300475,1.3487862395321157,0.3300913529170299,0.10692638231228394,-0.11612008540913918,-0.02851773917819158,0.044230313401787645,0.7725797593325615,0.4225335152860049,0.34931723076273535,0.8581251056030302,2.121928928893628,0.9849838503923904,-0.05280980883965337,0.2785058926114187,-1.1416034257670902,-0.16020310307048552,-0.49819790071065084,-0.7494010977066556,0.14726462430626786,-0.3325400499851148,0.22925575363364914,0.5867273917284367,0.06715211985120055,-0.1039385726897369,0.3321483528775094,-0.3325400499851148,1.0317488335997895,-0.05923839299486876,0.3129224750318039,-0.5616447869868788,-0.2360800872000542,0.5686097774872463,-1.2027228615880683,-0.24699470371464552,0.26194185637622636,0.6320566637634742,0.032368887431170855,0.19770665140792196,-0.33048305002463535,0.5758617080976338,0.8956826335777336,-2.2047484180607833,0.03877740133723401,-0.8024476706302436,1.9279292961242707,-0.026428692896459702,0.6863002752479912,0.6341136637239532,,0.6499122783971303,-1.4351571299081476,1.087818420896762,-0.5783104051657182,2.264766901991506,-0.6638557514361869,0.24972056081795924,-0.09826447077548374,1.024947513635931,-2.7666456970177182,-0.04866382628718123,-0.24699470371464552,1.3511606376722674,-1.0588595992623397,1.331858621745742,0.06715211985120055,1.3374369021791637,1.2531163805027234,1.9562710781680908,1.836643887510609,0.25067405224969214,-0.6382283927421967,0.9973231615614033,2.0327005202404442,0.1860170279606514,-0.8349497929104833,-1.4120325006088006,-0.030574739138670454,0.5844429326552877,0.9342521492577994,-1.011161775893796,0.5943963988282945,1.5068266400391155,0.5199790448048788,-0.13320566384634844,-0.21134446778895363,1.2877135586391542,-0.48219956851266416,-1.9329236015746358,0.7611260386674005,-0.21188867732626696,1.5107463765903522,0.08485651732439924,-0.7409522706092121,1.0213932966928427,1.7385883978282888,0.4219230849262748,0.7528886287868274,-0.7693647364775301,0.2421655710039378,0.32769794203284025,-1.6359456558940157,0.012135719064049026,-0.3133141721394094,-0.328617291373315,-0.5618860470857312,0.47037039703684685,1.4055271565618868,1.9961524334869778,1.8193732318163247,0.6806329322138075,0.008451338641944535,0.49554163815848157,-1.9211512102628556,2.4916236667271003,-0.12453150403903389,0.6204397596252144,0.261054456986906,-0.9683268878260468,-1.224837536736661,-0.035177347481430345,-1.0994946755547303,2.010020124902582,-0.41990835242653596,0.3819031762065326,-0.8703333528164225,0.9830151090979136,0.9447261645757556,-1.3187628113436693,-1.2097622014491987,-0.08794700075473497,0.6343563508827699,0.670984021265571,-0.5952972651101729,0.7537011174043903,-0.8544560533296597,-1.0629204266821533,0.9182087867824044,1.8749053832017049,2.2898123203694856,0.9390549681333951,0.43571612095657825
51,-1.0120990706736332,0.0922866008299415,-0.4046869513466672,0.11443246188985379,1.9403918517813894,1.2301927889897186,-0.9336253438490961,0.4236023022810136,0.7013229353553162,0.4484228038518921,0.3131637351306562,-0.3494676677714885,0.05348749489376568,1.2710554794329576,-0.10533609022141537,1.4423699082051096,0.37980507536779706,-0.5703448020722032,-1.3434147721247056,0.07511772294471548,0.6444794365817283,-0.6462144611666858,0.2956747704966447,-0.25619797850635717,-0.3666365456567145,-0.6979522471077871,0.6863002752479912,0.21142518306562325,0.6113586130007909,1.3869820838400886,0.1696043443993609,-0.5539246244332003,-0.2596794761404351,-0.9083597259777341,-0.5703448020722032,1.6388947728782366,-0.21316020765058077,-0.4930270585027844,-0.6144911551174258,-0.6979522471077871,-0.018151966320416428,-0.3494676677714885,-1.4812303885492766,-0.4805566104411498,-0.30547411845363487,0.43125392596666606,-0.004791898722324672,0.5744641905659553,0.07058783391096572,0.6499122783971303,,-1.8330251089955996,0.8442231268100193,-1.2329762049743482,0.33781569591169314,-1.5642919064254206,-0.05695107225659225,1.0176159766990638,0.6229842516866759,-2.13243668787292,-0.8938806977012362,-0.3494676677714885,0.5011487839164706,0.925505436566637,-0.7845227139184603,0.7377491258468603,-0.37766207512099853,1.0817038161494086,-0.14198897837968957,0.43125392596666606,0.20151670283008433,0.16171708128379317,-0.14152074643639864,1.3281609080784418,0.8535458077110035,-1.5088414705648192,-1.2463746498832642,1.0568833145785306,0.08397408034748752,0.20535874434549303,-0.2853454863229583,1.2704475693344615,-0.170800078646514,1.4041509617253145,0.09215471442309268,-0.1122388946997969,-0.17465409205015195,-0.4034059674336196,-1.9249579984811211,0.1496785950567109,0.2865912671948899,-0.5741152350485135,-0.0761260481141204,-1.1632461601461543,1.9110414611767623,0.7636180188174106,1.5287687983989529,0.5214176176423679,-0.18027775246861566,-0.23544963497812277,-0.9061903925570256,-0.7996907991728196,-0.69774936431976,0.9149975740242007,-0.14686799354544536,-0.13705939627067484,-0.6071117925936198,-0.8638042310442112,-0.5552500755779298,-0.4352542741408095,-0.6807833692225611,0.8999254789383183,0.994580641182806,-1.9971776191516843,0.21414722464226105,-0.4289048770542536,-0.35467605800368524,0.17744665240064658,-0.14686799354544536,0.559038995331759,0.6962172225228297,0.7047094659105083,0.9347870513362958,0.4537104260152502,-0.42165294644386603,-0.27782820655730694,-0.22680018683605674,-0.18605186977567098,-1.003640589864869,0.7012864018943833,-1.0144245850525928,-0.3260103417341029,0.8527333190934406,-0.6478235464919343,0.4265875015501678,-0.9164564659638701,-0.6239398704489733,0.3673114356923563,0.2760907848344367,-0.06114233611052069,0.05348749489376568,-0.2630687775776451
52,-0.2146655482200325,-0.8390780046423824,-1.2086126525732492,-1.3643704566340684,-1.136489588833387,-1.222980010692757,-1.0569035099417274,-0.5459812496711046,-1.0331450777376632,-0.7917516048517079,-0.5459812496711046,-1.3191239390326168,-0.5071821437349288,-0.8818075592430417,-1.5227594761390957,-1.1533933689980707,-1.2086126525732492,-0.30595095683369455,-0.8334123536153649,-1.4787858160315217,-0.6679873121014444,-0.8014272920276946,-1.0733535838520134,-0.35533435658484785,-0.3915769148176891,-1.071702923574988,-0.5020075895635313,-0.817490803595161,-0.9757111927332182,-1.633270762598463,-0.613996709277846,-1.3658701793669097,-0.4623804887018894,0.14337432373986214,-0.6605159777677002,-0.9004328631950357,-0.9392319691312115,-0.8307776826323229,-0.8938635601300496,-0.46019464330178356,-0.6430213719125462,-1.1703937060934548,-1.5011292480881455,-0.3348525218553861,-1.7134262584356317,-0.8601280732369512,-1.0154479850072722,-0.8772969511221772,-1.1543622822086623,-1.4351571299081476,-1.8330251089955996,,-0.7429902836321357,-0.005123099987683582,-1.2522413386966238,-0.10247109179092603,-0.5071821437349288,-1.943536395454967,-1.4543830077538529,-3.140311905613843,-1.1229542283403153,-0.7420378824009408,-1.2107094353725936,-1.7358271925284854,-1.9321306820847561,-1.1837126728132905,-0.9666059714888856,-1.1792622619686213,-1.8026263269912992,-1.4622697816922958,-1.7689202196111862,-1.336051556818991,-1.1404631560324452,-1.1914437746880233,-1.4890917872499754,0.46424413539333864,-0.38032339894556855,-0.5774284230750771,-0.15993457855530926,-1.2925133160937574,-0.5284970632280404,-1.3906948613787726,-1.6006998855241747,-1.5017094075445272,-0.7137358831959849,-0.5431797299053867,-1.0968401013774933,-1.267902060278187,-3.0165137401173134,-1.6640344077972424,-0.8028005387544382,-1.454141747655001,-1.521930479506848,0.22129477058956115,-1.278544436939781,-1.4247913570503725,-1.2263938142829978,-1.4182640526166388,-1.837954691104614,-1.3876208019702498,-1.0136044112430849,-0.8716029971202659,-1.1364273739008717,-0.6430213719125462,-1.2431103943166504,-1.4076224791651466,-1.0806727164047698,-1.5884484151450424,-1.633270762598463,-1.633270762598463,-1.3742705032987856,-0.9974839247575308,-1.888361039940246,-2.3975679982566307,-1.636968476265763,-0.25185664803560265,-0.964465753992562,-1.168200751951401,-1.4430086263352708,-2.0389026988317966,-1.1499118713639933,-1.7476949549622176,-1.3056527748146907,-1.4413474424791433,-0.8051116724497996,-0.5875297984427874,-2.085421967321651,-1.8126464353746214,-0.17274888807293753,-1.0438083457710874,-1.1591645946052471,-1.3506052857471287,-1.6700285964602812,-2.3485881722319193,-1.3865849504468661,-1.0914748629684339,-0.0035093691038624707,-1.3041363664462904,-1.5671382738428776,-1.4658777837248256,-1.1698135466370732,-1.2471902404122108
53,0.18298924143955245,-0.0526838553017565,-0.3396116694310464,0.014463550170264267,0.9892409840073888,0.6636491070978205,0.518660141428856,1.4112119250024002,0.6066616234051513,2.6408321260969254,1.3155693202926377,0.4186623381808614,1.7380662762877475,0.550155735247988,0.4646103889775193,-0.5537895812773035,1.3363525508818332,-0.1483264600115196,-0.906600467623428,0.8627895222269232,0.08734663672978935,0.8040887410176671,0.9755538779339487,0.5314738207758511,0.435831216066088,0.76714691751716,-0.008295967979973777,0.42797601035651156,0.8334391316222949,0.5710902847873238,0.4064808254614597,0.31855838330537395,1.3426551454527023,-0.4414232149827974,0.8456206443416971,1.1267149283356002,1.2263115982803763,1.0998250952658288,0.8377943301605264,0.76714691751716,1.4126094425340794,-0.1483264600115196,-1.0081019400305935,0.944119233049213,-0.9253092847765639,2.2095475129262643,0.8602994028215336,1.8609093537659946,1.8460863858072072,1.087818420896762,0.8442231268100193,-0.7429902836321357,,-0.1483264600115196,0.671504312807397,-0.47964216146259225,1.7394637938194264,-0.5766822837040333,0.27980727211980305,-2.457270296762182,1.118913490765156,1.0812937410830068,0.6715138414252689,-0.4373528980961537,-0.3700104514353466,0.7657493999854822,1.1080906309008383,2.801176227347361,-0.03869474998427394,1.5469161100241204,-0.0418807369058867,-0.4261927005193733,0.8547992733614499,2.5309237433338043,0.4281476650250423,-0.3157695267857766,-0.2439690647212833,1.4801078422645584,0.9622506482765862,2.0844318408369946,0.35146442467430816,1.2572176652153872,0.8012842051423779,1.1228865933414331,2.063989027892806,2.2789887399442854,0.8145386615876583,0.8244004913571498,-1.9527906650080034,1.4611208363333599,1.1789389820725253,-0.019549483852094325,0.7121305167300086,-0.02946269697227972,1.192189784365438,2.0180711538869214,0.8335925509312665,1.1169914555352922,-0.40938538117025913,-0.09016971669163795,0.5407874929515006,-0.5664162102971888,0.8870060494627172,0.867115829236749,1.390228700188874,0.7192301314956279,0.8323261405910715,0.4482542630620499,-0.17837697523055107,-0.41808539625558355,0.7499780396319341,0.7084461363079035,1.0446181715222411,-1.6956223833716422,1.4933025049792759,1.2810850663191753,0.6811768378335031,0.9509519962135705,0.5411019356534985,0.22062845785733487,1.483889021805038,0.5077004319494778,1.4112119250024002,0.06755741617533574,1.0434462181810813,0.2741704959835918,1.1384953077517845,0.169093085452341,-0.41808539625558355,0.5090002021408567,0.04499123487183275,0.4636437406417045,-0.03981846448010481,-0.5491785193662295,0.9878524752010445,-0.40962691544681934,-0.1656014895242391,1.0613229133584001,0.5156826914325578,0.46165270797096625,2.024994090417039,2.068793452529241
54,0.6863002752479912,-1.0807167991577282,-1.1911553663080856,-1.1394175803669844,-0.44743578686021185,-1.1272360676475826,-0.4400256974511195,0.5758617080976338,-0.5282972657392102,0.048489373916725,0.3549845737969191,-0.17238776038398973,0.4266240350111001,-0.76796749312356,-0.906600467623428,-1.2767734318875648,-0.7494010977066556,0.023668872345846474,0.5454629260933337,-0.9874471098925963,-0.3076468291052256,0.058237780401721236,-0.41808539625558355,-0.1039385726897369,-0.1039385726897369,-0.7665699755918817,-0.6389625305562983,-0.79592036619651,-0.4646046647454378,-0.9874471098925963,-0.660661297475274,-1.119515905093904,-0.2900782581447352,-0.07337124989559454,0.023668872345846474,-0.4728364478874713,-0.6683129211609266,-0.2607278675401069,-0.35179318215044814,-0.1039385726897369,0.2445460066465612,-0.7494010977066556,-0.6529411349215956,-0.05220078674863612,-1.1641621540856164,-0.4352542741408095,-0.12789477296749682,-0.41808539625558355,-0.426385718265643,-0.5783104051657182,-1.2329762049743482,-0.005123099987683582,-0.1483264600115196,,-0.7665699755918817,0.1893267230713825,0.20574690071038537,-1.9260063898807933,-0.4228568195658935,-2.30007092684541,-0.9206775875190684,-0.08676969480451088,-1.028979013216627,-1.9231422586194942,-0.8598396648570136,-0.4218558292318932,-0.1704113721370361,-0.31217671813897596,-1.3568132170336216,-0.49605183814940984,-1.2341846701245625,-1.2463746498832642,-0.596673459946745,-0.16473613669833778,-0.6657972425761686,0.7417507111085938,0.37980507536779706,-0.6683129211609266,-0.014843493675557462,-0.9340855666009374,-0.8947182096145767,-1.0487623408230455,-1.1087210423014404,-1.0673183542488118,-0.6424440281903762,0.15045907826718072,-0.7223295608010043,-1.0802485672144373,-2.435329995566646,-0.9851058584511646,-0.4900078757350701,-0.47707511280707243,-1.2229173238458788,0.5351531857754701,-0.7124592742061491,-0.9615782169220465,-0.7904411117585539,-0.44690212801685864,-2.002286124041678,-1.1579839757838888,0.05735792979189157,-0.23409951851211644,-0.7111478092286758,0.048489373916725,-0.9481323709474581,-0.5235943812969267,-1.012511937090454,-0.8194163437224286,-0.9626266083217184,-0.9626266083217184,-0.41808539625558355,-0.4939550553500661,-1.5971237946641266,-1.772698592664501,-0.8101986617152565,0.058594543869906035,-0.25763593576224364,-1.2352990413583218,-1.8990891055105705,-1.5985822611302007,-0.3663476103144822,-1.4003225324007411,-0.7360026527977392,-1.9441660463080384,-0.02369590475565254,-0.02992619603092359,-1.6477055973501096,-1.3086315397046762,0.3578647741722611,-1.1895676845706096,-1.0158221025842713,-0.72594377166927,-1.1566560745080465,-2.1428134000517494,-1.0643331549796577,0.2445460066465612,0.3970321101299122,-0.7908960018547192,-1.2070201157436882,-0.5198969418073345,-0.3464459350414014,-0.6630022075128127
55,-0.29999520541957364,0.6691313973627652,-0.5322943963822505,-0.2987308721643875,-0.4302669089749858,0.0191389833120967,-0.9702782320073703,0.40085514396236593,-0.03978219437136681,-0.1039385726897369,0.5112937111127233,0.7795699645131231,0.8381480623980716,0.3387910938246464,-0.5151255184970246,-1.625258011223863,-0.23057061981236696,-1.5148194440735057,-1.2939423097727907,-0.7245805961357776,-0.6561314084415243,-0.9185404460662695,0.11693856161097782,-0.19720826195486882,-0.22680018683605674,-0.47888296026418387,-0.21437713984009482,0.3108382207516966,-0.3235987748009381,0.3549845737969191,-0.6052734731102531,-0.9919084600583207,0.17554411079637838,-1.208324244193312,-0.6561314084415243,-0.027311746309731627,-0.20938977467427108,-0.8091502703155841,-0.5354523603053689,-0.47888296026418387,0.4186623381808614,-0.02309193042056859,-1.985855564411538,-0.4519656758939616,-1.3126511269259267,1.3433533977167142,-0.9720959939378669,0.22737712876133517,-0.2817779361346752,2.264766901991506,0.33781569591169314,-1.2522413386966238,0.671504312807397,-0.7665699755918817,,-1.2083242441933115,-0.10839992285546127,-0.7665699755918817,1.0408704199484218,-3.1151302763540167,-0.33791742897313926,-0.410433772569931,0.49794180792274234,-0.4894978856253265,0.8978286961389746,-0.9702782320073703,0.5586928302124078,1.0302549655505402,0.7243506809379439,1.1832738274246,-0.6944148813687376,-0.38003499056563084,-0.04350522628200377,1.7354666631763866,0.12723664042491595,-1.032990706291789,-0.9626266083217184,-0.20938977467427108,-0.011233150601853151,0.9692789462787129,-1.3136617114775118,0.29366934286647,1.4455236482641052,0.35121414082060887,-0.34917873242925673,-0.6302625154709739,0.9241890919122834,-0.7451624327870551,-1.9151020001406789,-0.2749067956594931,-0.38579928453248263,0.6996987201569069,-0.6131322890742809,-0.9129712341751397,1.3882464170952749,0.9034543776380684,-0.14885977745097803,-0.09702003114888264,-1.610811174915275,-0.65004207688021,-0.7481841655171415,-1.458551769098655,-1.1357331999448799,-0.7665699755918817,-0.19024023042354324,-0.6302625154709739,0.20608273453978704,0.15736188274556226,1.375728567967968,1.4041509617253145,-0.16473613669833778,-0.2559090431641248,-0.4334544479765038,-2.3172398047306357,1.2213242331145526,-0.26433258536332715,0.26333846465160865,-0.5554987605709513,-1.2326872696321158,-0.6831088836015208,0.31345267047288855,-0.5244656188835338,1.6630785017159826,-1.4460859593258546,-0.6691584297725712,-0.9138166003217773,0.3082237710305041,0.9039102362787835,-1.4120325006088006,-1.1428068818041948,-0.474654796296768,-0.477873220353045,0.39995352102772547,-0.6090965069427074,1.6382063752153093,-0.906600467623428,-1.2027610552287515,-0.11109572106734845,1.1454501194013769,2.2953111226138256,-0.329277057156176,-0.6458333296275868
56,0.023668872345846474,-0.6389625305562983,-0.6389625305562983,-0.1956554824132825,-0.7318963724693579,-1.3232927003774189,0.4582788021923342,-0.3076468291052256,-1.189531151109677,-0.41808539625558355,-0.41808539625558355,0.26936650821743974,-0.45688450219175936,-0.9079979851551059,-0.6709273708821185,-2.0141742090641452,-1.4120325006088006,0.13410743949620382,1.0120376962656417,-0.4352542741408095,-0.5285239634059409,-0.16263935389899348,-0.9702782320073703,-0.21437713984009482,-0.2439690647212833,0.08732307097944571,-0.8464412199480972,-0.5750432318957952,-0.9607949255492779,-0.8770085427422395,-1.1320310567082357,-1.009077337943546,0.4107720912372044,-0.2694278826254313,-0.45912294354907784,-0.6937135821881866,0.10475704889157554,-0.12546879881887105,-0.10450539778297462,-0.29999520541957364,-0.22680018683605674,-0.3076468291052256,-1.05325276480369,-0.7148321896507809,-0.9298865748759854,0.16657956475273486,-0.3090827239477287,-0.7494010977066556,-0.23032908553580678,-0.6638557514361869,-1.5642919064254206,-0.10247109179092603,-0.47964216146259225,0.1893267230713825,-1.2083242441933115,,-0.45688450219175936,-1.373813554129006,-1.1811308271778014,-2.30007092684541,-0.47892331891763895,-0.6389625305562983,-0.47678617746483953,-2.0335808257698513,-0.6389625305562983,-0.5322943963822505,-0.4465077900129301,-0.7787514883112839,-0.8046203812818343,-0.7665699755918817,-0.792430401523133,-1.135936082732907,-0.04448062419495764,-0.7665699755918817,-0.4301241458348596,0.6390432458329685,0.18374844263796086,-0.44743578686021185,-0.23005328494208957,-1.0297281713107012,-1.6458974583516215,-1.4757206469838808,-0.9686905502698946,-1.2881954885495268,-1.0841982967918056,-0.6474313933561999,-0.47655920562040094,-0.9698100000640795,-2.3248914284162883,-0.7642287241504493,-0.8213235771861428,-0.5875136799574292,-0.795959017685043,-0.23791678427703197,-0.9481323709474581,-0.43897730605144764,-1.1217568132096265,-0.6381873374363854,-1.8918475568913204,-0.11278215404269099,-0.44743578686021185,-0.6758537871135465,-0.8215863763790331,-0.41808539625558355,-0.9481323709474581,-0.30271724699621144,-0.5707576684890241,-0.8194163437224286,-0.8521880411713605,-0.8521880411713605,-0.28282632753434767,-0.7148321896507809,-1.1305490244918184,-1.637439523943265,-0.41808539625558355,-0.5716901516184243,-0.09469450594440831,-0.6831062056065341,-1.7886505383602131,-1.929897962581273,-0.8081018789159122,-1.8668973025730493,-0.9434813421895382,-1.2074840731063974,-0.15895497347688842,-0.2508033303316383,-1.3163898958990372,-0.9773158382536036,0.21783428214071526,-1.6313219531720393,-0.35319069968212663,-0.0633123687671253,-0.9209829777667381,-1.7158550938909136,-1.4912914611404935,-0.6537584929968925,-0.26559929277223254,-0.3639376956938834,-0.7800618095828528,-0.38463787308609865,-0.12556880074068671,-0.3316865060617401
57,-0.12556880074068671,0.6723216708826939,-0.12556880074068671,0.058986480647944387,0.8006885719757162,0.47110142330251376,0.7885070592563145,2.759232390077522,0.5044489445501824,1.5310097065146748,2.894491458798758,0.6723216708826939,2.1354000931115538,0.7920389415471345,0.1258756563541698,-0.45688450219175936,1.237912951543397,0.20574690071038537,-0.7882002036428314,0.5542314800466834,0.8636068803022201,1.6679973280137803,1.003637372333766,1.3488087946555536,0.8855471814977556,1.047891875208781,0.4400224799200164,1.5620886498971727,1.2307729484461,0.860896816100381,0.8994572469950274,0.5758617080976338,1.5010027085206874,-0.5539246244332003,1.5310097065146748,1.1503215446335036,1.463319974877861,1.6307063783812679,1.2290443956682304,1.3825207336743641,1.5310097065146748,0.45423367679869,-0.7494010977066556,1.5327382592925445,-0.26667501251745906,1.5481785843999003,1.8754694430404542,1.1996940050636027,1.3680084054142896,0.24972056081795924,-0.05695107225659225,-0.5071821437349288,1.7394637938194264,0.20574690071038537,-0.10839992285546127,-0.45688450219175936,,-0.577116723534776,-0.29122665146622334,-2.117186041357759,0.4682048257922754,1.6662687752359107,1.1891808478458747,-1.1056058395966322,-0.6225423529172954,1.3540983399170177,0.34298235767857543,1.7823416170915205,-0.6225423529172954,1.1870444698182314,-0.2014384598351693,-0.6225423529172954,1.5621115832534638,1.7668469473576087,0.2928015478985128,0.007479846992266931,0.20574690071038537,0.884476066159115,2.090814041396036,0.5745134663992051,0.5131251447568038,0.5280799652319991,0.4154690288339446,0.6742980591296475,1.6686004208264524,2.110511052672649,0.6754126833205619,0.4190724132472638,-2.338870032781586,0.5998331875900166,1.6845438823290326,-0.3710978958224389,1.2252046056269508,0.5987727932825244,0.8643830318488949,0.7337993962694914,0.7696774327117476,1.2476564683902516,0.03928822112827844,0.10579986763290464,0.8977286942171578,-0.1704799110050621,1.3403660069848127,0.8683783036125301,0.34178212097829597,1.2783282731567551,0.9208326122721516,0.12078211243004698,-0.47011440631083407,-0.6357722570363701,0.5370626021614581,1.3267421555191765,0.5973797899711236,-1.4801819971496044,0.5370626021614581,2.0643632077606644,0.8136510928193208,1.1160836607063396,0.2628632778532753,-0.425805558809262,1.2185914357266978,0.06275588982812025,0.7713381813710891,-0.028637271482581807,1.8677383411657216,0.048489373916725,0.20574690071038537,0.5921054802519776,-0.24843041488700712,0.3905999381602607,0.23862917360583366,0.9909290264173197,-0.10433031880643358,-0.00037981333600211204,0.649226486092421,-0.7882002036428314,0.3616837962513767,1.2572924976829427,0.17853698089182918,-0.03132371356260148,1.605673170736765,1.5293489578553339
58,-1.729949757150957,0.5892601530065502,-0.07337124989559454,0.0874075856641857,0.11815549380049188,-0.09507001681457089,-0.8784060602739174,-0.2694278826254313,0.03869153245317144,-0.5151255184970246,-0.37986644977578865,0.1475058844051202,-0.885240325884273,0.31359838437872084,-0.76796749312356,0.4788215858561923,-1.0807167991577282,-0.29424838419630983,-1.1032954166865343,0.13033700651989416,-0.29424838419630983,-0.8118723118922219,-0.7360026527977392,-0.6692382196486941,-1.003640589864869,-0.288281515055865,-0.41808539625558355,0.08619065347467106,-0.21693064062689044,1.0105323867082425,0.4097236998375325,-0.6643631915835577,-0.18132444553958496,-2.129883187086124,-1.509072622850242,0.5345091013746619,-0.3235987748009381,-0.5538246225113848,-0.4536047277021997,-1.2557233632929958,-0.6551560105285704,-0.1793922743599382,-1.7821473079960488,-1.474503714794367,0.26596093843560936,0.3478446317301941,0.06382582976176979,-0.5151255184970246,0.003946493673824294,-0.09826447077548374,1.0176159766990638,-1.943536395454967,-0.5766822837040333,-1.9260063898807933,-0.7665699755918817,-1.373813554129006,-0.577116723534776,,-0.24712584060726722,-2.065795347635779,-1.0043192648515942,-0.932059285527576,0.49417137494643265,2.242802639277412,-1.0977171362531126,0.13033700651989416,-1.5776903513343365,-0.0143707867799374,-0.8046203812818343,-0.2076050089601996,0.4357922820397154,0.14625568188274293,0.3413222802600718,-0.0055024310750456775,1.0892189044523124,-1.7849378884407126,-1.8041457660684732,1.102163127110177,-0.2607739387587673,-0.5540838609129058,-0.6929402953293232,0.34651571099701695,-0.558141920795877,0.29976529022173987,-0.1563685158779299,-0.8968767382651347,-0.1318450592604125,-0.4728364478874713,-1.897933122255453,0.05263847281526932,-0.29179545745324914,-0.5741152350485129,0.4989050061149463,-1.9915354137738353,0.6114060140664624,0.45792967606032814,0.2035059925946629,0.1702229741042314,1.2139765850784778,-0.27588192120502186,-1.0966687448534402,-1.9040764706763946,-1.249942200071547,-0.2808499392873935,-0.32199997552343046,-0.23078636149760587,-0.14652775378077826,-0.5983933925708409,-0.6350018616578753,0.006499994460620466,-0.7111821512268613,0.8115746252180329,0.6154568329168698,-2.7284267505379236,-0.41808539625558355,-0.7898125033865142,-0.4029906519178362,0.7495736440353481,0.7648349510069247,1.1690811400831933,0.0888051031958636,0.3733937644594363,0.07888815592102516,2.7321590138216973,-0.587310797169402,-0.9499337407119007,-0.16120248350629865,0.38225583179273287,-1.751890058346493,0.2363400341913782,0.22094403264885973,-0.49166819245963894,1.824006446296236,0.5887046706768722,-0.4215806941645775,-1.082114316689406,-1.3565865193668911,0.6286118911276555,0.40476321200464477,-0.17158090326087863,-0.013880031067952674,-0.21999773638900605
59,-0.22680018683605674,-0.5837432469811196,-0.6281311343029023,-0.42966363387579753,0.049537765316396865,0.48082237848705844,-0.5456928412911669,0.40543243406178725,0.2743646291944804,0.19602594552584013,0.30978982935202415,0.629683474141134,-0.09994144204669651,0.4835950067243724,0.46165270797096625,-0.8949612810688182,0.27017336534055136,-1.055089440463738,-1.159635642282749,-0.5052695201565824,-0.1567849408202838,-0.4535317342154811,0.27930198474696244,-0.2695964234152735,-0.2695964234152735,-0.4656530561451097,0.17453076063078826,0.2236540968506971,-0.2047017268418166,1.4826246885498522,-0.474905779386364,-1.079092583959319,-0.045501564294178516,-1.1507320451735013,-0.2968154328518302,0.6033548162665928,-0.09049272671514898,-0.5131247258661589,-0.643492419590048,-0.4656530561451097,0.41020385737209725,-0.1567849408202838,-1.8306673691167694,-0.2326545999147664,-0.34617401509886125,-0.2695964234152735,-0.6088071784941954,0.7111207768188698,0.26664446664080194,1.024947513635931,0.6229842516866759,-1.4543830077538529,0.27980727211980305,-0.4228568195658935,1.0408704199484218,-1.1811308271778014,-0.29122665146622334,-0.24712584060726722,,-2.746548029654344,-0.6325802422659371,-0.3528415735501206,0.8626092110624678,-0.5747783405883814,0.7930252786711021,-0.07970873152742516,0.7367481355128599,0.6151290459771006,0.6971316715013871,0.1788570676406141,-0.2146102070773555,-0.8679364048431496,-0.03364922794156169,0.5101727690916867,0.13016542990306387,-1.2609394600384356,-0.9635790095529128,0.14518037002615997,0.2023378630341476,0.11207618003426922,-1.1076696877050851,0.2979956498762964,0.06487301809479495,0.6014890667916241,-0.6148343864027862,-0.36463575302584833,0.05670830140295217,-0.9360859013839538,-1.7740961101961792,0.7623924193064566,-0.24470201788688914,1.2737484816263749,0.14457064869924593,-1.1362212839204862,0.5171609268883772,0.19802673815670688,0.4480826864452196,0.02584158299743777,-0.6772513046452243,-0.71681447274438,-0.482557403072016,-1.262940252669302,-0.8916016223948061,0.19602594552584013,-0.36521243687472627,-0.38752845545257864,-0.10764586669610979,0.50085294721036,1.5358172112404846,1.937777402060198,-0.13528975592523196,-0.2326545999147664,-0.19376912912329328,-2.2010544163570147,0.31316373513065565,-0.011658554915256886,-0.14529867349042067,-0.20659595890470342,-0.7428580562104492,-0.7053603389590087,-0.35551621406108624,-0.4387079040426179,1.1455851625572748,-0.6620013284721914,-0.5387907360486821,-0.9633321856208171,0.14080666195066202,0.42066776581103615,-0.949228163412802,-0.7634162355328858,-1.1928961151251245,-0.573099600290729,0.9483759238032038,-0.40143448299267354,0.16388952858318956,-0.9150589484321923,-1.3680026811822084,0.2588551516355975,1.07120592721994,1.0006156396036794,-0.19558404675645963,-0.4973443567872761
60,-2.30007092684541,-2.2440447861471196,-2.440101418876956,-2.6340612688074483,-1.996129227752012,-2.639686950306542,-2.1077847270918837,-2.30007092684541,-2.239853522293191,-2.3248914284162883,-2.435329995566646,-2.30007092684541,-2.4741291015028217,-2.1618830686460258,-2.6465791179347544,-2.2010544163570147,-2.7284267505379236,-1.9687552253943374,-1.8030973746688015,-1.8506650345583275,-1.5136025118839913,-2.511199654661128,-2.435329995566646,-2.452498873451872,-2.452498873451872,-2.452498873451872,-2.457908613095452,-2.561390061641246,-2.150533562605428,-2.0829642255210046,-2.316191413330964,-2.4741291015028217,-2.07502366649312,-2.5323701178080875,-2.2440447861471196,-1.9604668289755527,-2.3902188814586385,-2.221946326152879,-2.3475425965664587,-2.452498873451872,-2.435329995566646,-2.435329995566646,-1.8114976986006768,-2.8425153561122007,-1.5914695863784583,-2.452498873451872,-1.9666571245556026,-2.7666456970177182,-2.211331126614028,-2.7666456970177182,-2.13243668787292,-3.140311905613843,-2.457270296762182,-2.30007092684541,-3.1151302763540167,-2.30007092684541,-2.117186041357759,-2.065795347635779,-2.746548029654344,,-2.7474438345337164,-2.435329995566646,-2.6900874095057388,-1.1987212763263355,-2.9627023297475548,-1.947705156799769,-2.86368581925916,-2.464680386171274,-2.771417120328028,-2.452498873451872,-3.116170200714389,-2.7666456970177182,-2.5642770561160506,-2.452498873451872,-2.494491288734965,-2.4102783417103444,-2.600987846292182,-1.9598866695191712,-2.542692899283761,-2.8776191423052175,-2.8681813662947238,-2.8303338433927983,-2.985935149580957,-2.494151171328293,-2.4940307767759022,-2.062842153773718,-2.5906838372702987,-2.600519614348891,-1.5520629926403464,-2.7510745414572115,-2.5936696108342705,-2.648555506181708,-2.72169318608528,-2.586477085039167,-1.8113017065103834,-2.4818492640565,-2.2546860181947177,-2.039923077434346,-1.649872952930365,-1.7922280261627683,-2.464680386171274,-2.5960582641831675,-2.397076707088666,-2.065795347635779,-2.4940307767759022,-1.8971843030481819,-2.9327164141600757,-3.0979613984687906,-3.1151302763540167,-3.1151302763540167,-2.435329995566646,-2.3199144452416016,-1.8986462894881813,-1.5520629926403464,-2.7666456970177182,-2.616663319101772,-2.379329887377103,-2.5899122377672392,-2.302745567356376,-2.3647114744516844,-2.4940307767759022,-2.7549357288096585,-2.86368581925916,-1.9757857439620137,-2.5075152742390237,-2.1428134000517494,-3.0979613984687906,-3.060879905989429,-2.095555813306809,-2.0890281674691815,-2.775898420258972,-2.5075152742390237,-2.6069118756267273,-1.980878581236851,-2.654619448129885,-1.772698592664501,-2.0256756104469336,-2.4553297148196567,-2.8714538287086264,-2.6724006098396336,-2.4741291015028217,-2.3233037466788122
61,-0.6864020083094373,-0.8321297416841692,-0.5893618860679963,-0.34291554070313235,-0.4361744834040943,-0.4190056055188683,0.5026007384396154,0.07326951683414842,0.1215025014920423,1.3508844532095943,0.07326951683414842,0.29414665113486316,0.33294575707103896,0.8210241463880372,0.17128503698854272,-1.6937475575715708,-0.29039289203073754,-0.5893618860679963,-0.760598017226954,1.000743821740066,-0.6998004532183537,0.9563623104159126,0.328107654758648,-0.13043873958134086,0.15140609490147822,0.816109245672192,-0.7629082058757014,0.6817527080404177,-0.3219654832774273,-0.44835599612349714,-0.05807365986397722,0.4433843242213969,0.8173697051496086,-1.4594719783619396,-0.03716905031620894,0.5866322558417666,1.5533481277716432,1.6288258483718043,1.1442820839160557,0.25051796501148826,0.3883917383129484,-0.25804618461692364,-1.9862641530864673,0.6279760483857811,-0.8428105130246025,1.0784290186922423,0.7765666634997609,0.5957897563062126,1.5667692966195284,-0.04866382628718123,-0.8938806977012362,-1.1229542283403153,1.118913490765156,-0.9206775875190684,-0.33791742897313926,-0.47892331891763895,0.4682048257922754,-1.0043192648515942,-0.6325802422659371,-2.7474438345337164,,0.5150237854355778,1.2174077070420817,-0.8700962523511585,-0.7172628084660386,0.6714910747811278,-0.3282894170405331,0.7174024102653535,-0.2324994973214682,-0.11704029467242451,0.135350273269229,-0.7550197367935323,0.883127235914307,0.5356516371861879,0.43922830508729493,-0.5343737547782409,-0.760598017226954,0.08951309623160686,0.8353713179017555,2.1803584742649873,0.46653835714251485,0.08100629906282758,1.3164843315198427,0.0852704442113863,1.4055458916797627,1.20158625488709,1.828665873665394,1.866549296101301,-2.4639043138492016,1.8953826499522706,0.3847799814547059,0.5285907711343358,0.6518622264048527,-0.5083945630660492,0.5096035540868613,1.0800534450709365,0.3769376830738032,0.3377718749660736,-0.8988102798102515,-0.10272740078495123,0.32349704173949145,-1.1371763787449778,0.9941306407859657,-0.6998004532183537,1.7492033424407691,1.1913091806429652,1.8734012635865005,0.23186250699382338,-0.14193351555231373,-0.18925991534298758,0.6636812990657307,0.13603236472146116,0.33570792411057365,-2.2200715003528075,0.1706012727773365,0.68696902013555,1.0013501394961537,1.3202574288624003,-0.45274109241196725,-0.23781765453863646,0.6594220249264617,0.2758534277241178,-0.1356066900893284,0.1688828419339266,1.012397547636832,-0.587113207926462,0.332365597614658,0.635094866328858,-1.1244585632435677,0.025669941993803805,0.881584110949078,0.8682430469536538,0.7190116393462561,0.05433071095478511,0.3388765239897711,-1.4594719783619396,-0.8010318393137237,1.1538213475872827,0.5776434976975873,0.10006640665198054,1.5306969393205772,1.7064885819463405
62,-0.41808539625558355,-0.3076468291052256,-0.7494010977066556,-0.35964838786002457,0.2151956160419329,-0.13328896329436518,1.452225906545551,1.4041509617253145,0.13573165469461246,1.2384931109997785,1.6250280960260282,0.46542314094727594,1.6414482736650322,-0.009693485511652245,-0.3396116694310464,-0.7494010977066556,0.6863002752479912,-0.08676969480451088,-0.9454577304364924,1.33176280026491,0.46542314094727594,1.077005386325817,0.5758617080976338,2.670424050978115,2.6408321260969254,2.485789474910241,0.023668872345846474,0.5360416620622371,1.5366879888699132,0.11693856161097782,1.5615084904407905,1.5558302080855533,0.7038688462084821,-0.8464412199480972,2.01156308105228,0.6315492236161029,0.7673884517937203,1.7527936998603169,2.462992762651989,3.148420877812385,1.0984626189682327,1.1280545438494207,-1.119515905093904,0.9417463176045813,-0.636789819904707,1.0252676003847159,1.0161800818565607,0.5758617080976338,0.7636180188174106,-0.24699470371464552,-0.3494676677714885,-0.7420378824009408,1.0812937410830068,-0.08676969480451088,-0.410433772569931,-0.6389625305562983,1.6662687752359107,-0.932059285527576,-0.3528415735501206,-2.435329995566646,0.5150237854355778,,0.06973931525276407,-1.2605108557173492,-0.9150589484321923,0.9034069765723962,0.050465762163678596,0.8778270189440777,-0.9150589484321923,0.22737712876133517,-0.5715532672224184,-0.6941818141314775,0.2935342997105726,0.8900085316634799,-0.09880844438378748,-0.2521963932446236,0.048489373916725,0.3256341831922908,0.8743323865614852,0.12444394195265146,1.0854747955261261,0.04082736823993504,-0.11477393794822366,0.3683830187058349,1.3702706820869366,1.6717785168013075,-0.05969815789885958,0.5763299400409247,-2.207753638811473,0.6714726488041987,0.7497095837987501,-0.23137747693547864,0.12797284065240094,0.31427605147475485,0.14145733811552244,0.5549697983017697,0.06824692387342703,0.024444065465759304,-0.8979004525381037,-0.06839426672090826,2.658025761849748,-0.5654152199631886,0.6141149965756136,0.5758617080976338,0.5684156442763576,0.2494755887555759,0.44800993743507117,-0.1567849408202838,-0.7665699755918817,-0.6313109068706457,1.5517839215774845,0.49999204900315125,-0.17621838415007365,-1.772698592664501,-0.08676969480451088,1.305765489937652,-0.009149159673939592,0.3108408987466827,-0.2425105982552085,-0.79592036619651,0.6275994940387352,-0.5416344967687599,0.2579444515554775,-0.44781254796281145,1.3015669010486368,-0.2508033303316383,0.8067633815286328,-0.6460001368025309,-0.5752847661723554,-0.5269362816684646,0.44807367771988604,1.0262773402958552,-0.589667276315665,-1.2888967877300783,-0.18892135776293492,-0.9850741944479652,-0.02992619603092359,0.5343668039495703,-0.021787801970944896,-0.38463787308609865,0.978816870762888,1.1288353684637853
63,-0.5851609857746475,0.2962837925876625,-0.03503190886340954,0.359583322592979,0.16092816693572595,0.3810220075573117,0.05288635285169095,1.7340489243828587,0.05758896311626649,0.6884865228223048,1.6236103572325014,0.738038061189092,0.3294155554896546,1.2735527092475654,0.6299724094833664,-0.9670168218901928,-0.2181787242229571,-0.15113781904795123,-0.8688994429245125,0.8733766080994085,-0.2559090431641248,1.0478465961463745,0.38071275368662044,0.09257553617217326,0.3744203706549929,0.34600427391849964,-0.14547047601376747,2.81532005076887,0.24576293883607525,0.6581668168328769,0.5039874192153427,0.26040323588417247,0.6092856678231361,-1.2761468859289087,-0.47678617746483953,1.1072688399426625,1.7367459395136835,1.0855593172124707,1.0098500097095364,-0.21958700674220405,0.6114060140664624,0.7757683801302597,-2.0090202325135564,0.916833712893983,-0.5150250131549142,1.1053866617159207,1.3883566068770632,1.527180587284601,1.119332004995403,1.3511606376722674,0.5011487839164706,-1.2107094353725936,0.6715138414252689,-1.028979013216627,0.49794180792274234,-0.47678617746483953,1.1891808478458747,0.49417137494643265,0.8626092110624678,-2.6900874095057388,1.2174077070420817,0.06973931525276407,,-0.14903929803764776,0.1292284243304486,0.7288474998091059,-0.261458860760106,0.7807868967026366,0.6531461813341901,0.6083803750730997,0.8012281462459276,-0.728062093769855,2.085829720101391,1.0899816143907748,0.37675338454701046,-0.43509406569575093,-0.8688994429245125,0.754281640586551,2.567060640665882,1.0562033983974528,-0.5477029839395567,0.501705870876858,1.117169094790377,0.6115873510668273,0.591127790725747,0.07390079075520142,1.0615674561477089,-0.04558921287082543,-2.075232187370151,1.7432839973414973,0.7598485771492308,0.991614173629729,1.559283993552153,-0.6936785198783956,0.9682909265816838,1.486214536183998,1.0831151609448881,1.2073261065193994,-0.48384186259256823,0.24347893588635192,0.054970607131798264,-1.4170198657746247,1.0399371605151402,-0.47678617746483953,0.1889958960304977,0.8076207018833482,1.4871419248133981,-0.2344339845344379,1.0000233400271918,1.1457772483842927,0.22406417191709949,0.545586019005238,1.0256883657422624,-2.0274560066035936,0.7249312499819227,0.824191824419122,1.3850594029624093,1.444604588393603,-0.5798189333246523,-0.8776738358054452,-0.18380981704595248,-0.40937842210560377,1.1209711540288754,0.019658816007429886,1.2084428284641038,-0.6349249391772199,0.8680420528778692,1.4746454234126563,-1.1546681292045822,-0.8187259526645865,0.4921075535270538,1.3956040292319982,1.3782127537422786,0.606454066543261,0.2355301123439565,-1.3673595752335606,-0.8045620408951081,1.9247541761869877,1.7516102338513198,0.8180335898635801,1.078464094179937,0.8374004103397094
64,-1.696597781284596,-0.3713349754803059,-1.0339663783824506,-0.6358015700056552,0.11316812863466759,-0.057988524335210005,-1.76890452847963,-0.5978794528152044,-0.34189899016932235,-0.48568343575198425,-0.7083180199655623,-0.8379824649616251,-1.1056058395966322,0.7269612333703604,-1.5569894088717742,0.4151334394811119,-0.9167556803521987,-1.2548435126831659,-1.6582914642112052,-0.6911491420803363,0.3902402186012233,-1.3519212951157766,-1.0339663783824506,-1.23767463479794,-0.9425771722570775,-1.549837177712317,-0.47404244075593127,-0.3797631814005625,-0.4218558292318932,0.7272300219665491,0.4724947979334328,-1.5722533290779508,-0.8832668010440207,-2.1249536049771094,-1.8070363484349532,0.99783944615737,-0.7927193535258025,-1.1066312976400134,-1.0612975321628104,-1.549837177712317,-0.9531197361132817,-1.3652820798335237,-1.020060493326164,-1.3270280742358884,0.2179796608167579,-0.7904547899148961,-0.5712524369269486,-0.17033678326665572,-0.4440889573386309,-1.0588595992623397,0.925505436566637,-1.7358271925284854,-0.4373528980961537,-1.9231422586194942,-0.4894978856253265,-2.0335808257698513,-1.1056058395966322,2.242802639277412,-0.5747783405883814,-1.1987212763263355,-0.8700962523511585,-1.2605108557173492,-0.14903929803764776,,-2.1858402315864716,-0.138810489477676,-1.9040764706763946,-0.45242315202603556,-1.5475057156316132,-1.1272360676475826,-0.504406146981954,-0.2222429098273238,-0.579278908719792,0.11851096980844943,0.7245512271348792,-1.889262180985049,-1.8678339124435537,1.5432021585551312,-0.3506521310314409,-0.29463762292219253,-0.8961206050134013,0.16671097438814744,-0.5803130164727633,0.207654750089313,-0.2922476026192921,-0.8268535093885719,-0.41287105924532064,-0.6718462744793686,-1.1723791413008648,-0.5885145280645905,-0.29824851063183977,-1.5252658286448062,-0.4618417964682524,-1.8308071451573138,1.9831607022912578,-0.12800856921340797,0.6444550899129177,-0.1873054563588401,1.3879574817530418,-0.3011767810957378,-2.0234563130109287,-1.8403883243013144,-1.0202343702571102,-0.2397668615463002,-0.20645076781804467,0.07572081575738755,-0.1067742594649564,-1.9740917166921674,-1.7879638016117836,-1.1770225094073599,-1.6717772797137174,0.4208949208140609,0.8719774422875947,-2.0324433717694177,-0.8164024010962471,-0.6327504004443522,-0.1865360831072435,-0.07701887767232629,1.2071463065687422,1.0812937410830068,0.35669643108555243,0.5126875969450273,-0.24749796342103278,1.6118452244097332,-1.0991534024985576,-0.8136981891058759,-1.3276642661487559,-0.2509962889763785,-1.7090935475895683,1.1536292180966057,-0.03348867742589938,-0.9968844837597735,1.1307900926117394,0.5700028404002322,0.11328650614714196,-1.0487623408230455,-1.1408651075120038,-0.06170224427403131,-0.5318761648759504,-0.5477534643627132,-1.1056058395966322,-1.0233981589951053
65,-1.0254975155825496,0.654318617462358,1.1670803474523272,-0.03503190886340954,-1.2757250404878926,-0.8263191482008101,0.05694785472548918,-0.1285905334707738,-0.12836383580404306,-0.7797998797109558,-0.3494676677714885,1.2214927739043948,0.3848031963448378,-1.063129698942553,-0.40962691544681934,-1.852665827189194,-0.9164564659638701,-0.6941818141314775,-0.6141420289854197,-0.8217892591670602,-1.135936082732907,-0.16018397678425159,-0.810287724316018,-0.6009121248663456,-0.6009121248663456,-0.6009121248663456,-0.7668634529543406,-0.02388909113379455,-0.8511396497716885,-0.5875136799574292,-1.1576348496518827,-0.953858054368368,-0.23286118679441903,-1.4672517841839794,-0.6941818141314775,-0.7071120270971024,-0.5026550704353899,-0.02726299691242662,-0.5174510328759847,-0.9322278263174182,-0.5837432469811196,-0.018151966320416428,-2.475177492902494,-0.6596129060756022,-0.9985043033600798,0.6635531169293436,-0.7205109298538687,-0.2571989688403575,-0.22448530930726623,1.331858621745742,-0.7845227139184603,-1.9321306820847561,-0.3700104514353466,-0.8598396648570136,0.8978286961389746,-0.6389625305562983,-0.6225423529172954,-1.0977171362531126,0.7930252786711021,-2.9627023297475548,-0.7172628084660386,-0.9150589484321923,0.1292284243304486,-2.1858402315864716,,-0.7113506920167035,0.7663400603940485,0.11257721336706968,1.5105256185369034,1.1683468335814464,-0.185018282196167,-1.294894711003985,0.4658913728905668,0.7017720634091379,-0.9686905502698946,-1.4118013483233776,-1.4424312826131007,-1.1652864733375352,-0.18050134440109408,-0.011122347296376886,-1.4802396076260853,-0.8831044900975088,0.6990820272395937,-0.6673849243136448,-0.8909308042786802,-0.6778301753605,0.33406633119431967,-1.031728506093717,-2.5323701178080875,0.12597903550686892,-0.6272433327032602,1.7127195048577384,-0.608805982064455,-1.728837440806858,-0.6438415457220541,0.5279449220761011,-0.8590588402426489,0.05146894169142796,-1.307607419143603,0.12148587506300387,-0.24355898965488093,-1.862255632010132,-0.8768056599542118,-1.1111155811620284,-1.0741737576615213,-0.9235278112320938,-0.9763584414583756,1.1380790829797054,2.0631883648455074,1.6957191677623547,-0.2524275455300475,-1.322244308977747,-0.5669341320780688,-2.435329995566646,0.7797385053029647,-0.15673277283482695,0.10720590301396841,-0.9648699665166113,-2.1637634667245016,-1.990784589190635,-1.026523636101885,-1.7316382338518135,0.9824943604872586,-1.6380046095298135,-0.6559285256534971,-1.8521625540118216,0.07749063838934726,-0.2345719308963915,-1.3851386557856913,-1.7425673774455086,-0.5174510328759847,0.006702877248647619,-0.2720896777221231,-1.5410686237589666,0.21240958970391063,-1.813363448075646,-1.8521625540118216,-0.3909625719195521,1.1574290408741286,1.7020382029510983,-0.41646118105717433,-0.4973443567872761
66,-0.7531715306829653,0.13033700651989416,-0.07714168287190477,1.1133924387686593,1.1292714760389353,1.2674593342383191,0.7097232592871918,0.9034069765723962,0.6576942492319408,1.2920943808657501,0.9034069765723962,0.5586928302124078,1.3406998950081013,1.4727686902094097,0.2431484891148833,0.40085514396236593,1.2347226780234688,0.24077557367025154,-0.6979522471077871,0.8787550157913594,1.3948022483155826,1.4980012200344248,-0.09054012778082055,0.1475058844051202,0.45894264376912774,0.4788215858561923,1.124284110873111,1.0358270783945258,0.7673884517937203,0.8463798455401056,0.5001271192898554,0.5676299249555998,1.345450180516058,-1.1815273543754794,1.02724398863167,1.937681996996874,1.885775661018884,1.7164931941679107,1.5496034681707487,0.4788215858561923,0.46165270797096625,0.33781569591169314,-1.3954437821799561,0.8353698171322801,0.7742595922689024,1.141452988758337,1.6162011062648889,0.6496247603759819,2.1124738476091696,0.06715211985120055,0.7377491258468603,-1.1837126728132905,0.7657493999854822,-0.4218558292318932,-0.9702782320073703,-0.5322943963822505,1.3540983399170177,0.13033700651989416,-0.07970873152742516,-1.947705156799769,0.6714910747811278,0.9034069765723962,0.7288474998091059,-0.138810489477676,-0.7113506920167035,,0.019898439369536242,0.8946880272675027,-0.14907256837051036,0.37980507536779706,1.0924004637255116,0.07511772294471548,0.9244949964370132,0.9927391230522811,1.0093476600960976,-0.4425062047511971,-0.5322943963822505,0.7847031465298198,0.9888330203898993,0.25487202889907357,-0.15773804128737437,1.2254213656794086,0.5451474007520826,1.2347226780234688,0.5863817481851443,1.3958506397152552,0.3270053679172334,0.2755815613839945,-2.1010855046374255,1.1630033486381612,0.7335281662625599,0.0922866008299415,0.18813208832773176,-0.2073494614828896,1.5564956357989623,0.3808534667674695,2.0103600271893844,0.4368371968983917,0.36088955381888715,0.6114060140664624,0.9332148433090985,-0.7825219212875936,1.1670567419909466,1.590858881045419,-0.0692094212134199,1.1069361458041493,0.8388957243113362,-0.2709939409469514,-0.4046869513466672,-0.4046869513466672,0.5969117766922021,1.4142137258510272,1.7791473472239252,-1.3213163121304652,0.6806992708756003,1.1759052566620298,0.7511254582823188,0.9123756137081732,0.5477282496825197,-0.11751760294081708,1.4312367868853797,0.6634188116314822,0.13033700651989416,0.8607639001539561,1.8611349604929903,-0.7024135972735115,0.08734663672978935,-0.21740305301116547,-0.8512126432584072,0.9790339461785488,0.03165793541525519,0.8408240201863448,1.2753653182444489,-0.628301218692882,-0.27541891614817104,-1.3349562913159414,-0.536755746547975,1.0125034555628347,0.301069418671363,-0.07049104952025256,1.2302613278577446,1.1479806345959649
67,0.2713428964643933,-0.5151255184970246,0.2713428964643933,-0.9051420011573532,-0.3102003298920218,-0.09507001681457089,-0.20237621246285636,0.16090432931403653,0.17592698942136092,0.8483562337870592,0.050465762163678596,1.141452988758337,1.1160523277310774,-0.12692812463168204,-0.533691913913929,-1.144309398229685,0.16090432931403653,-0.5017270735881082,-0.6121656407384661,-0.29801881717261947,-0.6121656407384661,0.6506259508802571,0.798642511336292,-0.29801881717261947,-0.29801881717261947,0.033296884278452586,-0.5151255184970246,-0.5616447869868788,0.11438506082418222,-0.1039385726897369,-0.5616447869868788,-0.5405261795242841,1.1342010581479494,-0.4654845153552675,0.2713428964643933,0.11757533434411035,0.8190058431824315,-0.026452288330475866,-0.3102003298920218,0.033296884278452586,1.044412866516896,-0.7360026527977392,-1.7439283615162542,1.0789817745727712,-1.56211919577383,1.02724398863167,-0.18194452541883357,0.6835052401846354,0.7028204548088103,1.3374369021791637,-0.37766207512099853,-0.9666059714888856,1.1080906309008383,-0.1704113721370361,0.5586928302124078,-0.4465077900129301,0.34298235767857543,-1.5776903513343365,0.7367481355128599,-2.86368581925916,-0.3282894170405331,0.050465762163678596,-0.261458860760106,-1.9040764706763946,0.7663400603940485,0.019898439369536242,,0.7199893326940363,1.0976557618451204,1.2595431795943468,-0.8039251774941053,-1.1373336002645849,-0.14291826396807655,1.2595431795943468,-0.07038605062644093,-0.7832596822127627,-0.8464412199480972,0.021115371559050303,-0.11204370581960497,-0.028950707610403872,-0.4928241757147567,-0.05621275400150598,0.5066272866962249,0.4088063398404193,-0.03863380104987815,0.28769453523537075,0.28541112924013823,-0.8189481117791376,-2.435329995566646,0.13488263261611724,0.6001966239426808,1.3033404065075633,0.0400613378173704,-0.7633127302109872,-0.5738262997062812,-0.3959869362613428,0.15379227014389574,0.355759766916832,-0.6340329484472835,-0.9223108790425798,0.05933431803884517,-0.7026506769313786,-0.24259665080941364,-0.1455908705661576,-0.023030981486172233,-0.30271724699621144,0.15252585980370068,1.9549462799454225,0.9640591019629764,0.8900085316634799,0.38178146361475124,-0.35671959838187606,-0.46791762158967354,-2.2010544163570147,1.0424364782699418,0.7973414182616406,0.05675214790245473,-0.018571133766445893,-0.13207203110485113,-0.27481382237280433,0.44691769446476837,-0.23289741284649323,1.7878909116882085,-0.6461319729310488,-0.02171951650869894,-0.650964746674642,-0.3224427915458204,-1.0513664085531,-0.2731983156017415,0.30252250308305806,-1.3727651627293338,-0.6843509194108437,-0.7082025834521589,-1.4916767731205771,0.3551747380027169,-0.4208804313189393,-0.982280448125714,0.12750616515210844,0.7941629548977873,1.0672569798408202,0.7847366262800054,0.13686465235752204
68,0.0191389833120967,0.3504546847631693,-0.3169481414492859,0.049537765316396865,0.5758617080976338,0.3930349794868712,0.34950228353197443,1.2473616668749452,0.186577230194292,2.1746674309910214,1.1121025981537087,0.9734696236538413,1.8194561778998115,0.34074010658538295,-0.07885354016053922,-0.7787514883112839,0.449471195251564,-0.31217671813897596,-1.1100671897623566,0.5636801953782316,-0.11612008540913918,0.6646015083290154,0.6636491070978205,0.45765917091388847,0.2323644939271589,0.7889748723649606,-0.44743578686021185,0.5586928302124078,1.2595431795943468,1.097098474714458,0.792968409422039,-0.09621841013605956,1.6785689749319535,-1.0718482432825618,0.8170294549354773,0.7713381813710891,0.907177409548706,1.0891139055585008,0.5758617080976338,0.5636801953782316,1.2091427203951504,0.52000606137692,-1.1601807605050494,0.5293424396077795,-1.1044129814766879,2.2335455816707563,0.6377980441460582,1.1121025981537087,2.1544737734591677,1.2531163805027234,1.0817038161494086,-1.1792622619686213,2.801176227347361,-0.31217671813897596,1.0302549655505402,-0.7787514883112839,1.7823416170915205,-0.0143707867799374,0.6151290459771006,-2.464680386171274,0.7174024102653535,0.8778270189440777,0.7807868967026366,-0.45242315202603556,0.11257721336706968,0.8946880272675027,0.7199893326940363,,0.32005590275886864,2.5172820961921505,-0.4069438078965536,-1.2757250404878926,0.8138288536860246,3.4328907262940516,0.47603555951817,-0.6646002712414258,-0.44743578686021185,0.7845906000118095,0.35715728444850986,2.5557831553183377,0.03891687749366623,0.6586617419319968,1.2895288507052565,1.3463781773633396,1.2536097809570401,1.6727065136485886,0.5611927438728397,0.19072295186195515,-1.8020489832691293,1.6245269113384344,0.7781881848857098,0.13977063038258053,0.20171111857881194,-0.20856639367240423,1.5404584218462223,2.4765717929030684,0.525953138170569,1.4445820567789986,0.019521834806272453,0.11815371630639397,0.41020385737209725,-0.7455199069973133,0.33697018730004785,0.3808534667674695,0.7500099147514097,0.812622458643357,0.6511834304885914,0.13803443588755582,0.14314453616121203,0.1715669299185586,0.5465113174930055,0.7612634306235296,1.24960390872109,-1.8020489832691293,1.7061162725717585,1.0227484415961052,0.5314555708391084,0.6792376905029079,-0.11612008540913918,-0.318116484535994,1.479660857837622,-0.01531055398752287,1.7139364370472532,-0.2521913924091577,0.8643425214809567,-0.02858887577544104,0.9949648085488931,0.8191407132988602,-0.6403126470223046,0.08053183193033271,-0.3097097835973595,0.20171111857881194,0.6737937664949405,-1.119515905093904,0.8341496489455025,-0.6616136987064689,-0.4275341115871316,1.4620216941976523,0.888059894058641,1.0769323928390986,2.3831561384003135,1.3238436097939497
69,-1.0254975155825496,0.7415195588231699,0.7415195588231699,-0.0867922185732047,-0.9444093390368199,-0.2607278675401069,-0.0783112139957467,-0.36286611268040486,-0.07431408335270631,-0.2231895012731547,-0.5837432469811196,0.8519581259735273,-0.18078808431586538,-0.6993497646394651,-0.1753513362371883,-1.9698036167940096,-1.1507320451735013,-0.6941818141314775,-1.4424312826131007,-0.4904735577159882,-0.613335171862308,0.08363865084630373,-0.9150589484321923,-0.2695964234152735,0.038527178934224075,0.061719278035799144,-0.3360692228625722,0.29079513456300715,-0.9481797720131302,0.03212735315461066,-0.9730566256599124,-0.953858054368368,0.3441307510000635,-1.4672517841839794,-0.1285905334707738,-0.028873407943034442,0.37437296958932137,0.30015423673283603,-0.19607480246844436,-0.6009121248663456,-0.5837432469811196,0.41020385737209725,-2.475177492902494,-0.3581156177551263,-0.9298865748759854,0.7243506809379439,-0.521282560272177,0.27017336534055136,0.504031033938167,1.9562710781680908,-0.14198897837968957,-1.8026263269912992,-0.03869474998427394,-1.3568132170336216,0.7243506809379439,-0.8046203812818343,-0.6225423529172954,-0.8046203812818343,0.6971316715013871,-2.771417120328028,-0.2324994973214682,-0.9150589484321923,0.6531461813341901,-1.5475057156316132,1.5105256185369034,-0.14907256837051036,1.0976557618451204,0.32005590275886864,,1.2469280260581992,-0.10675231419607903,-1.0807167991577282,0.20511053756485012,1.2005277211273992,-0.6373748488188226,-1.1775257691137468,-1.4424312826131007,-0.4680977328790035,-0.08854650431296596,0.5150037788761648,-1.5687874534609851,0.9815437369262423,0.7347111038996648,-0.35616689022594666,-0.7451518956402087,-0.44355459615086895,0.5301229639241558,-1.1488662956985323,-2.041401511866255,0.4798899108362804,-0.926604758106165,1.57343187814868,-0.29497924524739394,-1.728837440806858,0.2971757177975262,0.8606581410588516,0.17339634793652797,0.34633991598288216,-0.6644317304515837,-0.3166825169983655,-0.477834568864512,-1.862255632010132,-0.5786215286482465,-0.7797998797109558,-0.9177571546935015,-0.9566593813772012,-0.2908560337533903,1.6046538531520134,1.5506131736810789,1.5526399345656252,-0.21282774502044585,-0.34486298969708346,-0.49052935181754465,-2.1040142941155735,2.185475648276141,-0.3796569249199831,0.29957117878236783,-0.4467676719047691,-1.6363911325435931,-1.4938110370140265,-1.0841982967918056,-0.8479838797980804,1.0795344827286995,-1.481501358373477,-0.35111808031851066,-1.6164894572705124,0.17453076063078826,0.02812604207058613,-1.3291125150874008,-0.9019033931818802,-0.5273905039195165,-0.006549750809395765,0.1471115464011911,-0.9832084449729958,0.2024701186603784,-1.813363448075646,-1.8521625540118216,0.3104978943741209,1.1771890575892348,1.0746504785149604,-0.18078808431586538,0.1652870461148686
70,-0.16473613669833778,0.7243506809379439,0.5969117766922021,-0.5296325455953864,-0.09895120752391316,-0.44743578686021185,0.09663123509051814,0.8674299141346739,-0.4322331104793077,1.055666382389016,0.732170845413438,1.2213242331145526,2.12743380576464,-0.12297800205823302,-0.39798772889220957,-1.4596001604983269,-0.009693485511652245,0.03132049603149899,-1.0978856770429544,0.37980507536779706,-0.7665699755918817,1.229433332932279,-0.1039385726897369,-0.11990126494961821,-0.41808539625558355,0.5427301379525266,-1.0978856770429544,0.2151956160419329,0.449471195251564,0.5659222370541016,0.11815549380049188,-0.15257534971560455,1.1667584270087885,-1.2805438648638747,0.03132049603149899,0.09652526574954208,0.5636801953782316,0.40095113413084343,0.36762356264839535,-0.08676969480451088,0.5586928302124078,0.3060149996874972,-1.4888820122349293,0.787679064330849,-1.4479101956471625,2.6493012630745363,0.2943008299755838,0.22737712876133517,1.0434848696696142,1.836643887510609,0.43125392596666606,-1.4622697816922958,1.5469161100241204,-0.49605183814940984,1.1832738274246,-0.7665699755918817,1.1870444698182314,-0.2076050089601996,0.1788570676406141,-2.452498873451872,-0.11704029467242451,0.22737712876133517,0.6083803750730997,-1.1272360676475826,1.1683468335814464,0.37980507536779706,1.2595431795943468,2.5172820961921505,1.2469280260581992,,-0.42389674392626525,-1.760517079945099,0.7080010471382266,3.415237269533324,-0.018323542937246157,-0.6713489421454267,-0.7665699755918817,0.276288403301405,-0.15199778044750056,1.1248096015104407,-0.6985088203771995,-0.016151173689550224,1.7754418321834995,0.6959282871805973,0.2670684722697384,0.5293424396077795,0.7292370579117317,-0.7317639878781387,-1.7898674705497273,0.8124785387486972,0.10337526926416285,1.1110542067540368,-0.08129640114486295,-0.2255193297021159,0.865645506224676,1.491938360725502,-0.14885977745097803,1.4360130977489522,0.27239288324772815,-0.5100115848486642,0.34280306107751685,-1.0462444480325537,-0.006527026870426531,-0.2695964234152735,-0.21586758911753343,0.16431479913789618,0.278972188859024,1.1661778579648103,1.210070717242432,1.2384931109997785,0.2742322446032612,0.14608734126317616,0.8582985877357515,-1.7898674705497273,2.2152713374677693,1.06656950382465,0.8967920888845458,0.40200361662264816,-0.7909330010306862,-0.992929400157541,0.6695888734948392,-0.6901234696090699,1.590858881045419,-0.39402497740552533,0.6865031580360184,-0.36162376456998985,0.7862691869675807,0.651095406220789,-1.1103087240389167,0.1478660875591879,-0.23213666025012844,0.11061076273438843,0.3949434498066917,-1.4630131192643787,0.8749222963823684,-0.9626266083217184,-0.5186344674315552,1.1185244800271779,1.3342547870891257,1.3155693202926377,1.560923752009675,0.7318150882347901
71,-1.2207862252156465,-0.9028689686734904,-0.019360431470630973,1.7613692453144452,0.4517442277354279,0.7031886848302844,-0.03178347846659288,0.6566694163404301,0.8922204462578,0.14682143605270537,0.4357922820397154,0.10447658058864273,0.019438674465545418,0.43816519748434773,0.2995322229844798,-0.20201861929155082,0.6741687409971253,-0.558154822313502,-1.0989256014033266,-0.20967024297720277,0.20151670283008433,0.57579698147994,-0.9028689686734904,-0.5543843893371911,-0.22638184490062968,-0.5543843893371911,0.5328324042811564,0.4225289074175032,-0.8563497001836361,0.9161620243186184,-0.7442827305639753,-0.34146895186671516,-0.2313171164758048,-1.5950922964568233,-0.792430401523133,1.23710804760802,0.5555564808567641,0.4318880095873315,0.43378092513119604,-0.8857000907882638,-0.5715532672224184,-0.2402375657713457,-1.862788390400841,0.17703308266861476,0.2793837773245508,0.10824701356495353,0.3244146358495108,0.3958885810147134,0.8318214395224992,0.25067405224969214,0.20151670283008433,-1.7689202196111862,-0.0418807369058867,-1.2341846701245625,-0.6944148813687376,-0.792430401523133,-0.2014384598351693,0.4357922820397154,-0.2146102070773555,-3.116170200714389,0.135350273269229,-0.5715532672224184,0.8012281462459276,-0.504406146981954,-0.185018282196167,1.0924004637255116,-0.8039251774941053,-0.4069438078965536,-0.10675231419607903,-0.42389674392626525,,0.4480211958247892,1.5397097215999997,0.020944193440267017,1.327147016226817,-1.0310276527432827,-1.0989256014033266,-0.11038807905989172,0.8556659212569422,-0.22212120125805554,-1.0222104336971993,1.7747329226045705,0.02699344716536371,0.4237700319673711,-0.11015012783903323,-0.20694820140056555,0.6975793517337495,-0.10684424652507805,-2.920113567984553,0.4759480596190808,-0.03526144172406999,-0.03061394734275095,0.31404219960273294,-0.6412833120506114,0.5601714379772648,-0.02806044655595535,1.229008403160518,0.4897307801731676,-0.46414061324313105,0.39982585645216273,-0.27168473917531716,-1.4884137802916388,0.2670756674734413,0.653295510561798,-0.6098926082546028,0.5332774355203584,0.8026861216318575,-0.18648851903685504,-0.4025759027765084,-0.22446620541779702,-0.5715532672224184,1.1509554280838947,0.4839397528285983,-2.58879786653348,0.020341100627594384,-0.18922275024592713,0.23776135248189542,0.6719332759561888,0.13083065438408545,0.29810563163788056,0.591533185490413,1.0935101669363263,-0.05571455557522606,0.46401855188910535,0.629838184524413,-1.5267012656394587,-0.2846254530931284,0.12710876727634324,-1.6588427801497763,-0.30956302132794133,0.6264636520824002,1.142560373115601,1.5750546582476517,-0.3148733437947122,-0.007817342556680523,-2.2281317744777795,-1.1011404770103015,0.5533967628307239,0.6868886930241823,-0.48600792095194906,0.43160101818578694,0.004679245485884077
72,-1.4672517841839794,-0.2524275455300475,-0.9150589484321923,0.3916984108895897,-0.2817779361346752,-0.06467123481027016,-0.9322278263174182,-0.2524275455300475,0.20574690071038537,-0.7237737390126654,-0.14198897837968957,-1.135936082732907,-0.512103785766938,0.4657219050009556,-0.7969687575961824,-0.1695986201672789,0.6755184269318548,-0.9150589484321923,-1.1111155811620284,-0.8217892591670602,0.5206424245224551,-0.9909286075266742,-0.14061278354311804,-0.15915785626491558,-0.0783112139957467,-0.7969687575961824,0.7549180037320862,-0.40938538117025913,-0.519823948320616,-0.25619797850635717,-0.8263191482008101,-0.29122665146622334,-0.5527762311117123,-0.4666054573763046,-0.5703448020722032,0.23831501613539394,-0.7235322047361052,-0.5435235078704591,-0.6178650608960579,-0.4656530561451097,-0.7237737390126654,-0.2524275455300475,-1.6164894572705124,-0.7848474356665538,-0.07119853924400381,-0.475592527188642,-0.153522131661487,-0.0810212781975852,-1.0586183391634876,-0.6382283927421967,0.16171708128379317,-1.336051556818991,-0.4261927005193733,-1.2463746498832642,-0.38003499056563084,-1.135936082732907,-0.6225423529172954,0.14625568188274293,-0.8679364048431496,-2.7666456970177182,-0.7550197367935323,-0.6941818141314775,-0.728062093769855,-0.2222429098273238,-1.294894711003985,0.07511772294471548,-1.1373336002645849,-1.2757250404878926,-1.0807167991577282,-1.760517079945099,0.4480211958247892,,-0.5690638181591556,-0.9587330824335039,0.7308783267755717,-0.8462100676626739,-1.1111155811620284,-0.1879051540568718,0.23760968100067986,-0.725964820186668,-0.8813355489879616,0.4421583157067806,-0.5687571203347275,-0.36286611268040486,0.3416000593320275,-0.2929235928035522,-0.24327182053424698,0.23161579368093577,-3.0979613984687906,-1.2994212228068522,-0.3984005953090305,-1.1949257992843956,-0.38181439087120284,-1.2870831722054283,0.21147258413129538,-0.637766726922091,0.05075795923941552,-0.5681720914206125,-1.6009551765748324,-0.5667653364291948,-0.9444093390368199,-1.0757872170487135,-0.795959017685043,0.41020385737209725,0.07144209209974953,-0.24749796342103278,-0.5518925090184411,-1.3163898958990372,-0.894497507376251,-1.0426663934677756,-0.6445408109897199,0.22389563112725727,-0.8859723306412616,-2.7666456970177182,-0.6036221890681841,-0.8221390845349631,-0.6744969834837851,-0.44336391183523577,-0.4461565105229144,0.511853474973768,0.4619416433131986,0.7351082479148086,-0.7217914559190662,0.04099556337401561,-0.329384247512735,-1.28517375581944,-0.8525479138675358,-0.8001632115570952,-0.6453000121881283,-0.23604390135197698,-0.32816213433782593,-0.7003164129752798,0.45279988915827296,-0.1806684074459224,0.1781007254618637,-1.3864051419148105,-0.953858054368368,-1.383512158741091,-0.5747344982008855,-0.3528415735501206,-0.953858054368368,-0.6530627364692805
73,-0.4728364478874713,0.07935638786431606,0.7285893458575444,1.281096339079771,0.3970321101299122,0.22291577859561082,0.9074515082811088,1.9568120294203923,0.3364655794456868,0.8947712133808808,1.7359348951196776,0.618150778707187,1.1054033756992505,0.6385208878567956,0.8118089035713456,-0.4823248105586403,0.5877519967028869,0.40397286686093,-0.35097582407515177,0.42114174474615595,-0.04448062419495764,1.8604992694525464,0.3245653961972822,0.511628461384013,0.5215679324275452,0.6287662509888284,-0.04448062419495764,1.7017611011643337,-0.10839992285546127,0.26755922798172316,0.12080483636901508,0.5021234301712229,0.7587657146912434,-1.0398252460798534,-0.04448062419495764,0.9911107205829777,1.8690975388456421,1.1798377869155063,1.1817307024593708,-0.020612523855274026,0.5077122115568298,0.6071069219921517,-1.541796919233502,1.6315253951656945,-0.04553239282551297,1.164556813148521,1.7019583116277843,1.5707966645037241,1.2484555153996013,0.9973231615614033,-0.14152074643639864,-1.1404631560324452,0.8547992733614499,-0.596673459946745,-0.04350522628200377,-0.04448062419495764,1.5621115832534638,0.3413222802600718,-0.03364922794156169,-2.5642770561160506,0.883127235914307,0.2935342997105726,2.085829720101391,-0.579278908719792,0.4658913728905668,0.9244949964370132,-0.14291826396807655,0.8138288536860246,0.20511053756485012,0.7080010471382266,1.5397097215999997,-0.5690638181591556,,1.1031446292870988,0.4919419630276155,-0.36719371206336704,-0.6822915255262239,0.9390589865887596,2.0505979354621093,0.9036523187990045,-0.08713501017258232,0.7266797889028661,0.9440095059312867,0.272623880377442,1.2095742128941658,0.6762606446488457,1.7738168392066094,0.4788215858561923,-2.751966268195754,0.8884681970568045,1.956029788403803,0.6958406450903715,1.0816131574896637,-0.33542513846176386,0.5484496901618533,0.9541649099818506,1.0426978939550084,1.7275081755393464,-0.7399443828538812,0.714912914103802,0.5322911788511481,-1.0717797044145363,1.765227888150376,-0.01966012262407912,0.23032586800470312,1.836067768654377,2.0841801620175806,0.28764633106744397,0.17060970879530435,0.17067268556425277,0.17639651010575708,0.8828914619224746,0.769856972471951,-2.1721637906563775,0.5359916869930923,1.737577395343342,1.8490012574843089,2.431175392847025,-0.7602473305698821,-0.5056616732923169,0.24849573622392945,-0.11720298035513217,1.1695308624892178,0.5790327979852119,2.228404433221422,-0.643492419590048,0.5790645963081841,1.7083854871464332,-0.9007957443823074,-0.3485747062267114,1.3142569830397997,2.332289594768194,1.2492362713528615,0.31863044969232346,0.9410546262292886,-1.3630442075447888,-0.5659710939967052,1.5964634048435913,0.9155483727929308,0.40927457178371024,1.4280375716022657,0.7304100948322808
74,-0.1039385726897369,1.055666382389016,0.26559607524113005,-0.005714788591644997,0.5636801953782316,0.2151956160419329,0.3616837962513767,1.3948022483155826,0.17439571747488974,1.996602974510062,1.2595431795943468,1.5526399345656252,2.6548061399455483,0.3496084622902741,-0.06667202744113694,-0.9322278263174182,0.7432710542043777,-0.4352542741408095,-1.0978856770429544,0.5758617080976338,-0.1039385726897369,1.0958026666803466,0.5586928302124078,0.4665275266187796,0.5460432949670371,0.7978432280698523,-0.4352542741408095,0.8579480768570131,1.1121025981537087,1.1059668304193493,1.108789441139198,-0.10839992285546127,1.5875293678516509,-1.0596667305631593,0.6939518989336437,1.0904723701027594,1.193180028135269,1.0437035949459237,0.8519248556406641,0.5758617080976338,1.2213242331145526,0.528874417081811,-1.1327458092129783,0.9605435979591107,-1.1165944941960901,2.89507161825514,0.9403664478051746,1.4532452241303027,1.6862373304846938,2.0327005202404442,1.3281609080784418,-1.1914437746880233,2.5309237433338043,-0.16473613669833778,1.7354666631763866,-0.7665699755918817,1.7668469473576087,-0.0055024310750456775,0.5101727690916867,-2.452498873451872,0.5356516371861879,0.8900085316634799,1.0899816143907748,0.11851096980844943,0.7017720634091379,0.9927391230522811,1.2595431795943468,3.4328907262940516,1.2005277211273992,3.415237269533324,0.020944193440267017,-0.9587330824335039,1.1031446292870988,,0.3682114420890046,-0.6767817839608282,-0.4352542741408095,1.3522115648317834,0.6530993740786052,2.0756856646750186,-0.035877417475054824,0.9280985754460059,2.408254821955047,1.3585596900827421,1.3626190584012852,1.4636527176998033,1.0605527593628044,-0.16617270721743554,-1.7898674705497273,1.4717967846363313,1.0608776464577623,0.7797385053029647,0.18952960585940967,-0.08548883767057007,1.8165215693892538,2.1479434495986247,0.8318346988441965,1.536285705606369,0.004027165072359038,-0.17869588339759204,0.5636801953782316,-0.7577014197167156,0.6362254339446537,0.3930349794868712,0.2030141033225312,1.1151908623024733,1.0278362771934695,0.6923964048897767,0.8787550157913594,0.907177409548706,0.5586928302124078,1.0406397351810717,1.5654249404382499,-1.7898674705497273,3.1263895164582176,1.3153773742116899,0.863660518739439,0.9818060941620249,0.19970094630802063,-0.33029799725539627,1.332220276396984,0.2640657505700191,2.2534902839475643,-0.26768606214306945,1.3226293048220774,-0.10839992285546127,1.3285225516758359,0.9084172676811215,-0.8894315897382015,0.3565949794733635,0.3684226567984082,0.5982252127411688,0.5411613071562115,-1.1316974178133063,1.7363431201551558,-0.7665699755918817,-0.32257783470171836,1.792461748043258,1.5993073482499838,1.6468850217437103,1.7873228146679094,1.2923635238611868
75,-0.2948650771136237,-0.6643997250444906,-0.6657972425761686,0.9268145649530178,1.1601621473153672,0.846015323749521,-0.2601110965710926,0.6594655632281209,1.2524397880096827,0.5853181434134097,0.5638229585183573,0.20431284971777514,0.40656543172469684,1.6449541867725734,0.07120460487998004,-0.4086289609398077,-0.09741092685210902,-0.7614398472859322,-0.7399446623908797,-0.08163956649856091,0.6594655632281209,0.07270381942045823,-0.2948650771136237,-0.08163956649856091,-0.1772821712083246,-0.06014438160350906,0.3295473793087262,-0.05089165836225472,-0.3822073598133274,1.4363059662569326,-0.5963852716595844,-0.7078447789091615,0.9238857754748693,-1.4926889786721718,-0.4301241458348596,1.6245220418807003,0.5931733491229856,0.037823737485213685,-0.0822717331261543,-0.3914600830545817,0.13686465235752204,-0.42872662830318164,-1.5980525385664797,-0.4498970914501407,0.07277343567629448,0.6564399242347582,0.025903115670352042,0.46818035380859413,0.9631531133543361,0.1860170279606514,0.8535458077110035,-1.4890917872499754,0.4281476650250423,-0.6657972425761686,0.12723664042491595,-0.4301241458348596,0.2928015478985128,1.0892189044523124,0.13016542990306387,-2.494491288734965,0.43922830508729493,-0.09880844438378748,0.37675338454701046,0.7245512271348792,-0.9686905502698946,1.0093476600960976,-0.07038605062644093,0.47603555951817,-0.6373748488188226,-0.018323542937246157,1.327147016226817,0.7308783267755717,0.4919419630276155,0.3682114420890046,,-0.46192614409147575,-0.6429045401494388,0.5931733491229856,0.4742860653279913,0.35326930610754703,-0.9401306922408607,1.6228557267783335,0.515064144089033,0.5922453522757039,-0.5370812153511396,0.15203273761188127,1.036248149825053,-0.030658947842983373,-2.0876306499375032,0.3111811886848627,0.1227563207678744,0.49618062794721607,0.14043220254580455,-0.42275331424399487,1.7835262123380458,0.4460818938143534,1.5413864186935047,0.7010959743363917,0.18318978763648772,0.3783921621775407,-0.2688400031848215,-0.5050689739596472,-0.1666536577429558,0.9367315122278562,0.6878019201171628,0.8888115603287373,0.8875858638904587,-0.2106386342191772,-0.4320210558927331,-0.21887502346675095,-0.1944510490935506,1.6336397219660561,0.6167389627946396,-1.9489976754376355,-0.2145487164569251,-0.0883454610872613,1.0269239018828844,0.04376020897887243,0.9538394411786865,1.3086800116840818,1.9477865455319028,1.497096278712021,0.4952052300342628,0.5900968787993773,0.20904993102989958,-0.3132331801621397,-0.5801732821500447,0.6870797619633172,-0.7523677093868423,0.5986940317282676,0.2632551652035914,0.2918788563926676,2.1077901879717706,0.052169977519784645,0.5744641905659553,-1.0531390847255315,-0.6526254953339835,0.8350876643438994,0.6401730776182907,0.3565722555343948,0.8087032363146541,0.4989192532195662
76,0.2886617564387974,-0.6805522169371379,-1.2461434975978414,-0.5611654375910359,-0.6646002712414258,-1.1748037275371088,-0.346863600041434,0.18389053232262265,-0.8908246526511867,-0.36263496039498094,0.07345196517226528,-0.4730735275453389,0.11225107110844111,-0.8182097935240519,-0.9124548807021371,-1.5831265420830969,-0.8770974772056012,0.3991003235891542,0.23919887849856286,-0.572010559844654,-0.1532526020652397,0.13009574642104185,-0.9148277961467683,0.10968663100059026,0.08009470611940177,-0.30724713602996123,-0.36263496039498094,-0.42655425905548516,-0.5369928262058425,-1.1185360525622576,-0.7082289573648002,-0.7049379976696545,0.3836862660771399,0.05612975626450332,-0.19697710966944493,-0.5019641532459763,-0.4437231369407112,0.023020174021438976,0.05841446845511028,0.024068565421111417,-0.17134975097545474,-0.20106762939454065,-0.8153765648200124,-0.07155551003396798,-0.8369607216523024,0.057578335513144945,-0.20490433545213527,-0.6939506618460536,-0.4131558141465688,-0.8349497929104833,-1.5088414705648192,0.46424413539333864,-0.3157695267857766,0.7417507111085938,-1.032990706291789,0.6390432458329685,0.007479846992266931,-1.7849378884407126,-1.2609394600384356,-2.4102783417103444,-0.5343737547782409,-0.2521963932446236,-0.43509406569575093,-1.889262180985049,-1.4118013483233776,-0.4425062047511971,-0.7832596822127627,-0.6646002712414258,-1.1775257691137468,-0.6713489421454267,-1.0310276527432827,-0.8462100676626739,-0.36719371206336704,-0.6767817839608282,-0.46192614409147575,,0.23919887849856286,-0.6646002712414258,0.21673555530984281,-0.849505510429993,-1.1446078283208356,-1.2928939183731185,-1.0860378947969789,-1.2327450526889252,-0.4944852507911502,-0.13328896329436518,-0.5320096414810029,-0.7780605711218692,-2.4350988432812226,-1.06925991261498,-0.6625961012004876,-0.8290411897774479,-1.0931115766562947,0.5174330688560359,-0.775280372668344,-0.6218040346622097,-0.9077884562856388,-0.328474869637083,-1.7090208282805581,-0.48899087487232357,-0.08208137279434849,-0.4930270585027844,-0.6217653831736767,-0.12835938118535048,-0.8104332829313071,-0.4512062198365215,-0.5406627580791569,-1.0952816093128992,-1.2289746197126152,-1.2289746197126152,-0.5586915931248178,-0.5076424356012142,-1.16982225200772,-1.7476469388081994,-0.7909907840874958,0.006788584383749627,-0.24248516377617443,-0.7385566414671366,-1.9471142415321712,-1.781408989740963,-0.6352498806367975,-1.5910320369825783,-1.1223064855385678,-1.6163077071207972,0.040866019728468074,-0.09241789841484774,-1.5067098152190388,-0.9472209278437368,0.3371416793439476,-1.4173535962480517,-0.7535019994228882,-0.42135155434773935,-1.133808444069085,-1.8554213663997758,-1.2773231042165059,-0.16222113156904425,0.40830750464414206,-0.419388131554486,-0.9783288633009711,-0.8454759298485723,-0.1527451619178677,-0.3904649557864172
77,0.048489373916725,-1.4120325006088006,-1.2767734318875648,-0.9051420011573532,-0.44743578686021185,-0.79592036619651,-0.9807478874381388,0.37980507536779706,-1.1680359662146247,-0.08676969480451088,0.2445460066465612,-0.8101986617152565,0.20574690071038537,-0.6293345186236922,-0.6494321859870666,-1.4120325006088006,-0.41808539625558355,0.048489373916725,-0.41808539625558355,-0.8273675396004825,-0.47888296026418387,-0.16263935389899348,-0.9454577304364924,-0.29999520541957364,-0.20097869493117848,-0.9322278263174182,-0.47888296026418387,-0.660661297475274,-0.4646046647454378,-0.49605183814940984,-0.4646046647454378,-0.9842568363726683,-0.4253373268659711,-0.41808539625558355,-0.41808539625558355,-0.3127568775953569,-0.5082333508688122,-0.06467123481027016,-0.21316020765058077,-0.2695964234152735,-0.18380981704595248,-0.9454577304364924,-0.12556880074068671,-0.16263935389899348,-1.2994212228068522,-0.2695964234152735,-0.3854994508117869,-0.41808539625558355,-0.5616447869868788,-1.4120325006088006,-1.2463746498832642,-0.38032339894556855,-0.2439690647212833,0.37980507536779706,-0.9626266083217184,0.18374844263796086,0.20574690071038537,-1.8041457660684732,-0.9635790095529128,-2.600987846292182,-0.760598017226954,0.048489373916725,-0.8688994429245125,-1.8678339124435537,-1.4424312826131007,-0.5322943963822505,-0.8464412199480972,-0.44743578686021185,-1.4424312826131007,-0.7665699755918817,-1.0989256014033266,-1.1111155811620284,-0.6822915255262239,-0.4352542741408095,-0.6429045401494388,0.23919887849856286,,-0.5082333508688122,-0.06430637161579142,-1.0946501222037859,-1.1822524684347337,-0.8130892440817359,-1.1599757596894213,-0.8101986617152565,-0.5071849594691403,0.015200009545944844,-0.7886490292257682,-0.8479493762517599,-2.435329995566646,-1.1337633720813163,-0.5764250115232079,-1.2253245812886957,-0.9186264986204747,0.4247146186251128,-0.5738262997062812,-0.7273026377124154,-0.7600423297542538,-0.616692152541333,-1.8422065537495633,-1.3506667027350931,-0.7787514883112839,-0.013222384211401716,-0.8215863763790331,-0.41808539625558355,-1.0222797907621692,-0.609212446876405,-0.8772528683692182,-1.2463746498832642,-1.2939423097727907,-1.2939423097727907,-0.9150589484321923,-0.3586959866288297,-1.5971237946641266,-2.1040142941155735,-1.0807167991577282,0.037669893118054916,-0.5943844790287177,-1.1000399726370855,-1.7638300367893347,-1.3414139794938393,-0.47678617746483953,-1.2042658996709046,-0.7494010977066556,-1.9373067339509742,-0.15895497347688842,-0.12556880074068671,-1.4120325006088006,-1.0436353066783675,-0.0783112139957467,-1.300006251720967,-0.992929400157541,-0.8215863763790331,-1.3479412839275728,-1.8114976986006768,-0.5943844790287177,-0.7494010977066556,0.3228846903152009,-0.7694008169596673,-0.885240325884273,-1.220747291189274,-0.45688450219175936,-0.6630022075128127
78,-0.3369972197098539,0.6569498846433629,0.6569498846433629,-0.005608609833345337,1.141452988758337,0.6939518989336437,-0.3346243042652221,0.9882655860944356,0.30034111402047603,1.1196874810033606,0.8778270189440777,-0.22655865255949711,0.5664129927660851,0.9845303094612003,0.4652425556051121,0.5465113174930055,0.20856930201291177,0.10475704889157554,-0.1769176494177395,0.8949958968293042,0.43607275034264764,0.18477411009866465,0.6569498846433629,0.7679915446063923,0.7483390907687366,0.3510577775758414,0.2151956160419329,0.509068383420183,0.6691313973627652,1.5758214872733052,1.458710800411917,0.014220157014298377,1.514543923363937,-0.7653530434023675,-0.11612008540913918,1.6184019914143306,1.4560570882859822,0.549947209615348,0.5248475067468295,0.03630786119732271,0.7377965269125318,-0.10176307167959266,-1.0901655144892763,0.295212677249022,-0.63783821130438,0.8341983328207033,0.9300089256643609,1.754855058968789,0.8440321587101028,-0.030574739138670454,1.0568833145785306,-0.5774284230750771,1.4801078422645584,-0.6683129211609266,-0.20938977467427108,-0.44743578686021185,0.884476066159115,1.102163127110177,0.14518037002615997,-1.9598866695191712,0.08951309623160686,0.3256341831922908,0.754281640586551,1.5432021585551312,-1.1652864733375352,0.7847031465298198,0.021115371559050303,0.7845906000118095,-0.4680977328790035,0.276288403301405,-0.11038807905989172,-0.1879051540568718,0.9390589865887596,1.3522115648317834,0.5931733491229856,-0.6646002712414258,-0.5082333508688122,,1.111307283408786,0.043705627575853535,0.6141149965756136,0.6635303929903749,-0.28333507079214326,0.3390326281012066,1.5559198212472731,0.6906160179801639,0.21542258788637206,-0.27782820655730694,-2.3341441516575423,-0.01298830432940951,1.0787832325201048,-0.34825073558197445,0.39299632799833817,-0.5398820951234763,1.1977449830558191,0.8659385351398095,1.5084218337859199,1.5148966994696158,0.025043763163789864,-0.08343176343806269,-0.41808539625558355,-0.31518769505784605,0.12434776949765769,0.5465113174930055,0.3108382207516966,1.0485827923981952,0.19411357933698464,-0.5406431319775599,-0.7481841655171415,-0.6511440432757005,0.10468432958256542,1.2792203105587066,0.5591069498572415,-2.095145738240407,0.21188245902742234,0.414699135188286,0.49693400830641254,1.2910673525158876,0.5753711618029721,-0.2439690647212833,0.2151956160419329,0.1470341397235026,0.683746774461195,1.2582140172605523,0.5230873489863523,0.40075514204054913,-0.38492475229555545,-0.026907797614993633,-0.10372263083422313,1.498563034140922,1.3227987271343316,0.6253562677251372,-0.024762743457240253,-0.36124189748199625,1.2891565456049758,-0.29657389857527,0.09506679928346726,0.566591402857662,0.3037253798217918,-0.35319069968212663,0.785081355723793,0.5988425924898053
79,-0.5557016433589784,0.10692975954316626,0.10692975954316626,0.5888820621033599,0.35715728444850986,0.6143564551711453,0.36593871379920534,2.5309108938168463,0.46768144630522246,0.9997810316827481,2.42047232666649,0.30291367296399235,1.0292374026822022,0.7721609683135594,0.44061837643887125,-0.2607400660125015,0.44878628273748106,0.21736832669352363,-0.5173953262855878,0.4497469958452817,0.634229374415065,1.483169003562049,0.703298022155097,0.8971686074808949,1.192266070021758,0.2536903631154455,0.7638938194111272,3.1983667188567795,0.4847647294840932,0.47325743148030613,0.7297365818053168,0.562589913200884,0.8475836429811046,-0.5479705414842453,0.327806893843881,1.7971309781693905,1.771584500291258,1.5745916205055508,1.3916087835090536,0.5850060645665176,0.8504078047144799,0.4382454609942389,-1.2899725074753043,1.6791529169828758,0.06302358081890902,0.946809610622652,1.888602971660954,1.8798873253289798,1.041375510096102,0.5844429326552877,0.08397408034748752,-0.15993457855530926,0.9622506482765862,-0.014843493675557462,-0.011233150601853151,-0.23005328494208957,2.090814041396036,-0.2607739387587673,0.2023378630341476,-2.542692899283761,0.8353713179017555,0.8743323865614852,2.567060640665882,-0.3506521310314409,-0.18050134440109408,0.9888330203898993,-0.11204370581960497,0.35715728444850986,-0.08854650431296596,-0.15199778044750056,0.8556659212569422,0.23760968100067986,2.0505979354621093,0.6530993740786052,0.4742860653279913,0.21673555530984281,-0.06430637161579142,1.111307283408786,,1.2224710329753976,0.4237410884369041,0.941480621140648,0.43149974085594517,0.19441264749784432,1.6160511623246436,0.9932398165117442,1.3235862841716537,0.5335798480659707,-2.5163507642582896,0.8027152122147403,1.537175138318884,0.38303293629913077,1.465028056379367,0.010138029976720324,0.7290046349265373,0.7312692224787981,1.2702608974685399,1.2011188888344506,-0.7149112760031366,0.26224854337513986,0.4427026307189786,-0.6994921863756971,1.5617168123959033,0.5002076523206731,0.8347100556442376,0.9661834146505937,1.6091238173032767,-0.31929440880356796,0.2427755538439689,0.06864485263443239,0.13175026111404478,0.8321781934817508,0.47154122471159104,-2.0511521889225532,-0.016761435665233908,1.6509080142859498,1.3101910705536506,1.4222057851760201,-0.3677310082750468,-0.5608620131803845,0.055191973602064924,-0.1377447091107694,0.7102513591450371,0.22495435613871506,1.721941821306038,-0.395923148529202,-0.04886533396185773,0.3617262025948066,-0.34262157136193594,-0.34681099623878986,0.43152342953953055,1.4730160965066856,0.550296783016165,0.2738613117189085,0.6835246844715592,-1.233129008701717,-0.10474019370256055,1.5163991410421516,0.9300703950828985,0.15608710896277406,0.6979217012311301,0.9040394065521834
80,-0.7085097282989229,-0.5482847193887876,-1.039825429749995,-0.599309577675052,-0.6044796750546281,-0.28072822669561215,0.019007119241653807,0.1984945122521479,-0.2812042229060188,1.3859459128441156,0.027403819711209875,0.27053040298644404,0.38742136865916454,0.3886567962551415,-0.46849230168250583,-1.675465980185435,-0.09598962904411552,-1.039825429749995,-1.427363341186536,0.21706090766905178,-1.2109161222909324,0.2649950453298726,-0.03746180304732573,-0.3522053627199828,-0.29528495736648996,0.32052329862145634,-1.028330653779022,0.9561402292080198,0.14937117603223907,0.052958361870956365,0.1621285272446844,-0.10007805226499512,0.7882861291722905,-1.420532981839457,-0.13142367166724628,0.5987041635343435,0.8978470730782614,0.8646655315044671,0.6100868209983019,-0.1897028816131946,0.02880133724288834,0.04145722919412073,-2.0497981206208267,0.35799387813426653,-1.5129497427628158,1.2051782380443048,0.4621207304969347,0.731790393451785,1.373055245496393,0.9342521492577994,0.20535874434549303,-1.2925133160937574,2.0844318408369946,-0.9340855666009374,0.9692789462787129,-1.0297281713107012,0.5745134663992051,-0.5540838609129058,0.11207618003426922,-2.8776191423052175,2.1803584742649873,0.12444394195265146,1.0562033983974528,-0.29463762292219253,-0.011122347296376886,0.25487202889907357,-0.028950707610403872,2.5557831553183377,0.5150037788761648,1.1248096015104407,-0.22212120125805554,-0.725964820186668,0.9036523187990045,2.0756856646750186,0.35326930610754703,-0.849505510429993,-1.0946501222037859,0.043705627575853535,1.2224710329753976,,-0.02004274442614035,0.30788007882033747,1.9390769055645107,0.9251469725070269,1.8600838331631986,1.2598255405714547,1.0765472947880337,1.2701608974840919,-2.069543960646718,2.1051322701553437,0.9507494667530076,-0.19408968289627965,0.18460697055268474,-0.8788837622583864,1.463657268200621,1.8691345699562936,0.3784893726162911,0.9513264566007089,-0.49609134898467966,-0.531564773691973,-0.09030088975083835,-1.381503555125483,0.2720773084562033,-0.8603745429941548,2.2842173386406857,1.0753036447140334,1.8944469076780925,0.0017347342791649092,-0.3374253189729626,-0.25866612194332816,0.02880133724288834,-0.05767369737365511,1.1448342046482383,-2.2149877394030724,1.2079940028811669,0.7454879563092717,1.006241801731365,0.8366128394377972,-0.735354293360135,-0.13549106521024498,0.9212242138952271,0.4293649594409,0.9420745902934006,-0.2532879971929125,0.4256760033373168,-0.6751434641781479,1.1195048323307168,1.1745059998379526,-1.159336778151343,0.10355366854645065,0.273542323049886,0.15519211687396364,1.047731398346803,-0.5933454247018923,0.9013066075722191,-1.4055238408751867,-1.1094934765337008,1.5263020032715924,0.4144638351848425,0.9693153015206679,1.1850143117341536,1.3619103400314196
81,-1.5135681698858061,-0.07786679693115935,-0.07786679693115935,-1.2009693970077049,-0.8215863763790331,-0.6691584297725712,0.568812353702763,0.3419967503548125,-0.5508372056121864,0.5125449853004229,0.2315581832044551,-0.7786377536109504,0.6235637119071612,-0.6640747140891758,-0.9037831351142084,0.04259630934948228,-0.032121644608429714,-0.4091824983822314,-1.4250203240509065,0.9845039026952644,-0.8509367669836614,0.14260088890874517,0.3171035294749238,0.5790407814294811,0.46860221427912313,0.2258343586629502,-0.6778854175839854,-0.1647913789218225,0.6312838744608397,-1.1650835905495078,0.9407088545964541,1.4164480680244549,-0.37513367795401176,-0.7270997549243883,0.9673350248100384,-0.45147156899178525,0.11156316396558334,0.7969417251863757,1.5188907898648598,0.8884657615650949,-0.1883053640815167,-0.13705064669353634,-1.3395099952283942,0.6387435437500097,-1.6147416067434917,0.02012515747289247,0.8365491542792374,-0.07786679693115935,0.006871418038489814,-1.011161775893796,-0.2853454863229583,-0.5284970632280404,0.35146442467430816,-0.8947182096145767,-1.3136617114775118,-1.6458974583516215,0.5131251447568038,-0.6929402953293232,-1.1076696877050851,-2.8681813662947238,0.46653835714251485,1.0854747955261261,-0.5477029839395567,-0.8961206050134013,-1.4802396076260853,-0.15773804128737437,-0.4928241757147567,0.03891687749366623,-1.5687874534609851,-0.6985088203771995,-1.0222104336971993,-0.8813355489879616,-0.08713501017258232,-0.035877417475054824,-0.9401306922408607,-1.1446078283208356,-1.1822524684347337,0.6141149965756136,0.4237410884369041,-0.02004274442614035,,-0.5959634111890549,-0.7056271266233937,-0.5210185830642673,1.513654872176334,0.8389311046424802,-0.12450944214342946,0.3754201671042176,-3.3577614197971926,0.1331762476467663,1.22829557148107,-0.6680306456707515,0.06807036513552367,-0.7990125179021714,-1.1235516872254776,-0.6387596477682711,-0.3165978122506326,-0.3023141594151433,-1.28422217278519,-1.1077803268719293,0.9281470796327196,-0.7738501756996647,0.5217702086242749,-0.24910292809011703,0.9920306028412913,0.14298692376291572,-0.34951719334648557,-0.7296668035799081,-1.5975716204357615,-1.5478578979849946,0.19426505475753633,-0.7750671078891789,-0.9078191052706724,-2.732922297573488,-1.0469933997134981,0.385091824851597,-0.8961211688511952,0.5901664830190841,-0.4475218394144164,-0.4319443380940485,-0.3504817171729748,-0.16958069004928225,-0.4105800159139093,0.16228035972058444,0.449471195251564,-0.5483297260103055,0.2617926448199373,-1.358975177825296,-0.6891698623530135,0.0013921636005338061,0.24542471515514133,0.3023459443451547,-1.1043943590325822,-1.2642307223647702,-0.2821067180418143,-1.417925565176043,-0.38517935488664984,-0.19978924416755883,-0.9229854630343222,-1.4660102653818254,0.14366988952808535,0.19187051589694837
82,-0.8130892440817359,-0.7618345266937555,-0.5261614299524465,1.3345229638919347,1.2041553552293265,1.7261179497666548,-0.519823948320616,0.6078161664323166,1.8762354734630193,1.0854955420837822,0.7034587711420798,-0.7174466393719728,0.41094217562718405,1.4253251038780437,0.26664446664080194,-0.03332005157477624,0.7430752351535526,-1.1444049455328085,-1.6717772797137174,-0.32934559602420194,0.8286933007330314,0.06582874577952744,0.1149118112856973,-0.03764635858460207,0.17814779606964237,-0.3474668751406223,1.1140074006160974,0.5618664351907154,-0.3396116694310464,1.2876164472196874,-0.4816384723439597,-0.6786475334357964,0.24018465840265363,-1.2844354375643545,-0.09920312379161081,2.2131265506707725,1.0082566990116784,0.2231860743247292,-0.044904839241216576,-0.3474668751406223,0.18085786027148087,-0.7174466393719728,-1.5339616632891464,0.3971444472306001,-0.09741126825600324,0.5293424396077795,0.01977048884460968,1.2671344123199508,0.8194902218876567,0.5943963988282945,1.2704475693344615,-1.3906948613787726,1.2572176652153872,-1.0487623408230455,0.29366934286647,-1.4757206469838808,0.5280799652319991,0.34651571099701695,0.2979956498762964,-2.8303338433927983,0.08100629906282758,0.04082736823993504,0.501705870876858,0.16671097438814744,-0.8831044900975088,1.2254213656794086,-0.05621275400150598,0.6586617419319968,0.9815437369262423,-0.016151173689550224,1.7747329226045705,0.4421583157067806,0.7266797889028661,0.9280985754460059,1.6228557267783335,-1.2928939183731185,-0.8130892440817359,0.6635303929903749,0.941480621140648,0.30788007882033747,-0.5959634111890549,,0.3571689984711154,1.1876186439716934,0.27011539999722556,0.46654408296831246,0.632165962395236,-0.6454061638156212,-2.1164477231026733,0.10948115741544676,0.18003957167132525,-0.28024666418820576,0.34082009846543815,-0.6455748313845702,2.2033375715241386,0.48867758419663493,2.147846615101985,0.43504844225959316,-0.20117282814206652,-0.13611808359826547,-0.6666010638722927,-0.89082910726988,0.27228114104724244,0.7645704200486043,-0.1617723059861081,-0.28364347619232155,0.3547589960182976,-0.38613093792090075,-0.012648243243479157,-0.15618166572109607,-0.36463575302584833,2.393519860684766,0.7751228365190711,-2.1229656085567665,0.38038562652801616,0.2949939398044673,0.37584156079303505,0.28693423141695523,1.2833629456902567,1.0239662208763314,1.424790955253481,1.7725029129586483,0.8691166218676158,0.4452307370003029,0.32999456485250445,-0.5153753943654154,0.3108093292232915,0.05739760602528068,-1.3629091643888915,0.9329218417365412,-0.37622054069228866,0.39176725403126833,1.4487085455836355,-0.14436341460902316,1.1590944161453667,-1.3252621872604946,-1.022776914233864,0.14790454506223916,0.5105403814318302,-0.2689931483160852,0.5894137056997152,0.4888781303935702
83,-0.9686905502698946,0.6256928754451887,-0.01913133323846054,-0.10718205727607392,-0.6080244582141943,-0.4508250882974224,-0.12323241875698784,0.21654176350284898,-0.5985757428826467,0.7221968212275144,0.3121843682126121,1.1148462631463028,1.6762462799530773,0.19930492763081323,0.015400555742880108,-1.749857260308533,0.08579766884664664,-0.9686905502698946,-1.300006251720967,0.04242543196854877,-1.2043636470112038,0.7127434147291457,0.05631675459271436,-0.8558790676749055,-0.6202059709335965,0.15956322157336372,-1.1599757596894213,0.9156115436886595,0.0703783050414986,-0.053217172741214916,-0.05176955578435072,-0.17161743672181096,0.6923448525324987,-1.4564464204393306,-0.44608963939929575,0.2944893109245291,1.2761425654576564,0.7897115771372525,0.45549894344374836,-0.503068181328781,0.02525655408332219,-0.21041654265798676,-1.9979859685016468,0.39622367571866784,-1.4382448882169054,1.8724819544249416,0.5636737922402547,0.5542572907335345,1.308180314208913,1.5068266400391155,-0.170800078646514,-1.6006998855241747,0.8012842051423779,-1.1087210423014404,1.4455236482641052,-0.9686905502698946,0.4154690288339446,-0.558141920795877,0.06487301809479495,-2.985935149580957,1.3164843315198427,-0.11477393794822366,1.117169094790377,-0.5803130164727633,0.6990820272395937,0.5451474007520826,0.5066272866962249,1.2895288507052565,0.7347111038996648,1.7754418321834995,0.02699344716536371,-0.5687571203347275,0.9440095059312867,2.408254821955047,0.515064144089033,-1.0860378947969789,-1.1599757596894213,-0.28333507079214326,0.43149974085594517,1.9390769055645107,-0.7056271266233937,0.3571689984711154,,0.9584060944279392,0.3801635801931622,0.04042463933768199,1.9319453482822555,0.585608179490425,-2.0876306499375032,1.3386380631301147,0.6080139060206668,0.6124629713261145,0.5944153849323084,-0.6743919045497401,1.1332695400718484,0.8986675586691794,0.1469898196968445,0.3821550035212664,-0.7407420707009562,-0.5172250529756975,-0.042433177553490534,-1.2363181053458867,0.7205418397331242,-0.8515527606650797,0.8018080217699022,0.6716213863012426,1.6954029947255724,0.6070413147162986,1.2724063458513204,1.110834041034401,0.3766699228977688,-0.045530592882762184,0.9580404490036932,-2.3233037466788122,2.118132547034934,0.6713180974522751,1.1544166198637844,0.9419911480264066,-0.4978274253403971,-0.10126286568395323,0.8408338253728087,0.5383558586573604,1.6628524411497014,-0.281761615333684,0.991035657852965,-0.7386062349141925,1.0317952462223436,1.2366425722906362,-1.503714508136456,0.0649841186902946,0.1509860266571539,0.3359891378004721,1.0418514493558273,-0.014354457243454456,1.8036454429494346,-1.5484930278092712,-1.095549295059255,1.4857244046834763,1.7673124953467187,2.0268632925965977,1.0136148770509326,0.718626856396439
84,-0.7360026527977392,-0.6121656407384661,-1.0673183542488118,-0.008235019045577418,1.1121025981537087,1.0949337202684828,-0.43665179167248747,0.5892601530065502,0.7013229353553162,0.8101372873072649,0.5892601530065502,0.3683830187058349,0.9443895307707653,1.6239293425480306,-0.10533609022141537,-0.18380981704595248,1.4841907468713718,-1.0673183542488118,-1.5698701868588423,0.09398288241529851,0.6996987201569069,-0.2596794761404351,0.4424674617515966,-0.4218558292318932,-0.3410091869627243,-0.0657196262099426,0.7967388423983486,0.43900153982079554,0.7770164637263269,1.4422013674152667,0.2744646311162966,-0.33304749013248564,0.5078122134786454,-1.5776903513343365,-0.07337124989559454,1.6254963279693202,0.8979246863074516,0.2058469026322016,0.07376760647870916,-0.0657196262099426,0.670106795275719,-0.29424838419630983,-2.113463009447121,0.2777173971707586,-0.33587290045793505,0.8311873559018332,-0.084904403177392,0.5744641905659553,0.43230231736633795,0.5199790448048788,1.4041509617253145,-1.5017094075445272,1.1228865933414331,-1.0673183542488118,0.35121414082060887,-1.2881954885495268,0.6742980591296475,0.29976529022173987,0.6014890667916241,-2.494151171328293,0.0852704442113863,0.3683830187058349,0.6115873510668273,0.207654750089313,-0.6673849243136448,1.2347226780234688,0.4088063398404193,1.3463781773633396,-0.35616689022594666,0.6959282871805973,0.4237700319673711,-0.36286611268040486,0.272623880377442,1.3585596900827421,0.5922453522757039,-1.2327450526889252,-0.8101986617152565,0.3390326281012066,0.19441264749784432,0.9251469725070269,-0.5210185830642673,1.1876186439716934,0.9584060944279392,,0.38499918843513153,0.2494755887555759,0.2526349233632295,-0.5138445345839769,-1.8697387149059423,0.4257750129326049,0.398296214984304,-0.48458708723128724,0.2936306913779375,-0.8871497422702603,1.9352713023390735,0.6922052552699592,1.6769376844904764,-0.07259605677568227,0.7032307847342438,-0.1572959949023706,-0.5444759091016529,-1.4757206469838808,-0.16035249100856688,0.8101372873072649,0.044417215874080866,-0.30271724699621144,0.35048118765500247,-0.48810064227135647,-0.02601291902182125,-0.09723935023527928,0.0867083203965193,0.955144762513497,1.47896260557361,-1.9667788371473836,0.4788215858561923,0.4546036601486058,-0.4145940455801638,0.3835278242607671,0.736640543657414,0.8472383734548294,1.7587820553601425,0.4523126075844575,1.666036182722535,0.6833700133585954,0.21057967445397852,-0.885240325884273,0.6916019801707709,0.01663126609961384,-1.2953398273044687,0.4952052300342628,-1.1800824357781292,-0.49166819245963894,1.0655137134080188,-1.3104549493940787,-0.08459724750511392,-1.4134300181404784,-1.120913422625582,1.0019297682453554,1.0310315257098792,0.21274970711058314,0.4400224799200164,0.23390477459896306
85,-0.8385006609202124,0.07540665828694725,-0.3111283267393035,-0.23673965787958898,-0.2817779361346752,-0.12934998952821333,0.24343742445711564,1.1876124942660167,-0.011028765367828533,1.590623799589851,1.298051061416374,-0.09025119243858878,1.2872091642107928,0.2988835984559098,-0.5296325455953864,-0.11730036321565987,1.238590845249673,0.2658850105833624,-0.8385006609202124,1.0561238585210904,-0.09025119243858878,1.0457269113454843,1.0084671360308022,1.0180507288921685,0.8879597079041556,0.7611965321537321,-0.09025119243858878,1.0756761982448422,1.1710923147051977,-0.10952704171298067,1.301353471866716,1.3842492864522338,0.8179347278437904,-0.10446238931726179,0.6828187776139133,1.0026453330099971,0.9054366607316675,1.4311469643063375,1.49534874548808,1.1057648616628475,0.5427882855823675,0.25564801099143863,-0.8245220565549151,1.359054081577696,-1.1167697894476964,1.122911015609105,1.4521925389261838,1.1195751346556255,1.044606084433441,-0.13320566384634844,0.09215471442309268,-0.7137358831959849,2.063989027892806,-0.6424440281903762,-0.34917873242925673,-1.0841982967918056,1.6686004208264524,-0.1563685158779299,-0.6148343864027862,-2.4940307767759022,1.4055458916797627,1.3702706820869366,0.591127790725747,-0.2922476026192921,-0.8909308042786802,0.5863817481851443,-0.03863380104987815,1.2536097809570401,-0.7451518956402087,0.2670684722697384,-0.11015012783903323,0.3416000593320275,1.2095742128941658,1.3626190584012852,-0.5370812153511396,-0.4944852507911502,-0.5071849594691403,1.5559198212472731,1.6160511623246436,1.8600838331631986,1.513654872176334,0.27011539999722556,0.3801635801931622,0.38499918843513153,,2.422929114043305,0.4042618883745485,1.859903793585799,-2.840142440667569,1.8205543510176034,1.945923399084896,-0.3633899293079292,0.8242009481825259,-0.04315007722342783,0.09457604357148366,1.0147876713028443,0.47746263682509277,1.328999629375028,-0.8237027517783055,-0.3062532088623225,0.4912920339178269,-0.24401646578695488,0.9604800691736,0.02018737471176857,2.471418502504766,1.000626185997574,1.346812854004835,0.26332235861605924,-0.744214732006782,-0.8737619263934542,0.15544644343300446,0.6039726427440543,0.3617030353357948,-2.358771708054666,0.17259259737926236,1.4129403143083703,0.0039534485288667525,1.708870670136445,-0.026463034894645233,-0.011809617365424541,0.2445460066465612,0.4215581494019244,0.2645117876030869,0.8069782511840841,1.0527244487821,0.02663977323413053,0.8701253930584729,-0.4228917073901155,-0.15870038013284163,0.6121512148196794,0.9214968534824067,0.7166373240207172,-0.430804867281321,-0.21886956077687814,1.165223816120015,-0.8781171249316851,0.3855307587887071,0.7649128012023368,-0.1313690579907997,-0.65944436528576,1.2852268811171943,1.9934850947968474
86,-0.3161156919051278,-0.08184011269549674,-0.27789674542533294,-0.1402771210910557,0.6101416808112763,0.3930349794868712,1.0645349382641824,1.47572188407147,0.7244506828597601,2.3040111376991517,1.3404628153502343,0.34651571099701695,1.8458366914587192,0.26664446664080194,-0.06467123481027016,-0.48177354263066385,1.1344667115768658,0.015200009545944844,-0.8130892440817359,0.8606581410588516,0.6170338484394893,1.1959128162760762,0.6778314124480895,1.0263159917843883,1.0263159917843883,0.6950002903333156,0.34651571099701695,0.5101727690916867,1.055666382389016,0.3028870248736426,0.7243506809379439,0.716630518384266,1.3635470552485662,-0.609212446876405,1.7099974632811012,1.3026494893181497,1.0384975045037899,1.8070131811386296,1.3698132059548627,1.3576316932354604,1.0091471138991617,0.34651571099701695,-0.7742901381455596,1.0606537475548403,-0.4287269697070753,1.320849765049457,1.2738805762092937,1.3272101872921909,1.8811606009533404,-0.21134446778895363,-0.1122388946997969,-0.5431797299053867,2.2789887399442854,0.15045907826718072,-0.6302625154709739,-0.6474313933561999,2.110511052672649,-0.8968767382651347,-0.36463575302584833,-2.062842153773718,1.20158625488709,1.6717785168013075,0.07390079075520142,-0.8268535093885719,-0.6778301753605,1.3958506397152552,0.28769453523537075,1.6727065136485886,-0.44355459615086895,0.5293424396077795,-0.20694820140056555,-0.2929235928035522,0.6762606446488457,1.4636527176998033,0.15203273761188127,-0.13328896329436518,0.015200009545944844,0.6906160179801639,0.9932398165117442,1.2598255405714547,0.8389311046424802,0.46654408296831246,0.04042463933768199,0.2494755887555759,2.422929114043305,,0.34335866361440354,1.4075097760350854,-2.3818803523369105,1.4317283347536165,0.8811436691402569,-0.09507001681457089,0.07039102362372793,0.32274491427465646,0.34441892819767317,1.409434339397343,0.5318685001836745,0.4882776797680744,-0.6551560105285704,-0.030333479039818142,1.2041553552293265,-0.3112487212916936,0.8682814952471085,0.8434892631736256,1.0678478951084183,0.749339723298664,0.21078116436337901,-0.03332005157477624,-0.9615782169220465,-0.9615782169220465,0.6778314124480895,0.6322979238623266,0.05312761295054269,-1.6021111598299502,0.4989209336645101,1.2037957855871964,0.15387736900191348,0.31930976154658375,0.1548125784767085,-0.4277717603135833,0.8717912623785821,0.08163998403224791,0.3847346574768118,-0.29287895387551127,1.3956538294280174,-0.2773165859689514,0.6525034504289435,-0.5877448322428526,-0.43897730605144764,0.32906405589657467,0.45442330112927193,0.7330224265258727,-0.36010924122298144,-0.8243973139977354,-0.03372278047702928,-0.9787470948072725,0.05399911548212123,0.668070196340423,-0.1291476998774263,-0.5531863061781147,1.6087660771857313,2.4062374729746483
87,-0.47655920562040094,0.4356740205444388,0.7657960606654648,-0.036829000509305126,0.27804612770742787,0.2823051882223652,0.08271779962847806,0.7942184544228114,0.38044444555532186,0.5366137765785213,0.7942184544228114,0.4088530005204026,1.1615382267467034,0.9906542310221237,0.6483090802891818,-1.0523351963162229,-0.034070799204869384,-0.14524350416932888,-0.7886490292257682,0.27732551821273205,-0.2805752921995743,0.45792576979705246,0.2641698340765937,-0.1280746262841023,-0.21361997255457157,0.22246695301267466,-0.34130013689916505,0.893825351142065,-0.43003993713054667,0.28599728122072826,-0.7421297607359139,-0.10644439823315305,0.7335313075155662,-1.1405881260542237,-0.19972864993040543,1.1362599941847193,1.1945010104899845,0.787231933834897,0.27804612770742787,-0.44016444988947007,0.10052685101127505,-0.14524350416932888,-1.7437970276428094,0.21806152642869595,-0.630831232186006,1.6184129381487748,0.5158565505810546,0.9193419733865068,1.2231858304417143,1.2877135586391542,-0.17465409205015195,-1.0968401013774933,0.8145386615876583,-0.7223295608010043,0.9241890919122834,-0.47655920562040094,0.6754126833205619,-0.1318450592604125,0.05670830140295217,-2.5906838372702987,1.828665873665394,-0.05969815789885958,1.0615674561477089,-0.41287105924532064,0.33406633119431967,0.3270053679172334,0.28541112924013823,0.5611927438728397,0.5301229639241558,0.7292370579117317,0.6975793517337495,-0.24327182053424698,1.7738168392066094,1.0605527593628044,1.036248149825053,-0.5320096414810029,-0.7886490292257682,0.21542258788637206,1.3235862841716537,1.0765472947880337,-0.12450944214342946,0.632165962395236,1.9319453482822555,0.2526349233632295,0.4042618883745485,0.34335866361440354,,1.160677067194042,-2.4938038049314635,0.57321476884607,0.6493905043777769,1.1416622953815168,0.9967992977144838,-0.25412263755188047,0.9584942986804843,0.8621076657617419,0.8915869076286986,0.5797035502774801,-0.7905952927366998,0.04436770102455602,-0.09666723571899513,-1.0869972381184383,0.6104251088480349,-0.2392453336906916,1.029171518445847,0.9256447528498644,2.478313951604261,0.6107326420281717,1.0152445561566894,0.8663786294753807,0.20529807512744866,0.5387724120662213,0.06334349323420777,-2.0567482403313337,0.4777926008168746,0.852736513045968,1.356510193794921,1.6678005147866448,-0.21031136985872168,0.14536838748198075,0.7968930949337776,0.4465211417045558,1.8095655051608046,0.414551429598867,0.6087990552508988,-0.43776009968422513,0.2587202762330844,1.7863344679661572,-0.9466121333185272,-0.04513261219479414,0.677979557642595,0.7874557859474857,1.5992780133246867,1.251816901285601,1.6637093474125877,-1.1506515117472522,-0.7064522613142414,1.2103392704014742,1.862917829868587,1.765158881611368,1.301574613624895,1.3727492271904438
88,-1.4115642686655097,-0.3071785971619347,-0.4176171643122926,-0.9245076637637403,-1.0508981766098096,-0.9366891764831426,0.026510019733769152,-0.08630146286121997,-0.7801490058429618,0.5763299400409247,0.13457567143949475,0.037535549198053166,0.39425191167638585,-0.15803431315745628,-0.5390812609269345,-0.9974196418516693,-0.0748794061992578,0.2450142385898521,-0.6136737970421288,0.7039373850765082,-0.8593714329137226,0.4158821397273357,0.4672675677271389,-0.17957115212635247,-0.2091630770075404,0.2013855524664778,-0.8727698778226384,0.29823272953416347,0.40197207423006376,-0.662333507424287,0.09547687434986964,1.1673218817288873,0.08096454608979498,-0.7004128046426442,0.024137104289137387,-0.3427684453170309,0.6123795531000101,1.232189127001892,0.7969655400650792,0.2013855524664778,-0.2263319548927664,-0.1967400300115779,-1.2757250404878926,0.27585164769578924,-1.2614775735004808,0.39744218519631397,1.0573047021716961,-0.2263319548927664,0.9513698749184942,-0.48219956851266416,-0.4034059674336196,-1.267902060278187,0.8244004913571498,-1.0802485672144373,-0.7451624327870551,-0.9698100000640795,0.4190724132472638,-0.4728364478874713,-0.9360859013839538,-2.600519614348891,1.866549296101301,0.5763299400409247,-0.04558921287082543,-0.6718462744793686,-1.031728506093717,0.2755815613839945,-0.8189481117791376,0.19072295186195515,-1.1488662956985323,-0.7317639878781387,-0.10684424652507805,0.23161579368093577,0.4788215858561923,-0.16617270721743554,-0.030658947842983373,-0.7780605711218692,-0.8479493762517599,-0.27782820655730694,0.5335798480659707,1.2701608974840919,0.3754201671042176,-0.6454061638156212,0.585608179490425,-0.5138445345839769,1.859903793585799,1.4075097760350854,1.160677067194042,,-3.055672327859237,1.4079131975786814,0.9148992025809958,-0.3117328905795982,1.4919745551166708,-0.5429038278535634,-0.4033042704248193,0.5500389274516492,-0.640764069363366,0.03396532101478397,-1.1984117515371662,-0.5942584445981545,0.2743646291944804,-0.574806152237927,0.5152091248592032,-0.3347882389495246,2.341466428361844,1.1227804417139402,1.7398029702750004,0.17360147504240128,-0.713099456880071,-0.49748840866850874,0.1842166745812518,-0.6208739974156211,-0.5835472548908264,-2.600519614348891,-0.6518927435219237,0.5846716627190474,0.04478913998819153,1.6853667189260864,-0.4607279286547882,0.43970239317123094,0.0828378854983934,0.5748686357306825,-0.21013847492049367,0.837113280927476,0.7757027231713908,-0.5996951926768315,-0.10779664775627296,0.016163034156322927,-0.6361213831683762,-0.1544959599022565,-0.02992619603092359,0.16909746096753694,0.5094436882963402,0.9409431623026754,0.34189282671243093,-1.3159216639557465,-0.28317545366635366,0.3104077396425737,0.3054905507334772,-0.25533321936538805,0.8198127003055432,1.028531979215697
89,-2.1040142941155735,-2.435329995566646,-3.429277099919863,-2.2455440006875977,-1.8990891055105705,-1.9951768265208176,-2.1655710593225823,-2.31819220596183,-2.187201287373532,-1.777470015974811,-2.207753638811473,-1.993575726965216,-2.4741291015028217,-2.0068404174593404,-2.219620811773919,-2.86368581925916,-2.5323701178080875,-2.6562071298673606,-2.6495079074129024,-2.224922516696699,-1.6636575430458218,-2.3051184828010074,-2.6562071298673606,-2.231621739151157,-2.452498873451872,-1.868786313674748,-2.3047937610529146,-2.0400949954550702,-2.468450819147584,-1.2538681147702124,-2.7930672981441984,-3.0411178996952035,-2.06274616360524,-2.8770842641680754,-2.435329995566646,-1.8073519769330153,-2.3475425965664587,-2.5788893862979414,-2.2518999918566953,-2.2001020151258204,-2.1040142941155735,-2.1040142941155735,-2.007554331330513,-2.7320767889618427,-1.4743317967736427,-1.9859241032795636,-2.771201441329478,-2.435329995566646,-2.033395773000612,-1.9329236015746358,-1.9249579984811211,-3.0165137401173134,-1.9527906650080034,-2.435329995566646,-1.9151020001406789,-2.3248914284162883,-2.338870032781586,-1.897933122255453,-1.7740961101961792,-1.5520629926403464,-2.4639043138492016,-2.207753638811473,-2.075232187370151,-1.1723791413008648,-2.5323701178080875,-2.1010855046374255,-2.435329995566646,-1.8020489832691293,-2.041401511866255,-1.7898674705497273,-2.920113567984553,-3.0979613984687906,-2.751966268195754,-1.7898674705497273,-2.0876306499375032,-2.4350988432812226,-2.435329995566646,-2.3341441516575423,-2.5163507642582896,-2.069543960646718,-3.3577614197971926,-2.1164477231026733,-2.0876306499375032,-1.8697387149059423,-2.840142440667569,-2.3818803523369105,-2.4938038049314635,-3.055672327859237,,-1.882361966694946,-3.0101124977074423,-2.4538963909835503,-2.7431883709803326,-2.476038517888809,-1.3101959805348367,-1.8192178611543552,-2.280313376888708,-2.318649520734708,-1.3003873832600668,-1.643996163302295,-2.3690377814615107,-2.5408389806079885,-2.3014341023789027,-2.083916626752199,-2.662074339156593,-2.8303338433927983,-2.3953195408488823,-2.2440447861471196,-2.2048248493333253,-1.9151020001406789,-2.1040142941155735,-2.0694453860596984,-0.9482024534156209,-1.4728300646174008,-1.772698592664501,-2.459547921274232,-1.9335159999405471,-2.8107893720679544,-2.0522765081744727,-2.386206659346737,-2.16271507532483,-2.7549357288096585,-2.1040142941155735,-2.1707667309725496,-2.5075152742390237,-2.0751838656911312,-1.8170864799862838,-2.000613333211449,-2.9238450669344904,-2.256668301288317,-2.60471087820282,-2.316230064819497,-1.9914030163136254,-1.885235976527088,-2.4061326720415805,-2.00837168940581,-2.6141595935343678,-1.7185508921028012,-2.1442109175834276,-1.7342575546235157,-1.9219362657510342,-1.9127551172047945
90,-0.9965279151131268,-0.12641782281918248,-0.6233913749957906,0.14811971283596026,-0.3045461216063537,-0.35599497220522275,0.921369374828286,0.340156947353126,-0.10381219685527882,1.739559409999028,0.340156947353126,1.2122434278940233,0.575012686019138,0.018657264155305997,0.23429567030218945,-1.5096890524153623,-0.23784458409301693,-0.5681720914206125,-1.0955444256015219,0.9114950492370925,-0.7890492257213277,1.0921246464713572,0.09036879175643764,-0.10924894493395705,0.07849661922165091,0.9477376074699332,-0.9681055213557797,1.0483446532362766,0.375254159181017,0.62746690101395,0.5038869138732318,0.409354835293602,0.7588918073790243,-1.4031605675027516,0.20489787863189016,0.5424216786174764,1.1499298077638545,1.3460091644326593,1.2066316769574625,0.38214632680923,0.3287348906911633,0.4257750129326049,-1.953652301777121,0.35947799755343907,-0.8101986617152565,1.0085351714785336,1.012848705214967,0.5337116768797806,2.2381447232341234,0.7611260386674005,0.1496785950567109,-1.6640344077972424,1.4611208363333599,-0.9851058584511646,-0.2749067956594931,-0.7642287241504493,0.5998331875900166,0.05263847281526932,0.7623924193064566,-2.7510745414572115,1.8953826499522706,0.6714726488041987,1.7432839973414973,-0.5885145280645905,0.12597903550686892,1.1630033486381612,0.13488263261611724,1.6245269113384344,0.4798899108362804,0.8124785387486972,0.4759480596190808,-1.2994212228068522,0.8884681970568045,1.4717967846363313,0.3111811886848627,-1.06925991261498,-1.1337633720813163,-0.01298830432940951,0.8027152122147403,2.1051322701553437,0.1331762476467663,0.10948115741544676,1.3386380631301147,0.4257750129326049,1.8205543510176034,1.4317283347536165,0.57321476884607,1.4079131975786814,-1.882361966694946,,0.6568230160894123,0.9114950492370925,1.007292125948239,-0.8341031693466724,0.4253856618356956,1.67209457122796,0.38931526600457644,0.621805459431308,-0.09830263438141555,-0.11099029850708342,0.7008230394088258,-1.2503170008802984,0.9334643331824363,0.10774619051869418,1.7861610170590088,1.1264844756758532,1.4350791915587795,0.8465643782514523,0.47520749519733024,0.7458371985115564,0.6600505921422359,0.09832335896901344,1.055764576591286,-2.088443138555067,1.183907600381857,0.6605745764631273,0.7225142323506436,1.4172569029346394,-0.18559113199167765,-0.40184335382763237,0.15525012102836788,0.09771564403172774,0.7847003561712669,0.34518289725463275,1.0924958698789513,-0.5254486718279694,1.128829736969334,0.4325859838086207,-1.4088843920442564,-0.43494457654050545,0.1044503801086779,0.8435701450795988,1.251228176191118,-0.17009576137131144,-0.05230751409068591,-1.6591593180152715,-1.0963617836768182,2.0559933043285876,1.3635358947287912,0.6722795059273098,1.676603322459356,1.7446781869847205
91,-1.024006713061427,0.15252585980370068,-0.275829963888813,-0.1719764118325191,-0.4175702658251227,-0.19859004158228208,-0.016213239987711382,1.4008462107299224,-0.3515260720818244,0.8936581340989229,1.3153008644594537,-0.08314723693760885,1.236962180790814,0.09908412106655175,-0.44177402861686926,-0.10787385310394576,0.7383116573429926,0.38680143901333175,-0.556327344159834,0.4039703168985577,-0.275829963888813,1.9659664852735879,1.1857965093659968,0.0726546154474851,0.2262533103285986,-0.20784276482353586,-0.17878984164737197,0.802636441041316,1.1074468863763025,-0.06458084152070438,1.2106789836817156,0.6814681585694053,0.6590496026500275,-0.17878984164737197,0.30125609274286247,0.584164059120054,1.4868982814117335,1.0130668569080123,0.8350572001954131,0.45478863807860886,0.5470264479234663,-0.681196235639382,-0.8689416070381047,2.2728484893607135,-0.9517342622921342,0.668966549924866,1.9286947725242776,0.9970354330232204,0.7787912776983813,-0.21188867732626696,0.2865912671948899,-0.8028005387544382,1.1789389820725253,-0.4900078757350701,-0.38579928453248263,-0.8213235771861428,1.6845438823290326,-0.29179545745324914,-0.24470201788688914,-2.5936696108342705,0.3847799814547059,0.7497095837987501,0.7598485771492308,-0.29824851063183977,-0.6272433327032602,0.7335281662625599,0.6001966239426808,0.7781881848857098,-0.926604758106165,0.10337526926416285,-0.03526144172406999,-0.3984005953090305,1.956029788403803,1.0608776464577623,0.1227563207678744,-0.6625961012004876,-0.5764250115232079,1.0787832325201048,1.537175138318884,0.9507494667530076,1.22829557148107,0.18003957167132525,0.6080139060206668,0.398296214984304,1.945923399084896,0.8811436691402569,0.6493905043777769,0.9148992025809958,-3.0101124977074423,0.6568230160894123,,-0.47740656495852224,1.4300120155895126,-0.21022822068676064,0.1816785205345221,-0.13770341497291966,0.5518549222602156,1.396461082315327,-1.2747066503510456,-0.504846500626337,0.11415926445188666,0.313254128420222,1.9488716893976754,0.09393749325367,0.7542731768911196,2.1390223686919403,2.1691203863940975,-0.09543631998053279,-0.7780016125929171,-0.8571454780151005,-0.446920656429751,0.04581005038627296,0.31030265711075633,-2.5936696108342705,0.18324651362037786,3.2421565768913885,1.0337109149513564,2.193995967213416,0.12090987143217743,0.4290634320518402,0.35995687395211845,0.9862115273845623,1.0124075567657276,0.6381320998622777,1.603219359905528,-0.10177178923140129,0.08661368356418293,0.7343991399739535,0.23723682045372083,0.26669060980067755,-0.6018766806520242,1.2125209467287454,-0.41136304814017455,-0.02879092743980659,1.0648348177266875,-1.0354676162861334,0.14544748009478428,1.8130627084271635,-0.20386905141916678,-0.4232696859827144,0.5212431496592707,0.23408308039472445
92,-0.35323810074779816,0.22737712876133517,1.0824632722068481,-0.10407175696622917,-0.4586893027323318,-0.4758581806175578,0.28357181024946776,0.3208153588163082,0.45439632274188607,0.002898102274152427,0.09993822451559344,1.2765435166897312,0.6724902116725355,0.27930198474696244,0.17313324309911038,-1.556640282739768,-0.9336253438490961,-0.25619797850635717,-0.5626931783865513,0.40064662308533483,-0.5875136799574292,0.47534008822211493,0.1076693263903266,-0.018151966320416428,-0.018151966320416428,0.3513826816104511,-0.5875136799574292,0.3108382207516966,-0.9444093390368199,-0.3360692228625722,-1.005206903045421,-0.2606593286720815,0.5754775407315461,-1.3471852051010158,-0.25619797850635717,-0.055734140067077616,0.4800385180457063,0.37055235212654275,0.20056819439118084,-0.21420859905025263,0.19895473500398864,0.061719278035799144,-2.223733035807637,0.058406321191563436,-0.7774586282695234,1.2956160635129008,-0.1553015162811585,0.3342138037252245,0.6533479924568949,1.5107463765903522,-0.5741152350485135,-1.454141747655001,-0.019549483852094325,-0.47707511280707243,0.6996987201569069,-0.5875136799574292,-0.3710978958224389,-0.5741152350485129,1.2737484816263749,-2.648555506181708,0.5285907711343358,-0.23137747693547864,0.991614173629729,-1.5252658286448062,1.7127195048577384,0.0922866008299415,1.3033404065075633,0.13977063038258053,1.57343187814868,1.1110542067540368,-0.03061394734275095,-1.1949257992843956,0.6958406450903715,0.7797385053029647,0.49618062794721607,-0.8290411897774479,-1.2253245812886957,-0.34825073558197445,0.38303293629913077,-0.19408968289627965,-0.6680306456707515,-0.28024666418820576,0.6124629713261145,-0.48458708723128724,-0.3633899293079292,-0.09507001681457089,1.1416622953815168,-0.3117328905795982,-2.4538963909835503,0.9114950492370925,-0.47740656495852224,,0.04257190496556968,-1.1460772822609282,-0.6266726678368281,0.5666089848563794,0.2950473125917629,0.6342291002373566,-0.7825219212875936,0.20437782525643142,0.44963973604140617,-1.5137710526738335,-0.04834786553668943,-0.19315853045568376,0.056626936571891925,-0.10649207347653307,0.2824315648986152,2.151678738395812,2.3867633800101644,2.8256411378012873,0.5302704364550612,-0.5052085712221861,-0.6735738034146754,-2.1211831720007996,0.43125392596666606,0.011763832512566824,0.83260435680779,0.18208395515834314,-1.0154120275178689,-1.0781062467253117,-0.7089168276376748,-1.0802603468217886,0.7578467932102342,-0.6658631381495949,-0.07316836710756738,-1.0526775612294812,0.005102476928942569,-0.3144431752526065,-1.2081557034034698,-1.060790708411184,-0.36304669802256867,0.2581473343435047,0.7014493111897737,-0.6297877988253214,0.38016378036343706,-1.1263080708003008,-1.2694023954658928,0.38448031357758233,1.852115527278741,1.3033404065075633,0.42206974159343713,0.3196913809682841
93,-1.0572594731203426,-0.39462807021819796,-0.0633123687671253,-0.3267986696025309,-0.46092028432333276,-0.11243570498703412,0.21962051830190896,0.8335946133446505,-0.40034844636284433,0.5036764294252563,0.9292372180544136,0.5945476108247094,0.3068024386201226,-0.20289684498517055,0.2581473343435047,-1.0700731524673377,0.13957623431472851,0.26800333268394677,-0.42165294644386603,1.0434462181810813,-0.8659742637008159,0.6678199323852919,1.2700888310971428,-0.6131322890742809,-0.6387596477682711,0.42380518506904075,-0.6303011669595069,1.0928942761490834,0.3145226011738011,0.11573113065680386,0.12183987422259694,0.8994185955064944,0.5437549339181822,-0.9309930641091161,-0.39462807021819796,0.31326012679802057,1.5997238266661336,0.7359512160040206,0.450197894667116,-0.23882621783310398,0.6693342801507923,-0.6303011669595069,-1.4454186733450023,0.43214683564398293,-0.7122886404599921,0.9692987983663699,1.8122227857204605,0.6949616388447826,1.0187468563343727,0.08485651732439924,-0.0761260481141204,-1.521930479506848,0.7121305167300086,-1.2229173238458788,-0.6131322890742809,-0.795959017685043,1.2252046056269508,0.4989050061149463,0.14457064869924593,-2.72169318608528,0.6518622264048527,0.12797284065240094,1.559283993552153,-0.4618417964682524,-0.608805982064455,0.18813208832773176,0.0400613378173704,0.20171111857881194,-0.29497924524739394,-0.08129640114486295,0.31404219960273294,-0.38181439087120284,1.0816131574896637,0.18952960585940967,0.14043220254580455,-1.0931115766562947,-0.9186264986204747,0.39299632799833817,1.465028056379367,0.18460697055268474,0.06807036513552367,0.34082009846543815,0.5944153849323084,0.2936306913779375,0.8242009481825259,0.07039102362372793,0.9967992977144838,1.4919745551166708,-2.7431883709803326,1.007292125948239,1.4300120155895126,0.04257190496556968,,-0.9683934005383456,-0.43156989371870447,0.21887999646403797,0.1420527111516905,0.7909985815584754,-0.46289380215389236,-0.6016388242818976,-0.12960458287226012,-0.6154785935511851,0.76714691751716,-0.5196812628087841,1.4291075023031783,1.0335300225644437,1.8515139672113643,0.8464082926916456,0.2730877135742799,0.4716230199094406,0.4066363071838147,-0.13484196254839867,0.014502201658797304,-2.8388309756900956,0.27713195209035785,0.9632012499689021,0.2743898917586561,2.470549084830933,-0.09221783107759282,1.0775312815524523,-0.004611587557868717,0.8574340963137931,0.621261332888425,1.4774113932388975,1.0243151991535215,-0.26018635957225844,0.4770986670579408,0.8517629598736148,-0.6920511321993021,-0.13823126398560923,-0.6265781350488688,0.41020385737209725,0.5093523460865991,1.5898254976271682,0.6735592503544924,-1.0700731524673377,-0.6171294197173213,1.394418015115044,1.1941558641408891,0.05818261693379075,1.0865716311270828,1.0650628196490874
94,0.6589901978347438,-1.121425321479892,-1.2318638886302493,-1.0075052566954568,-0.20856639367240423,-0.854028918689323,-0.7877367045841875,0.7694287649851012,-0.9317643272587743,0.09339891717404011,0.9903058992858159,-0.7901096200288193,0.6843908588620033,-0.5534611253745565,-0.7877367045841875,-0.9975883094206183,-0.1274782171266746,0.6589901978347438,-0.5692324857281046,-0.6491037300843197,-0.4587939185777467,0.5814309199887636,-0.679671052878462,-0.11030933924144859,-0.22074790639180594,-0.7481202405727148,-0.9005481871791767,-0.41227465008789294,-0.0809589486368203,-0.7729407421435933,-0.5227132172382503,-0.5600253046731173,-0.42474509814952754,0.18764400435212533,-0.1274782171266746,-0.1563688428273115,-0.42944352797311897,-0.1227797873030832,0.12135179024699051,-0.08548883767057007,-0.23791678427703197,-0.4587939185777467,-0.3391481703724026,0.6244212897788685,-1.5101330171577334,-0.22074790639180594,-0.0801861593341857,-0.23791678427703197,-0.28843763802861927,-0.7409522706092121,-1.1632461601461543,0.22129477058956115,-0.02946269697227972,0.5351531857754701,-0.9129712341751397,-0.23791678427703197,0.5987727932825244,-1.9915354137738353,-1.1362212839204862,-2.586477085039167,-0.5083945630660492,0.31427605147475485,-0.6936785198783956,-1.8308071451573138,-1.728837440806858,-0.2073494614828896,-0.7633127302109872,-0.20856639367240423,-1.728837440806858,-0.2255193297021159,-0.6412833120506114,-1.2870831722054283,-0.33542513846176386,-0.08548883767057007,-0.42275331424399487,0.5174330688560359,0.4247146186251128,-0.5398820951234763,0.010138029976720324,-0.8788837622583864,-0.7990125179021714,-0.6455748313845702,-0.6743919045497401,-0.8871497422702603,-0.04315007722342783,0.32274491427465646,-0.25412263755188047,-0.5429038278535634,-2.476038517888809,-0.8341031693466724,-0.21022822068676064,-1.1460772822609282,-0.9683934005383456,,-0.3192464950993218,-0.6883710679637863,-0.587013647437853,0.07503272655017725,-1.6947412193129663,-1.1573917470674453,-0.40462302640224046,0.07344538621659576,-0.38660863990536914,-0.23791678427703197,-0.6505621965503938,-0.43692661086892925,-0.11788680244661946,-1.3018791346460223,-1.3251335778953808,-1.3251335778953808,-0.7652891184579408,0.05883000911816478,-1.240852839057806,-1.9238456821370225,-1.0966048199090135,0.5995664462098045,0.0009380928246257801,-0.642397683284371,-1.3806417968127918,-1.5166603215914674,-0.06877743591741801,-1.108314788117073,-0.5558340408191883,-1.651219320319079,0.4361023332888894,0.24263659026057385,-1.276251775952032,-0.5493381930910874,-0.02946269697227972,-0.850881151528672,-0.4456370079453911,0.02415618628319391,-1.0831747109968977,-1.6350605855720635,-0.6300040172279573,-0.4735898810183415,1.220390214641518,-0.33645237216051477,-0.8536106871830221,-1.0023597327309282,0.10260609822902746,-0.18905660574963953
95,-0.38114357275507643,0.14145733811552244,-0.8524897662376949,0.8357646460012551,1.5404584218462223,1.399789613481407,-0.5148365831547922,0.8470791108077714,1.2185914357266978,0.8628336420689964,0.9427217155175346,0.14145733811552244,0.5545625152928751,2.2815574018672273,-0.059683869644446434,-0.14547047601376747,0.5157634093566994,-1.0437749756572212,-1.10119863388719,-0.1330730214388514,1.356281576769454,-0.028174910067038286,-0.1898583633355502,0.06298361129098534,0.3554193259900244,-0.22534172036998248,0.9789642737503759,0.8833006309415811,0.230966976395481,2.146520424707182,0.32984206672121996,-0.9093332650112822,0.566512994687902,-1.5677734040594982,-0.1898583633355502,2.640326288163127,0.7627020965701629,0.3720352104877641,0.13236669067916487,-0.22534172036998248,0.3515030761628412,0.04581473340575876,-1.7632498773329532,-0.028174910067038286,0.08520358096143547,0.9827832958294909,0.021409437707807077,0.8385371572959176,0.8110062337191283,1.0213932966928427,1.9110414611767623,-1.278544436939781,1.192189784365438,-0.7124592742061491,1.3882464170952749,-0.9481323709474581,0.8643830318488949,0.6114060140664624,0.5171609268883772,-1.8113017065103834,0.5096035540868613,0.14145733811552244,0.9682909265816838,1.9831607022912578,-0.6438415457220541,1.5564956357989623,-0.5738262997062812,1.5404584218462223,0.2971757177975262,0.865645506224676,0.5601714379772648,0.21147258413129538,0.5484496901618533,1.8165215693892538,1.7835262123380458,-0.775280372668344,-0.5738262997062812,1.1977449830558191,0.7290046349265373,1.463657268200621,-1.1235516872254776,2.2033375715241386,1.1332695400718484,1.9352713023390735,0.09457604357148366,0.34441892819767317,0.9584942986804843,-0.4033042704248193,-1.3101959805348367,0.4253856618356956,0.1816785205345221,-0.6266726678368281,-0.43156989371870447,-0.3192464950993218,,1.6431726460019171,2.2067501074029083,0.8750179451469522,0.5493187792406612,0.44833573880900074,-0.7787514883112839,-1.0871016818552304,-0.24868082096015906,0.9837356970606858,0.16171708128379317,0.47766699781446154,0.7322274871922466,-1.2222465057297527,-0.20111187920767074,-0.1726894854503242,-0.2425105982552085,2.08471633853222,1.8040934361360212,-1.3453488907978,0.9273956605808975,0.7235911948285004,1.3335857291965287,-0.02118435950691861,0.39144332874430526,0.3151934192899275,1.9967671186116858,0.9742750019515115,1.1783948122588441,0.19468606238373934,0.33163351371570127,-0.28185477237210116,0.022903795619469272,1.120441788258436,-1.1451414049084891,1.5015495887921209,0.2838133445260279,0.3934062028944657,1.91100040587095,-0.40190675289314143,1.2435622903713321,-0.9960989605574168,-0.6036449222542003,0.8950038221903499,0.6070887966746366,1.05985950512235,0.3943713791290064,0.36675297562293036
96,-0.6302625154709739,0.6950002903333156,-0.29894681401990125,0.5636801953782316,0.3930349794868712,0.07888815592102516,0.3808534667674695,0.9292758695429466,0.2368258440928827,1.1635514487525778,0.9292758695429466,0.8862854997528418,0.7324018787378135,0.11815549380049188,0.2838133445260279,-1.2928939183731185,-0.12099490405695255,-0.29894681401990125,-0.7273026377124154,0.9034543776380684,-0.107661604600375,0.3808534667674695,-0.107661604600375,0.5721386761869958,0.7121691682185416,0.9464447474281726,-0.43897730605144764,1.2641204696937687,0.3131637351306562,0.9034543776380684,0.21612361288921464,0.2624532027868729,1.2777604488792453,-1.7212497420656323,0.032368887431170855,0.8141344179503047,0.9156358903574701,1.3977599293221357,0.8900085316634799,0.2838133445260279,0.6950002903333156,1.2176012012039144,-1.9167262153390872,-0.2817779361346752,-0.5902705514148537,2.057529641386205,0.384537847189574,0.9733054795522164,1.6746690991677864,1.7385883978282888,0.7636180188174106,-1.4247913570503725,2.0180711538869214,-0.9615782169220465,0.9034543776380684,-0.43897730605144764,0.7337993962694914,0.45792967606032814,0.19802673815670688,-2.4818492640565,1.0800534450709365,0.5549697983017697,1.486214536183998,-0.12800856921340797,0.5279449220761011,0.3808534667674695,-0.3959869362613428,2.4765717929030684,0.8606581410588516,1.491938360725502,-0.02806044655595535,-0.637766726922091,0.9541649099818506,2.1479434495986247,0.4460818938143534,-0.6218040346622097,-0.7273026377124154,0.8659385351398095,0.7312692224787981,1.8691345699562936,-0.6387596477682711,0.48867758419663493,0.8986675586691794,0.6922052552699592,1.0147876713028443,1.409434339397343,0.8621076657617419,0.5500389274516492,-1.8192178611543552,1.67209457122796,-0.13770341497291966,0.5666089848563794,0.21887999646403797,-0.6883710679637863,1.6431726460019171,,0.37746416533025895,1.2319658065660444,-0.4810396789942702,1.513511951121836,0.3930349794868712,-1.3605836500099315,0.053222145738501925,-0.29894681401990125,0.7009156523464211,-0.1039385726897369,0.4819376181391202,-0.13328896329436518,0.6608540720344647,0.6892764657918112,0.9292758695429466,0.5721386761869958,0.776425548458729,-1.7411260014178118,1.746375449604718,0.4029132752731772,0.8822578819823618,0.49342609308088453,-0.4145790213245279,-1.2463746498832642,0.39802234465269554,-0.9920887804555142,1.2605915709940192,-0.46124037107211824,0.7158535486406467,-0.513371549798254,1.6723816096139785,1.0516647971272834,-1.4157555325194384,-1.0878291325055764,0.5776132034788416,1.0471692500917187,0.7349922543894363,-0.60537347503207,0.1417910685889494,-1.214802058636575,-0.9227791109858707,1.3135327213573422,1.3990395019009985,1.2376988685672885,1.9282493920494064,1.7949149986671447
97,-0.45912541030748183,-0.4973443567872761,-0.1278097088564092,0.8704908957063354,1.7541758217334162,1.9085801565868317,-0.46007781153867616,0.8661373954968076,1.5750739839126975,1.022436144052516,0.7308783267755717,-0.36208528806604023,0.4383617312606755,2.1596708181186757,0.4368291705730996,0.39956262532449965,0.8518577156691718,-0.7904411117585539,-1.4226737326563987,-0.11064083097118317,1.3887383063674066,0.10767185580829174,0.2670363447440704,0.08541580175865303,0.37366046202108555,-0.24589989969241904,1.4317286761575108,0.6412669261429474,-0.11950938684634974,1.5029473064940735,0.029582678806632352,-0.5555853730925419,1.1380636873211265,-1.3540560041723038,0.06824692387342703,2.811888350444561,1.5194660926751626,0.7442660251203187,0.15841143483618847,-0.24589989969241904,0.39956262532449965,-0.4973443567872761,-1.8808481788968314,0.6100782498003018,0.2869513475225516,0.4167315032097257,0.21538501353138198,1.4983372819284397,1.0755817265713914,0.4219230849262748,1.5287687983989529,-1.2263938142829978,0.8335925509312665,-0.7904411117585539,-0.14885977745097803,-1.1217568132096265,0.7696774327117476,0.2035059925946629,0.4480826864452196,-2.2546860181947177,0.3769376830738032,0.06824692387342703,1.0831151609448881,0.6444550899129177,-0.8590588402426489,2.0103600271893844,0.15379227014389574,0.525953138170569,0.17339634793652797,-0.14885977745097803,1.229008403160518,0.05075795923941552,1.0426978939550084,0.8318346988441965,1.5413864186935047,-0.9077884562856388,-0.7600423297542538,1.5084218337859199,1.2702608974685399,0.3784893726162911,-0.3165978122506326,2.147846615101985,0.1469898196968445,1.6769376844904764,0.47746263682509277,0.5318685001836745,0.8915869076286986,-0.640764069363366,-2.280313376888708,0.38931526600457644,0.5518549222602156,0.2950473125917629,0.1420527111516905,-0.587013647437853,2.2067501074029083,0.37746416533025895,,0.802626547689284,0.6039426822362173,0.5410874278271506,-0.5650340884240894,-1.096287613314341,0.41365039366287115,1.2278518789521804,-0.11882265009792031,0.16544484034054144,0.6547078022125056,-0.5573591938789695,-0.44468932056306243,-0.3754042547858765,-0.2630687775776451,2.1499429708172997,1.216448271659544,-1.617681973986563,-0.21572601055386473,0.4673078466883384,0.4324373876530421,0.5095193286516353,0.972164576496738,0.4815680521533417,1.1208948094359004,0.947112214303241,0.8790472128670969,0.6890214541039581,0.43199001982274876,-0.5555853730925419,-0.3925731326711025,-0.20470482100308848,-0.9886438070496311,1.0339573307650887,-0.26994438885632577,0.41873739176470537,1.1985166403713536,-0.39370870190748486,0.49658235965527214,-1.2570158819308623,-0.769763284938799,0.7091876977924912,0.6374005525912264,-0.17752343130717632,0.4383617312606755,0.6444794365817283
98,-0.0725960567756817,0.45279988915827296,0.7827180730776677,0.44666212145443857,0.289467552811696,-0.024679270754150082,-0.13685858672154638,1.6782275376577656,0.050429492054940024,1.2045856366189345,1.5825849329480013,-0.11418890903410865,0.7244770567724019,0.26403341203425146,0.09741699248808466,-0.3824165733317019,-0.1682386614854454,0.921351047577535,-0.28537645109026094,0.9385199254627605,-0.21122903127554965,1.7558744628327734,0.687075468367904,0.21389710810554247,0.26403341203425146,0.2353922930005943,-0.6381873374363854,0.6985475272298184,0.4036765529383636,0.38338773595517156,0.5075617144851358,0.15888577611169824,0.8424605762861119,-0.5439422502583008,-0.30687163598531275,1.038371516521116,1.0311757753510504,0.6243378604925579,0.5800668012680095,-0.26820757320503547,0.591432863658141,0.2776415161002524,-0.7179235386367036,1.2762639217522793,-0.8949612810688182,0.939917442994439,1.4361410198266085,1.2176195394006677,1.5114482898818853,0.7528886287868274,0.5214176176423679,-1.4182640526166388,1.1169914555352922,-0.44690212801685864,-0.09702003114888264,-0.6381873374363854,1.2476564683902516,0.1702229741042314,0.02584158299743777,-2.039923077434346,0.3377718749660736,0.024444065465759304,1.2073261065193994,-0.1873054563588401,0.05146894169142796,0.4368371968983917,0.355759766916832,1.4445820567789986,0.34633991598288216,1.4360130977489522,0.4897307801731676,-0.5681720914206125,1.7275081755393464,1.536285705606369,0.7010959743363917,-0.328474869637083,-0.616692152541333,1.5148966994696158,1.2011188888344506,0.9513264566007089,-0.3023141594151433,0.43504844225959316,0.3821550035212664,-0.07259605677568227,1.328999629375028,0.4882776797680744,0.5797035502774801,0.03396532101478397,-2.318649520734708,0.621805459431308,1.396461082315327,0.6342291002373566,0.7909985815584754,0.07503272655017725,0.8750179451469522,1.2319658065660444,0.802626547689284,,-0.21844071562258002,0.26560751798247945,-0.13888827088081768,-0.16882403180345407,0.48199708178688233,-0.28537645109026094,0.6246140314173872,1.7239471923027982,1.177162632880037,0.061327741336425476,0.3425298627977572,0.13865306559242632,-0.07119853924400381,0.8763304918171123,0.47247466234908475,-2.1570608670391613,0.5715539215710764,1.629121309757905,2.0884198348340455,1.377859334961425,-0.8250705520080972,-0.5216528229307588,0.40315213155475127,0.005291196593235673,0.687075468367904,-0.06471910774674919,1.0638547508452947,0.3945588728530078,-0.031359983671340054,1.0377070712169256,-0.40823806523658135,0.8153006750000762,0.5668141732099666,1.3333977631176035,0.07888815592102516,0.04957403542513543,1.2543931957596828,-0.4025142406950759,0.45036292199010713,1.0815127207463036,0.37846742575067416,0.12008667017552242,1.612483808059811,0.7573916686322253
99,-1.6709704225906057,-0.7740634404788299,-0.5369928262058425,-1.1571169278710034,-0.1925202141224143,-0.22940108868852505,-1.2416392009851382,-1.0083390196884605,-0.39171971930650706,-0.45614618393667367,-1.0083390196884605,-0.2218706047270426,-0.7486627794515693,0.3528657222581875,-1.2956889534364746,-0.4131558141465688,-0.6663796558610974,-1.3396547211395333,-2.173522255200636,-0.8807315746528777,0.3007303061435563,-0.2942009831306377,-1.0036403156871612,-1.2252999041619925,-1.5729549024362106,-0.5130274981180908,-0.6206345035383678,-0.9188293814085019,-0.7409426168978914,0.8721534761142753,-0.1391087780043476,-1.4921408246228836,0.252559389038601,-2.7323657243040755,-1.1187775868388183,0.6782370328957988,-0.1629282892412258,-0.360792769428174,-0.8981419868146638,-1.1624062729621927,-0.5961766759682195,-1.1981475383362028,-1.742609883804787,-0.4854861925501639,-0.03356496308221818,-0.3037182373302112,-0.978041226490566,-0.9787470948072725,0.05892424297244278,-0.7693647364775301,-0.18027775246861566,-1.837954691104614,-0.40938538117025913,-2.002286124041678,-1.610811174915275,-1.8918475568913204,0.03928822112827844,1.2139765850784778,-0.6772513046452243,-1.649872952930365,-0.8988102798102515,-0.8979004525381037,-0.48384186259256823,1.3879574817530418,-1.307607419143603,0.36088955381888715,-0.6340329484472835,0.019521834806272453,-0.6644317304515837,0.27239288324772815,-0.46414061324313105,-1.6009551765748324,-0.7399443828538812,0.004027165072359038,0.18318978763648772,-1.7090208282805581,-1.8422065537495633,0.025043763163789864,-0.7149112760031366,-0.49609134898467966,-1.28422217278519,-0.20117282814206652,-0.7407420707009562,0.7032307847342438,-0.8237027517783055,-0.6551560105285704,-0.7905952927366998,-1.1984117515371662,-1.3003873832600668,-0.09830263438141555,-1.2747066503510456,-0.7825219212875936,-0.46289380215389236,-1.6947412193129663,0.5493187792406612,-0.4810396789942702,0.6039426822362173,-0.21844071562258002,,-0.2755494224017476,-1.4207428976852625,-2.3259398198159604,-0.48180181212805945,-0.22326812225872048,-0.7287611041784897,-0.5981669043214326,-0.29842971674188534,-0.30219762688662843,-0.7521958585923041,-0.5064255034117008,-0.9835185181175825,0.4589900448347999,1.3679723265222594,-1.645101529620055,-0.8845020076291873,-0.3119738353509488,-0.7508393291402505,-0.23605041436884064,1.988410744754328,-0.08840847243504109,-0.06612970127634499,-0.3136860171998214,-0.7458690331293194,1.8768338258742678,-0.7322708713099626,-1.6321713166544296,-1.0757872170487135,-1.013602771187549,-2.262020521155457,1.1415700622521827,-1.001808423085126,-1.2992596695023442,0.4049368972688222,-0.4791635475281645,-1.4086022701004444,-1.781408989740963,-1.8826403758363328,0.3690609497724337,-0.02893756045378768,-1.2832659064405125,-0.08492699087792147,-0.1071119322714337
100,-1.1579839757838888,0.18670565755623497,-0.495352572881744,1.3758158530746316,0.2420868189352771,-0.009905364904975577,0.7770638647919985,0.3154477161119258,0.4799699791776809,-0.2596794761404351,0.3154477161119258,0.4556041616813685,0.07188654263268779,0.2800903126153898,-0.2168832395612183,-1.1593814933155666,-0.5828567835315285,-0.7310256696230529,-0.6880352998329488,0.044417215874080866,1.3067257389396836,-0.08816721233618935,-0.7310256696230529,0.5670181267446798,0.44574816334092643,0.5143658918250209,0.39201156260941183,0.07516512401038705,-0.6831088836015208,0.0014268460839766046,-0.8757916105527255,-0.45655346694556764,0.9067792880423196,-1.7263702915079482,0.010838661302037264,0.7552342023684473,-0.03904387611627997,0.72935921961513,0.3494733920035699,0.18305019037394882,-0.09402162541489846,0.4556041616813685,-1.8774588774596208,-0.750798615238334,0.9378995139106702,0.6211709764727428,-0.11340975442229526,-0.2596794761404351,0.5798398797527266,0.2421655710039378,-0.23544963497812277,-1.3876208019702498,-0.09016971669163795,-1.1579839757838888,-0.65004207688021,-0.11278215404269099,0.10579986763290464,-0.27588192120502186,-0.71681447274438,-1.7922280261627683,-0.10272740078495123,-0.06839426672090826,0.24347893588635192,-0.3011767810957378,0.12148587506300387,0.6114060140664624,-0.9223108790425798,0.11815371630639397,-0.3166825169983655,-0.5100115848486642,0.39982585645216273,-0.5667653364291948,0.714912914103802,-0.17869588339759204,0.3783921621775407,-0.48899087487232357,-1.3506667027350931,-0.08343176343806269,0.26224854337513986,-0.531564773691973,-1.1077803268719293,-0.13611808359826547,-0.5172250529756975,-0.1572959949023706,-0.3062532088623225,-0.030333479039818142,0.04436770102455602,-0.5942584445981545,-1.643996163302295,-0.11099029850708342,-0.504846500626337,0.20437782525643142,-0.6016388242818976,-1.1573917470674453,0.44833573880900074,1.513511951121836,0.5410874278271506,0.26560751798247945,-0.2755494224017476,,0.23624568463650175,-1.7569272323109533,0.23946410869277823,0.35716652190824905,-0.6979522471077871,-0.09488201049392382,-0.31700124488393167,-0.5909951775915071,-0.4234975995453121,-0.5282688236614862,0.18877401491545254,0.2417509715832054,0.9346589887310974,-1.1295966232606238,-0.09312739769819098,-0.18648313951752749,0.2291005823907411,-0.4025528921836095,-0.3410091869627243,-1.4698052849707752,-0.08847636894027114,-1.3224764850593045,-0.3814527293591588,-0.3803098129861219,0.14382150398301513,-1.354857966589022,-0.5328993832060218,-0.30942539287935117,-1.2593504050351563,-1.1312890229800778,0.3265177128078906,0.9721107576106959,-0.12380397785407851,-0.6885035317762397,-0.7441768224958415,-1.8334290580330286,-1.2976563999202442,0.1004492315204485,0.030047558600839155,-0.027535231058970565,0.6073999183311081,0.4269122232982606
101,-0.40921684038041695,-0.11612008540913918,-0.643492419590048,0.14518037002615997,-0.41808539625558355,-0.7665699755918817,1.9204627252078565,0.9522885236567132,0.186577230194292,0.7121691682185416,0.8170294549354773,0.7807868967026366,1.3035059003808656,-0.8586227326674994,-0.3131291193701703,-1.2757250404878926,-0.11612008540913918,-0.11612008540913918,-0.5444759091016529,1.275701226977551,-0.11612008540913918,1.2416148456516813,0.11815549380049188,2.1184471570818433,2.1184471570818433,2.528995786555861,-0.2817779361346752,0.3230197334710983,0.6959282871805973,-0.7615826104260579,0.635130723171997,1.5851805986901817,0.7636180188174106,-1.0718482432825618,1.6757174905674583,-0.22260892298212828,0.5758617080976338,1.5768697757279364,2.4725595707911676,2.528995786555861,0.7807868967026366,1.2091427203951504,-1.5871390666658847,0.3332858068779428,-0.14086465912777127,0.980541243099773,1.0472056053336742,-0.11612008540913918,0.9586262601475749,0.32769794203284025,-0.9061903925570256,-1.0136044112430849,0.5407874929515006,0.05735792979189157,-0.7481841655171415,-0.44743578686021185,0.8977286942171578,-1.0966687448534402,-0.482557403072016,-2.464680386171274,0.32349704173949145,2.658025761849748,0.054970607131798264,-2.0234563130109287,-0.24355898965488093,0.9332148433090985,0.05933431803884517,0.41020385737209725,-0.477834568864512,0.34280306107751685,-0.27168473917531716,-0.9444093390368199,0.5322911788511481,0.5636801953782316,-0.2688400031848215,-0.08208137279434849,-0.7787514883112839,-0.41808539625558355,0.4427026307189786,-0.09030088975083835,0.9281470796327196,-0.6666010638722927,-0.042433177553490534,-0.5444759091016529,0.4912920339178269,1.2041553552293265,-0.09666723571899513,0.2743646291944804,-2.3690377814615107,0.7008230394088258,0.11415926445188666,0.44963973604140617,-0.12960458287226012,-0.40462302640224046,-0.7787514883112839,0.3930349794868712,-0.5650340884240894,-0.13888827088081768,-1.4207428976852625,0.23624568463650175,,-1.173875730689827,0.6682858887511205,0.3808534667674695,0.04006363406394782,0.08276934663036743,0.12122412501774832,0.40095113413084343,-0.5273070312164269,-0.4168684640660695,1.8445814837999694,-0.4646046647454378,-0.08632687878212149,-1.8020489832691293,0.5465113174930055,0.3268386529256952,0.04345359561994953,0.1193141550505957,-1.2071073120037976,-1.3120635888892112,0.0191389833120967,-1.0092576583407402,-0.40921684038041695,-0.6009507763548786,1.3613160736575654,-0.9339817950161888,0.7740876742481785,-0.682969214622667,-0.6559154665860105,-1.1353967923951032,0.4989192532195662,0.9814803110857722,-0.46467428100127406,-1.4508316065449767,-0.9178449747702144,-1.0718482432825618,-0.6417120234333887,0.46807458984443545,-0.2793652254956071,-0.008476553322137611,1.1434263300887517,1.0229266903471776
102,-0.6758537871135465,-1.020567933473535,-1.1310065006238923,-1.445442259531971,-0.9778190979599908,-1.1949257992843956,-1.4185741310267765,-0.23409951851211644,-1.4721847979088005,-0.21405044025154787,-0.23409951851211644,-1.4623222020749649,-0.1953004125759406,-0.9837721605829379,-1.0329909804694974,-1.1061859990530136,-0.9101293663231775,-0.013222384211401716,-0.3445380856624738,-0.9900006106793925,-1.1918971161789784,-0.4034700191571537,-0.7996907991728196,-0.8795620435290351,-0.9900006106793925,-1.5173729448603013,-1.24144506777425,-0.9322278263174182,-0.20097869493117848,-0.7825219212875936,-0.5322943963822505,-0.8713302603870017,-0.6929648819419628,-0.02662082912031806,-0.8967309214142611,-0.9061218536889997,-0.8807789757185492,-0.8636100978333232,-0.9778190979599908,-0.8547415419581567,-1.0071694885646185,-1.5727607692253223,-0.035220842283826215,-0.5273070312164269,-1.7824121692687116,-0.9900006106793925,-0.20380172531422197,-0.9101293663231775,-0.7283510291120874,-1.6359456558940157,-0.7996907991728196,-0.8716029971202659,-0.5664162102971888,-0.23409951851211644,-1.458551769098655,-0.6758537871135465,-0.1704799110050621,-1.9040764706763946,-1.262940252669302,-2.5960582641831675,-1.1371763787449778,-0.5654152199631886,-1.4170198657746247,-1.8403883243013144,-1.862255632010132,-0.7825219212875936,-0.7026506769313786,-0.7455199069973133,-1.862255632010132,-1.0462444480325537,-1.4884137802916388,-1.0757872170487135,-1.0717797044145363,-0.7577014197167156,-0.5050689739596472,-0.4930270585027844,-0.013222384211401716,-0.31518769505784605,-0.6994921863756971,-1.381503555125483,-0.7738501756996647,-0.89082910726988,-1.2363181053458867,-1.4757206469838808,-0.24401646578695488,-0.3112487212916936,-1.0869972381184383,-0.574806152237927,-2.5408389806079885,-1.2503170008802984,0.313254128420222,-1.5137710526738335,-0.6154785935511851,0.07344538621659576,-1.0871016818552304,-1.3605836500099315,-1.096287613314341,-0.16882403180345407,-2.3259398198159604,-1.7569272323109533,-1.173875730689827,,-0.9653769193957518,-0.8719104198433827,-0.7557859804041578,-0.23902910062113114,-1.072660802774648,-1.5471334105313321,-1.5746576792831954,-1.5622911137945543,-1.6698008914667635,-0.8452242877585832,-1.6628509407817416,-2.4607991954619313,-1.27184384977855,-0.22635576977146937,-0.690921341563772,-0.9373353157736106,-1.6378970000753397,-1.0992831945746322,-0.8380301402050045,-0.6357840366437214,-0.7996907991728196,-1.5290645311185114,-0.6206627730357633,0.2464538560254894,-1.4500932882898907,-1.2819686784793438,0.23624568463650175,-0.7267529653834736,-1.5448078961523721,-1.1876515712281446,-1.658347170801602,-1.2266061588866763,-0.07811066779881143,-0.6758537871135465,0.45253502788561045,-1.155563679172153,-1.3412789363379414,-1.6717772797137174,-0.6370546811773706,-0.8203771024489069
103,-1.1529020778301058,-0.3798321077776031,-0.3798321077776031,0.16348152276008246,-0.26963507490380656,-0.4437514064381068,0.38081481527893646,0.9454306980266863,-0.31540564314743713,1.2286774467294006,0.9454306980266863,0.2827992951245416,0.9842298039628621,-0.38895396830394424,0.4750599024570217,-1.01764300910887,0.2504525877107277,-0.15895497347688842,-1.1529020778301058,0.18952960585940967,0.2827992951245416,2.556758379367453,0.5036037101162462,-0.03134752844130505,0.179590134815878,0.32478867458064553,-0.49027067492796106,1.5392299587953624,0.21887999646403797,-0.5835403641930919,0.202314211391484,0.5424755353614321,0.30947935470855115,-1.1395036329211894,0.2827992951245416,0.3310698495782812,1.6489803650462944,1.3784849515427913,1.4067417030400853,0.32478867458064553,0.5036764294252563,-0.15895497347688842,-0.9788439031726941,2.1398246123369007,-0.10590840055330046,0.8521610087615544,1.6520410017068088,1.1035843373011058,1.2510460472970497,0.012135719064049026,-0.69774936431976,-1.1364273739008717,0.8870060494627172,-0.7111478092286758,-1.1357331999448799,-0.8215863763790331,1.3403660069848127,-1.249942200071547,-0.8916016223948061,-2.397076707088666,0.9941306407859657,0.6141149965756136,1.0399371605151402,-1.0202343702571102,-0.8768056599542118,1.1670567419909466,-0.24259665080941364,0.33697018730004785,-0.5786215286482465,-0.006527026870426531,0.2670756674734413,-0.795959017685043,1.765227888150376,0.6362254339446537,-0.1666536577429558,-0.6217653831736767,-0.8215863763790331,0.12434776949765769,1.5617168123959033,0.2720773084562033,0.5217702086242749,0.27228114104724244,0.7205418397331242,-0.16035249100856688,0.9604800691736,0.8682814952471085,0.6104251088480349,0.5152091248592032,-2.3014341023789027,0.9334643331824363,1.9488716893976754,-0.04834786553668943,0.76714691751716,-0.38660863990536914,-0.24868082096015906,0.053222145738501925,0.41365039366287115,0.48199708178688233,-0.48180181212805945,0.23946410869277823,0.6682858887511205,-0.9653769193957518,,0.3820813014080551,0.10582697959248864,1.6795704117794061,2.1021667800321535,-0.03768501007313511,-0.6084335850729805,-0.5587198626222138,0.17236072797418367,0.0034187068511880394,0.9495244340566782,-1.8448838713368785,0.29105401162286615,1.5644730207094397,1.0285312042914625,1.6518762274345513,0.02358281979164187,-0.829552253650256,0.010184374882725526,-0.3540690914622104,-0.049913923858208954,-0.2649105156244963,2.7780067370757617,-1.003664404743572,0.07194669995411057,0.21074988789332103,-1.1357331999448799,-0.44503802020196254,-0.15419419950551366,2.112147245245857,-0.20632242857337355,0.17592782031461626,-0.1614233630871843,-1.8155334807322505,-0.6871446657330942,2.0468974865120155,0.26825365000599755,-0.587310797169402,1.2051069382635768,0.8697049456850902
104,-0.41808539625558355,-0.08676969480451088,-0.9454577304364924,1.0058097526710132,1.4434182996047813,0.7636180188174106,0.3445149183661507,1.0424364782699418,0.9551173112130454,0.7415195588231699,0.907177409548706,0.1475058844051202,1.003637372333766,0.792968409422039,-0.08384090532636294,0.41020385737209725,0.907177409548706,-0.41808539625558355,-1.0807167991577282,-0.4352542741408095,2.232440215352996,0.30393541627331505,-0.08676969480451088,0.8900085316634799,0.8900085316634799,0.22737712876133517,1.4727686902094097,-0.016151173689550224,0.19802673815670688,1.1080965257474837,-0.13328896329436518,-0.45688450219175936,0.4715696552458047,-0.37986644977578865,0.9453963560285008,1.4046191936686054,-0.11612008540913918,0.26664446664080194,0.2151956160419329,0.8900085316634799,0.5758617080976338,0.2445460066465612,-1.28517375581944,0.1686763475520786,0.7570907143836769,0.22737712876133517,0.27713195209035785,0.4788215858561923,0.5979601680918746,-0.3133141721394094,0.9149975740242007,-0.6430213719125462,0.867115829236749,0.048489373916725,-0.7665699755918817,-0.41808539625558355,0.8683783036125301,-0.2808499392873935,0.19602594552584013,-2.065795347635779,-0.6998004532183537,0.5758617080976338,-0.47678617746483953,-0.2397668615463002,-1.1111155811620284,1.590858881045419,-0.1455908705661576,0.3808534667674695,-0.7797998797109558,-0.2695964234152735,0.653295510561798,0.41020385737209725,-0.01966012262407912,0.3930349794868712,0.9367315122278562,-0.12835938118535048,-0.41808539625558355,0.5465113174930055,0.5002076523206731,-0.8603745429941548,-0.24910292809011703,0.7645704200486043,-0.8515527606650797,0.8101372873072649,0.02018737471176857,0.8434892631736256,-0.2392453336906916,-0.3347882389495246,-2.083916626752199,0.10774619051869418,0.09393749325367,-0.19315853045568376,-0.5196812628087841,-0.23791678427703197,0.9837356970606858,-0.29894681401990125,1.2278518789521804,-0.28537645109026094,-0.22326812225872048,0.35716652190824905,0.3808534667674695,-0.8719104198433827,0.3820813014080551,,-0.5738262997062812,0.30190573211404376,-0.2757960911425477,-0.4465077900129301,-1.0978856770429544,-0.8636100978333232,-0.08676969480451088,0.8313077504542239,0.48641301875207105,-1.53842301345487,0.07888815592102516,0.2337265258478911,-0.4067843295497755,-0.14570933229534097,0.15643463755648154,0.003946493673824294,0.9837356970606858,0.27244355998024794,-0.04855074832471659,0.17096321044250576,0.5036764294252563,-0.7882002036428314,-0.9635790095529128,-1.1484065307945415,-0.38399955675282915,0.2957746915257945,-0.8757916105527255,-0.15895497347688842,0.40427982803755247,-1.3845393924398413,-0.5943844790287183,-1.0807167991577282,-0.45688450219175936,0.19513569951272638,-0.40575573834167583,-0.6551560105285704,0.34100596943162126,-0.00037080461066800436
105,-0.6168166694963859,-0.7124592742061491,-0.47678617746483953,-1.0130872647971103,-0.44743578686021185,-0.4302669089749858,0.11071104670731413,-0.04982787130400435,-0.18950029544035968,1.179792329790522,0.14145733811552244,0.12390659314230283,0.41592954079300726,0.4312277483765914,-0.4738284964582871,-0.9481323709474581,-0.05122538883568225,-0.47678617746483953,-0.5953214846013335,0.961288110934439,-0.9481323709474581,0.06979589175656972,0.9751794335586046,-0.2683320901600873,-0.2939594488540775,0.5329322872419253,-0.9877724007092744,0.29522260497746744,0.3280070986369226,-0.36537221240152834,0.11382918679066548,0.99907156642693,0.6474082260598762,-0.7698829324361174,-0.04982787130400435,0.5616415694557753,1.008314664355004,0.6504192029787463,0.4764960714772326,0.20161658579085273,0.3515030761628412,-0.5211740647866223,-1.4319341758818809,0.21258116632074095,-1.5577172009260147,0.7724469832720183,0.9314232310267522,0.4067223597380199,1.126476440975579,-0.328617291373315,-0.14686799354544536,-1.2431103943166504,1.390228700188874,-0.9481323709474581,-0.19024023042354324,-0.9481323709474581,0.34178212097829597,-0.32199997552343046,-0.36521243687472627,-2.4940307767759022,1.7492033424407691,0.5684156442763576,0.1889958960304977,-0.20645076781804467,-1.0741737576615213,-0.0692094212134199,-0.023030981486172233,0.7500099147514097,-0.9177571546935015,-0.21586758911753343,-0.6098926082546028,0.07144209209974953,0.23032586800470312,0.2030141033225312,0.6878019201171628,-0.8104332829313071,-1.0222797907621692,0.3108382207516966,0.8347100556442376,2.2842173386406857,0.9920306028412913,-0.1617723059861081,0.8018080217699022,0.044417215874080866,2.471418502504766,1.0678478951084183,1.029171518445847,2.341466428361844,-2.662074339156593,1.7861610170590088,0.7542731768911196,0.056626936571891925,1.4291075023031783,-0.6505621965503938,0.16171708128379317,0.7009156523464211,-0.11882265009792031,0.6246140314173872,-0.7287611041784897,-0.6979522471077871,0.04006363406394782,-0.7557859804041578,0.10582697959248864,-0.5738262997062812,,1.2050833520766082,1.8044689984416373,0.2134548672248945,-0.6050865985798854,-0.21256239870707339,0.42012080464693624,-0.1483264600115196,-0.20173815098861803,-2.4940307767759022,-0.47678617746483953,0.28428197796820565,0.32154037599741125,1.4079474297274641,-0.1043606923084615,0.7347708879191696,0.671504312807397,1.1128472276872579,0.044417215874080866,0.6944223878823758,0.34819929878825523,0.15462908535770808,0.1507093778067805,-0.18186533835017413,-0.5243107144072413,0.4300689991842457,-0.13033128228781274,0.0654036584579042,0.5628282732853098,0.47480571234004554,0.8842335185711143,-0.546801423480613,-0.3551581461658957,0.9115696072629038,0.43458231884765947,0.1412494779730514,1.1552552859000176,1.5949756591857782
106,-0.6340329484472835,-0.3161156919051278,0.13903702160521797,-0.04633143058781522,0.09414097714530358,-0.6303227127471692,0.5535722807700918,0.8016684245073628,-0.5844024462577118,0.9744766060597202,0.580791290206648,0.6912298573570059,0.7300289632931823,0.5378843931196333,-0.20609924437349447,-0.9405281483274777,-0.30271724699621144,0.02859845445486119,0.053418956025739706,0.942674314451863,-0.6340329484472835,1.868629507072626,0.8140786752928025,-0.20051067240521,-0.07461070585380242,0.13080502904586208,-0.9653486498983562,0.35327709531274276,0.7243506809379439,0.06660484324778189,0.8430439645866258,0.2882746946917523,0.8944155279556002,-0.7310730706887251,0.02859845445486119,0.30222188778678427,1.038643321354664,0.8311873559018332,0.6825921864194643,-0.06467123481027016,0.580791290206648,-0.37243936115180964,-0.9017290423913018,1.5313584635212592,-1.083538208133726,0.5979601680918746,1.8832522904345435,0.7819352992711723,1.522241152561325,-0.5618860470857312,-0.13705939627067484,-1.4076224791651466,0.7192301314956279,-0.5235943812969267,-0.6302625154709739,-0.30271724699621144,1.2783282731567551,-0.23078636149760587,-0.38752845545257864,-1.8971843030481819,1.1913091806429652,0.2494755887555759,0.8076207018833482,0.07572081575738755,-0.9235278112320938,1.1069361458041493,-0.30271724699621144,0.812622458643357,-0.9566593813772012,0.16431479913789618,0.5332774355203584,-0.24749796342103278,1.836067768654377,1.1151908623024733,0.8888115603287373,-0.4512062198365215,-0.609212446876405,1.0485827923981952,0.9661834146505937,1.0753036447140334,0.14298692376291572,-0.28364347619232155,0.6716213863012426,-0.30271724699621144,1.000626185997574,0.749339723298664,0.9256447528498644,1.1227804417139402,-2.8303338433927983,1.1264844756758532,2.1390223686919403,-0.10649207347653307,1.0335300225644437,-0.43692661086892925,0.47766699781446154,-0.1039385726897369,0.16544484034054144,1.7239471923027982,-0.5981669043214326,-0.09488201049392382,0.08276934663036743,-0.23902910062113114,1.6795704117794061,0.30190573211404376,1.2050833520766082,,2.746919469137536,-0.424492802721779,-1.0586183391634876,-0.8243427599538564,-0.08184011269549674,0.1552033137727824,0.23247704044516984,-2.1677024404906535,0.13389329319462678,1.3568223760489349,1.4608728657811283,2.332311708837424,-0.5211010777863253,0.39023994442351545,0.7499306385662625,1.0171031136502033,-0.30271724699621144,0.3334493311460976,1.6233030946086267,0.12261684396621626,-0.5517887886464368,1.0444644709304207,-0.4007583595716528,0.7716008622984852,0.8439783113098597,1.7757083172761206,0.8753400478770065,0.6748631271171679,0.8902090778604151,-0.7444715155976415,0.052601597950443335,2.1005001972447186,0.035112633316431836,-0.2218706047270426,1.1568458492913625,0.46325077169957996
107,-0.5459371669181462,-0.8050332476986553,-0.681196235639382,-0.12308664266110281,-0.3205301435836817,-0.30336126569845623,0.2046852170081097,0.5832690061563071,-0.3810966742679065,0.9024928172967437,0.8041461404570218,0.53362800301455,0.46198854180036847,0.7398733189762954,-0.002793472383689227,-1.465799828225601,0.13331232572197368,-0.21462146546707353,-0.8772528683692182,0.5756173824706545,-0.7916348027897394,2.152324445199526,0.9118519194665725,-0.33712919898909827,-0.15136591792708887,0.8417179772271121,-0.9020733699400968,1.5004747412997983,-0.09588257630665674,0.14211896864760262,0.04763120891290371,0.4619885418003679,0.8925985939608745,-1.225657969516437,-0.23944196703795206,1.017985483035536,1.9797597954815986,1.0962739822177072,1.1120282085299587,0.07306554986062423,0.8353517795844342,0.013543023134901015,-1.8572213683571384,1.8457565260103226,-1.155521996896703,1.1278102182224419,1.2078915992808592,1.1133413940118106,1.7815730652494202,0.47037039703684685,-0.6071117925936198,-1.0806727164047698,0.8323261405910715,-1.012511937090454,0.20608273453978704,-0.5707576684890241,0.9208326122721516,-0.14652775378077826,-0.10764586669610979,-2.9327164141600757,1.8734012635865005,0.44800993743507117,1.4871419248133981,-0.1067742594649564,-0.9763584414583756,0.8388957243113362,0.15252585980370068,0.6511834304885914,-0.2908560337533903,0.278972188859024,0.8026861216318575,-0.5518925090184411,2.0841801620175806,1.0278362771934695,0.8875858638904587,-0.5406627580791569,-0.8772528683692182,0.19411357933698464,1.6091238173032767,1.8944469076780925,-0.34951719334648557,0.3547589960182976,1.6954029947255724,0.35048118765500247,1.346812854004835,0.21078116436337901,2.478313951604261,1.7398029702750004,-2.3953195408488823,1.4350791915587795,2.1691203863940975,0.2824315648986152,1.8515139672113643,-0.11788680244661946,0.7322274871922466,0.4819376181391202,0.6547078022125056,1.177162632880037,-0.29842971674188534,-0.31700124488393167,0.12122412501774832,-1.072660802774648,2.1021667800321535,-0.2757960911425477,1.8044689984416373,2.746919469137536,,0.617324912497404,-0.13392223543244006,0.2138138364145202,0.5832690061563071,0.48470208122912817,0.8662420394344789,-2.270085011257931,0.39322520588272236,2.1087771175599292,1.94274023389333,3.0631470885125225,0.36875645770119714,0.46101943583289084,0.8132059185245207,0.8295522735115141,0.6454427650014795,1.0693722127439016,1.8388317078827159,-0.4538667028163048,0.49976625263085567,1.9882267392994415,-1.1555680681153633,0.4250523128485192,0.5949389344820154,1.8208076565143636,1.5094253347810591,1.1878360432663504,0.9033091408000893,-1.2481850338317635,-0.7428111577232793,3.0656499691553467,0.9546543997146675,0.7295391971263666,1.5475996568883819,1.355558151594445
108,-0.5837432469811196,-0.39245803756159336,0.17453076063078826,-0.42993106162291356,-0.9444093390368199,-0.5131247258661589,0.22737712876133517,-0.48810064227135647,-0.05695107225659225,0.19602594552584013,-0.48810064227135647,1.4997935664350777,0.4670473561456851,-0.563668114440288,-0.20097869493117848,-2.0275413599219028,-0.42755952750803256,-0.25382506306172536,-0.9150589484321923,0.15736188274556226,-1.1507320451735013,0.5256194076971414,0.4257339576267936,-0.11806909816987514,-0.6009121248663456,0.8017305863686304,-0.8194163437224286,-0.5346199107612107,-0.8659356122122829,-0.1219018752939693,-1.2928939183731185,-0.29122665146622334,0.5974696217972129,-1.2511460731935742,-0.1567849408202838,-0.4209910700909247,0.3808534667674695,0.3332858068779428,0.13236669067916487,-0.15245863381045796,0.41020385737209725,-0.3717011980524334,-2.1619830705678416,0.09866110153630568,-1.2994212228068522,1.2775753961100056,-0.1842652408664487,-0.14198897837968957,0.6180578354552485,1.4055271565618868,-0.8638042310442112,-1.5884484151450424,0.4482542630620499,-0.8194163437224286,0.15736188274556226,-0.8194163437224286,0.12078211243004698,-0.5983933925708409,0.50085294721036,-3.0979613984687906,0.23186250699382338,-0.1567849408202838,-0.2344339845344379,-1.9740917166921674,1.1380790829797054,-0.2709939409469514,1.9549462799454225,0.13803443588755582,1.6046538531520134,1.1661778579648103,-0.18648851903685504,-1.3163898958990372,0.28764633106744397,0.6923964048897767,-0.2106386342191772,-1.0952816093128992,-1.2463746498832642,-0.5406431319775599,-0.31929440880356796,0.0017347342791649092,-0.7296668035799081,-0.38613093792090075,0.6070413147162986,-0.48810064227135647,0.26332235861605924,-0.03332005157477624,0.6107326420281717,0.17360147504240128,-2.2440447861471196,0.8465643782514523,-0.09543631998053279,2.151678738395812,0.8464082926916456,-1.3018791346460223,-1.2222465057297527,-0.13328896329436518,-0.5573591938789695,0.061327741336425476,-0.30219762688662843,-0.5909951775915071,0.40095113413084343,-1.5471334105313321,-0.03768501007313511,-0.4465077900129301,0.2134548672248945,-0.424492802721779,0.617324912497404,,1.3109049036687448,1.6178837572710882,0.7415195588231699,-0.6103544995689886,-0.2272344536273308,-2.31819220596183,1.1899730498790575,0.2989703485533541,0.027802280043736777,0.862289683382359,-0.961758802264211,-0.30772516908317393,-0.546801423480613,-0.45489548916824446,0.6000915492599461,0.07285848847695037,0.006702877248647619,-1.093888546399914,0.2445460066465612,-0.2680299444961471,-1.3739820949188477,-0.2872845909521891,-0.4673147289472763,-0.15895497347688842,-0.05189996603064385,-0.5947697910088009,0.440578474994103,-1.1635457245204963,-1.4508316065449764,0.5215531246025752,1.0349186291113581,0.631080991672812,0.758166224711581,0.6137405371707562
109,-0.8636100978333232,0.5720912751213242,0.46165270797096625,-0.1891882247379033,-0.8586227326674994,-0.5444759091016529,-0.5433199258465351,-0.20097869493117848,-0.3724954133541168,-0.5322943963822505,0.019898439369536242,1.2347226780234684,0.5068323609469995,-0.09427390625562801,0.008872909905252233,-2.017748338350409,-0.5717024473425664,-0.7665699755918817,-0.8273675396004825,-0.4046869513466672,-0.8770085427422395,-0.03503190886340954,-0.0684524143507492,-0.5285239634059409,-0.5581158882871293,-0.2446073810545528,-0.6561314084415243,0.4438038522173808,-0.6683129211609266,-0.059972804986678764,-0.9748081210411207,-0.8814698929079634,0.07850398855493738,-1.6557458558289249,-0.9874471098925963,-0.24045777873571375,0.12965702865153414,-0.25592555514352283,-0.5702974010065317,-0.8101986617152565,-0.009693485511652245,0.019898439369536242,-2.427609833012968,-0.2808022640440135,-0.8765642013586802,1.1110542067540368,-0.5626884327502514,-0.029888002390240462,-0.21316020765058077,1.9961524334869778,-0.5552500755779298,-1.633270762598463,-0.17837697523055107,-0.9626266083217184,1.375728567967968,-0.8521880411713605,-0.47011440631083407,-0.6350018616578753,1.5358172112404846,-3.1151302763540167,-0.14193351555231373,-0.7665699755918817,1.0000233400271918,-1.7879638016117836,2.0631883648455074,-0.4046869513466672,0.9640591019629764,0.14314453616121203,1.5506131736810789,1.210070717242432,-0.4025759027765084,-0.894497507376251,0.17060970879530435,0.8787550157913594,-0.4320210558927331,-1.2289746197126152,-1.2939423097727907,-0.7481841655171415,0.2427755538439689,-0.3374253189729626,-1.5975716204357615,-0.012648243243479157,1.2724063458513204,-0.02601291902182125,-0.744214732006782,-0.9615782169220465,1.0152445561566894,-0.713099456880071,-2.2048248493333253,0.47520749519733024,-0.7780016125929171,2.3867633800101644,0.2730877135742799,-1.3251335778953808,-0.20111187920767074,0.6608540720344647,-0.44468932056306243,0.3425298627977572,-0.7521958585923041,-0.4234975995453121,-0.5273070312164269,-1.5746576792831954,-0.6084335850729805,-1.0978856770429544,-0.6050865985798854,-1.0586183391634876,-0.13392223543244006,1.3109049036687448,,3.596099581407321,0.06953944251129328,-0.5738262997062812,-0.3459775195882734,-2.452498873451872,0.9663573620223075,0.116535056628741,0.5564352196228859,-0.2991354679312489,-1.379513833633335,-1.3824328246077981,-0.9431924068473059,-1.2143438491789684,1.194278034193778,-1.0022679318838752,-0.3378427283214992,-1.3421724240142912,0.17282408649502745,0.5589467808158527,-1.4618189423685781,-1.2896334458054142,-0.9972557071673669,-0.28181658762320827,0.3183756025357502,-0.5321717572948667,0.6345014081028143,-1.4305988960257048,-1.6693358254010597,0.026139735900841593,2.2626152955793835,1.9410058692208088,0.02213631165827004,-0.2762986816967198
110,-0.7665699755918817,0.5034735466372291,0.46165270797096625,-0.24683690526503546,-0.7615826104260579,-0.44743578686021185,-0.4328813586961778,-0.29999520541957364,-0.27545529111267575,-0.4352542741408095,-0.07911807111885895,1.5526399345656252,0.2725567817373684,-0.21906908496132413,-0.08816721233618935,-2.0918327813961715,-0.8918045051828333,-0.7665699755918817,-0.8273675396004825,-0.3076468291052256,-0.8770085427422395,0.07540665828694781,0.0008326514264367115,-0.5285239634059409,-0.5581158882871293,-0.012308190091875325,-0.6561314084415243,0.6973732057779474,-0.7653530434023675,0.3683830187058349,-0.9365891745613258,-0.7710313257576055,0.17554411079637838,-1.760517079945099,-0.9874471098925963,-0.24818888061044692,0.2875837775023376,-0.36069677925969645,-0.43503833228529576,-0.6749395929940201,0.08734663672978935,0.11693856161097782,-2.2619519822874317,-0.23108854159324632,-0.6118007775439874,1.0424364782699418,-0.48459657301370734,0.03132049603149899,0.11815549380049188,1.8193732318163247,-0.4352542741408095,-1.633270762598463,-0.41808539625558355,-0.9626266083217184,1.4041509617253145,-0.8521880411713605,-0.6357722570363701,0.006499994460620466,1.937777402060198,-3.1151302763540167,-0.18925991534298758,-0.6313109068706457,1.1457772483842927,-1.1770225094073599,1.6957191677623547,-0.4046869513466672,0.8900085316634799,0.1715669299185586,1.5526399345656252,1.2384931109997785,-0.22446620541779702,-1.0426663934677756,0.17067268556425277,0.907177409548706,-0.21887502346675095,-1.2289746197126152,-1.2939423097727907,-0.6511440432757005,0.06864485263443239,-0.25866612194332816,-1.5478578979849946,-0.15618166572109607,1.110834041034401,-0.09723935023527928,-0.8737619263934542,-0.9615782169220465,0.8663786294753807,-0.49748840866850874,-1.9151020001406789,0.7458371985115564,-0.8571454780151005,2.8256411378012873,0.4716230199094406,-1.3251335778953808,-0.1726894854503242,0.6892764657918112,-0.3754042547858765,0.13865306559242632,-0.5064255034117008,-0.5282688236614862,-0.4168684640660695,-1.5622911137945543,-0.5587198626222138,-0.8636100978333232,-0.21256239870707339,-0.8243427599538564,0.2138138364145202,1.6178837572710882,3.596099581407321,,0.16657956475273486,-0.47678617746483953,-0.4122733479793762,-2.452498873451872,1.0071463212682954,-0.02637054526661877,0.45939509738144485,0.004425177055568652,-1.084029756001964,-1.3366116670972545,-1.0118101353314009,-0.9690090277016746,1.1175848884186528,-0.7020231485926198,-0.3378427283214992,-1.167040442036306,0.6306358753723283,0.44794477079867995,-1.6329096349095156,-1.3636840161049102,-0.9972557071673669,-0.28181658762320827,0.9641472841567513,-0.20719159256659483,0.5257239637255986,-1.3335587737842636,-1.6693358254010597,0.6471782865445593,2.466289845829112,1.9087761375875758,0.11917643389971162,-0.1792585594552782
111,-0.08676969480451088,-0.41808539625558355,-0.7494010977066556,-0.14547047601376747,-0.11612008540913918,-0.4646046647454378,2.2152713374677693,0.2445460066465612,0.2743646291944804,0.907177409548706,0.37980507536779706,1.0424364782699418,0.6723216708826939,-0.5121967290188766,-0.20097869493117848,-1.743348202059873,-0.28282632753434767,-0.41808539625558355,-0.2524275455300475,2.3973855220309312,-0.28282632753434767,0.49999204900315125,0.8463798455401056,1.0252676003847159,1.124284110873111,2.089213287251834,-0.6141420289854197,0.13722917414810656,0.04156990593647234,-0.29999520541957364,-0.2593470135102996,1.8015278439571465,1.065583329663855,-1.509072622850242,2.07598338313276,0.21461545658555195,1.1483451563865499,1.4775041391075363,2.1060497025069242,1.3869820838400886,1.4727686902094097,2.1716426513443956,-2.113463009447121,-0.0273802851777576,-0.8024476706302436,1.3869820838400886,0.6084476535414299,0.2445460066465612,1.14731933232657,0.6806329322138075,-0.6807833692225611,-1.3742705032987856,0.7499780396319341,-0.41808539625558355,-0.16473613669833778,-0.28282632753434767,0.5370626021614581,-0.7111821512268613,-0.13528975592523196,-2.435329995566646,0.6636812990657307,1.5517839215774845,0.22406417191709949,-1.6717772797137174,-0.2524275455300475,0.5969117766922021,0.38178146361475124,0.5465113174930055,-0.21282774502044585,0.2742322446032612,-0.5715532672224184,-0.6445408109897199,0.17639651010575708,0.5586928302124078,-0.1944510490935506,-0.5586915931248178,-0.9150589484321923,0.10468432958256542,0.13175026111404478,0.02880133724288834,0.19426505475753633,-0.36463575302584833,0.3766699228977688,0.0867083203965193,0.15544644343300446,0.6778314124480895,0.20529807512744866,0.1842166745812518,-2.1040142941155735,0.6600505921422359,-0.446920656429751,0.5302704364550612,0.4066363071838147,-0.7652891184579408,-0.2425105982552085,0.9292758695429466,-0.2630687775776451,-0.07119853924400381,-0.9835185181175825,0.18877401491545254,1.8445814837999694,-1.6698008914667635,0.17236072797418367,-0.08676969480451088,0.42012080464693624,-0.08184011269549674,0.5832690061563071,0.7415195588231699,0.06953944251129328,0.16657956475273486,,0.10787878354347828,0.10630982843316128,-1.772698592664501,0.5758617080976338,0.21252876234889245,0.07597802574815961,0.6917976033395123,-0.5918511905796474,-1.1272360676475826,0.3211042941585411,-0.8729501982198319,-0.04855074832471659,-0.28072822669561215,1.000649981601865,-0.7454275305075974,1.3556309006045935,-0.3810039037762227,-1.2379161690745002,-0.9686905502698946,0.9180223536708261,0.9521299204811439,-0.35399417957435597,-1.031728506093717,-0.7115222686335338,-0.5894906349666066,-1.119515905093904,0.7700399006908792,0.3037307804023949,0.5044489445501824,1.1996940050636027,1.3248920011936214
112,-0.16263935389899348,-0.3835164881997082,-0.4939550553500661,1.0882472089632662,2.185920946863141,1.3463781773633396,-0.38114357275507643,0.8313077504542239,1.7587794468124713,1.073168212513507,1.0521848847549387,-0.2730779210493514,0.6492297220896855,1.7160833192717837,0.5157634093566994,0.49999204900315125,0.27911491470243655,-0.4939550553500661,-1.0213273895309745,-0.03503190886340954,1.2434700941744647,0.34173194573887633,0.1686763475520786,0.7314117471600708,0.7018198222788824,0.4497370488507558,0.8447061953631403,0.3797490810959658,-0.005681518258781818,1.5621362603801674,-0.01399258683301062,-0.5655945165642471,1.007387770483574,-1.253626580493652,0.27911491470243655,2.5463879169086048,0.9811819961036148,0.7338223296257825,0.382685633547212,0.1250476614287043,0.6912772584226775,-0.014651673917515097,-1.4491030537671068,0.34173194573887633,-0.10959278097540552,0.6524199956096132,0.3065280304078615,1.146057666832742,0.9984966908397137,0.008451338641944535,0.8999254789383183,-0.9974839247575308,0.7084461363079035,-0.4939550553500661,-0.2559090431641248,-0.7148321896507809,1.3267421555191765,0.8115746252180329,-0.2326545999147664,-2.3199144452416016,0.13603236472146116,0.49999204900315125,0.545586019005238,0.4208949208140609,-1.322244308977747,1.4142137258510272,-0.35671959838187606,0.7612634306235296,-0.34486298969708346,0.14608734126317616,1.1509554280838947,0.22389563112725727,0.8828914619224746,1.0406397351810717,1.6336397219660561,-0.5076424356012142,-0.3586959866288297,1.2792203105587066,0.8321781934817508,-0.05767369737365511,-0.7750671078891789,2.393519860684766,-0.045530592882762184,0.955144762513497,0.6039726427440543,0.6322979238623266,0.5387724120662213,-0.6208739974156211,-2.0694453860596984,0.09832335896901344,0.04581005038627296,-0.5052085712221861,-0.13484196254839867,0.05883000911816478,2.08471633853222,0.5721386761869958,2.1499429708172997,0.8763304918171123,0.4589900448347999,0.2417509715832054,-0.4646046647454378,-0.8452242877585832,0.0034187068511880394,0.8313077504542239,-0.1483264600115196,0.1552033137727824,0.48470208122912817,-0.6103544995689886,-0.5738262997062812,-0.47678617746483953,0.10787878354347828,,1.000058352473017,-1.5172525503079113,-0.16263935389899348,0.6309724153499141,0.5461696977039676,0.6915210031761512,1.124284110873111,0.2151956160419329,1.6630785017159826,1.0904603903251326,0.5133904939120676,0.5113477874571689,0.6974969253532329,-0.01340168081245916,-0.7296281520913751,0.04280356997643517,-0.9481323709474581,1.052228764591791,0.16349765047992168,0.7601493800805444,1.5674370706366751,-0.5658360508408079,0.7438786739928855,-0.7296281520913751,-0.35951334470412605,0.517468066637752,0.31125645225799736,-0.264450899450745,0.8910901841489679,0.8733893261071952
113,-1.1701654885032908,-0.15918053766740692,-1.1687679709716128,0.6475077036245731,0.7514365060980083,0.6985901379674614,-0.09850839150152377,0.015066825269452574,0.18581980951640423,1.069009033196376,0.015066825269452574,0.29373029180086635,0.38518163265670163,0.937532959286973,-0.25469211097461075,-0.6246718752059618,0.44342264896196626,-0.7992333230407456,-1.5014811899543632,0.3075252639074609,0.8001779752299241,0.5215398337717589,-0.40136534395329426,-0.5501434541397695,-0.6158262255562796,0.40418718620197513,0.0560808068126038,0.8231879466088053,0.2412330498023255,1.0071274825244283,0.19830342877634216,-0.31115374266020446,0.6285458181367677,-1.8235792093982632,-0.6031766903109094,1.645549741887533,0.9109876629041057,0.6801087134120748,0.5898301577728747,-0.49036520771591974,0.059454712591235304,-0.05746435173727022,-1.7239825394534867,0.013115762095747644,0.539459591675659,1.296410370440214,0.5016091912173102,0.23874339132174094,1.249769191102768,0.49554163815848157,0.994580641182806,-1.888361039940246,1.0446181715222411,-1.5971237946641266,-0.4334544479765038,-1.1305490244918184,0.5973797899711236,0.6154568329168698,-0.19376912912329328,-1.8986462894881813,0.33570792411057365,-0.17621838415007365,1.0256883657422624,0.8719774422875947,-0.5669341320780688,1.7791473472239252,-0.46791762158967354,1.24960390872109,-0.49052935181754465,0.8582985877357515,0.4839397528285983,-0.8859723306412616,0.769856972471951,1.5654249404382499,0.6167389627946396,-1.16982225200772,-1.5971237946641266,0.5591069498572415,0.47154122471159104,1.1448342046482383,-0.9078191052706724,0.7751228365190711,0.9580404490036932,1.47896260557361,0.3617030353357948,0.05312761295054269,0.06334349323420777,-0.5835472548908264,-0.9482024534156209,1.055764576591286,0.31030265711075633,-0.6735738034146754,0.014502201658797304,-1.240852839057806,1.8040934361360212,0.776425548458729,1.216448271659544,0.47247466234908475,1.3679723265222594,0.9346589887310974,-0.08632687878212149,-1.6628509407817416,0.9495244340566782,0.48641301875207105,-0.20173815098861803,0.23247704044516984,0.8662420394344789,-0.2272344536273308,-0.3459775195882734,-0.4122733479793762,0.10630982843316128,1.000058352473017,,-1.0608829046080515,0.8591194035347929,0.5187278345007962,0.47765424621791314,0.9713424505205535,0.7422600806610409,-0.2377082858586244,1.0513050341451085,0.5006058952242134,0.350070517397081,1.1211852632767656,0.767766138049672,-0.7855625882372492,0.8766158681895132,0.4314679164681025,-1.7969362002605884,0.9865646708282764,-0.38475762460286056,0.20901989669429993,1.2033159684855514,-0.4302559696539306,0.13171264654319814,-1.6551694073538201,-1.4411868991231351,1.3874563512821594,0.43201067269527754,0.2502270235202092,1.302238694323898,0.8013450760250732
114,-1.772698592664501,-1.8334961566731016,-2.435329995566646,-2.16271507532483,-1.5677734040594982,-1.847640254911702,-1.7898674705497273,-1.772698592664501,-1.951528190632223,-1.607040741938965,-1.772698592664501,-1.772698592664501,-1.8114976986006768,-1.5354942239767222,-2.218223294242241,-2.86368581925916,-2.2010544163570147,-1.9687552253943374,-2.1040142941155735,-1.9859241032795636,-1.0158221025842713,-1.8485682517589836,-2.435329995566646,-1.6546084018284912,-1.7898674705497273,-1.7898674705497273,-1.8315197684261477,-2.015274493884192,-2.015274493884192,-1.6956223833716422,-2.4818492640565,-2.4741291015028217,-1.6142926725493525,-2.2618519803656154,-1.4413828912134286,-1.4693370530274847,-1.8990891055105705,-1.5849422819447243,-1.6849111936643137,-1.7898674705497273,-1.772698592664501,-1.772698592664501,-2.3084712507772855,-2.04462488448882,-1.9227852878295306,-1.6242096198241909,-2.176199572787951,-2.1040142941155735,-1.5849422819447243,-1.9211512102628556,-1.9971776191516843,-2.3975679982566307,-1.6956223833716422,-1.772698592664501,-2.3172398047306357,-1.637439523943265,-1.4801819971496044,-2.7284267505379236,-2.2010544163570147,-1.5520629926403464,-2.2200715003528075,-1.772698592664501,-2.0274560066035936,-2.0324433717694177,-2.435329995566646,-1.3213163121304652,-2.2010544163570147,-1.8020489832691293,-2.1040142941155735,-1.7898674705497273,-2.58879786653348,-2.7666456970177182,-2.1721637906563775,-1.7898674705497273,-1.9489976754376355,-1.7476469388081994,-2.1040142941155735,-2.095145738240407,-2.0511521889225532,-2.2149877394030724,-2.732922297573488,-2.1229656085567665,-2.3233037466788122,-1.9667788371473836,-2.358771708054666,-1.6021111598299502,-2.0567482403313337,-2.600519614348891,-1.4728300646174008,-2.088443138555067,-2.5936696108342705,-2.1211831720007996,-2.8388309756900956,-1.9238456821370225,-1.3453488907978,-1.7411260014178118,-1.617681973986563,-2.1570608670391613,-1.645101529620055,-1.1295966232606238,-1.8020489832691293,-2.4607991954619313,-1.8448838713368785,-1.53842301345487,-2.4940307767759022,-2.1677024404906535,-2.270085011257931,-2.31819220596183,-2.452498873451872,-2.452498873451872,-1.772698592664501,-1.5172525503079113,-1.0608829046080515,,-2.0259224343790296,-2.0177936526728026,-1.7471863290800196,-2.4546531690460034,-2.16271507532483,-3.0273428773538296,-1.8313993738737575,-2.4902613675957275,-2.2010544163570147,-2.7340597515739216,-1.8448838713368785,-1.8170759790340985,-2.1229625566204713,-2.3982485030872853,-2.2612136640323457,-2.0937995907794917,-2.1132670173568275,-1.727746081732063,-2.1570608670391613,-2.269203912897819,-2.7287668679445956,-2.2629729223866515,-2.0256756104469336,-1.7926983119175122,-2.325960215411297,-2.0097692069374884,-1.608609095518823,-1.3549840010195855
115,-0.7494010977066556,1.2384931109997785,-0.28282632753434767,0.7448101920689872,-0.44743578686021185,-0.4646046647454378,0.6758306198172228,0.41802402184759196,-0.5054045633124804,0.9833800208824528,0.2827649531263561,1.9011245139019228,1.373172020264633,-0.8636100978333232,-0.08384090532636294,-1.909006052785409,0.14419272739060962,-0.7494010977066556,-1.0807167991577282,0.22737712876133517,-0.41808539625558355,0.7572575583875808,-0.08676969480451088,-0.1039385726897369,0.22075081473231406,0.8900085316634799,-0.5151255184970246,0.47301877036109713,0.10098661591526588,0.22737712876133517,0.06785504577015855,-0.45688450219175936,1.1342010581479494,-1.2767734318875648,0.2827649531263561,0.042911660704698186,0.874513861929567,0.5813943830193207,0.5398850034639844,0.22737712876133517,0.5758617080976338,0.5758617080976338,-1.9478051587215848,-0.040632913235800414,-0.40251424069507646,2.2152713374677693,0.5885687114543654,0.5592959230250799,1.3410659081629064,2.4916236667271003,0.21414722464226105,-1.636968476265763,1.4933025049792759,-0.8101986617152565,1.2213242331145526,-0.41808539625558355,0.5370626021614581,-0.41808539625558355,0.31316373513065565,-2.7666456970177182,0.1706012727773365,-0.08676969480451088,0.7249312499819227,-0.8164024010962471,0.7797385053029647,0.6806992708756003,1.0424364782699418,1.7061162725717585,2.185475648276141,2.2152713374677693,0.020341100627594384,-0.6036221890681841,0.5359916869930923,3.1263895164582176,-0.2145487164569251,-0.7909907840874958,-1.0807167991577282,0.21188245902742234,-0.016761435665233908,1.2079940028811669,-1.0469933997134981,0.38038562652801616,2.118132547034934,0.4788215858561923,0.17259259737926236,0.4989209336645101,0.4777926008168746,-0.6518927435219237,-1.772698592664501,1.183907600381857,0.18324651362037786,0.43125392596666606,0.27713195209035785,-1.0966048199090135,0.9273956605808975,1.746375449604718,-0.21572601055386473,0.5715539215710764,-0.8845020076291873,-0.09312739769819098,0.5465113174930055,-1.27184384977855,0.29105401162286615,0.07888815592102516,-0.47678617746483953,0.13389329319462678,0.39322520588272236,1.1899730498790575,0.9663573620223075,1.0071463212682954,0.5758617080976338,-0.16263935389899348,0.8591194035347929,-2.0259224343790296,,0.3989190367823445,0.5449943525337365,0.39808736679546497,-0.8511729201045511,-1.010098278042767,0.3211042941585411,-0.37928980305773435,1.3737521797210144,-0.8215863763790331,0.9907105105583327,-0.9457814406475968,1.7609404420464057,0.7300809901818097,-1.377946661106046,-0.8367446385631693,-0.008921766847855898,0.2861853605644886,-0.022678478123283306,-1.0532236909887687,0.7727720738672705,-1.333940640872257,-1.3336938169401609,1.4570406967915392,1.1026538828221613,1.4297783204193049,1.0992799770435298,0.8974947463217385
116,-0.4289048770542536,-0.22142618766245467,-0.3318647548128126,-0.110673463041657,-0.06823878499855324,-0.20725362658641422,0.20650751641133439,1.5400410691472837,-0.2993191584192339,1.2119195983260262,1.7609182034479984,0.28408981741215056,1.6111868824972728,0.15649253858609946,-0.5503689736688956,-0.8773583681101418,0.7711233991590842,0.5650422272989638,-0.8000934917620754,0.10811012916894647,0.18704969517070896,2.5321392767310047,0.8960685560220634,0.47177253803383185,0.7701831575892054,0.26818969946106086,-0.1433343279259106,1.0905732435196227,0.8190401851806164,-0.03005700615369608,0.898760447386464,0.32288892334832636,0.7856450863671307,-0.5945627277797897,0.6754807944493211,1.0026955840023821,1.3150911216043428,1.3342079248990826,1.1785196034381804,0.9308211023632056,1.0876431381695622,-0.11098762051209787,-0.9889754375470468,2.635750360710585,-0.8823059875597228,1.0981755040536725,1.6008965653024831,1.1021518635966272,1.1113828651888542,-0.12453150403903389,-0.4289048770542536,-0.25185664803560265,1.2810850663191753,0.058594543869906035,-0.26433258536332715,-0.5716901516184243,2.0643632077606644,-0.7898125033865142,-0.011658554915256886,-2.616663319101772,0.68696902013555,1.305765489937652,0.824191824419122,-0.6327504004443522,-0.15673277283482695,1.1759052566620298,0.7973414182616406,1.0227484415961052,-0.3796569249199831,1.06656950382465,-0.18922275024592713,-0.8221390845349631,1.737577395343342,1.3153773742116899,-0.0883454610872613,0.006788584383749627,0.037669893118054916,0.414699135188286,1.6509080142859498,0.7454879563092717,0.385091824851597,0.2949939398044673,0.6713180974522751,0.4546036601486058,1.4129403143083703,1.2037957855871964,0.852736513045968,0.5846716627190474,-2.459547921274232,0.6605745764631273,3.2421565768913885,0.011763832512566824,0.9632012499689021,0.5995664462098045,0.7235911948285004,0.4029132752731772,0.4673078466883384,1.629121309757905,-0.3119738353509488,-0.18648313951752749,0.3268386529256952,-0.22635576977146937,1.5644730207094397,0.2337265258478911,0.28428197796820565,1.3568223760489349,2.1087771175599292,0.2989703485533541,0.116535056628741,-0.02637054526661877,0.21252876234889245,0.6309724153499141,0.5187278345007962,-2.0177936526728026,0.3989190367823445,,2.3701191695972104,1.9442949668600569,0.15042042677864767,-0.5118899636578562,0.7341815756585777,0.02218142810440158,0.8896587062955776,-0.08587236269179692,2.0977493804968654,-0.09932177900607221,-0.011658554915256886,1.2193542709226646,-0.31173170446301113,0.5101757201779159,-0.41751778905385717,1.2246676485204409,-0.348833427904997,-0.6302902276384522,0.4810056882720984,-0.9958936752466352,0.11494439477930148,1.6403227913729073,0.05230589291739363,-0.12987977715382604,0.7780416368586728,0.6139024058263561
117,-0.3601088998190866,-0.05573552680386692,0.15379227014389574,0.4279739871676111,0.0005571922366137303,-0.12598948185029013,0.10515758948095931,1.176083154098804,-0.20353968979568643,0.7200968806336437,1.2616285003692722,0.05477575965550056,0.5549672780405353,0.7447694369054598,0.23358468785017814,-1.4835603592657607,-0.6488696247897948,0.15379227014389574,-0.42872662830318164,0.15674995115044876,-0.441209598397631,2.2106637970615255,-0.18901820727814864,-0.07480920715148161,0.08210264474414247,0.17597582899615363,-0.757325908846553,1.1682245822228572,-0.2797343957564844,-0.025095484700714446,-0.39781457606525056,-0.4024104924614552,0.3926033590562137,-1.1829653116313663,-0.4232937864877797,0.7401902803216233,1.1628785682230678,0.6118855613907636,0.6499713563398888,-0.3896154516645495,0.30252250308305806,-0.08048330906573532,-1.377131718968967,1.3847602550890008,-0.7069957568306664,1.0786820560360895,1.2207478775257088,0.9452749638981383,1.2830608181373981,0.6204397596252144,-0.35467605800368524,-0.964465753992562,0.6811768378335031,-0.25763593576224364,0.26333846465160865,-0.09469450594440831,0.8136510928193208,-0.4029906519178362,-0.14529867349042067,-2.379329887377103,1.0013501394961537,-0.009149159673939592,1.3850594029624093,-0.1865360831072435,0.10720590301396841,0.7511254582823188,0.05675214790245473,0.5314555708391084,0.29957117878236783,0.8967920888845458,0.23776135248189542,-0.6744969834837851,1.8490012574843089,0.863660518739439,1.0269239018828844,-0.24248516377617443,-0.5943844790287177,0.49693400830641254,1.3101910705536506,1.006241801731365,-0.8961211688511952,0.37584156079303505,1.1544166198637844,-0.4145940455801638,0.0039534485288667525,0.15387736900191348,1.356510193794921,0.04478913998819153,-1.9335159999405471,0.7225142323506436,1.0337109149513564,0.83260435680779,0.2743898917586561,0.0009380928246257801,1.3335857291965287,0.8822578819823618,0.4324373876530421,2.0884198348340455,-0.7508393291402505,0.2291005823907411,0.04345359561994953,-0.690921341563772,1.0285312042914625,-0.4067843295497755,0.32154037599741125,1.4608728657811283,1.94274023389333,0.027802280043736777,0.5564352196228859,0.45939509738144485,0.07597802574815961,0.5461696977039676,0.47765424621791314,-1.7471863290800196,0.5449943525337365,2.3701191695972104,,1.2159439400116319,-1.0272244081806683,-0.8280521481398525,0.8028321142757239,-0.14416624381895612,0.4128156316153952,-0.5760589187709871,1.6686111425534211,-0.006755194277328701,0.033646056272277305,1.962707051038842,-0.9809322602654916,0.5414744188163576,0.8755024532325136,1.755406466504122,0.776484768746836,0.2616096273100769,1.0403201435582015,-0.8745714166297068,-0.1828735842318691,1.5321726833854188,0.4033838019926525,1.004356142782466,0.843728003011244,0.6522105384564615
118,-0.9039833399072488,-0.13091336985474675,0.08996376444596799,-0.21246956892644484,-0.21200154640047694,-0.059573599794014484,0.10713264233119342,0.42127946589704063,-0.36821068179446487,1.0176477285089707,0.531718033047398,0.43467791080595697,0.5705171389835738,0.21367178874669127,0.010092520089752406,-0.8298988968614871,-0.009933980961146682,0.531718033047398,-0.43740856973494086,1.4075022272555942,-0.7935447727568915,1.5915953254515651,1.4373142836803288,-0.006619081833675071,-0.0494636347729058,0.9017099569400635,-0.6831062056065341,1.202069791260106,0.6886758686876086,0.2867085580752294,0.593118332064598,1.0122714075850032,1.029028466633415,-0.7858136708821595,-0.13091336985474675,0.6913861256463328,2.0816620786357833,1.1981762653718915,1.0390549589514335,-0.08892399039864278,0.9438803767676395,-0.09667741403813628,-1.527815636873218,1.4562635374213186,-1.1822524684347337,1.3715978841268825,1.9009597396296651,1.2152436771659945,1.6893951039207205,0.261054456986906,0.17744665240064658,-1.168200751951401,0.9509519962135705,-1.2352990413583218,-0.5554987605709513,-0.6831062056065341,1.1160836607063396,0.7495736440353481,-0.20659595890470342,-2.5899122377672392,1.3202574288624003,0.3108408987466827,1.444604588393603,-0.07701887767232629,-0.9648699665166113,0.9123756137081732,-0.018571133766445893,0.6792376905029079,-0.4467676719047691,0.40200361662264816,0.6719332759561888,-0.44336391183523577,2.431175392847025,0.9818060941620249,0.04376020897887243,-0.7385566414671366,-1.1000399726370855,1.2910673525158876,1.4222057851760201,0.8366128394377972,0.5901664830190841,0.28693423141695523,0.9419911480264066,0.3835278242607671,1.708870670136445,0.31930976154658375,1.6678005147866448,1.6853667189260864,-2.8107893720679544,1.4172569029346394,2.193995967213416,0.18208395515834314,2.470549084830933,-0.642397683284371,-0.02118435950691861,0.49342609308088453,0.5095193286516353,1.377859334961425,-0.23605041436884064,-0.4025528921836095,0.1193141550505957,-0.9373353157736106,1.6518762274345513,-0.14570933229534097,1.4079474297274641,2.332311708837424,3.0631470885125225,0.862289683382359,-0.2991354679312489,0.004425177055568652,0.6917976033395123,0.6915210031761512,0.9713424505205535,-2.4546531690460034,0.39808736679546497,1.9442949668600569,1.2159439400116319,,0.19036840854090656,0.5989274974356452,0.25910311280558135,0.9530127183296986,0.5828467968974815,1.939378736913507,2.5063252716976026,0.23920143753250173,0.38602019798166837,1.34444929138393,-0.8012691157515541,0.5529522025540946,0.06490612528674655,1.320876100775003,1.175172393688558,1.4565169300506802,0.9618232914612023,-0.7126981304877226,-0.4382259278102378,2.2221135269103693,0.8144976949987208,-0.11758764425484108,1.3612572797801334,0.9975119786053414
119,-1.5677734040594982,-1.0289790132166274,-0.9051420011573532,-0.7092057629799071,0.11815549380049188,0.2725598286539074,-1.1236462200134367,-0.5738262997062812,0.5801898739868654,0.0888051031958636,-0.3529491654055664,-0.6842648668566385,-0.0932729251686753,0.7026254622511849,-1.2206863422548777,0.1844477079056267,0.3090431916161584,-1.8990891055105705,-2.095145738240407,-0.7775345561217698,0.5009674469161045,-0.7531715306829653,-0.07141990571427104,-0.9984116904224851,-1.0280036153036736,-0.6174549858296554,-0.22911215334629215,-0.7367621088551793,-0.6511440432757005,0.6828059814033901,-0.2950078402537494,-0.9767814623715353,0.43125392596666606,-2.1921858604818487,-0.4633877325559232,1.0597846527562258,0.7085672760320736,-0.09113104304841903,-0.6845064011331987,-0.6174549858296554,-0.05122538883568225,-1.5811718489684143,-1.5289742981233223,-0.31141726208153525,-0.18946402533162052,-0.0900826516487466,-0.7743803711407494,0.2666111963079393,0.5342696074974085,-0.9683268878260468,-0.14686799354544536,-1.4430086263352708,0.5411019356534985,-1.8990891055105705,-1.2326872696321158,-1.7886505383602131,0.2628632778532753,0.7648349510069247,-0.7428580562104492,-2.302745567356376,-0.45274109241196725,-0.2425105982552085,-0.5798189333246523,1.2071463065687422,-2.1637634667245016,0.5477282496825197,-0.13207203110485113,-0.11612008540913918,-1.6363911325435931,-0.7909330010306862,0.13083065438408545,-0.4461565105229144,-0.7602473305698821,0.19970094630802063,0.9538394411786865,-1.9471142415321712,-1.7638300367893347,0.5753711618029721,-0.3677310082750468,-0.735354293360135,-0.4475218394144164,1.2833629456902567,-0.4978274253403971,0.736640543657414,-0.026463034894645233,0.1548125784767085,-0.21031136985872168,-0.4607279286547882,-2.0522765081744727,-0.18559113199167765,0.12090987143217743,-1.0154120275178689,-0.09221783107759282,-1.3806417968127918,0.39144332874430526,-0.4145790213245279,0.972164576496738,-0.8250705520080972,1.988410744754328,-0.3410091869627243,-1.2071073120037976,-1.6378970000753397,0.02358281979164187,0.15643463755648154,-0.1043606923084615,-0.5211010777863253,0.36875645770119714,-0.961758802264211,-1.379513833633335,-1.084029756001964,-0.5918511905796474,1.124284110873111,0.7422600806610409,-2.16271507532483,-0.8511729201045511,0.15042042677864767,-1.0272244081806683,0.19036840854090656,,0.8720063448873591,0.9205758544576222,0.7540973266023159,-0.0378269439267659,1.8322310377740338,-0.3933509472389102,-1.3633164473977863,-0.2525108180628617,-1.484206337705051,-1.7714816604749875,0.5391100488029251,-0.9169470122585324,-0.999956209442764,0.5478853315284362,0.24720922931950776,-0.9113872865923165,-1.4169115157745562,-1.7646473948646317,-0.11138465640958078,-0.286648168254941,-1.322075768187905,-0.0932729251686753,0.3748541122972837
120,-1.3629091643888915,-1.694224865839964,-1.2672665596791284,-0.4586893027323318,-0.1039385726897369,0.26464367400993516,-1.2757250404878926,-0.6046351567769837,0.2368258440928827,-0.016151173689550224,-0.79592036619651,-1.0315934629378194,-0.3301629540994989,0.6506152043160883,-1.0414494612782614,0.05793326935621204,0.04818012004603376,-0.9359508582280558,-1.6727296809449117,-0.25615057744068503,-0.7002777614867468,-1.0144245850525928,-0.0007626827139364695,-1.3457402865036656,-1.4413828912134286,-1.1100671897623566,-0.273319455325911,-1.211618671782863,0.008872909905252233,-0.11751760294081708,-0.6322633081018406,-0.7571212602603341,-0.5929959702223739,-1.0453575459581388,-1.0315934629378194,0.4233296074215481,-0.23484044531487225,-0.6931499347112026,-0.9322278263174182,-1.1100671897623566,-0.4646046647454378,-2.1211831720007996,-0.9712991721065907,-0.597563537331052,-0.6387906125355743,-0.25621355420963404,-0.29558252034658167,-0.2935139722044998,-0.16371214968257852,-1.224837536736661,0.559038995331759,-2.0389026988317966,0.22062845785733487,-1.5985822611302007,-0.6831088836015208,-1.929897962581273,-0.425805558809262,1.1690811400831933,-0.7053603389590087,-2.3647114744516844,-0.23781765453863646,-0.79592036619651,-0.8776738358054452,1.0812937410830068,-1.990784589190635,-0.11751760294081708,-0.27481382237280433,-0.318116484535994,-1.4938110370140265,-0.992929400157541,0.29810563163788056,0.511853474973768,-0.5056616732923169,-0.33029799725539627,1.3086800116840818,-1.781408989740963,-1.3414139794938393,-0.2439690647212833,-0.5608620131803845,-0.13549106521024498,-0.4319443380940485,1.0239662208763314,-0.10126286568395323,0.8472383734548294,-0.011809617365424541,-0.4277717603135833,0.14536838748198075,0.43970239317123094,-2.386206659346737,-0.40184335382763237,0.4290634320518402,-1.0781062467253117,1.0775312815524523,-1.5166603215914674,0.3151934192899275,-1.2463746498832642,0.4815680521533417,-0.5216528229307588,-0.08840847243504109,-1.4698052849707752,-1.3120635888892112,-1.0992831945746322,-0.829552253650256,0.003946493673824294,0.7347708879191696,0.39023994442351545,0.46101943583289084,-0.30772516908317393,-1.3824328246077981,-1.3366116670972545,-1.1272360676475826,0.2151956160419329,-0.2377082858586244,-3.0273428773538296,-1.010098278042767,-0.5118899636578562,-0.8280521481398525,0.5989274974356452,0.8720063448873591,,1.8875454836508432,2.368574914733658,0.37582920320326196,1.4734983128996872,-0.7750671078891789,-0.661478655550571,-0.8568069928058724,-0.35970470179511244,-1.1531544090676757,0.8098553133064961,-1.2635435277684903,-1.3548695854285557,0.9769989354737999,0.7401760981090572,0.4428041260590155,-0.7130914408337419,-0.9227791109858707,-0.034069315362915804,0.08764438997148788,-0.8390075855018296,-0.3301629540994989,-0.6164829390229585
121,-0.03503190886340954,-0.6728428101946763,-0.9185404460662695,0.5474393143402873,1.2091427203951504,0.9332148433090985,-0.03265899341877834,0.8618750732483662,1.1485761897109248,1.3150513985117578,0.8618750732483662,-0.14547047601376747,1.3424284477859716,1.334196664643938,-0.461014817111292,-0.2062680400223678,0.8618750732483662,-0.6976633117655543,-1.1394175803669844,0.2030141033225312,0.5171609268883772,0.44825426306205046,0.2962837925876625,-0.12830159812854147,-0.12830159812854147,0.2030141033225312,0.25814423881001614,-0.24173648208808382,0.7845573296789463,0.5343298047736033,-0.09895120752391316,-0.32754850437830635,0.6878002531433023,-1.1260191354580684,0.5171609268883772,1.463319974877861,0.6569498846433629,0.37907408214779803,0.3108382207516966,0.2030141033225312,0.8484766283394499,-0.6976633117655543,-1.296675107160645,0.33781569591169314,-0.4237396045412516,1.196961207675748,0.4021522017243777,0.7084461363079035,1.0684739120303344,-0.035177347481430345,0.6962172225228297,-1.1499118713639933,1.483889021805038,-0.3663476103144822,0.31345267047288855,-0.8081018789159122,1.2185914357266978,0.0888051031958636,-0.35551621406108624,-2.4940307767759022,0.6594220249264617,0.6275994940387352,-0.18380981704595248,0.35669643108555243,-1.026523636101885,1.4312367868853797,0.44691769446476837,1.479660857837622,-1.0841982967918056,0.6695888734948392,0.591533185490413,0.4619416433131986,0.24849573622392945,1.332220276396984,1.9477865455319028,-0.6352498806367975,-0.47678617746483953,0.2151956160419329,0.055191973602064924,0.9212242138952271,-0.3504817171729748,1.424790955253481,0.8408338253728087,1.7587820553601425,0.2445460066465612,0.8717912623785821,0.7968930949337776,0.0828378854983934,-2.16271507532483,0.15525012102836788,0.35995687395211845,-0.7089168276376748,-0.004611587557868717,-0.06877743591741801,1.9967671186116858,0.39802234465269554,1.1208948094359004,0.40315213155475127,-0.06612970127634499,-0.08847636894027114,0.0191389833120967,-0.8380301402050045,0.010184374882725526,0.9837356970606858,0.671504312807397,0.7499306385662625,0.8132059185245207,-0.546801423480613,-0.9431924068473059,-1.0118101353314009,0.3211042941585411,1.6630785017159826,1.0513050341451085,-1.8313993738737575,0.3211042941585411,0.7341815756585777,0.8028321142757239,0.25910311280558135,0.9205758544576222,1.8875454836508432,,1.6402195618681656,1.082752207549081,0.4270454226042669,0.6976362793557482,-0.10667137007759164,0.04581473340575876,0.3211024024894732,-0.7957044243409962,1.1883430067961536,-0.21316020765058077,-0.004611587557868717,1.6302052839937573,-0.6632072083284406,0.7465887381947235,-0.6168166694963859,-0.43798707152866373,0.6630828311745998,0.13714012072369658,0.5506084500578622,0.997714301425983,0.7209613795007334
122,-1.2042658996709046,-1.16604695319111,-0.8347312517400376,-0.017695714154751695,0.15034729673801317,0.5674496045584063,-1.069959232180863,-0.40637542804752397,0.5778507211211488,0.6908599126292299,-0.5416344967687599,-0.8729501982198319,-0.03626062066027493,0.981917241395758,-0.8356836529712319,-0.14170106683359274,0.3122821155529117,-1.2042658996709046,-1.535581601121977,-0.19314991743246118,-0.40637542804752397,-0.3470715540255953,0.22576813024955905,-1.1870970217856787,-0.8657207913781387,-0.855781320334606,-0.04466094459215116,-0.8860677559911706,-0.1637995268278329,0.2592136558611738,-0.20024425398745077,-0.5028353908325834,-0.23148925846464619,-0.7680899115028962,-0.503415550288965,1.1433356228532778,0.4750366841600641,0.050597110294733655,-0.5155972631786421,-0.855781320334606,-0.2103187953176872,-1.8668973025730493,-1.1654667937347285,-0.015755852574522673,-1.1512193267473165,-0.11032099206969317,0.3704039145301246,0.24300334679657795,0.6161883909554368,-1.0994946755547303,0.7047094659105083,-1.7476949549622176,0.5077004319494778,-1.4003225324007411,-0.5244656188835338,-1.8668973025730493,0.06275588982812025,0.3733937644594363,-0.4387079040426179,-2.7549357288096585,0.2758534277241178,-0.5416344967687599,-0.40937842210560377,0.5126875969450273,-1.7316382338518135,0.6634188116314822,-0.23289741284649323,-0.01531055398752287,-0.8479838797980804,-0.6901234696090699,1.0935101669363263,0.7351082479148086,-0.11720298035513217,0.2640657505700191,1.497096278712021,-1.5910320369825783,-1.2042658996709046,0.1470341397235026,-0.1377447091107694,0.4293649594409,-0.16958069004928225,1.7725029129586483,0.5383558586573604,0.4523126075844575,0.4215581494019244,0.08163998403224791,0.4465211417045558,0.5748686357306825,-2.7549357288096585,0.09771564403172774,0.9862115273845623,-1.0802603468217886,0.8574340963137931,-1.108314788117073,0.9742750019515115,-0.9920887804555142,0.947112214303241,0.005291196593235673,-0.3136860171998214,-1.3224764850593045,-1.0092576583407402,-0.6357840366437214,-0.3540690914622104,0.27244355998024794,1.1128472276872579,1.0171031136502033,0.8295522735115141,-0.45489548916824446,-1.2143438491789684,-0.9690090277016746,-0.8729501982198319,1.0904603903251326,0.5006058952242134,-2.4902613675957275,-0.37928980305773435,0.02218142810440158,-0.14416624381895612,0.9530127183296986,0.7540973266023159,2.368574914733658,1.6402195618681656,,-0.28923763844270844,0.6059292940879246,-0.1513861447033525,-0.36757632211134755,-0.503415550288965,-0.43084375586331497,-1.0518379530644426,1.7352392459032384,-0.8469129646297148,-0.8007649195474544,0.9524151540322552,0.4478768453432945,1.2109874813671582,-1.2042658996709046,-0.8341510922836556,0.31964336884653344,-0.34020310195192205,-0.737691129498596,0.09899844806096095,0.10321574442363646
123,-0.4046869513466672,0.8101372873072649,0.3683830187058349,-0.3111283267393035,0.449471195251564,0.6646015083290154,-0.43665179167248747,1.1548514336672533,0.3700072339042435,0.9453963560285008,1.1548514336672533,0.8101372873072649,1.5578065963325076,0.5127814718210498,0.3216222159394204,-0.49309415714285687,0.4608330546373314,-0.4046869513466672,-1.2747970436406109,-0.20097869493117848,-0.18380981704595248,-0.14924090899007714,0.40611333764700264,0.13033700651989416,0.13033700651989416,-0.20097869493117848,-0.08676969480451088,0.9911943755725835,0.8874550308766838,1.124284110873111,0.003946493673824294,-0.443486057282843,0.7058452344554358,-0.8531404424025554,0.1475058844051202,0.8591255803712757,1.0069657359261317,0.052466554794544804,-0.11751760294081708,-0.20097869493117848,0.4788215858561923,0.2579444515554775,-1.646888239274813,0.2777173971707586,-1.1337633720813163,1.4555998123241831,-0.084904403177392,1.52402340759739,0.7028204548088103,2.010020124902582,0.9347870513362958,-1.3056527748146907,1.4112119250024002,-0.7360026527977392,1.6630785017159826,-0.9434813421895382,0.7713381813710891,0.07888815592102516,1.1455851625572748,-2.86368581925916,-0.1356066900893284,0.2579444515554775,1.1209711540288754,-0.24749796342103278,0.9824943604872586,0.13033700651989416,1.7878909116882085,1.7139364370472532,1.0795344827286995,1.590858881045419,-0.05571455557522606,-0.7217914559190662,1.1695308624892178,2.2534902839475643,0.4952052300342628,-1.1223064855385678,-0.7494010977066556,0.683746774461195,0.7102513591450371,0.9420745902934006,-0.4105800159139093,0.8691166218676158,1.6628524411497014,1.666036182722535,0.2645117876030869,0.3847346574768118,1.8095655051608046,-0.21013847492049367,-2.1040142941155735,0.7847003561712669,1.0124075567657276,0.7578467932102342,0.621261332888425,-0.5558340408191883,1.1783948122588441,1.2605915709940192,0.8790472128670969,0.687075468367904,-0.7458690331293194,-0.3814527293591588,-0.40921684038041695,-0.7996907991728196,-0.049913923858208954,-0.04855074832471659,0.044417215874080866,-0.30271724699621144,0.6454427650014795,0.6000915492599461,1.194278034193778,1.1175848884186528,-0.04855074832471659,0.5133904939120676,0.350070517397081,-2.2010544163570147,1.3737521797210144,0.8896587062955776,0.4128156316153952,0.5828467968974815,-0.0378269439267659,0.37582920320326196,1.082752207549081,-0.28923763844270844,,-0.16040091576617402,0.21057967445397852,-0.5539246244332003,0.8842847071219756,1.42200657635897,-0.6341059419340022,-0.6239764039099062,-0.6130936375857479,0.17096321044250576,1.0641161958763408,-0.24242340199509943,1.5161772106131481,-0.986471711979643,-0.885240325884273,0.9062871635355921,2.4980509791856713,2.0316121593128487,0.5504610470703744,0.23390477459896306
124,-1.612850344856966,-0.18392091366578717,-0.07340962720641969,-0.30246247078781,0.10467099633737094,0.2467087657021445,-0.3693207982729927,-0.6189032405037495,0.004852888376965002,-0.0633123687671253,-0.5333578942332802,-0.2350321536482328,-0.24878843311650098,0.7446585694756863,-0.5190131554340925,0.7965209034372945,-0.026985842383216607,-0.31917998238702305,-0.8061241726295674,0.5633034342756313,-0.2350321536482328,-0.13014325854709882,0.3072235135668661,-0.895662946206027,-1.3188800153044271,0.16832835717294753,-0.14123795538047,-0.19185243325292398,-0.2726607138971687,0.768059997029511,0.2142445328501292,0.24222003441975165,0.5830433796785195,-1.7441993313404547,-1.067356731559637,0.9313885575036092,0.8925894515674333,0.09236967761908971,-0.047444722535467596,-0.8090529621077159,-0.34210178883643594,-1.0778929387099792,-1.7767343747960747,-0.44673571686658675,0.13609828053106263,0.7547748433709317,0.5123313559482263,-0.28738207184610726,0.5702933652784845,-0.41990835242653596,0.4537104260152502,-1.4413474424791433,0.06755741617533574,-1.9441660463080384,-1.4460859593258546,-1.2074840731063974,-0.028637271482581807,2.7321590138216973,-0.6620013284721914,-1.9757857439620137,0.1688828419339266,-0.44781254796281145,0.019658816007429886,1.6118452244097332,-1.6380046095298135,0.8607639001539561,-0.6461319729310488,-0.2521913924091577,-1.481501358373477,-0.39402497740552533,0.46401855188910535,0.04099556337401561,0.5790327979852119,-0.26768606214306945,0.5900968787993773,-1.6163077071207972,-1.9373067339509742,1.2582140172605523,0.22495435613871506,-0.2532879971929125,0.16228035972058444,0.4452307370003029,-0.281761615333684,0.6833700133585954,0.8069782511840841,-0.29287895387551127,0.414551429598867,0.837113280927476,-2.1707667309725496,0.34518289725463275,0.6381320998622777,-0.6658631381495949,1.4774113932388975,-1.651219320319079,0.19468606238373934,-0.46124037107211824,0.6890214541039581,-0.06471910774674919,1.8768338258742678,-0.3803098129861219,-0.6009507763548786,-1.5290645311185114,-0.2649105156244963,0.17096321044250576,0.6944223878823758,0.3334493311460976,1.0693722127439016,0.07285848847695037,-1.0022679318838752,-0.7020231485926198,-0.28072822669561215,0.5113477874571689,1.1211852632767656,-2.7340597515739216,-0.8215863763790331,-0.08587236269179692,-0.5760589187709871,1.939378736913507,1.8322310377740338,1.4734983128996872,0.4270454226042669,0.6059292940879246,-0.16040091576617402,,0.018001529311662722,-0.7401236762711382,-0.21995392801058722,-0.45570232158802754,-1.1327735213804566,1.4375736985424468,-0.017644004034457147,-0.5271477685693688,1.607022430856257,1.1346086440475824,-0.00413402273655473,-0.8875954021337658,-1.2231653442077153,0.3828988430935019,0.11736458162859695,-0.8186266978146105,0.6110161478482997,0.3886277471065699
125,-0.49027067492796106,0.17236072797418367,-0.15895497347688842,0.5458114255619589,0.20171111857881194,-0.11243570498703412,0.8521610087615544,1.6328826024997085,-0.2858137182662492,1.7494234668812878,1.7681416712209443,0.8349921308763284,1.8069407771571202,-0.23882621783310398,0.42380518506904075,-0.8215863763790331,0.6389354981464922,0.5036764294252563,-0.49027067492796106,0.8521610087615544,0.17236072797418367,2.6920174480886887,0.6389354981464922,0.5208453073104823,0.8488478517470438,0.8521610087615544,-0.15895497347688842,1.633017672786412,1.0167704680874186,-0.14178609559166241,0.8583193002646076,1.00905030553374,0.9721107576106959,-0.9186264986204747,0.9702511995975642,0.7795962490596052,1.9869223805263887,1.9374499181744733,2.193137209576066,0.8521610087615544,1.166307832327401,0.6389354981464922,-1.11410297189393,2.1646451139077807,-0.10590840055330046,1.514792411663699,2.327271968425637,1.1398025762113149,1.7717920674489374,0.3819031762065326,-0.42165294644386603,-0.8051116724497996,1.0434462181810813,-0.02369590475565254,-0.6691584297725712,-0.15895497347688842,1.8677383411657216,-0.587310797169402,-0.5387907360486821,-2.5075152742390237,1.012397547636832,1.3015669010486368,1.2084428284641038,-1.0991534024985576,-0.6559285256534971,1.8611349604929903,-0.02171951650869894,0.8643425214809567,-0.35111808031851066,0.6865031580360184,0.629838184524413,-0.329384247512735,2.228404433221422,1.3226293048220774,0.20904993102989958,0.040866019728468074,-0.15895497347688842,0.5230873489863523,1.721941821306038,0.4256760033373168,0.449471195251564,0.32999456485250445,0.991035657852965,0.21057967445397852,1.0527244487821,1.3956538294280174,0.6087990552508988,0.7757027231713908,-2.5075152742390237,1.0924958698789513,1.603219359905528,-0.07316836710756738,1.0243151991535215,0.4361023332888894,0.33163351371570127,0.7158535486406467,0.43199001982274876,1.0638547508452947,-0.7322708713099626,0.14382150398301513,1.3613160736575654,-0.6206627730357633,2.7780067370757617,0.5036764294252563,0.34819929878825523,1.6233030946086267,1.8388317078827159,0.006702877248647619,-0.3378427283214992,-0.3378427283214992,1.000649981601865,0.6974969253532329,0.767766138049672,-1.8448838713368785,0.9907105105583327,2.0977493804968654,1.6686111425534211,2.5063252716976026,-0.3933509472389102,-0.7750671078891789,0.6976362793557482,-0.1513861447033525,0.21057967445397852,0.018001529311662722,,-0.45147156899178525,0.2894985175789992,0.7898997033655465,-0.6131322890742809,-0.24712649675341516,0.5365587023207046,2.4534631665045836,0.011229389051515068,-0.304983388782342,0.006728627868435078,-1.0357642882252902,-0.0030180779358976364,2.084659059804779,0.47646650960669956,0.10094796442673284,1.5364226397146494,1.397077279865999
126,0.3013895054201485,-0.7882002036428314,-0.7882002036428314,-1.364304641521263,-0.09621841013605956,-0.6218621915390982,-0.8505207030258279,-0.02992619603092359,-0.8194163437224286,0.34100596943162126,0.08051237111943377,-0.9309854782070026,0.008872909905252233,-0.4425106593698897,-0.7724288432892844,-1.119515905093904,-1.119515905093904,0.3161854678607433,-0.02992619603092359,0.002038644294896094,-1.009077337943546,-0.26662552252698773,-0.015130233590329346,-0.5501541914568913,-0.771031325757606,-0.540129652326607,-1.340393039394619,-0.9103688602004308,0.015948709792167993,-0.6605927586072486,-0.3301629540994989,-0.5932173782335686,-0.38653822092979473,-0.0017317886814135698,-0.7882002036428314,-0.10272164050022282,-0.4275341115871316,-0.6885035317762397,-0.5675646036186774,-0.540129652326607,-0.12556880074068671,-1.4508316065449764,-0.20473446779780358,-0.3447173822635318,-1.8976261610788308,0.1478385347593741,-0.00971730039035524,-0.12556880074068671,-0.12390044523901302,-0.8703333528164225,-0.27782820655730694,-0.5875297984427874,0.2741704959835918,-0.02992619603092359,-0.9138166003217773,-0.2508033303316383,0.048489373916725,-0.9499337407119007,-0.9633321856208171,-2.1428134000517494,-0.587113207926462,-0.2508033303316383,-0.6349249391772199,-0.8136981891058759,-1.8521625540118216,-0.7024135972735115,-0.650964746674642,-0.02858887577544104,-1.6164894572705124,-0.36162376456998985,-1.5267012656394587,-1.28517375581944,-0.643492419590048,-0.10839992285546127,-0.3132331801621397,-0.09241789841484774,-0.12556880074068671,0.40075514204054913,-0.395923148529202,-0.6751434641781479,-0.5483297260103055,-0.5153753943654154,-0.7386062349141925,-0.885240325884273,0.02663977323413053,-0.2773165859689514,-0.43776009968422513,-0.5996951926768315,-2.0751838656911312,-0.5254486718279694,-0.10177178923140129,-1.0526775612294812,-0.26018635957225844,0.24263659026057385,-0.28185477237210116,-0.513371549798254,-0.5555853730925419,0.3945588728530078,-1.6321713166544296,-1.354857966589022,-0.9339817950161888,0.2464538560254894,-1.003664404743572,-0.7882002036428314,0.15462908535770808,0.12261684396621626,-0.4538667028163048,-1.093888546399914,-1.3421724240142912,-1.167040442036306,-0.7454275305075974,-0.01340168081245916,-0.7855625882372492,-1.8170759790340985,-0.9457814406475968,-0.09932177900607221,-0.006755194277328701,0.23920143753250173,-1.3633164473977863,-0.661478655550571,-0.10667137007759164,-0.36757632211134755,-0.5539246244332003,-0.7401236762711382,-0.45147156899178525,,-1.1033626776523628,-0.9385167323174277,0.6484765672247687,-0.04638290713085935,-0.9959204273111911,-0.5915020610233311,-0.7264178123377499,-0.6878803069118308,0.13168519438011594,0.5074706772802695,0.9732280893772811,-0.2575090553970897,-0.8369053083564401,-0.8690870984427319,0.27982883359336524,-0.022369262683092504
127,-1.2767734318875648,-0.22680018683605674,-0.9850741944479652,-0.28550096804531333,-0.7787514883112839,-0.3474668751406223,1.083276024176606,0.18235092510628298,-0.5397134275545273,0.4788215858561923,0.18235092510628298,0.2445460066465612,0.2999919878884706,-0.676009948354381,-0.11814976956841046,-1.822267045184894,0.4903184190700442,-0.8498151257267292,-1.743348202059873,1.452225906545551,-1.4120325006088006,0.15388038511148436,-0.21767156742964625,-0.008295967979973777,-0.1039385726897369,1.0252676003847159,-0.9850741944479652,0.6506124030115329,-0.03904387611627997,-0.1039385726897369,-0.426385718265643,1.184898042623008,0.0030184968265425595,-1.6772975222312987,0.76714691751716,-0.48623489279638765,0.8078117729283047,0.7462550077212959,1.645318708563158,0.3626361974825711,-0.08676969480451088,1.1941052236779959,-2.1000645645382052,-0.03215170848806757,-1.1641621540856164,1.3318357086903463,0.1453976320877237,0.34336034820817973,0.6464802292125945,0.9830151090979136,-0.22680018683605674,-2.085421967321651,1.1384953077517845,-1.6477055973501096,0.3082237710305041,-1.3163898958990372,0.20574690071038537,-0.16120248350629865,0.14080666195066202,-3.0979613984687906,0.332365597614658,0.8067633815286328,0.8680420528778692,-1.3276642661487559,0.07749063838934726,0.08734663672978935,-0.3224427915458204,0.9949648085488931,0.17453076063078826,0.7862691869675807,-0.2846254530931284,-0.8525479138675358,0.5790645963081841,1.3285225516758359,-0.5801732821500447,-1.5067098152190388,-1.4120325006088006,-0.38492475229555545,-0.04886533396185773,1.1195048323307168,0.2617926448199373,0.3108093292232915,1.0317952462223436,0.6916019801707709,0.8701253930584729,0.6525034504289435,0.2587202762330844,-0.10779664775627296,-1.8170864799862838,1.128829736969334,0.08661368356418293,0.005102476928942569,0.4770986670579408,-1.276251775952032,0.022903795619469272,1.6723816096139785,-0.3925731326711025,-0.031359983671340054,-1.0757872170487135,-0.5328993832060218,0.7740876742481785,-1.4500932882898907,0.07194669995411057,-0.9635790095529128,0.1507093778067805,-0.5517887886464368,0.49976625263085567,0.2445460066465612,0.17282408649502745,0.6306358753723283,1.3556309006045935,-0.7296281520913751,0.8766158681895132,-2.1229625566204713,1.7609404420464057,-0.011658554915256886,0.033646056272277305,0.38602019798166837,-0.2525108180628617,-0.8568069928058724,0.04581473340575876,-0.503415550288965,0.8842847071219756,-0.21995392801058722,0.2894985175789992,-1.1033626776523628,,0.6496416400978875,-2.0918327813961715,-1.300006251720967,0.8783451408952324,0.4732776474209561,0.28714203843273695,-0.41503418753636795,0.12958066434114263,-1.8309141930488655,-1.5640593139120447,0.9485114307634109,0.6113992511176842,0.4721223634017341,0.9344289834411053,1.3194429812615405
128,-0.9276021158028364,0.01663126609961384,-0.9658210622826312,-0.04863610164302555,-0.45642473728776856,-0.23744451304492675,-0.6517530653667177,0.7174816154815529,-0.698740565799863,-0.15445942644132418,0.8030269617520216,0.01663126609961384,-0.04160975020565192,0.5743514499081455,0.010878337535426942,-1.910054444185081,-0.5402602736534734,-0.510741068081295,-1.3749510081294394,0.07201909046463414,-0.9773158382536036,0.6446937609458833,-0.413700945839854,-0.3538392267129152,-0.7999219514582429,-0.08884299368660638,-0.8802757160121619,0.8228220597330539,-0.3652052891030461,0.6169157785387271,-0.762840458978882,-0.8165833891960975,0.13551563824818624,-1.849329599485491,-1.0628611845240723,0.016163034156322927,0.4743374803967552,-0.23744451304492675,-0.09891233942924528,-1.0264664287931413,-0.15445942644132418,0.43049473159816837,-1.993115962061225,0.2142888296974053,-0.8734509441499639,0.6301120784622207,0.12834399254802614,0.27389639725118947,0.2233755434996022,0.9447261645757556,-0.18605186977567098,-1.8126464353746214,0.169093085452341,-1.3086315397046762,0.9039102362787835,-0.9773158382536036,0.5921054802519776,0.38225583179273287,0.42066776581103615,-3.060879905989429,0.635094866328858,-0.6460001368025309,1.4746454234126563,-0.2509962889763785,-0.2345719308963915,-0.21740305301116547,-1.0513664085531,0.8191407132988602,0.02812604207058613,0.651095406220789,0.12710876727634324,-0.8001632115570952,1.7083854871464332,0.9084172676811215,0.6870797619633172,-0.9472209278437368,-1.0436353066783675,-0.026907797614993633,0.3617262025948066,1.1745059998379526,-1.358975177825296,0.05739760602528068,1.2366425722906362,0.01663126609961384,-0.4228917073901155,-0.5877448322428526,1.7863344679661572,0.016163034156322927,-2.000613333211449,0.4325859838086207,0.7343991399739535,-0.3144431752526065,0.8517629598736148,-0.5493381930910874,1.120441788258436,1.0516647971272834,-0.20470482100308848,1.0377070712169256,-1.013602771187549,-0.30942539287935117,-0.682969214622667,-1.2819686784793438,0.21074988789332103,-1.1484065307945415,-0.18186533835017413,1.0444644709304207,1.9882267392994415,-0.2680299444961471,0.5589467808158527,0.44794477079867995,-0.3810039037762227,0.04280356997643517,0.4314679164681025,-2.3982485030872853,0.7300809901818097,1.2193542709226646,1.962707051038842,1.34444929138393,-1.484206337705051,-0.35970470179511244,0.3211024024894732,-0.43084375586331497,1.42200657635897,-0.45570232158802754,0.7898997033655465,-0.9385167323174277,0.6496416400978875,,-1.7881143421836807,-0.8109398592908952,0.6176270358832058,1.1472131647587196,1.4747267058279114,0.8348173603717521,0.8868277516545913,-1.662869047605161,-1.0093262854051528,1.6258368220678414,1.1005401129853558,1.1765580929907442,0.8136356787940514,0.1952286089320792
129,0.1618081414424249,-0.7153152582039012,-0.8273675396004825,-1.323076758521905,-0.9016131024576037,-1.2757250404878926,-0.801885725014575,-0.10870999600004685,-1.0156080196081627,-0.5752847661723554,-0.2439690647212833,-0.9922185332029063,-0.11317134616577124,-0.9750737855238856,-1.294894711003985,-0.8365852216076551,-0.9417019575698673,0.3578647741722611,0.3882635561765613,-0.7541725210169655,-0.5800561894826654,-0.6168166694963859,-0.3497089278703408,-0.3668306788676031,-0.3668306788676031,-1.029462081769748,-0.6921084708792467,-1.1100671897623566,-0.12089150871944915,-1.0854882224680382,-0.4218084281662216,-0.6605927586072486,-0.11202295284428257,0.4568812846606563,-0.16950756000864775,-0.7259202116495982,-0.626323541704822,-0.5082333508688122,-0.7844753128527888,-0.3668306788676031,-0.5752847661723554,-1.0466309596549739,-0.5797461163380797,-0.47678617746483953,-1.3478213322405368,-0.8038862434677327,-0.09895350377049059,-0.4218558292318932,-0.8501642518587353,-1.3187628113436693,-1.003640589864869,-0.17274888807293753,-0.41808539625558355,0.3578647741722611,-1.4120325006088006,0.21783428214071526,-0.24843041488700712,-1.751890058346493,-0.949228163412802,-2.095555813306809,-1.1244585632435677,-0.5752847661723554,-1.1546681292045822,-1.7090935475895683,-1.3851386557856913,-0.8512126432584072,-0.2731983156017415,-0.6403126470223046,-1.3291125150874008,-1.1103087240389167,-1.6588427801497763,-0.6453000121881283,-0.9007957443823074,-0.8894315897382015,-0.7523677093868423,0.3371416793439476,-0.0783112139957467,-0.10372263083422313,-0.34262157136193594,-1.159336778151343,-0.6891698623530135,-1.3629091643888915,-1.503714508136456,-1.2953398273044687,-0.15870038013284163,-0.43897730605144764,-0.9466121333185272,-0.6361213831683762,-2.9238450669344904,-1.4088843920442564,0.23723682045372083,-1.2081557034034698,-0.6920511321993021,-0.02946269697227972,-1.1451414049084891,-1.4157555325194384,-0.9886438070496311,-0.40823806523658135,-2.262020521155457,-1.2593504050351563,-0.6559154665860105,0.23624568463650175,-1.1357331999448799,-0.38399955675282915,-0.5243107144072413,-0.4007583595716528,-1.1555680681153633,-1.3739820949188477,-1.4618189423685781,-1.6329096349095156,-1.2379161690745002,-0.9481323709474581,-1.7969362002605884,-2.2612136640323457,-1.377946661106046,-0.31173170446301113,-0.9809322602654916,-0.8012691157515541,-1.7714816604749875,-1.1531544090676757,-0.7957044243409962,-1.0518379530644426,-0.6341059419340022,-1.1327735213804566,-0.6131322890742809,0.6484765672247687,-2.0918327813961715,-1.7881143421836807,,-0.8114911803531227,-1.5441468379963743,-1.2757636919764257,-1.3536651084690776,-1.7087834744449824,-0.6202059709335965,0.008427793604768101,0.5313387776199526,-1.223578132557059,-1.3550737276690605,-0.9188293814085019,-0.8006232506387945,-1.1171795231102046
130,-0.9686905502698946,-0.5565282065496536,0.13569512123368013,-0.48774213744599126,0.3859226461390231,0.38528432980575306,-0.9811135972658571,-0.5269362816684646,0.22971351074503463,0.6447605637209243,-0.5269362816684646,-1.1895676845706096,-0.1568214742812167,1.4174630872205791,-1.04856179462611,0.3961887195458676,-0.009844935863117047,-0.6373748488188226,-1.1647471829997311,-0.153631200761288,0.02525655408332219,0.5397131416155966,0.02995525808462261,-0.8443962622488218,-0.9614611434282014,-0.4882600592268712,0.16710226435558648,-0.9818081080412333,-0.2595398788778956,0.46430075848291485,0.36664679686463125,-0.7898609523021729,0.10563322063878836,-0.9008796789089119,-0.6669667737000105,1.5077849034189899,0.1272135586818749,-0.17455853424802437,-0.6113376152287048,-0.8162626036634327,-0.30605914736774986,-1.7141508785348076,-1.3220047097933918,0.5559066215878693,-1.2469596787973793,-0.2888902694825239,0.15979507992459394,-0.0688427162438895,0.3606339644083786,-1.2097622014491987,0.7012864018943833,-1.0438083457710874,0.5090002021408567,-1.1895676845706096,-1.1428068818041948,-1.6313219531720393,0.3905999381602607,0.2363400341913782,-0.7634162355328858,-2.0890281674691815,0.025669941993803805,-0.5269362816684646,-0.8187259526645865,1.1536292180966057,-1.7425673774455086,0.9790339461785488,0.30252250308305806,0.08053183193033271,-0.9019033931818802,0.1478660875591879,-0.30956302132794133,-0.23604390135197698,-0.3485747062267114,0.3565949794733635,0.5986940317282676,-1.4173535962480517,-1.300006251720967,1.498563034140922,-0.34681099623878986,0.10355366854645065,0.0013921636005338061,0.9329218417365412,0.0649841186902946,0.4952052300342628,0.6121512148196794,0.32906405589657467,-0.04513261219479414,-0.1544959599022565,-2.256668301288317,-0.43494457654050545,0.26669060980067755,-1.060790708411184,-0.13823126398560923,-0.850881151528672,1.5015495887921209,-1.0878291325055764,1.0339573307650887,0.8153006750000762,1.1415700622521827,-1.1312890229800778,-1.1353967923951032,-0.7267529653834736,-0.44503802020196254,0.2957746915257945,0.4300689991842457,0.7716008622984852,0.4250523128485192,-0.2872845909521891,-1.2896334458054142,-1.3636840161049102,-0.9686905502698946,1.052228764591791,0.9865646708282764,-2.0937995907794917,-0.8367446385631693,0.5101757201779159,0.5414744188163576,0.5529522025540946,0.5391100488029251,0.8098553133064961,1.1883430067961536,1.7352392459032384,-0.6239764039099062,1.4375736985424468,-0.24712649675341516,-0.04638290713085935,-1.300006251720967,-0.8109398592908952,-0.8114911803531227,,0.033330485069208646,-0.800862666887754,0.4063056714434717,-0.6237104980390955,1.238733627036955,-0.9686905502698946,-0.502933138172883,-0.28511768387323855,-1.0640828376576075,-0.9257001804797903,0.6272923524863219,0.06934530930040522
131,-0.8771891280844034,-0.021874998231053957,0.213798098510255,0.3808534667674695,-0.46273990643893775,-0.5818026516264487,1.597822634458198,0.5437162824296492,-0.5245742338285733,0.02207394037968048,0.5437162824296492,-0.021874998231053957,-0.09761592766773745,0.28677102553258094,-0.2646090582494492,-0.9728317327941665,-0.45406210088923293,-0.4502308219235676,-0.75865382094791,1.59502759939484,-0.6845064011331987,0.46367809266725496,-1.1114647072940345,1.0379797704044194,0.8533208750139148,0.9638323505897081,-0.9187819803428298,0.1630296279539538,-0.76796749312356,-0.24229485656996957,-0.12359878950049139,0.9635513876378965,0.10120534119157532,-1.6514286292607476,0.8209822314293851,0.15988082445838944,0.23320901807135105,0.894734264400773,1.6786218756616935,0.32107988977462787,-0.5444759091016529,1.481259046137649,-1.8928274094229667,-0.15596294044478606,-0.987275191871873,0.5440199785674771,0.31790803399258305,0.4362185671935217,0.47667955534918605,-0.08794700075473497,-1.0144245850525928,-1.1591645946052471,0.04499123487183275,-1.0158221025842713,-0.474654796296768,-0.35319069968212663,0.23862917360583366,0.22094403264885973,-1.1928961151251245,-2.775898420258972,0.881584110949078,0.44807367771988604,0.4921075535270538,-0.03348867742589938,-0.5174510328759847,0.03165793541525519,-1.3727651627293338,-0.3097097835973595,-0.5273905039195165,-0.23213666025012844,0.6264636520824002,-0.32816213433782593,1.3142569830397997,0.3684226567984082,0.2632551652035914,-0.7535019994228882,-0.992929400157541,1.3227987271343316,0.43152342953953055,0.273542323049886,0.24542471515514133,-0.37622054069228866,0.1509860266571539,-1.1800824357781292,0.9214968534824067,0.45442330112927193,0.677979557642595,-0.02992619603092359,-2.60471087820282,0.1044503801086779,-0.6018766806520242,-0.36304669802256867,-0.6265781350488688,-0.4456370079453911,0.2838133445260279,0.5776132034788416,-0.26994438885632577,0.5668141732099666,-1.001808423085126,0.3265177128078906,0.4989192532195662,-1.5448078961523721,-0.15419419950551366,-0.8757916105527255,-0.13033128228781274,0.8439783113098597,0.5949389344820154,-0.4673147289472763,-0.9972557071673669,-0.9972557071673669,0.9180223536708261,0.16349765047992168,-0.38475762460286056,-2.1132670173568275,-0.008921766847855898,-0.41751778905385717,0.8755024532325136,0.06490612528674655,-0.9169470122585324,-1.2635435277684903,-0.21316020765058077,-0.8469129646297148,-0.6130936375857479,-0.017644004034457147,0.5365587023207046,-0.9959204273111911,0.8783451408952324,0.6176270358832058,-1.5441468379963743,0.033330485069208646,,1.9093830004250838,0.19338599939088572,-0.29122665146622334,0.2642137340242221,-1.7869097895431743,-0.6216143560700143,0.18881083180490388,-0.15710503674542142,-0.09049272671514898,0.7755992578672947,1.1418386992721696
132,-0.6559285256534971,0.032330235942637814,0.17236072797418367,1.0075175446758893,0.20171111857881194,0.004702084617780845,1.266305635575395,1.4276082877627008,0.12833090854759147,1.1476238789668631,1.618893497182227,0.5993190341350194,0.7337607447809583,-0.07316836710756738,0.5066341104318087,-0.9872442271045697,-0.16035249100856688,0.10234548195841074,-0.49027067492796106,1.113461464196854,-0.0633123687671253,2.3426776952692623,0.19798808666817386,1.0434462181810813,1.1735372391690948,0.9692987983663699,-0.39462807021819796,1.3444754839755886,0.07884950443249211,-0.04614349088189929,-0.14888043214665256,0.7733772087924311,0.30947935470855115,-1.3503562280916201,0.5993190341350194,0.8619862257113261,1.2846745136127709,1.2615658872142852,2.089252048029294,0.6379830969152973,0.5036764294252563,1.1649103147957225,-1.6414753060748386,1.8364864610854816,-0.43722410200437256,0.9692987983663699,1.2893854549439652,1.1530552042693576,1.0959080364887492,0.6343563508827699,-0.3260103417341029,-1.3506052857471287,0.4636437406417045,-0.72594377166927,-0.477873220353045,-0.0633123687671253,0.9909290264173197,-0.49166819245963894,-0.573099600290729,-2.5075152742390237,0.8682430469536538,1.0262773402958552,1.3956040292319982,-0.9968844837597735,0.006702877248647619,0.8408240201863448,-0.6843509194108437,0.20171111857881194,-0.006549750809395765,0.11061076273438843,1.142560373115601,-0.7003164129752798,2.332289594768194,0.5982252127411688,0.2918788563926676,-0.42135155434773935,-0.8215863763790331,0.6253562677251372,1.4730160965066856,0.15519211687396364,0.3023459443451547,0.39176725403126833,0.3359891378004721,-0.49166819245963894,0.7166373240207172,0.7330224265258727,0.7874557859474857,0.16909746096753694,-2.316230064819497,0.8435701450795988,1.2125209467287454,0.2581473343435047,0.41020385737209725,0.02415618628319391,0.3934062028944657,1.0471692500917187,0.41873739176470537,1.3333977631176035,-1.2992596695023442,0.9721107576106959,0.9814803110857722,-1.1876515712281446,2.112147245245857,-0.15895497347688842,0.0654036584579042,1.7757083172761206,1.8208076565143636,-0.15895497347688842,-0.28181658762320827,-0.28181658762320827,0.9521299204811439,0.7601493800805444,0.20901989669429993,-1.727746081732063,0.2861853605644886,1.2246676485204409,1.755406466504122,1.320876100775003,-0.999956209442764,-1.3548695854285557,-0.004611587557868717,-0.8007649195474544,0.17096321044250576,-0.5271477685693688,2.4534631665045836,-0.5915020610233311,0.4732776474209561,1.1472131647587196,-1.2757636919764257,-0.800862666887754,1.9093830004250838,,-0.023079475190532446,-0.1736344022988529,0.06850131704719897,-1.3185599285556417,-0.3686426436290172,2.0228863706260154,0.5249865707274206,0.05242790330601176,1.2399519789647397,1.182899368019742
133,-0.8253403730569745,-0.33587290045793505,-0.5155198565009537,0.6198769657911627,0.5521655257786736,0.7065698606320892,-0.3326931278901922,0.16860673129624293,1.1095519361646575,0.07296412658647981,0.07296412658647981,0.285744520901059,-0.12390986421865333,1.9626518854063937,-0.054029661358778375,-0.5681720914206125,-0.2798467597596447,-0.7082025834521589,-1.1136657047179417,-0.006907117769735765,0.05146894169142796,-0.13918470585659343,-0.6020338418043063,-0.4605894053229666,-0.7852787927450181,-0.01213591426707899,0.14526313995919077,1.0743845695612795,-0.33036761351123195,1.4729774450181525,-0.6186929451722003,-0.4767207505647778,0.34420402937753936,-1.797792292515139,-0.8468355579520269,1.1048548802460678,0.6949306740774793,-0.06372520062242211,-0.1589859382441922,-0.9994567045912752,-0.47113196917917094,0.20099995605545834,-2.3030892823446143,-0.5413225104465507,-0.06667202744113694,0.2827527546539615,-0.07971170414584985,0.49241635316974575,0.9207477724783462,0.670984021265571,0.8527333190934406,-1.6700285964602812,-0.03981846448010481,-1.1566560745080465,0.39995352102772547,-0.9209829777667381,-0.10433031880643358,1.824006446296236,0.9483759238032038,-2.6069118756267273,0.7190116393462561,-0.589667276315665,1.3782127537422786,1.1307900926117394,-0.2720896777221231,1.2753653182444489,-0.7082025834521589,0.6737937664949405,0.1471115464011911,0.3949434498066917,1.5750546582476517,0.45279988915827296,1.2492362713528615,0.5411613071562115,2.1077901879717706,-1.133808444069085,-1.3479412839275728,-0.024762743457240253,0.550296783016165,1.047731398346803,-1.1043943590325822,1.4487085455836355,1.0418514493558273,1.0655137134080188,-0.430804867281321,-0.36010924122298144,1.5992780133246867,0.5094436882963402,-1.9914030163136254,1.251228176191118,-0.41136304814017455,0.7014493111897737,0.5093523460865991,-1.0831747109968977,1.91100040587095,0.7349922543894363,1.1985166403713536,0.07888815592102516,0.4049368972688222,-0.12380397785407851,-0.46467428100127406,-1.658347170801602,-0.20632242857337355,0.40427982803755247,0.5628282732853098,0.8753400478770065,1.5094253347810591,-0.05189996603064385,0.3183756025357502,0.9641472841567513,-0.35399417957435597,1.5674370706366751,1.2033159684855514,-2.1570608670391613,-0.022678478123283306,-0.348833427904997,0.776484768746836,1.175172393688558,0.5478853315284362,0.9769989354737999,1.6302052839937573,0.9524151540322552,1.0641161958763408,1.607022430856257,0.011229389051515068,-0.7264178123377499,0.28714203843273695,1.4747267058279114,-1.3536651084690776,0.4063056714434717,0.19338599939088572,-0.023079475190532446,,0.7009598148596753,0.5496493204895286,-1.513599134653109,-1.3434510422334442,0.8869671364723377,1.266882131455908,1.1826515030128348,0.650191583079916,0.05267576831292052
134,-1.8114976986006768,-0.5306227801181703,-0.48623489279638765,-0.9945229097795126,-1.119515905093904,-0.41961795694315995,-1.3801841939016106,-0.2519593135867566,-1.0016109057055977,-0.7004128046426448,-0.06067410416722978,-1.1502638132302103,-1.0144245850525928,0.06059866054107839,-0.4832772117898352,-1.0747818526527702,-1.2635600035462415,-0.7219079895376966,-1.4801819971496044,-0.1821382007818723,-0.8619384815692425,-0.661478655550571,-0.16242340279643214,-1.2717279098448522,-1.4630131192643787,-1.0145596282084908,-1.1502638132302103,0.09061638843879756,-0.9110618177891519,-0.4178112975231807,-1.4336627286597508,-0.6831088836015208,-0.7855436540176807,-1.515441265064976,-1.3845393924398413,-0.3147116896710878,0.6404363087459537,-0.5006022509158952,-0.953858054368368,-1.6771910311106355,-0.8175505942474597,-1.3845393924398413,-0.5263546299852331,-0.8116064060214107,-0.24190311045327345,-0.06037040802940304,-0.016721033890322607,0.3474872026466951,0.028835534112728215,-0.5952972651101729,-0.6478235464919343,-2.3485881722319193,-0.5491785193662295,-2.1428134000517494,-0.6090965069427074,-1.7158550938909136,-0.00037981333600211204,0.5887046706768722,-0.40143448299267354,-1.980878581236851,0.05433071095478511,-1.2888967877300783,0.606454066543261,0.5700028404002322,-1.5410686237589666,-0.628301218692882,-1.4916767731205771,-1.119515905093904,-0.9832084449729958,-1.4630131192643787,-0.3148733437947122,-0.1806684074459224,0.31863044969232346,-1.1316974178133063,0.052169977519784645,-1.8554213663997758,-1.8114976986006768,-0.36124189748199625,0.2738613117189085,-0.5933454247018923,-1.2642307223647702,-0.14436341460902316,-0.014354457243454456,-1.3104549493940787,-0.21886956077687814,-0.8243973139977354,1.251816901285601,0.9409431623026754,-1.885235976527088,-0.17009576137131144,-0.02879092743980659,-0.6297877988253214,1.5898254976271682,-1.6350605855720635,-0.40190675289314143,-0.60537347503207,-0.39370870190748486,0.04957403542513543,-0.4791635475281645,-0.6885035317762397,-1.4508316065449767,-1.2266061588866763,0.17592782031461626,-1.3845393924398413,0.47480571234004554,0.6748631271171679,1.1878360432663504,-0.5947697910088009,-0.5321717572948667,-0.20719159256659483,-1.031728506093717,-0.5658360508408079,-0.4302559696539306,-2.269203912897819,-1.0532236909887687,-0.6302902276384522,0.2616096273100769,1.4565169300506802,0.24720922931950776,0.7401760981090572,-0.6632072083284406,0.4478768453432945,-0.24242340199509943,1.1346086440475824,-0.304983388782342,-0.6878803069118308,-0.41503418753636795,0.8348173603717521,-1.7087834744449824,-0.6237104980390955,-0.29122665146622334,-0.1736344022988529,0.7009598148596753,,0.6516503664995021,-0.9832084449729958,-1.2757250404878926,-0.009048118900894946,0.2602515561388858,-0.2835517569211034,-0.13901278783586948,0.35837794038644954
135,-0.8286600582383488,0.6270903929768666,0.45221486024415797,0.41725531983725056,-0.13667826473157574,0.32894410420953785,-0.7858638216591326,0.6123430196390778,0.06405566001949801,0.7304393780645241,0.7079856243488408,-0.401701752077513,1.2922783435823464,0.985890055420422,-0.08024204896688301,-0.5458644179079972,0.03546243021397188,-0.8286600582383488,-1.042837970084606,-0.0317219878461625,-0.6373748488188226,-0.15442582565056812,0.6218789312307349,-0.059843486770236036,-0.16211240550902084,-0.2525262137214413,-0.38020656718246115,0.16167001067601391,-0.023866782136586624,0.45281795305683004,-0.04212948141566322,-0.26726004143157406,0.5145309964473247,-0.520237059214007,-0.6373748488188226,0.8515993868374988,0.3974783599905433,-0.09557894235888277,-0.2680272512150648,-0.5772156011434922,-0.16602865533620403,-0.8191595359058642,-0.8869010745436146,-0.014395333619022838,-1.155449247886554,1.1896899073904734,0.426765489123303,0.9136215826832442,0.4611087411925726,0.7537011174043903,0.4265875015501678,-1.3865849504468661,0.9878524752010445,-1.0643331549796577,1.6382063752153093,-1.4912914611404935,0.649226486092421,-0.4215806941645775,0.16388952858318956,-2.654619448129885,0.3388765239897711,-0.18892135776293492,0.2355301123439565,0.11328650614714196,0.21240958970391063,-0.27541891614817104,0.3551747380027169,0.8341496489455025,0.2024701186603784,0.8749222963823684,-0.007817342556680523,0.1781007254618637,0.9410546262292886,1.7363431201551558,0.5744641905659553,-1.2773231042165059,-0.5943844790287177,1.2891565456049758,0.6835246844715592,0.9013066075722191,-0.2821067180418143,1.1590944161453667,1.8036454429494346,-0.08459724750511392,1.165223816120015,-0.03372278047702928,1.6637093474125877,0.34189282671243093,-2.4061326720415805,-0.05230751409068591,1.0648348177266875,0.38016378036343706,0.6735592503544924,-0.6300040172279573,1.2435622903713321,0.1417910685889494,0.49658235965527214,1.2543931957596828,-1.4086022701004444,-0.7441768224958415,-0.9178449747702144,-0.07811066779881143,-0.1614233630871843,-0.5943844790287183,0.8842335185711143,0.8902090778604151,0.9033091408000893,0.440578474994103,0.6345014081028143,0.5257239637255986,-0.7115222686335338,0.7438786739928855,0.13171264654319814,-2.7287668679445956,0.7727720738672705,0.4810056882720984,1.0403201435582015,0.9618232914612023,-0.9113872865923165,0.4428041260590155,0.7465887381947235,1.2109874813671582,1.5161772106131481,-0.00413402273655473,0.006728627868435078,0.13168519438011594,0.12958066434114263,0.8868277516545913,-0.6202059709335965,1.238733627036955,0.2642137340242221,0.06850131704719897,0.5496493204895286,0.6516503664995021,,-0.7458311328755808,-0.3757163254883323,-0.08312216846665488,1.0968034061687613,1.5025021901935893,0.48394870344026436,-0.018151966320416428
136,0.6014890667916241,-1.3163898958990372,-1.3163898958990372,-1.8020489832691293,-0.7787514883112839,-1.2242761898890238,-1.4292013784940267,-0.7494010977066556,-1.050898176609809,-0.41808539625558355,-0.6537584929968925,-1.0807167991577282,-0.36124189748199625,-1.209136996163069,-1.526241500735468,-0.9635790095529128,-1.5520629926403464,-0.22680018683605674,0.2445460066465612,-0.6709273708821185,-1.4120325006088006,-1.156586458252211,0.008872909905252233,-1.0022430723331912,-1.0978856770429544,-1.0978856770429544,-1.6477055973501096,-1.5985822611302007,-0.5089925520672206,-1.4292013784940267,-1.1272360676475826,-1.124287328404214,-0.7566530283170432,-0.41948291378726144,-0.8894315897382015,-0.9145907164889013,-1.0144245850525928,-1.38993404061456,-1.2757250404878926,-1.0978856770429544,-0.08676969480451088,-1.5520629926403464,-0.45688450219175936,-0.9653012488326841,-1.7963947749834606,-0.5446609618708925,-0.6734174902875086,-0.5837432469811196,-0.708193164472518,-0.8544560533296597,-0.9164564659638701,-1.0914748629684339,-0.40962691544681934,0.2445460066465612,-0.906600467623428,-0.6537584929968925,-0.7882002036428314,-1.082114316689406,-0.9150589484321923,-1.772698592664501,-1.4594719783619396,-0.9850741944479652,-1.3673595752335606,-1.0487623408230455,-1.813363448075646,-1.3349562913159414,-0.4208804313189393,-0.6616136987064689,-1.813363448075646,-0.9626266083217184,-2.2281317744777795,-1.3864051419148105,-1.3630442075447888,-0.7665699755918817,-1.0531390847255315,-0.16222113156904425,-0.7494010977066556,-0.29657389857527,-1.233129008701717,-1.4055238408751867,-1.417925565176043,-1.3252621872604946,-1.5484930278092712,-1.4134300181404784,-0.8781171249316851,-0.9787470948072725,-1.1506515117472522,-1.3159216639557465,-2.00837168940581,-1.6591593180152715,-1.0354676162861334,-1.1263080708003008,-1.0700731524673377,-0.4735898810183415,-0.9960989605574168,-1.214802058636575,-1.2570158819308623,-0.4025142406950759,-1.781408989740963,-1.8334290580330286,-1.0718482432825618,-0.6758537871135465,-1.8155334807322505,-1.0807167991577282,-0.546801423480613,-0.7444715155976415,-1.2481850338317635,-1.1635457245204963,-1.4305988960257048,-1.3335587737842636,-0.5894906349666066,-0.7296281520913751,-1.6551694073538201,-2.2629729223866515,-1.333940640872257,-0.9958936752466352,-0.8745714166297068,-0.7126981304877226,-1.4169115157745562,-0.7130914408337419,-0.6168166694963859,-1.2042658996709046,-0.986471711979643,-0.8875954021337658,-1.0357642882252902,0.5074706772802695,-1.8309141930488655,-1.662869047605161,0.008427793604768101,-0.9686905502698946,-1.7869097895431743,-1.3185599285556417,-1.513599134653109,-0.9832084449729958,-0.7458311328755808,,-0.042739875377918686,-1.1350253826527863,-1.551149496541756,-0.752196132770012,-0.5853116005609776,-0.9943179089638848
137,0.4670473561456851,-0.5969149942233052,-0.6925575989330683,-1.3147963862770653,-0.4275341115871316,-0.9712991721065907,-0.9366891764831426,0.5626899608554482,-1.0807167991577282,-0.12556880074068671,0.5626899608554482,-0.9282306956743773,0.34018861135632433,-0.619584671910743,-0.9366891764831426,-0.6225423529172954,-0.5539246244332003,1.225321363757593,-0.008431011135871743,-0.08277256416147107,-0.5969149942233052,0.20270403017794558,-0.36124189748199625,-0.24843041488700712,-0.43971562430653394,-0.9852092376038626,-0.9282306956743773,-0.661478655550571,0.3324684488026458,-0.9110618177891519,0.022647932246625598,-0.28282632753434767,-0.6007161327760518,0.670924153351016,-0.45688450219175936,-0.35319069968212663,-0.6632072083284406,-0.24005004072035202,-0.09621841013605956,-0.32257783470171836,-0.45688450219175936,-0.885240325884273,0.18374844263796086,0.23310281218224577,-1.6404578794424691,-0.21780661058554476,0.28524427695612176,-0.45688450219175936,-0.5228456810507031,-1.0629204266821533,-0.6239398704489733,-0.0035093691038624707,-0.1656014895242391,0.3970321101299122,-1.2027610552287515,-0.26559929277223254,0.3616837962513767,-1.3565865193668911,-1.3680026811822084,-2.0256756104469336,-0.8010318393137237,-0.02992619603092359,-0.8045620408951081,-1.1408651075120038,-1.8521625540118216,-0.536755746547975,-0.982280448125714,-0.4275341115871316,-1.8521625540118216,-0.5186344674315552,-1.1011404770103015,-0.953858054368368,-0.5659710939967052,-0.32257783470171836,-0.6526254953339835,0.40830750464414206,0.3228846903152009,0.09506679928346726,-0.10474019370256055,-1.1094934765337008,-0.38517935488664984,-1.022776914233864,-1.095549295059255,-1.120913422625582,0.3855307587887071,0.05399911548212123,-0.7064522613142414,-0.28317545366635366,-2.6141595935343678,-1.0963617836768182,0.14544748009478428,-1.2694023954658928,-0.6171294197173213,1.220390214641518,-0.6036449222542003,-0.9227791109858707,-0.769763284938799,0.45036292199010713,-1.8826403758363328,-1.2976563999202442,-0.6417120234333887,0.45253502788561045,-0.6871446657330942,-0.45688450219175936,-0.3551581461658957,0.052601597950443335,-0.7428111577232793,-1.4508316065449764,-1.6693358254010597,-1.6693358254010597,-1.119515905093904,-0.35951334470412605,-1.4411868991231351,-2.0256756104469336,-1.3336938169401609,0.11494439477930148,-0.1828735842318691,-0.4382259278102378,-1.7646473948646317,-0.9227791109858707,-0.43798707152866373,-0.8341510922836556,-0.885240325884273,-1.2231653442077153,-0.0030180779358976364,0.9732280893772811,-1.5640593139120447,-1.0093262854051528,0.5313387776199526,-0.502933138172883,-0.6216143560700143,-0.3686426436290172,-1.3434510422334442,-1.2757250404878926,-0.3757163254883323,-0.042739875377918686,,-0.5992527245400024,-1.0982057637917397,-1.3565865193668911,-0.18718372282458454,-0.5070653119718214
138,-0.45958030040364656,0.29869370720826127,-0.45958030040364656,0.23237241928820515,0.13675888839336278,-0.06025014556766832,0.6215509278505692,0.865682505400643,-0.18510809772616177,1.429358146578514,0.865682505400643,1.6239565130125502,0.808839006627055,-0.055291671930248525,0.19319510415805552,-1.549170009466627,-0.22390720366233757,-0.03262199424281135,-0.7694008169596673,0.978493987995632,-0.3639376956938834,2.2829418066609195,0.6515045935543858,-0.015453116357585341,0.038435293296681924,0.9043465681809207,-0.695253397144956,1.8697041510840962,0.9808195023745917,0.949083400114809,0.7770200102829146,0.14620760372491032,1.1287052001157127,-1.5505675269983052,0.1074084977887345,1.207426516614159,1.7995247609666982,1.2574277773869693,1.1969691330367942,0.24171516527877604,1.101355602141952,0.43872419923980716,-1.8416866049815235,1.6418055886538265,-0.7163542440360794,1.566977971083066,1.5736811053525455,0.9920214206630982,1.9685792414098362,0.9182087867824044,0.3673114356923563,-1.3041363664462904,1.0613229133584001,-0.7908960018547192,-0.11109572106734845,-0.3639376956938834,1.2572924976829427,0.6286118911276555,0.2588551516355975,-2.4553297148196567,1.1538213475872827,0.5343668039495703,1.9247541761869877,-0.06170224427403131,-0.3909625719195521,1.0125034555628347,0.12750616515210844,1.4620216941976523,0.3104978943741209,1.1185244800271779,0.5533967628307239,-1.383512158741091,1.5964634048435913,1.792461748043258,0.8350876643438994,-0.419388131554486,-0.7694008169596673,0.566591402857662,1.5163991410421516,1.5263020032715924,-0.19978924416755883,0.14790454506223916,1.4857244046834763,1.0019297682453554,0.7649128012023368,0.668070196340423,1.2103392704014742,0.3104077396425737,-1.7185508921028012,2.0559933043285876,1.8130627084271635,0.38448031357758233,1.394418015115044,-0.33645237216051477,0.8950038221903499,1.3135327213573422,0.7091876977924912,1.0815127207463036,0.3690609497724337,0.1004492315204485,0.46807458984443545,-1.155563679172153,2.0468974865120155,0.19513569951272638,0.9115696072629038,2.1005001972447186,3.0656499691553467,0.5215531246025752,0.026139735900841593,0.6471782865445593,0.7700399006908792,0.517468066637752,1.3874563512821594,-1.7926983119175122,1.4570406967915392,1.6403227913729073,1.5321726833854188,2.2221135269103693,-0.11138465640958078,-0.034069315362915804,0.6630828311745998,0.31964336884653344,0.9062871635355921,0.3828988430935019,2.084659059804779,-0.2575090553970897,0.9485114307634109,1.6258368220678414,-1.223578132557059,-0.28511768387323855,0.18881083180490388,2.0228863706260154,0.8869671364723377,-0.009048118900894946,-0.08312216846665488,-1.1350253826527863,-0.5992527245400024,,1.5830888678260833,0.5329692864178923,1.662755618948726,1.794725904455068
139,-0.8757044142926158,0.8494918214468407,0.6838339707213047,-0.10667137007759164,0.05195047595546556,0.2368258440928827,-0.12588888748947277,0.4495583915116736,0.061399191287013655,0.3539157868019105,0.5452009962214367,1.5377505830429756,1.0901913363413938,0.5374963461884525,0.6228492085307785,-1.2400499382041332,-0.20787252959517405,-0.5443887128415438,-1.0683871412438206,0.46532975186522113,-0.35310350342201696,0.11997124283847113,0.14621992287289698,-0.10026152879548257,-0.12588888748947277,0.2740445424456943,-0.26559929277223254,1.3189669119344372,0.48063733489417093,1.0831659752603364,-0.04336109350810584,-0.07863130074453219,0.7756754368783212,-1.4840570139288005,-0.5443887128415438,0.7388401620976471,1.0900575388217995,0.6592980941082175,0.3004372520437696,-0.3885868604564504,0.18825793607637387,0.4481608739799957,-2.0746639035109453,-0.06674643186717959,-0.6465107750892523,1.8134852600962403,0.17618190464233704,0.8298295149984045,0.950586010845111,1.8749053832017049,0.2760907848344367,-1.5671382738428776,0.5156826914325578,-1.2070201157436882,1.1454501194013769,-0.7800618095828528,0.17853698089182918,0.40476321200464477,1.07120592721994,-2.8714538287086264,0.5776434976975873,-0.021787801970944896,1.7516102338513198,-0.5318761648759504,1.1574290408741286,0.301069418671363,0.7941629548977873,0.888059894058641,1.1771890575892348,1.3342547870891257,0.6868886930241823,-0.5747344982008855,0.9155483727929308,1.5993073482499838,0.6401730776182907,-0.9783288633009711,-0.885240325884273,0.3037253798217918,0.9300703950828985,0.4144638351848425,-0.9229854630343222,0.5105403814318302,1.7673124953467187,1.0310315257098792,-0.1313690579907997,-0.1291476998774263,1.862917829868587,0.3054905507334772,-2.1442109175834276,1.3635358947287912,-0.20386905141916678,1.852115527278741,1.1941558641408891,-0.8536106871830221,0.6070887966746366,1.3990395019009985,0.6374005525912264,0.37846742575067416,-0.02893756045378768,0.030047558600839155,-0.2793652254956071,-1.3412789363379414,0.26825365000599755,-0.40575573834167583,0.43458231884765947,0.035112633316431836,0.9546543997146675,1.0349186291113581,2.2626152955793835,2.466289845829112,0.3037307804023949,0.31125645225799736,0.43201067269527754,-2.325960215411297,1.1026538828221613,0.05230589291739363,0.4033838019926525,0.8144976949987208,-0.286648168254941,0.08764438997148788,0.13714012072369658,-0.34020310195192205,2.4980509791856713,0.11736458162859695,0.47646650960669956,-0.8369053083564401,0.6113992511176842,1.1005401129853558,-1.3550737276690605,-1.0640828376576075,-0.15710503674542142,0.5249865707274206,1.266882131455908,0.2602515561388858,1.0968034061687613,-1.551149496541756,-1.0982057637917397,1.5830888678260833,,1.9052478488558195,0.936810988503737,0.6350506784729205
140,-0.18858124035626245,1.1670803474523272,0.18572483088491448,-0.02420051261001416,-0.35319069968212663,-0.29894681401990125,-0.1201320526620096,0.3770100403044413,-0.15399119449803325,0.0074753923735743355,0.5122691090256771,1.443176765328221,0.9400447732618092,0.1188422305489213,-0.20097869493117848,-1.5790878688660148,-0.5549984317537737,-0.8512126432584072,-0.5198969418073345,-0.3410091869627243,-0.6551560105285704,-0.28927140102162296,0.0369945979457527,-0.3410091869627243,-0.3410091869627243,0.1255655832095842,-0.7494010977066556,0.6632039907973375,-0.19688156236632187,0.08734663672978935,-0.6634563325386303,-0.6395426900126792,0.4486769528190744,-1.1663348647372074,-0.38463787308609865,0.018558823855715747,0.2534145625217278,-0.00833100921405552,-0.10079384135607519,-0.5370658196925605,0.3387910938246464,0.4740501625458823,-2.2534935014786672,-0.7870518103213433,-0.6719600252193182,1.6468850217437103,-0.13507064416061468,0.4922200307651086,0.45792967606032814,2.2898123203694856,-0.06114233611052069,-1.4658777837248256,0.46165270797096625,-0.5198969418073345,2.2953111226138256,-0.38463787308609865,-0.03132371356260148,-0.17158090326087863,1.0006156396036794,-2.6724006098396336,0.10006640665198054,-0.38463787308609865,0.8180335898635801,-0.5477534643627132,1.7020382029510983,-0.07049104952025256,1.0672569798408202,1.0769323928390986,1.0746504785149604,1.3155693202926377,-0.48600792095194906,-0.3528415735501206,0.40927457178371024,1.6468850217437103,0.3565722555343948,-0.8454759298485723,-1.220747291189274,-0.35319069968212663,0.15608710896277406,0.9693153015206679,-1.4660102653818254,-0.2689931483160852,2.0268632925965977,0.21274970711058314,-0.65944436528576,-0.5531863061781147,1.765158881611368,-0.25533321936538805,-1.7342575546235157,0.6722795059273098,-0.4232696859827144,1.3033404065075633,0.05818261693379075,-1.0023597327309282,1.05985950512235,1.2376988685672885,-0.17752343130717632,0.12008667017552242,-1.2832659064405125,-0.027535231058970565,-0.008476553322137611,-1.6717772797137174,-0.587310797169402,-0.6551560105285704,0.1412494779730514,-0.2218706047270426,0.7295391971263666,0.631080991672812,1.9410058692208088,1.9087761375875758,0.5044489445501824,-0.264450899450745,0.2502270235202092,-2.0097692069374884,1.4297783204193049,-0.12987977715382604,1.004356142782466,-0.11758764425484108,-1.322075768187905,-0.8390075855018296,0.5506084500578622,-0.737691129498596,2.0316121593128487,-0.8186266978146105,0.10094796442673284,-0.8690870984427319,0.4721223634017341,1.1765580929907442,-0.9188293814085019,-0.9257001804797903,-0.09049272671514898,0.05242790330601176,1.1826515030128348,-0.2835517569211034,1.5025021901935893,-0.752196132770012,-1.3565865193668911,0.5329692864178923,1.9052478488558195,,0.4171297774932861,0.09387428256741721
141,0.14494933670178506,0.09530833356002802,-0.015130233590329346,0.621203855530016,0.5664129927660851,0.2368258440928827,1.0768323909172823,1.114075939484124,0.27017336534055136,2.227088632586305,1.114075939484124,0.978816870762888,1.579833351581135,0.33983334476568866,0.6484765672247687,-0.8489977676514323,0.3970321101299122,0.34100596943162126,-0.45688450219175936,1.352121951670064,-0.015130233590329346,1.877452405652534,0.7827602380330513,0.5685884937762306,0.22291577859561082,1.587356099700326,-0.45688450219175936,0.5681415455439554,0.5681415455439554,0.545396394674655,0.2368258440928827,0.7967388423983486,2.024279347886605,-0.885240325884273,0.6475011693118153,0.891225463852994,1.560360097119303,1.627917238164557,1.3643034643894663,0.6894905487679194,1.1996940050636027,0.7117820265084303,-1.0310757960159713,1.140624993832872,-0.4323328632429951,2.082177421726256,1.2906522845340456,0.8683783036125301,2.7113924903349984,0.9390549681333951,0.05348749489376568,-1.1698135466370732,2.024994090417039,-0.3464459350414014,-0.329277057156176,-0.12556880074068671,1.605673170736765,-0.013880031067952674,-0.19558404675645963,-2.4741291015028217,1.5306969393205772,0.978816870762888,1.078464094179937,-1.1056058395966322,-0.41646118105717433,1.2302613278577446,0.7847366262800054,2.3831561384003135,-0.18078808431586538,1.560923752009675,0.43160101818578694,-0.953858054368368,1.4280375716022657,1.7873228146679094,0.8087032363146541,-0.1527451619178677,-0.45688450219175936,0.785081355723793,0.6979217012311301,1.1850143117341536,0.14366988952808535,0.5894137056997152,1.0136148770509326,0.4400224799200164,1.2852268811171943,1.6087660771857313,1.301574613624895,0.8198127003055432,-1.9219362657510342,1.676603322459356,0.5212431496592707,0.42206974159343713,1.0865716311270828,0.10260609822902746,0.3943713791290064,1.9282493920494064,0.4383617312606755,1.612483808059811,-0.08492699087792147,0.6073999183311081,1.1434263300887517,-0.6370546811773706,1.2051069382635768,0.34100596943162126,1.1552552859000176,1.1568458492913625,1.5475996568883819,0.758166224711581,0.02213631165827004,0.11917643389971162,1.1996940050636027,0.8910901841489679,1.302238694323898,-1.608609095518823,1.0992799770435298,0.7780416368586728,0.843728003011244,1.3612572797801334,-0.0932729251686753,-0.3301629540994989,0.997714301425983,0.09899844806096095,0.5504610470703744,0.6110161478482997,1.5364226397146494,0.27982883359336524,0.9344289834411053,0.8136356787940514,-0.8006232506387945,0.6272923524863219,0.7755992578672947,1.2399519789647397,0.650191583079916,-0.13901278783586948,0.48394870344026436,-0.5853116005609776,-0.18718372282458454,1.662755618948726,0.936810988503737,0.4171297774932861,,2.6055777313966804
142,-0.3316865060617401,0.2701473328318043,-0.00037080461066800436,0.05832997659858858,0.3602952874450329,0.28042404308881735,1.1802685792906777,0.6622605982914768,0.5567830739928358,1.9161106405483153,0.7975196670127126,0.7975196670127126,1.032375405678725,0.23270009240852976,0.3682114420890046,-1.3256336104149575,0.23155018640508268,-0.00037080461066800436,-0.6630022075128127,1.3420608790788475,-0.00514222792097797,1.2047050275582678,0.4662039655616405,0.48337284344686654,0.34811377472563065,1.5077187298043835,-0.42872662830318164,0.708779866781331,0.37746416533025895,0.3433423514153207,0.0461484638791863,0.7010597042276525,1.7903939755823455,-1.2874146639351627,0.9935762997425494,1.3342203219727788,1.5885179710078803,1.7713446996186428,1.3542423917982498,0.8450873269022393,0.9935762997425494,0.3309448968404046,-1.4524923552043176,0.40681455593488725,-0.6099556345892242,1.9351159846762669,1.2010206471361629,0.8974947463217385,2.4113974849919804,0.43571612095657825,-0.2630687775776451,-1.2471902404122108,2.068793452529241,-0.6630022075128127,-0.6458333296275868,-0.3316865060617401,1.5293489578553339,-0.21999773638900605,-0.4973443567872761,-2.3233037466788122,1.7064885819463405,1.1288353684637853,0.8374004103397094,-1.0233981589951053,-0.4973443567872761,1.1479806345959649,0.13686465235752204,1.3238436097939497,0.1652870461148686,0.7318150882347901,0.004679245485884077,-0.6530627364692805,0.7304100948322808,1.2923635238611868,0.4989192532195662,-0.3904649557864172,-0.6630022075128127,0.5988425924898053,0.9040394065521834,1.3619103400314196,0.19187051589694837,0.4888781303935702,0.718626856396439,0.23390477459896306,1.9934850947968474,2.4062374729746483,1.3727492271904438,1.028531979215697,-1.9127551172047945,1.7446781869847205,0.23408308039472445,0.3196913809682841,1.0650628196490874,-0.18905660574963953,0.36675297562293036,1.7949149986671447,0.6444794365817283,0.7573916686322253,-0.1071119322714337,0.4269122232982606,1.0229266903471776,-0.8203771024489069,0.8697049456850902,-0.00037080461066800436,1.5949756591857782,0.46325077169957996,1.355558151594445,0.6137405371707562,-0.2762986816967198,-0.1792585594552782,1.3248920011936214,0.8733893261071952,0.8013450760250732,-1.3549840010195855,0.8974947463217385,0.6139024058263561,0.6522105384564615,0.9975119786053414,0.3748541122972837,-0.6164829390229585,0.7209613795007334,0.10321574442363646,0.23390477459896306,0.3886277471065699,1.397077279865999,-0.022369262683092504,1.3194429812615405,0.1952286089320792,-1.1171795231102046,0.06934530930040522,1.1418386992721696,1.182899368019742,0.05267576831292052,0.35837794038644954,-0.018151966320416428,-0.9943179089638848,-0.5070653119718214,1.794725904455068,0.6350506784729205,0.09387428256741721,2.6055777313966804,
