,1,2,3,4,5,6,7,8,9,10,11,12,13,14,15,16,17,18,19,20,21,22,23,24,25,26,27,28,29,30,31,32,33,34,35,36,37,38,39,40,41,42,43,44,45,46,47,48,49,50,51,52,53,54,55,56,57,58,59,60,61,62,63,64,65,66,67,68,69,70,71,72,73,74,75,76,77,78,79,80,81,82,83,84,85,86,87,88,89,90,91,92,93,94,95,96,97,98,99,100,101,102,103,104,105,106,107,108,109,110,111,112,113,114,115,116,117,118
1,,0.7944119885884635,0.7752130712560666,0.815222321395652,0.797553928567928,0.7810933181650506,0.819037375633844,0.7408482526510731,0.8032257171103829,0.7786393509406363,0.8043130261682143,0.797020231334576,0.7944614047216877,0.8526914688936476,0.797308504196528,0.7917878544168836,0.7779186920687733,0.8152905654177607,0.8328517980338976,0.7522258395099969,0.7673988176400997,0.7497631055544911,0.758172195341738,0.7826240368777406,0.7887325068330576,0.7772103222275774,0.762830845025647,0.7927710188338362,0.8376003004774353,0.7975943296560171,0.7989039083681203,0.7701645390089265,0.7537837782629851,0.7636254209487784,0.7926662200776003,0.8785609153013612,0.7736635674342491,0.750835903684274,0.7848035512082421,0.7740652273481636,0.8056635233598679,0.7906647832632042,0.8114904357299269,0.7454404364355064,0.8320793288865759,0.772077148933258,0.8271337279406442,0.7719043717704659,0.8670576410985663,0.7912249687502018,0.7586162927952257,0.7777784762851143,0.7842148851850494,0.753726801205597,0.7681710016745823,0.8144449754407447,0.78236309633786,0.7806470739591284,0.7794638223004895,0.7602450207388912,0.7485147269642003,0.7328247035095591,0.7496019599056374,0.8164116173057469,0.7459970367814344,0.7869530751937122,0.7706462434908053,0.7839248750125621,0.8021071323353088,0.7504827854573346,0.7996440903223065,0.7828443743163493,0.7755778431004661,0.7389421224051803,0.7728344947475028,0.7432222438599584,0.7357118426408029,0.7400683980834588,0.7733741886276235,0.8149982180065535,0.7780791270312504,0.7623462288370034,0.7462748336830148,0.7952395818939147,0.75971613268274,0.7927431500748935,0.9052846119033267,0.7812566818496959,0.7691086150404405,0.8020345864512056,0.7679218456698409,0.7601120348289573,0.7252797086276483,0.7991790639379774,0.7842601094195525,0.8324259984694878,0.7689155468658844,0.8013911967451838,0.7464627578303218,0.8125087972064369,0.7836335373207659,0.7659782498107137,0.7526571985561674,0.7754486646629986,0.7215183529994842,0.771324675434389,0.7087742751981292,0.7923451989686058,0.7564371246669099,0.7877665286048248,0.7966712033517048,0.784844864048927,0.7806354811702527,0.7403004504287113,0.8051389581248433,0.7632999258905652,0.7801023474104918,0.7753749635671522
2,0.7944119885884635,,0.9089054817994271,0.8839510101593986,0.8318112701536934,0.8535594760907368,0.7795741280516052,0.8694755688279888,0.7595179284768571,0.8193553988523147,0.8795330205144941,0.8852741801127653,0.8849485673967636,0.8530919889518735,0.8369961758044752,0.8464969006519695,0.9067893332521317,0.8507578630325923,0.8345586859491115,0.7635150305183817,0.7328215652416568,0.7547312177066603,0.8392534712821413,0.8843379303344779,0.8709402937678551,0.8099009876459259,0.765702643900307,0.8363481196648601,0.8943311922213673,0.8895712914472371,0.8514712924014309,0.864345730258842,0.7889743153875985,0.7740020964602707,0.7498801449397526,0.7833915629639153,0.8243977482467205,0.9001278401149462,0.865196748246131,0.8564229061372876,0.8264805242123721,0.8571222421875437,0.8328153944603035,0.8051936822840733,0.8654463982632139,0.8210416227243886,0.8731836992453037,0.8439035458709848,0.7931554185501956,0.8794859854890881,0.8820770590471019,0.8488731340653939,0.8978178652288884,0.8312607866304635,0.7440674910208923,0.8644732795005117,0.8914726357185262,0.8665732435224934,0.8472597723233837,0.822398907752008,0.8399082801252071,0.85080421304083,0.7733177239892668,0.8784529063062986,0.7772659091704194,0.8586149352601928,0.8226018813799464,0.8511606453359377,0.8595952506658324,0.8388780436427852,0.8859393008878328,0.8797497952190745,0.8551078064227386,0.7927698134775413,0.8540234073858273,0.8198708219266663,0.7729711967545234,0.81795995933052,0.8702937639274095,0.834353873028018,0.8318217485746298,0.8485901534218874,0.8890058758832816,0.8203173401125714,0.8794203922515358,0.8319398534612505,0.8180337560925136,0.8850523573449753,0.8419565754763143,0.8366841090182148,0.8785961732298716,0.8810954289446506,0.7079399365875829,0.8511197279864454,0.8039055804617544,0.8639953475319134,0.8188008136440188,0.8605769511053638,0.8561568713647095,0.8590789451566371,0.8699480874891892,0.8718830941359592,0.8451672385798695,0.8111849793616985,0.7787295279383022,0.8794542954405987,0.7629084597774445,0.8473644153092516,0.8909922745030977,0.8590748458376561,0.842158332041938,0.8837660090632375,0.8027000774323491,0.7899781260209446,0.873133397201214,0.8123013931104299,0.8811459068872897,0.8229874460983921
3,0.7752130712560666,0.9089054817994271,,0.8738151961262807,0.8450701616757352,0.8577158933705477,0.8057739334999126,0.8665056955259496,0.7870954383126569,0.7985029499586347,0.8765568599299771,0.8678347176673262,0.8702558628511483,0.8242825253428716,0.8005783637492678,0.863538380919812,0.8819435610583116,0.8591806513123983,0.8559430032448834,0.7762859846974519,0.7587838723405971,0.7532071976424151,0.8670955328040175,0.886053026841054,0.8588568473611256,0.8149679305554326,0.7818685370883861,0.8468725388422117,0.8566967139378017,0.8851336515227735,0.8584124563973664,0.8668418767684722,0.8009359303415018,0.7767383150924427,0.7540982017801833,0.7591011409023288,0.8114794429192376,0.8861968900089713,0.8479972056197557,0.8582089083391862,0.8364099028423105,0.832548775544474,0.8235039073486131,0.8193109153723548,0.8472721546611498,0.8180937287311989,0.8374889196975671,0.8571653703235935,0.7679520246981618,0.8865115000541649,0.8604581490084201,0.8301079417689756,0.8780343937833869,0.8207059923806072,0.7613651030255763,0.8651941064589631,0.8654942049853858,0.8161913632396808,0.839511532986961,0.8109776701293671,0.8365849211950683,0.8292461212296728,0.7834907974632208,0.8652961092264315,0.7952272457056755,0.8572041151953573,0.8301399980776074,0.840182292977256,0.8279228629582057,0.8159015924990606,0.8544071258039612,0.8697698433957587,0.8468687195390433,0.7822872514672317,0.8490193060526073,0.8236936235049435,0.7793425155112194,0.8023781538363397,0.8716555276673768,0.8203293085762057,0.8066114473780139,0.8368229792108266,0.8632314986330667,0.8295635669263735,0.8518606077854673,0.8082264970862112,0.8175869614669191,0.8727171335441328,0.8188221134178859,0.847943066217461,0.8558812252250584,0.8512621415367767,0.7322882142686058,0.8236560076598319,0.795730790401984,0.8548557960690603,0.8009093924816548,0.8541555118833682,0.8446108950502791,0.8553070971523964,0.8324608733601317,0.84383092450444,0.8171027830433062,0.8044646991496912,0.7965579635640901,0.8604224936316884,0.7793894229548528,0.8325764642701846,0.8705670028117134,0.8336266898928397,0.8310100379603188,0.8665274165947482,0.7865408953249156,0.7869399817401737,0.8554250511341112,0.8025156433095808,0.86188250608965,0.8119222355290209
4,0.815222321395652,0.8839510101593986,0.8738151961262807,,0.9192094738371196,0.8564186607220005,0.7999196089090175,0.8383188175384604,0.7746808282942603,0.7967471700541409,0.9345559507683938,0.8963977500438998,0.8932367807950949,0.8413193181673906,0.8665190679452807,0.8714531724836918,0.8921110887654129,0.8221243870761507,0.8529129620965286,0.7881329203653655,0.7900065377549329,0.7701891859598029,0.8677754361035421,0.8574063613452042,0.8541839543036931,0.8220050984062328,0.7901434926765978,0.8474555766715887,0.8889615936003937,0.9012404623085023,0.8517120970383809,0.8590107307259984,0.8085086792616567,0.7960729817920754,0.800916921717266,0.7882548620028875,0.8368274581276327,0.8653992413863404,0.852109220942129,0.8437534304854654,0.8651641145298553,0.8422091817287102,0.8254351886675043,0.7923711290558162,0.8868319627824788,0.8165249095151739,0.8858641516791299,0.8444474027989226,0.8240302269556312,0.8592742800981965,0.8526694404888129,0.8261005760526638,0.8737899712965417,0.8170880101383172,0.7866850022541394,0.8702686344715727,0.8589826428501648,0.830038252214794,0.86971749886429,0.8313807171150337,0.8128015655259878,0.8268618899278224,0.7646503220422246,0.8331522666011968,0.7982804846942224,0.847261094434852,0.8065355578540266,0.8435099841481173,0.8708887821902419,0.8427968839632687,0.8748482172980286,0.8468574497468467,0.8402721804564435,0.7800499180252903,0.8415989584695494,0.8077905753998627,0.7713287807723865,0.8013693855179559,0.8578514177414392,0.8250729416627447,0.8268901584112506,0.8368293575294656,0.8490086429589132,0.8142470804695594,0.8440852505467427,0.8247777425233284,0.8522853919864128,0.8677971537218527,0.8274121603905049,0.8047401290958413,0.8359616260651964,0.8819089174594623,0.7442279364297842,0.8693958530917582,0.8096974298281966,0.8960092746201326,0.8070000103686186,0.8517459169072937,0.8235664799546311,0.8402383584793095,0.8583381724176304,0.8446196481598105,0.815549193431735,0.8453388598989005,0.7784086269297404,0.8631553364064656,0.7720748552244702,0.821622650822221,0.8620094708861888,0.8232391591740305,0.8314921553691996,0.870630604651202,0.8029744575975498,0.7855583299253497,0.8567296272249896,0.803491684695951,0.8556129801841041,0.820399596540027
5,0.797553928567928,0.8318112701536934,0.8450701616757352,0.9192094738371196,,0.8140501450867087,0.7747765866355005,0.818355989204689,0.7526965297445316,0.786702638507482,0.9294754152066679,0.8784237777341022,0.8541676509143091,0.8145617914637174,0.8282361297129841,0.8411808018361122,0.8370930757973822,0.8047105265828703,0.8436650259765657,0.7708411844350334,0.7890332199147125,0.7410822751794375,0.8565088879288004,0.8235585531151334,0.8414223197343432,0.7893752378351736,0.7838349278348511,0.8275491344146519,0.8247376227579702,0.8643166235153893,0.8236243039437293,0.8333951461846675,0.7892169865728413,0.7769287766193802,0.7941218938931848,0.7631185763634714,0.7985184661565272,0.8181409043291681,0.8222910065431892,0.8141836185816066,0.8330056477077119,0.8012133338581227,0.8053065544674956,0.7708945918114977,0.8347815232747133,0.7860071880264438,0.8250953538544257,0.8147295655677487,0.793359126150645,0.8328095314646284,0.8089907362773975,0.8165507349301426,0.8217936169421768,0.8108102758940143,0.787543242214409,0.843800586243891,0.8207133062081525,0.8002869724793791,0.8662526511257549,0.8158069536745323,0.7775079031337905,0.7957704416326808,0.7531518469833645,0.8120605524412373,0.8007646097393598,0.8272526550862987,0.783088718476171,0.82187518940254,0.8137524432869568,0.8094029879056874,0.8126046724281547,0.8039639708160644,0.8041707086873587,0.7599132655988922,0.8229055812123478,0.7945888391018925,0.7598889214758667,0.7711300318915033,0.8147879847931278,0.8029371817912426,0.8063495666970913,0.8113299836353535,0.7931200556971931,0.8027516368504797,0.8036989763364205,0.7962639333251316,0.8434088406234099,0.8326637338678955,0.7894542919976002,0.799177030122444,0.7926892879542279,0.8598031923674982,0.7639992937188091,0.8076037163033853,0.7953056037462367,0.8703553135039308,0.7937907171933702,0.8247598480992296,0.7909204201827231,0.8137496565340807,0.8231788125513101,0.8098607633208018,0.7926212113701457,0.8318758922187847,0.7860967784338708,0.8132440388032631,0.7558062313444225,0.7879106625172242,0.8074540641281525,0.7882600614721585,0.8083630233521842,0.8429396817855023,0.776296606367628,0.7714408858087521,0.8325029179710983,0.7877183318280845,0.8214736015153457,0.7891811224537626
6,0.7810933181650506,0.8535594760907368,0.8577158933705477,0.8564186607220005,0.8140501450867087,,0.8081287925730786,0.8663735705902041,0.7920376600736737,0.8276102482433059,0.8675582304818976,0.8563921166346061,0.8830530667009444,0.8280882460963594,0.8307370041517135,0.9184734828310599,0.8430086622511617,0.8468205360376783,0.8588793726365095,0.8172788266458063,0.7916151126621243,0.8326302370097652,0.8273128031623224,0.8470946734701049,0.810782417285267,0.8574740747087314,0.8382658818001285,0.8634657058798603,0.8509708938472061,0.8762182926856038,0.8457041188984848,0.8540602370951623,0.8539425338936357,0.8465760880788653,0.7646287893857608,0.8423442636584784,0.8244237734803136,0.8572218066992816,0.8335907472231271,0.8600783490432518,0.8653313703986478,0.8624342270977876,0.8569451769623161,0.8058980554170567,0.8406278449855844,0.8365388586507498,0.8376880200190284,0.8615095160635284,0.7805927016799742,0.8462331460729271,0.8252651707354515,0.8151963208874341,0.8576176130362252,0.83356299499136,0.8087927069823271,0.8363363074342943,0.8367228373949908,0.8238567999238618,0.8321246824476026,0.8192823786748284,0.830445175863275,0.839869999558234,0.7855714790072374,0.8231231844932894,0.8019121599640076,0.8415618892403055,0.8170804385677769,0.8296402438616495,0.8243539860538908,0.826491228292934,0.8433541913894049,0.8357197378926615,0.847216711708705,0.8267848668583424,0.83901845474853,0.811241080381826,0.7643456346267248,0.8270597761255918,0.8786386072475213,0.8232650998783417,0.8285362401080144,0.8253410708867767,0.829641136720986,0.8295546103470123,0.8506072444736095,0.8011000459897032,0.8122537708848747,0.8416086446951325,0.8288912232049209,0.8229275941637519,0.8219331088491026,0.8451562992580244,0.7663382485157016,0.8286146487484184,0.8322714231405581,0.8485792846092248,0.818400199652414,0.8370715615083888,0.84033426076606,0.8375032946970241,0.8609317683857958,0.8654837659698283,0.8377784134984009,0.8563507117480544,0.7769112321249881,0.8551997931361717,0.7775071521481116,0.8300515367341986,0.8394037759997932,0.8429418622357862,0.8238548834132284,0.8531964331318188,0.77557519167245,0.7743229776861744,0.8263178521463135,0.7984910105084322,0.8363627803853326,0.8385016772922514
7,0.819037375633844,0.7795741280516052,0.8057739334999126,0.7999196089090175,0.7747765866355005,0.8081287925730786,,0.7697918853373004,0.955076091412413,0.7625331814890103,0.7942765128782162,0.7836974951269944,0.788632076740701,0.8032864449827044,0.7475851335388131,0.8253206191082909,0.7827122574047838,0.8157810678837104,0.8337360684465868,0.7966138904163335,0.7904802234256416,0.7701175451656196,0.7718437717813692,0.8150572009723435,0.7743130559403049,0.8085993864607944,0.784288335752129,0.839309725394384,0.7993173192875644,0.802779731591102,0.8210564279718102,0.8075709769948053,0.7982394802149422,0.7881190757025388,0.7701068086435432,0.8062333453817268,0.7715946730538412,0.7825275127193652,0.7677213385340909,0.8291392533227643,0.8391354553545838,0.7879531043724445,0.8019467159019887,0.7677088139935508,0.800877607102935,0.773152196865348,0.7972533131480282,0.8206363794877852,0.7536801910861302,0.8450390244662068,0.7770865941626522,0.7653885850013318,0.7889177878976242,0.7755064353156391,0.7774512553346248,0.828348579511472,0.7710933950749996,0.7456406675476418,0.769930911411667,0.756852314162127,0.778674733052291,0.7619138068082809,0.7751887567565208,0.7930608938895511,0.7591364550936432,0.8261757012346597,0.78209787066191,0.7748913868845735,0.7759332125558095,0.7595415365049056,0.8064451409804784,0.8306388570037916,0.7837526660175175,0.7659729811352395,0.776570287518518,0.7792276730933096,0.7323641225441786,0.7491138771956617,0.8011619555923958,0.7881338704352538,0.7655991245649301,0.7708464857573945,0.7594820518251623,0.8154290119715161,0.7752109941588138,0.7739794027628242,0.8136297308396576,0.781273033169854,0.7619960448976744,0.8032314634524487,0.7639693651905294,0.7679080150549039,0.7356421547813634,0.7734823504163842,0.785455402831676,0.8044075434626634,0.774011032292158,0.8094338388530989,0.7639233279024547,0.8052017847038336,0.7934375754200187,0.7897717636859664,0.7670557826697031,0.7873506345908676,0.7360596993563997,0.7766433591362255,0.7502595516475613,0.7930781651376752,0.7737448394290285,0.7891453959681409,0.7765236960123706,0.7780617930448777,0.7409812835219284,0.7324656712103932,0.7786389810706975,0.7573997764121456,0.778305173946667,0.781957387732354
8,0.7408482526510731,0.8694755688279888,0.8665056955259496,0.8383188175384604,0.818355989204689,0.8663735705902041,0.7697918853373004,,0.7539582021867969,0.780187051272098,0.8554095589483313,0.8565177337597787,0.8674576698306764,0.814128923999506,0.8170390760543075,0.8709480606943695,0.8702143696903085,0.831743094481459,0.8242643788764131,0.7649366562810959,0.7618657166171182,0.7798386685066744,0.8533563983945767,0.8658223600031583,0.8296237273406498,0.8133744149309989,0.800186893303556,0.8431046886740802,0.8489912680228281,0.893085073353236,0.8460686787216194,0.8588586612479057,0.82781253445195,0.7983177961311464,0.7494114844570426,0.7429475099247997,0.8351607860194166,0.8926620960930257,0.8538715550927896,0.8605399565820437,0.8353345702846726,0.8451949391377265,0.8378634142864758,0.8100667136975244,0.8466848151380004,0.8318800455197322,0.8436246150357085,0.8572015628485911,0.745167091997172,0.855407208112804,0.8595363997225938,0.8301579156352658,0.8838942342755485,0.8527435155665808,0.7687773861409469,0.8439340526072612,0.8747556648918103,0.8329461876702502,0.832822556859421,0.8104261932381773,0.8357537482145707,0.8479998281488892,0.7927155022538189,0.8641155900684125,0.8035121240401673,0.8501562711493079,0.8278577160733274,0.8370907899265938,0.8382561976102699,0.8409309272715154,0.8343930214526812,0.8675480995084291,0.8474322826326709,0.8120545227613971,0.8834924417474646,0.8299783677713292,0.7733545358276404,0.8257025472310423,0.8897376394127108,0.8063038310523798,0.8332532188530053,0.8405454248524173,0.8640449962230106,0.8122669679680119,0.8563243064430961,0.8049899434459823,0.7995029776586386,0.8733613328386948,0.8345272363953171,0.8666378513227402,0.8618179988709619,0.8667132033873651,0.7179830775357183,0.8280590857787549,0.80700497434875,0.8474714679158688,0.8259328960602594,0.8211453728715303,0.8652702984086319,0.8274427532462774,0.8586894712916989,0.8641698414529847,0.8445283679526467,0.8274375058367381,0.8183018999009136,0.9025818699992952,0.7739563493169138,0.8220877173084997,0.8932632917969171,0.8213370392735202,0.8193784408464099,0.8917349109643953,0.7749332271245728,0.7823709631850073,0.8517232250456658,0.7996669897910188,0.8713886649823346,0.8190321183478042
9,0.8032257171103829,0.7595179284768571,0.7870954383126569,0.7746808282942603,0.7526965297445316,0.7920376600736737,0.955076091412413,0.7539582021867969,,0.7358235811613303,0.7689772828054724,0.761820025030927,0.7661974281576002,0.7771292954869433,0.7249183582995765,0.8058803269400086,0.757987387672638,0.794805269098362,0.8119196287999718,0.783621064213374,0.786603431971051,0.7673427153717769,0.7545177316969613,0.7857598309600384,0.7425693967019494,0.797616552851953,0.7613497129816248,0.8012376002830448,0.7689878467957082,0.7815173472889491,0.7895122940647876,0.7773350801544407,0.7838539303154983,0.7789877666816987,0.7438752050988108,0.7908028541556893,0.7456816913573963,0.7561993297093568,0.7449629399631218,0.8002924193377816,0.8095319815223525,0.7604146249610934,0.7725168717956735,0.7444325509522681,0.7699875866676356,0.7415065545488531,0.7720071766740482,0.8001187899419204,0.7318129822139204,0.8037118718216009,0.7507063881495163,0.7342041576275,0.7601108060978219,0.7441248997483905,0.7718873242045491,0.7897878894305488,0.7484518332219737,0.7238618307019801,0.7386288660100324,0.7285830883651305,0.748323834170603,0.7288059279324096,0.7414212721309673,0.7680206143758259,0.7309662596477029,0.7897870895250271,0.754546003719619,0.7487189564749747,0.7509363927927463,0.7360713922907572,0.7719762874399947,0.7927934662553793,0.7530685850882278,0.7372139379920192,0.7541133600488422,0.7441164739900621,0.7046779937316645,0.7215656980552683,0.7731346083755551,0.7691549319089073,0.7353819684349866,0.7354780434845878,0.7326231173685291,0.7862773121870483,0.7439403647610444,0.741137224697192,0.7960264816585594,0.755379322488698,0.7366863524688093,0.7805303408276656,0.7354699515415244,0.7410443036328891,0.720234847526495,0.7447633273842771,0.7594543957408292,0.7799713307797872,0.7501256214048523,0.780900092982826,0.7406995545174716,0.7830371571199292,0.7602854580199264,0.7572642762009354,0.7382892284139354,0.7611366737833986,0.7170742410480998,0.7554907562089839,0.7191797089940415,0.7690915571245398,0.7499826651485546,0.7701143380572412,0.7553531566156891,0.7555119552584835,0.716125780849245,0.7069199507395452,0.759010826714816,0.7241035636967186,0.751949295635524,0.7621034868168868
10,0.7786393509406363,0.8193553988523147,0.7985029499586347,0.7967471700541409,0.786702638507482,0.8276102482433059,0.7625331814890103,0.780187051272098,0.7358235811613303,,0.8204696405789771,0.8185850201243832,0.8089390408599009,0.8302560307143361,0.7641253485288171,0.7945822880798565,0.7932464729412598,0.8346501212038205,0.8358274300020475,0.7414514318606907,0.7296338264417953,0.7499729217114712,0.7502542766959394,0.8051620450836869,0.8293116359513423,0.7759323119821613,0.7772345604882411,0.8334502948590107,0.7858839207906624,0.8225403859038747,0.8092372683033875,0.7911069715972623,0.7688413486135222,0.7676398775211974,0.7701350440667685,0.8173982210827471,0.7726361844906656,0.7788557073952391,0.8206466064136875,0.7840527687750984,0.7896138113310104,0.8338895567407264,0.8464425810883784,0.7910770336826168,0.7775352779560845,0.8189965262456432,0.780873399144099,0.8153373293080474,0.809754099024051,0.802423340856092,0.8151386290164637,0.8737550650971262,0.7982501179353751,0.8043348008045124,0.7456895646910737,0.8304730175138951,0.8093880567600524,0.8646633612668679,0.8093856818774534,0.7994162627345911,0.8262193864461611,0.804874472132573,0.7922666689070669,0.846432535571763,0.7481229115134871,0.8162007144221071,0.8109866195166746,0.8196940183367076,0.7612377106035073,0.7576368677822778,0.7883174718723802,0.7973362978066727,0.8112168468294458,0.7917477533350656,0.8107007399600852,0.8037771220645857,0.7852585560733393,0.7862472190037519,0.8136412900918636,0.84522860768118,0.8332721751670906,0.8213151427957204,0.7586678901927192,0.8285636918999392,0.8707029175318812,0.820416934361888,0.8204508270579718,0.8033541374771965,0.8239053956645682,0.8078569709348775,0.8163184914849161,0.7856242480037714,0.7176385019139192,0.7604635168984843,0.8074403222499306,0.8534707163061751,0.8202761355173237,0.8424370871392575,0.8097726241250041,0.830496758151823,0.8725835573344335,0.8708176280196204,0.865108447072467,0.7763766425845345,0.7798534550546441,0.7954616717433118,0.7778107067583495,0.8071788757277594,0.7861537957706947,0.8117521951289454,0.8349321446653588,0.8279790645072514,0.8015210763707064,0.7772218300520322,0.8152732994259309,0.8133867261321138,0.8320184270049281,0.8119246678116436
11,0.8043130261682143,0.8795330205144941,0.8765568599299771,0.9345559507683938,0.9294754152066679,0.8675582304818976,0.7942765128782162,0.8554095589483313,0.7689772828054724,0.8204696405789771,,0.9104970919422163,0.9069399079062287,0.8484696206504582,0.8656208610022835,0.8856587882909703,0.8771585053870211,0.824662041806031,0.8604487524030195,0.7748632236942379,0.7706234999733304,0.7661296617956939,0.8634906089058426,0.8628384509360034,0.8643235640487235,0.8101843457247645,0.7975658405717192,0.8614959818540774,0.8626583552056086,0.9077211366142577,0.8626038793866735,0.8625635247048591,0.8051968478783641,0.7965043385660875,0.7959165811617053,0.7901568595041646,0.8254870727364265,0.8577377340294468,0.8622327797385522,0.8531970193455939,0.874945277396996,0.8491311769596134,0.8347370084920878,0.8059715886868912,0.867830429560278,0.8183781891347287,0.8652746969493603,0.8473202217522808,0.8003458891313259,0.8663008714650248,0.8602077923909421,0.8555539457377255,0.8761324891730442,0.823783645078124,0.7810664233494146,0.8838979139788965,0.8702183971747701,0.843224313423572,0.9020575658201813,0.8497496231467025,0.8177871589561404,0.8333450537789626,0.7820135451354203,0.8462834135131051,0.8046274804279406,0.8639294479033326,0.8086459890233837,0.8671780348952572,0.8512586219836316,0.833920147946505,0.8670595778124577,0.8671833357041591,0.8370700662416126,0.7861409409891553,0.863086315706683,0.8252086830071167,0.7956965229429994,0.7980536180130604,0.8695628244618425,0.8323356692939385,0.840179516488105,0.8489360142071419,0.8433887794638061,0.8267312382484099,0.8638534482989391,0.8281828262940925,0.8473343503145073,0.8736516442450103,0.8330214568471742,0.8202736913945677,0.8488432231796446,0.8929399623515131,0.7518500042806757,0.8417505987449363,0.8275133040456022,0.9011400306369547,0.8230087605382919,0.8706170171463467,0.8377552895204514,0.8472314477417052,0.877760704354362,0.8677600919457,0.8451891258862113,0.8505852202434679,0.7968459534916634,0.8746171384731766,0.775068945149283,0.8285920287434888,0.855094251504924,0.8253468504380874,0.8392218288463928,0.8968222036060012,0.8099172877335502,0.7942731816795465,0.8632305269920513,0.8162399574192518,0.865628020961372,0.823434731754032
12,0.797020231334576,0.8852741801127653,0.8678347176673262,0.8963977500438998,0.8784237777341022,0.8563921166346061,0.7836974951269944,0.8565177337597787,0.761820025030927,0.8185850201243832,0.9104970919422163,,0.9205477759663789,0.8551976382448541,0.8508728023661773,0.8819327153211336,0.8953838735337605,0.8501171454299635,0.8665180961479048,0.7705962966549104,0.7670046676305505,0.7607118233677564,0.8677692205069681,0.8805296126861343,0.876316895536074,0.8110198385215132,0.8114449706742698,0.8688234794482337,0.8584451753878735,0.9064211513014839,0.8719246013839905,0.8715924155616749,0.801158862544972,0.7846320404081742,0.7969432796102254,0.7911556085504311,0.850054793201665,0.8725122627706235,0.8794447752695721,0.8598127822472629,0.8653232692506392,0.8608597344208031,0.8439039870981019,0.8141839529178838,0.8697557998438088,0.8388697921332697,0.8701108716344503,0.8395002575679162,0.7953533631097908,0.8714638758153346,0.8827897959353085,0.8678040949169387,0.8923249396722969,0.8481288744327978,0.7862528121811484,0.8853054248313952,0.886341256875984,0.8680066552895266,0.881088545574988,0.8513864653836598,0.8244309870321878,0.8647296361799953,0.7826026528335048,0.8575096456776139,0.8140221431003302,0.868891754325999,0.8233601388782746,0.8731357152903401,0.8560306889164843,0.8612305674944642,0.8858487059055231,0.8624258574990584,0.862081094825232,0.7998012086677935,0.8825727001852801,0.8179849488160387,0.806349103166765,0.8197314232344766,0.8724236919784087,0.8567299532440351,0.8593483610425061,0.8627903216864945,0.866423934525409,0.83829060337463,0.8857287298164408,0.8359445487548396,0.8309267034533667,0.8863170977823117,0.8670018804381563,0.8279387783067145,0.8665687933415467,0.8887307773080465,0.7553330693885075,0.8603052195712303,0.830119925018755,0.8760939613309471,0.8509235802875443,0.8721986383042309,0.8423875031695512,0.871167529266106,0.8896094485158208,0.8774349717082967,0.853366826923479,0.8674885302469524,0.7934976131459234,0.8780065649286948,0.7739160581864127,0.853171334030502,0.8748863323777503,0.8422726591180538,0.868405916114918,0.8896782233517531,0.8197812619541042,0.8080665466652007,0.8626465776193724,0.8137223809206032,0.8891077753698616,0.8358697261173311
13,0.7944614047216877,0.8849485673967636,0.8702558628511483,0.8932367807950949,0.8541676509143091,0.8830530667009444,0.788632076740701,0.8674576698306764,0.7661974281576002,0.8089390408599009,0.9069399079062287,0.9205477759663789,,0.8488745864469106,0.881048186803718,0.9028929320784593,0.8913727240227619,0.8399763111834242,0.863630014436139,0.7771639180919262,0.7678975963033855,0.7871513895780364,0.8661973226498079,0.8768918276599978,0.8479909934840503,0.8293961525948906,0.8238210336374687,0.8698515973484041,0.8755230252922178,0.9147047518921794,0.8766649615967533,0.8785067864080899,0.8159010758997438,0.804272690470546,0.7891028723198932,0.7955243531885117,0.8539192163866887,0.8682806986702586,0.8746866037568366,0.8734004196414417,0.8734870798981698,0.8659340713111402,0.8372017397771329,0.8256788167789554,0.8797648344340347,0.8480387383392386,0.8766031563076951,0.8374708265422142,0.7919170468495851,0.87166109154416,0.8765741350758318,0.8539235890994568,0.8924497100873114,0.8347827017475152,0.7817992057973353,0.8833027604677229,0.8803595375829039,0.8526860933695563,0.8719006056212013,0.8334152988269258,0.834323238562325,0.8511019955605604,0.7861400542142519,0.8560730784943992,0.8121981991158418,0.867026926835972,0.8347514528931401,0.8661586751673386,0.8640561971583584,0.8696634316744462,0.8897270162512179,0.8703787089260777,0.8657828388878526,0.8274652303694787,0.8733486250248715,0.8196710348537884,0.8107528717396985,0.8325085893238493,0.8776751831948872,0.8504031291011283,0.8523563234212443,0.8577973426584344,0.8665295453645852,0.8232099751311422,0.8744611216531623,0.836826234851548,0.8329252907753663,0.8863829287501128,0.8601496866953886,0.8301220422850873,0.8621172787027321,0.8809352421143474,0.7607184137089298,0.8739961325796373,0.8423154905882443,0.8718127234309796,0.8343858236750393,0.8632868894287103,0.8457283712372183,0.8590195756749709,0.8882277814726732,0.8745881349922582,0.8481339863625926,0.8728124007582034,0.7836192185766787,0.878606375052203,0.771321682712295,0.8466030842706962,0.8745752764535458,0.8458024772712459,0.8597560972397935,0.8842581360723165,0.8117691098773835,0.7947823185373492,0.8590662343366351,0.8186277957224926,0.8887560693119201,0.8609249201478585
14,0.8526914688936476,0.8530919889518735,0.8242825253428716,0.8413193181673906,0.8145617914637174,0.8280882460963594,0.8032864449827044,0.814128923999506,0.7771292954869433,0.8302560307143361,0.8484696206504582,0.8551976382448541,0.8488745864469106,,0.8034779022648154,0.8394472797858586,0.8631384204003365,0.8668688664903974,0.8626995997595862,0.791492807763142,0.76934109643185,0.7759239068995861,0.8240270644525637,0.8505617491085699,0.8326207124705935,0.8097184841633988,0.8248170017542773,0.8669700513618904,0.8490531968090533,0.8596240944571435,0.8704238643956718,0.8606869865554592,0.8032811993400086,0.7987283225208972,0.8121650462854275,0.8538897204540041,0.8155372393547744,0.8261888365383993,0.8849506474499887,0.836715786215745,0.8406280607145775,0.8436251728980566,0.9078177098914446,0.8612159803291992,0.8628199685868818,0.8561435391328888,0.8667508635392637,0.8448538473474901,0.7899615006014618,0.8599677012492056,0.8442756745604146,0.8567879288390833,0.862885253129972,0.8484412245168043,0.8013310150767973,0.8591042934356798,0.8616815281695545,0.841926297593561,0.8619588093848336,0.8647307432568162,0.862547508826558,0.8336893255829504,0.8401629998309879,0.8604894351887219,0.8207685159691118,0.8580685613445035,0.859859227878818,0.8765951904223201,0.8454720966684428,0.8219969905277172,0.8591503498256782,0.8601396852824731,0.8647321814208601,0.8086830518823667,0.8608306932270329,0.8479976668176529,0.8092145993899099,0.8170692361764497,0.8532517770009886,0.8593649007999098,0.8627414780364429,0.853620830433767,0.836643610612389,0.8550080106800496,0.8408927763905236,0.8492405335222889,0.8622723297037274,0.8667336321912273,0.8759069533765418,0.8641119876536055,0.8526233551534736,0.8544496544796352,0.7746255457060924,0.8576463764709871,0.8498670143835867,0.8640956965477293,0.8438361567535694,0.8680367976131294,0.860526930330274,0.8681266956365339,0.8619934260783907,0.86394463519535,0.8275812723290233,0.8706287567963065,0.8114285213855827,0.8567636689559661,0.8076724557514291,0.8612874123123652,0.8496287807104828,0.858599624415792,0.8484117256204181,0.8653805278534202,0.8328595947571453,0.8088254513124568,0.879951826261498,0.8253096985096112,0.8588289484745499,0.8438172954541042
15,0.797308504196528,0.8369961758044752,0.8005783637492678,0.8665190679452807,0.8282361297129841,0.8307370041517135,0.7475851335388131,0.8170390760543075,0.7249183582995765,0.7641253485288171,0.8656208610022835,0.8508728023661773,0.881048186803718,0.8034779022648154,,0.8297996946169321,0.8355482077517098,0.7871921523237745,0.8025126148419205,0.7579765198488987,0.7463520999673441,0.7647861145207698,0.8274088960812779,0.8146869085186247,0.8122684584854029,0.7829479502225938,0.7652115559282597,0.8047659139303546,0.8577157410156432,0.8504400567701865,0.8140505191270537,0.8173507154290394,0.7644357537618625,0.7735484645961159,0.7444018089908147,0.7651585566299022,0.8413862492790766,0.8131459458526269,0.8131669211120973,0.8122276464770725,0.8316655539506717,0.8332751234520644,0.7829163271271512,0.7436613879911523,0.8798537637763268,0.7968779535796514,0.8911761565565726,0.7872267771810338,0.8141640943451338,0.8128267812070926,0.8005865281236184,0.8035276317511435,0.8315637962949214,0.8011473271778552,0.7523772740535987,0.8385856136262991,0.8232029032774023,0.8173405116829541,0.8223760331081706,0.7887793607461479,0.770496793275219,0.794736317965796,0.7282794116406094,0.8087727995343312,0.7851603552433272,0.8050703099012477,0.776596152277891,0.8076869132601747,0.8957595584607501,0.8278568721014314,0.8370313546283914,0.8070388529984802,0.8188113059100817,0.7748171381106074,0.8040995979163675,0.7639346786658647,0.7401854801469392,0.7968189804629182,0.8265184870431563,0.7915824018745906,0.8148311732434825,0.8178966685851512,0.7976677906954436,0.7702105676969679,0.8090697128440608,0.7921166365423815,0.822235238696314,0.8258141212085797,0.7979056878950763,0.7732813128533913,0.7979552369358833,0.8360856581442587,0.7161015169986481,0.8450070876753182,0.7846354710741884,0.8402740536372739,0.7977970852001015,0.8082800053710445,0.77676249888526,0.80424319217944,0.845064858487297,0.8203268146507344,0.7996962452836297,0.811064571118491,0.735729551560434,0.8225617126364692,0.7226888018755808,0.7966679505773716,0.8096837970230747,0.7918643680753097,0.8027138107382507,0.8394619048648835,0.7707848966809555,0.7397662295799492,0.818041307709178,0.7720134002538129,0.8280167604543698,0.7877043924517663
16,0.7917878544168836,0.8464969006519695,0.863538380919812,0.8714531724836918,0.8411808018361122,0.9184734828310599,0.8253206191082909,0.8709480606943695,0.8058803269400086,0.7945822880798565,0.8856587882909703,0.8819327153211336,0.9028929320784593,0.8394472797858586,0.8297996946169321,,0.8814615407817026,0.8492025722059724,0.877885394584637,0.8343781768487133,0.8493137593691079,0.8332581421513934,0.8804851934012204,0.8625533229520931,0.8271348789158097,0.8654775797493541,0.8624968688434421,0.8785095012969728,0.8531272745054465,0.9111256510061319,0.8828620546474162,0.9008414042342722,0.8684934281928913,0.8560729281671117,0.8219841857241552,0.8301957112023574,0.851312379415732,0.8722994012398874,0.8644188637205737,0.8760594982051916,0.8970145104340072,0.8690227685436308,0.8549178848278627,0.8128857585800117,0.8686008945011101,0.8431288056130606,0.8675530423043183,0.863991802217193,0.7768115368235775,0.863924669272693,0.8481311770971685,0.8377985951332853,0.8936863301072466,0.8414685350137663,0.8528474910158799,0.8821446820259723,0.8654167470133761,0.8290385352733832,0.8616346718566188,0.8424081122677034,0.8280412152680414,0.8384474606458104,0.8010999765809866,0.8459595906112777,0.8305686901218124,0.860317313314969,0.8225517360751022,0.8645768283331072,0.8593305383066848,0.8444149970192956,0.8738802929469449,0.8746231258285543,0.8615270338661192,0.8409478001820946,0.8811082742438435,0.8288752321669893,0.79904954936289,0.8311055699226295,0.8964311419512256,0.8495825262226754,0.853044347190159,0.8444138669842183,0.8539645772930935,0.8420315709217652,0.8649088821568681,0.8300278435719091,0.8462303539809408,0.8858053341995589,0.8470406707352641,0.8369402891520692,0.8461995902868857,0.8631102608921747,0.8128733814717343,0.8570029434978592,0.8606755597605709,0.8835859334085093,0.8447975675286842,0.8529319177146146,0.8485215033952973,0.8543989530407834,0.8733677131600878,0.8653854359667615,0.8428912637497622,0.9057848595037696,0.8144971282911838,0.8871831719145613,0.7836006433536368,0.8413573658112574,0.880447578211841,0.8504425324438724,0.8461854158727504,0.8848682332377278,0.8169369738110221,0.7914447184325475,0.8610011704233906,0.8150992849490111,0.8683121810294805,0.8587878378048587
17,0.7779186920687733,0.9067893332521317,0.8819435610583116,0.8921110887654129,0.8370930757973822,0.8430086622511617,0.7827122574047838,0.8702143696903085,0.757987387672638,0.7932464729412598,0.8771585053870211,0.8953838735337605,0.8913727240227619,0.8631384204003365,0.8355482077517098,0.8814615407817026,,0.8480966301600382,0.8512328054105596,0.7959263675599614,0.7772580563239775,0.7822528562192853,0.8885590490983198,0.8935098071305837,0.8609571270629423,0.8305161846560969,0.7946830212681115,0.8498082315929443,0.881872947495409,0.9233825593059017,0.876092367159006,0.9060857760164402,0.8025026819644162,0.7952496085876964,0.7861428950205075,0.7754089450681521,0.8690193817333605,0.9113469650574347,0.8905917497292791,0.8770936249285669,0.8504931353081738,0.8673541213474003,0.8478577531853558,0.8176099802792837,0.9060399073298352,0.8433359074293816,0.9001897627920368,0.8650980653958783,0.7831537534768065,0.8881015848095687,0.898984945430861,0.8569628132466411,0.926804491914067,0.8494943571479219,0.7939800978985839,0.8899480913150498,0.9094145245078908,0.8686218940765804,0.8697893184316775,0.8478087037572484,0.8462573434638923,0.8774027439773895,0.796036082364961,0.859673099130668,0.817812811995461,0.8678485328603704,0.8262747029989326,0.8730252738149618,0.8960507031559971,0.8699185809069807,0.9056987885537565,0.8932216791045997,0.8900968947933297,0.8163883151427876,0.88549409964183,0.8271701334291856,0.7909642993460965,0.8333762041490457,0.8879023046186725,0.8478945022441795,0.8626370314951287,0.8639473351357827,0.8985770545065058,0.8448636629442786,0.8884791205076792,0.847870441603443,0.8275256600754306,0.9203384522539952,0.8742877246883392,0.8387373736442009,0.8852627313607822,0.9027055122067742,0.7465462205005371,0.8959969101598257,0.8251075596426847,0.8891847611895138,0.8492492559436389,0.8698626816496715,0.8675362179591342,0.8715505419578781,0.8819501887949842,0.8783674000451657,0.8520227046368576,0.8696702221191823,0.8069214840368406,0.8957443906075544,0.7880847838822649,0.8600804969825061,0.9197964857013853,0.8510013631679907,0.8631377091636068,0.8917996936269923,0.8260601603244782,0.805858685730024,0.8782638458697755,0.8239102780124059,0.8945907456211619,0.8392835424720506
18,0.8152905654177607,0.8507578630325923,0.8591806513123983,0.8221243870761507,0.8047105265828703,0.8468205360376783,0.8157810678837104,0.831743094481459,0.794805269098362,0.8346501212038205,0.824662041806031,0.8501171454299635,0.8399763111834242,0.8668688664903974,0.7871921523237745,0.8492025722059724,0.8480966301600382,,0.9009799711432203,0.7807346911578852,0.783662624112067,0.7808468541169817,0.8259290357098342,0.8903845456785603,0.8474368979045627,0.8254170530392635,0.8293933872838019,0.8907157983668728,0.8263396721489855,0.8639873795365263,0.9017973929764461,0.8613838740369072,0.825587316904745,0.8000674073157314,0.8014343605606479,0.8061042146872383,0.8255606292629736,0.8418120396729997,0.8610284460953075,0.8848207800637914,0.8553916541184684,0.8620046932505361,0.8655820075485163,0.8310741872469081,0.8367993788766466,0.8734897377714996,0.8357405538439359,0.8338289372819708,0.7916314038853849,0.8871497926830658,0.8649895812502257,0.8560169687679656,0.8555907314824484,0.872059711366577,0.7952668221185895,0.8883864403090759,0.8641588027010763,0.8346462163720472,0.8397791426540613,0.8314656901481431,0.8521059962676448,0.821746125931449,0.8263501200313813,0.8895918739498565,0.8099716648959361,0.8929301950316889,0.8726264886048807,0.8541067522987416,0.8258511753682368,0.8063961468609915,0.8597565381329966,0.8714450037482611,0.8704440787539462,0.8405354165885762,0.8556338821503282,0.8288826626606116,0.7890145025957253,0.838892257058701,0.85306322799429,0.919798486628995,0.8551050440633597,0.863110401315492,0.8332798562706969,0.9172913907695952,0.8532950281626761,0.8546006636636337,0.8643833554538239,0.86028714658529,0.8456408616163373,0.8884126879865016,0.865695669899105,0.8272402820546618,0.7589817849523406,0.8202303238984717,0.8782719928426793,0.8666676557513769,0.8546422401150972,0.9301840591481401,0.8565688374121314,0.9223777523528485,0.8430941599919267,0.8461056555414076,0.8219026320617269,0.8290491766738848,0.7990381560936045,0.84052292184996,0.7774762335068707,0.909913508541489,0.8470730583123143,0.9193384742245955,0.9147824220190354,0.8561406861517205,0.8272329851057553,0.8118664071799093,0.8707982650595956,0.8259634971289462,0.8724665573842759,0.8861701161001511
19,0.8328517980338976,0.8345586859491115,0.8559430032448834,0.8529129620965286,0.8436650259765657,0.8588793726365095,0.8337360684465868,0.8242643788764131,0.8119196287999718,0.8358274300020475,0.8604487524030195,0.8665180961479048,0.863630014436139,0.8626995997595862,0.8025126148419205,0.877885394584637,0.8512328054105596,0.9009799711432203,,0.8070696367431359,0.8282143666330815,0.8014269407487762,0.836944516428406,0.8656321513345169,0.8460341110088133,0.8441292969075522,0.8639002120170467,0.8927394789065344,0.816972580481904,0.8893813210168361,0.8995101209360585,0.8905286866092395,0.8538038516526523,0.8294198723461417,0.8766615721381592,0.8343563266985707,0.8506935972252567,0.8274856214268622,0.8660134092866161,0.8726821428940739,0.9022112758210203,0.8774662534363187,0.8556103877085511,0.8342368694787491,0.8500474825115556,0.8748191557640206,0.838157414684872,0.838899001314369,0.825764803048516,0.8787879880549986,0.8469109159750248,0.8556055451586885,0.8653375422862273,0.8568553297682953,0.8415746425078741,0.9022851574977604,0.8485297927176829,0.8136690058739234,0.8695800001664673,0.8361801667477217,0.84308744609864,0.8164573675930434,0.8452295651676363,0.8549449044850969,0.8509670536064946,0.8868894532583046,0.8508260639063981,0.8789816133916944,0.826271360414888,0.8238277171411238,0.8591952112119269,0.865606959760894,0.8737348948959348,0.8594299811264221,0.865919842422876,0.8426038256331753,0.8014073791763023,0.85837635130357,0.8676107933144426,0.8940684914115006,0.8781507098345087,0.8662538892102779,0.8106136875102902,0.8935145898239183,0.8467380858630168,0.8566239729181448,0.8818296500859659,0.8716584966666278,0.8527557969700834,0.8525782747608514,0.8394156530916673,0.8195732632270665,0.8174510803270046,0.8341072596139899,0.8923518607993242,0.885904660629016,0.8640840996879058,0.8963527603026624,0.8276912778904539,0.8898895331355494,0.8518344345286268,0.8384232548717712,0.8221729741576033,0.8756046384150631,0.8319042799695434,0.8280073940084614,0.8008190627690797,0.8639911578399038,0.8318564291396764,0.8677746477062636,0.8834314159368508,0.8583552924089634,0.8356365755957513,0.8047198015740824,0.8602993233118952,0.819882793376241,0.8624861104187589,0.8835552410434238
20,0.7522258395099969,0.7635150305183817,0.7762859846974519,0.7881329203653655,0.7708411844350334,0.8172788266458063,0.7966138904163335,0.7649366562810959,0.783621064213374,0.7414514318606907,0.7748632236942379,0.7705962966549104,0.7771639180919262,0.791492807763142,0.7579765198488987,0.8343781768487133,0.7959263675599614,0.7807346911578852,0.8070696367431359,,0.8776478547729536,0.9098328690735289,0.7878374265456103,0.770317715242773,0.7533713192878154,0.9106727085135224,0.8529456256960799,0.7997252092002478,0.7839722836666139,0.7868753344772071,0.7910743043010419,0.821893997369026,0.8099923136414935,0.9180401463382254,0.7495256284329788,0.7705295259280315,0.7674554766956636,0.7652289200637099,0.7826071413466844,0.8244871654338749,0.7965668330469989,0.7671415904041854,0.7848623310913,0.7687850468834059,0.811661057312711,0.7716571344249203,0.7847147301915823,0.804935117971824,0.7545922400453109,0.7846575358683736,0.7479688732650276,0.7597121348026873,0.7784363502296582,0.7699466419944867,0.9128385788460943,0.7805988200097809,0.7680881100284588,0.7498034367326171,0.77382342836018,0.7703050459342853,0.7671009201900053,0.7637353018856343,0.7598622938879589,0.7598520796594022,0.7618976474536098,0.7816414731809689,0.7775768436796685,0.7737418958666394,0.7781388507406796,0.7774224170674564,0.7805550991117522,0.7702051903160252,0.7901842631791294,0.7827065465185027,0.773540666301866,0.7634411193773865,0.7387240621757603,0.7741984005442758,0.7726197653427109,0.7769359778079006,0.770910790141865,0.7572755926821918,0.7402108814133749,0.777885187463711,0.7470332250719446,0.751534217931729,0.7911998745736882,0.7768923106970815,0.7747447817811433,0.7690353061655082,0.7342566150022469,0.7624644102313243,0.8358425386866872,0.7830232012262311,0.8183464449691408,0.7842887617417122,0.754751936581509,0.7734358964171578,0.7671578265549787,0.778638378261958,0.7799788559961028,0.7767473868756105,0.7630613460434321,0.8513316304524462,0.7629673156841533,0.7605200237978297,0.759289176342204,0.7730984345211497,0.7593824794629532,0.7902799962894008,0.7704278795837427,0.7623311728613997,0.738134198115738,0.7363179749955261,0.7831171627976891,0.7589383714107927,0.7686426143856963,0.7918258275160083
21,0.7673988176400997,0.7328215652416568,0.7587838723405971,0.7900065377549329,0.7890332199147125,0.7916151126621243,0.7904802234256416,0.7618657166171182,0.786603431971051,0.7296338264417953,0.7706234999733304,0.7670046676305505,0.7678975963033855,0.76934109643185,0.7463520999673441,0.8493137593691079,0.7772580563239775,0.783662624112067,0.8282143666330815,0.8776478547729536,,0.8570850253277036,0.8164992730499714,0.7706413761010049,0.7603100293363165,0.8756681281248121,0.865010334826053,0.7854115472773141,0.7616765131750991,0.7979315799612532,0.7960008177268882,0.8203445129460206,0.8370396297688996,0.8849215696509651,0.818663157007727,0.7641135479795409,0.7811737380686831,0.7519561067852555,0.7899036555986663,0.8148875991539017,0.8015726309651787,0.7704012385398882,0.7805701123678549,0.7576922953551775,0.7985095433467391,0.7797333498118971,0.7923181969235645,0.7904023487615573,0.760947394531119,0.7774969954387219,0.735068356892752,0.7675573088612264,0.783188901880268,0.7789159772633313,0.9190202442527361,0.8061168283844419,0.7685186132159044,0.737541945317184,0.7943867712692742,0.7834936829282496,0.7466322135463905,0.7433001357679976,0.7639263417858279,0.7570355703950734,0.7897169254714768,0.7880322117880478,0.7720153722246357,0.7881189112596277,0.7883879124658147,0.7759516792476783,0.7632474449532698,0.7612172511477908,0.7946140628277921,0.7935621430492716,0.7842207158198632,0.7676077584441172,0.7324648468244555,0.7700433604982965,0.7578351312958479,0.7848429266389348,0.7843441678888611,0.7697492455647779,0.7420172330745253,0.7923660348534469,0.7433726876658926,0.7643310319499295,0.8215865949058738,0.788698055659088,0.7632365972988145,0.7804406868236033,0.7283096565975862,0.7699269513658163,0.8674604792534226,0.774003908201504,0.8296554979185309,0.8116247366001703,0.7858987654608913,0.7722206238226088,0.7560540809560518,0.7869655025687734,0.7718401004315284,0.7624909090915135,0.7545718383340344,0.8580172513521044,0.7789008772750613,0.7620392388543675,0.7369010968222054,0.7702528885097117,0.7662360053643488,0.7850206417529214,0.7775434534942051,0.7744281992616128,0.759816544333002,0.7382693572080785,0.793708603768644,0.7477520810904844,0.7788470189958271,0.8028448667340137
22,0.7497631055544911,0.7547312177066603,0.7532071976424151,0.7701891859598029,0.7410822751794375,0.8326302370097652,0.7701175451656196,0.7798386685066744,0.7673427153717769,0.7499729217114712,0.7661296617956939,0.7607118233677564,0.7871513895780364,0.7759239068995861,0.7647861145207698,0.8332581421513934,0.7822528562192853,0.7808468541169817,0.8014269407487762,0.9098328690735289,0.8570850253277036,,0.7441275021817175,0.7541604369568856,0.7222775958630897,0.9294598181426628,0.8463348500009397,0.80781127889494,0.7768486237320456,0.8028212498528715,0.7793246810002785,0.7939928154447528,0.8238877623891365,0.9589147493514252,0.7523346716641652,0.7775237583840879,0.7703962700101259,0.7462748665503395,0.780016058172589,0.8063073854340514,0.8072312428765208,0.8019405746077153,0.7895596717431732,0.7627128841158672,0.8012700668389918,0.7883971557907057,0.7869364955548477,0.7937032730488021,0.7688976597704874,0.7660490760931786,0.7426815778379402,0.7566647402437374,0.7889192572284978,0.7710800637956441,0.9128946397554684,0.7733719724479151,0.7755759437547896,0.7572200000232283,0.7584388442517772,0.7530563608161018,0.7678112332510564,0.7554138173993461,0.7713770931017817,0.7762178066475081,0.751761156880178,0.7677464750689279,0.7774156344136353,0.771622146765938,0.7783274654185466,0.7597768628479373,0.7746761553463479,0.7711939953430063,0.7976239927194803,0.796164285989862,0.7927501256854901,0.7738983731026858,0.7592964094409071,0.797492230824682,0.7902171335428649,0.8053579805454808,0.7856296025000582,0.7618193149276117,0.7326600399860035,0.7738445653483125,0.7541472351171551,0.766998279727606,0.8080201113199392,0.7860564836950772,0.7742013280537833,0.777742006019654,0.7427869305891699,0.7454977168391095,0.7980303435108651,0.7716941240084709,0.8357716641427656,0.794370912369289,0.7811891318876126,0.7687236176113461,0.7858396133175156,0.7868362442312307,0.7788656603111261,0.7742534196299498,0.7729674032227264,0.8416094423293298,0.7664209376052726,0.7857641887684164,0.7551363640665468,0.7781503200299309,0.77039371101015,0.7948012504576505,0.7953180719591963,0.7865188854307725,0.7624607995177262,0.7427271857750355,0.7967235963342488,0.7827171982441332,0.7728975789717835,0.8107591678904704
23,0.758172195341738,0.8392534712821413,0.8670955328040175,0.8677754361035421,0.8565088879288004,0.8273128031623224,0.7718437717813692,0.8533563983945767,0.7545177316969613,0.7502542766959394,0.8634906089058426,0.8677692205069681,0.8661973226498079,0.8240270644525637,0.8274088960812779,0.8804851934012204,0.8885590490983198,0.8259290357098342,0.836944516428406,0.7878374265456103,0.8164992730499714,0.7441275021817175,,0.8710853408913083,0.8611243277794143,0.7935020330079077,0.8199327234202625,0.8356819925980888,0.8547729829168985,0.8962293654491746,0.875143168644306,0.898365190813482,0.8081697543921622,0.7821782824756248,0.8003633454265013,0.7306118728879702,0.8386022750588954,0.8753840950268554,0.8697412015867967,0.8663049640397265,0.830726261860631,0.8225086058151851,0.8158040508595159,0.8107236932285938,0.883173603798024,0.8222126924221678,0.8655236859662528,0.8291428527508589,0.744826139742775,0.8693505499154339,0.8509329004389987,0.8397239454293686,0.869842681843973,0.8474869957777919,0.7971492818706561,0.8701170483742583,0.8618040951317947,0.8057963401469637,0.8571889414431922,0.8435976056737498,0.80700196092229,0.8370945763912424,0.7734885210093384,0.8262052356296767,0.8506235663047199,0.8690562547757086,0.8213548916192053,0.8546077631489657,0.8666480455511317,0.8538291277820058,0.8509902161755951,0.8537874629561262,0.8554994461712766,0.8043733924177574,0.8487076917416672,0.8042507067750995,0.7801915482850232,0.8071223517413031,0.8520148830080392,0.7966741594865194,0.8367339903226292,0.8513658507309008,0.8562302439348461,0.8244760192683301,0.8355852301223745,0.8156504457185529,0.8096432838938721,0.8805222076779662,0.8338778690783492,0.8222683690613171,0.8411449965601167,0.8815788362552415,0.7837182770018041,0.8673155580113796,0.8044591498275135,0.871293347148974,0.8202890314673356,0.8380907532114785,0.8175564908328216,0.8384963863638133,0.8473190368753479,0.8435560035315116,0.8116478868352974,0.8524133642785611,0.8027347763650934,0.8474152749952837,0.7663384369867287,0.8238251795780913,0.8680444903664235,0.8233323313461265,0.8172251989082466,0.8550101005691647,0.8001901381673602,0.789004853429818,0.8441335230632842,0.7758789651869346,0.8717528545933335,0.8211212361317629
24,0.7826240368777406,0.8843379303344779,0.886053026841054,0.8574063613452042,0.8235585531151334,0.8470946734701049,0.8150572009723435,0.8658223600031583,0.7857598309600384,0.8051620450836869,0.8628384509360034,0.8805296126861343,0.8768918276599978,0.8505617491085699,0.8146869085186247,0.8625533229520931,0.8935098071305837,0.8903845456785603,0.8656321513345169,0.770317715242773,0.7706413761010049,0.7541604369568856,0.8710853408913083,,0.8647091653002295,0.8126865417535636,0.8093783037797562,0.8690775767433773,0.8664206924445887,0.8946826043745428,0.8986371890072364,0.874474188949252,0.8120352353220859,0.7810518423234258,0.7843188236581397,0.7706950441840854,0.8398235935862602,0.8963729440201615,0.8778023436984168,0.9062204976092474,0.861735823928509,0.8573564662250981,0.8372636282249781,0.8250416247453809,0.8725040184860106,0.8412617444038807,0.8727833021752104,0.8400522511738447,0.7684671167545676,0.9356806467345179,0.8923813960000939,0.8559565191571367,0.8975243575270947,0.8568009647229708,0.7799017050025672,0.9042230032874959,0.9066854077452031,0.834267241420769,0.8642075761384134,0.8459323375209495,0.8402621907757907,0.8600299430353435,0.7999744785832809,0.8709073033805224,0.8174072201586711,0.9037237902378624,0.8419798570530135,0.8760530734409033,0.8603806437790078,0.856410322277833,0.8944005058379954,0.9171164867103911,0.8699569045626325,0.8080294020430313,0.8685090575398846,0.8182948414675246,0.7830426404960612,0.8172659551599831,0.8773442917598427,0.8485795241928589,0.8508062569627637,0.8630022253039207,0.8933310566174779,0.8803233635530614,0.8744644251228301,0.8578600225531532,0.8212132650601234,0.8961657191271567,0.8606092360256492,0.8475761206339855,0.8740335158124172,0.8792564795721612,0.745244753130116,0.8511752077224226,0.8366807725373936,0.8857696602008951,0.840046696803327,0.8998052161217971,0.8485561247105621,0.8946164475477496,0.866455580494743,0.8687772724095509,0.850520274718352,0.8412204651906328,0.785868626042298,0.8789564103052073,0.7694871907601311,0.8912624917084717,0.8804295667340764,0.8685030386984952,0.8579177190206021,0.8860031227305585,0.8166865113791676,0.800664927455961,0.8682736171093859,0.7971981358401875,0.8876450792495559,0.849307638743801
25,0.7887325068330576,0.8709402937678551,0.8588568473611256,0.8541839543036931,0.8414223197343432,0.810782417285267,0.7743130559403049,0.8296237273406498,0.7425693967019494,0.8293116359513423,0.8643235640487235,0.876316895536074,0.8479909934840503,0.8326207124705935,0.8122684584854029,0.8271348789158097,0.8609571270629423,0.8474368979045627,0.8460341110088133,0.7533713192878154,0.7603100293363165,0.7222775958630897,0.8611243277794143,0.8647091653002295,,0.7813095530101016,0.7922436336053185,0.8504943392906188,0.8513173806320335,0.8703575371672498,0.8659262023196317,0.8564869389968911,0.7793095207553696,0.7526012419042336,0.7911366024633434,0.754587551820027,0.8047064834761051,0.8345552406362722,0.8712063798060838,0.8317317411442954,0.8108157684393607,0.850712475179845,0.8282319985457574,0.807357304180788,0.8364669344666467,0.8273513822069198,0.8329279784722466,0.8298795462909269,0.7999889839754865,0.8640229053107015,0.8641472053530325,0.9021596662647857,0.8424780571756988,0.8369712895431148,0.7509755515092829,0.8920433208529381,0.8656981437621176,0.8700313897918865,0.871077960540568,0.8374191184630801,0.8233051945104111,0.8409207797168673,0.7789686508523828,0.8845472571626471,0.7997761497853013,0.8577609419353976,0.8333649281658015,0.8653915621636112,0.826314371106327,0.8052275917218005,0.8576514456198733,0.8466403316628179,0.8470787928734709,0.7875420239132006,0.8415940603296228,0.8138328256826788,0.7757463678562149,0.8161106999560749,0.8304202304315118,0.8370521401595509,0.8612951082371909,0.872464167724542,0.8264607735590621,0.8267072290257387,0.8896637876664109,0.8436404285807407,0.8288562906852596,0.8483023389259551,0.8351947341886349,0.8288439982143966,0.8653804122681774,0.8549328019794205,0.7375697865638088,0.8120705525108286,0.801019872470241,0.8748876641323978,0.8410150128046429,0.8795202115700242,0.8235543949214553,0.8759760121060869,0.8895466799033913,0.8764339225223455,0.8569344850060395,0.8156586224674414,0.7992589998547549,0.8235189459067679,0.7811167045500862,0.8378598805022741,0.8337353570856563,0.8280686142955778,0.8752085156553133,0.8718523677877426,0.807812064221294,0.7952075548927884,0.8556456449081781,0.8074916416790194,0.9052773213572564,0.8184720774176448
26,0.7772103222275774,0.8099009876459259,0.8149679305554326,0.8220050984062328,0.7893752378351736,0.8574740747087314,0.8085993864607944,0.8133744149309989,0.797616552851953,0.7759323119821613,0.8101843457247645,0.8110198385215132,0.8293961525948906,0.8097184841633988,0.7829479502225938,0.8654775797493541,0.8305161846560969,0.8254170530392635,0.8441292969075522,0.9106727085135224,0.8756681281248121,0.9294598181426628,0.7935020330079077,0.8126865417535636,0.7813095530101016,,0.8679637542423132,0.8309110892257501,0.809883822051776,0.8494540387982834,0.8214639706977176,0.8482452599959187,0.8457648884468635,0.9336849612805744,0.7648330843640258,0.7946126608341266,0.8100711948086677,0.8155164491217265,0.8211458872425935,0.852626448675468,0.8287130767313796,0.8196112872393677,0.8165089105552709,0.7937698364073243,0.8345396292343907,0.8270731029151429,0.8213373414650308,0.8341649786326438,0.7919008201395562,0.828635211497301,0.7922836561583162,0.7881520567754824,0.8451206117709871,0.8027358433129862,0.9209774491344577,0.8335671004694845,0.8319001657321577,0.7979919407701063,0.8139234481417063,0.7886532497593675,0.8249802071557973,0.7918480025015616,0.7907545350233038,0.8184493379385197,0.7828955880002129,0.8142183920924488,0.8194780672395843,0.811884029647611,0.8050984353391397,0.8125573039534737,0.8339998132286549,0.8253076303121276,0.8397639905089559,0.8071425176831244,0.8346675413081415,0.8105694165455446,0.7676216888358138,0.8136836261674856,0.8228546286254089,0.8191529317072449,0.8138350831031351,0.8051914773440796,0.8071286701213894,0.8134199752348058,0.7983292618301856,0.7951678717696264,0.8183194777082213,0.8291726088520321,0.8095049054639273,0.8090665284432264,0.7914778492213328,0.8036269928633483,0.8197225141362452,0.805053437750388,0.8474033931022662,0.8330214763306936,0.8052777440439586,0.8234740884828182,0.8283899507653919,0.8288551808835507,0.8100952214699535,0.8039672419635349,0.7886741935141335,0.8676535363251229,0.8023736666760045,0.8212523001821298,0.781822771215065,0.8146903048677948,0.8286618012010968,0.8388674635060029,0.8171986690578998,0.8196547051157916,0.7797293894039803,0.7697790852538793,0.8277612910340991,0.7927117563724173,0.8280286037431513,0.8371038730711506
27,0.762830845025647,0.765702643900307,0.7818685370883861,0.7901434926765978,0.7838349278348511,0.8382658818001285,0.784288335752129,0.800186893303556,0.7613497129816248,0.7772345604882411,0.7975658405717192,0.8114449706742698,0.8238210336374687,0.8248170017542773,0.7652115559282597,0.8624968688434421,0.7946830212681115,0.8293933872838019,0.8639002120170467,0.8529456256960799,0.865010334826053,0.8463348500009397,0.8199327234202625,0.8093783037797562,0.7922436336053185,0.8679637542423132,,0.8488330039916093,0.7922101021808614,0.8365067931266366,0.8446720527696969,0.8660473979416208,0.8662464978904256,0.8739344630564299,0.8227386285777174,0.7874065692836122,0.790424947296313,0.7816814450418088,0.8518923076696122,0.8574485369860552,0.838315750938406,0.8181551364209148,0.8319820177890176,0.8337953143554462,0.8144867622141159,0.8452044373731616,0.8125260421510406,0.8072599272851597,0.7589274414665834,0.8230645766217468,0.7867372823677398,0.8213599573661571,0.8159663077321068,0.837177127363306,0.8918757237352517,0.8434644939275118,0.8176942814780818,0.781612212615043,0.8438794152587097,0.8325723987262066,0.8139390283441187,0.8086989574326554,0.8333516660451968,0.8028488592638628,0.8520869097861965,0.8512173322257993,0.8404480512767485,0.8529222761928835,0.8055709257775926,0.8169529804091813,0.801434271337854,0.8153794900107846,0.852006637528204,0.8542689343222477,0.8436797319579687,0.8346475070297085,0.8101589854910732,0.8382835376018907,0.8114349618325387,0.8264107611142388,0.853193640032029,0.8344828685362714,0.7868750517660394,0.8260364588930182,0.7940817083826508,0.8219101403333473,0.8176454719223107,0.8365424433343998,0.8390975125646956,0.8174358515398603,0.7899195830356752,0.800281423149299,0.8734371839036242,0.8007949103932647,0.8695765365127963,0.8222696924882735,0.8351793663598494,0.8245719628786549,0.8186956160111767,0.8306059387093764,0.8229943863182141,0.8187235611563997,0.8064365188015815,0.9005955009595985,0.8248651935016542,0.8001562428406432,0.8166105306185366,0.8192248074766102,0.8017275713932285,0.828877723487181,0.8197077849196058,0.8107151466836741,0.8138830086056371,0.8049366794087075,0.8233395635629838,0.8030534554054778,0.8295012718694174,0.8649241969414794
28,0.7927710188338362,0.8363481196648601,0.8468725388422117,0.8474555766715887,0.8275491344146519,0.8634657058798603,0.839309725394384,0.8431046886740802,0.8012376002830448,0.8334502948590107,0.8614959818540774,0.8688234794482337,0.8698515973484041,0.8669700513618904,0.8047659139303546,0.8785095012969728,0.8498082315929443,0.8907157983668728,0.8927394789065344,0.7997252092002478,0.7854115472773141,0.80781127889494,0.8356819925980888,0.8690775767433773,0.8504943392906188,0.8309110892257501,0.8488330039916093,,0.8365165435843578,0.8997471990474412,0.9174832038983993,0.8890942467667441,0.8485214899620364,0.8148170217434136,0.8327322724572472,0.7913272401381092,0.8389116550258078,0.8346431978267438,0.8891459506615887,0.8706375881362313,0.8885824034647829,0.9069141513392969,0.8818771658475821,0.8568590813115157,0.8447737111651819,0.8973827083394067,0.8454811240179386,0.8502347070937084,0.7947958454859899,0.8820417074959925,0.8628137668102219,0.8835379275426155,0.858925668780105,0.888035568977342,0.8046818718048273,0.898769968945359,0.8707087427392147,0.8334253021394779,0.8716422488064784,0.854118782326795,0.8775629354435746,0.844254238812221,0.8776151582295031,0.880457600167112,0.8616064829948287,0.9088574876247062,0.8817115300588968,0.8973979779989602,0.8330699263592266,0.8144089261119449,0.8739092285232527,0.8832599892544518,0.9025531069863779,0.8616470815814323,0.8893396351625154,0.8861365804360996,0.8489622023938392,0.8744565706074691,0.905350877039277,0.8844395068405798,0.8948777306262332,0.8961798601181644,0.8254924660429788,0.8800396852855444,0.8787925451582516,0.8785125627374504,0.8492556061597551,0.8861622385681932,0.8804406967039097,0.8677766106517799,0.8651373355591481,0.8451107303192376,0.7747857394772489,0.836436758213553,0.8800464454089397,0.8795162009193985,0.8861777977229776,0.8936336919250264,0.8755678235249468,0.8872162973981426,0.8811474410930298,0.8847419858630989,0.855224976581854,0.8660595351983993,0.8197917908899328,0.8694144716877897,0.8296098576536699,0.8747247349080544,0.8534477081038916,0.8646160945310358,0.8885493235042504,0.886890522697505,0.8556864355500593,0.8394358298706633,0.8704111716739795,0.8739992838369035,0.8928534098868365,0.8856591139605438
29,0.8376003004774353,0.8943311922213673,0.8566967139378017,0.8889615936003937,0.8247376227579702,0.8509708938472061,0.7993173192875644,0.8489912680228281,0.7689878467957082,0.7858839207906624,0.8626583552056086,0.8584451753878735,0.8755230252922178,0.8490531968090533,0.8577157410156432,0.8531272745054465,0.881872947495409,0.8263396721489855,0.816972580481904,0.7839722836666139,0.7616765131750991,0.7768486237320456,0.8547729829168985,0.8664206924445887,0.8513173806320335,0.809883822051776,0.7922101021808614,0.8365165435843578,,0.8744154787744898,0.8448730026838942,0.8485392299349459,0.8080182373697763,0.7979321638476888,0.767119618242531,0.7805661774103355,0.8351744406879601,0.8713599402650674,0.8580532196043257,0.8564666435981413,0.8330346559534689,0.8364865709082216,0.832700631277835,0.8083393703376324,0.9190277097951897,0.815838304325233,0.9180323051234638,0.8371759521121039,0.8045341230821018,0.8677075298822914,0.8530895400222542,0.8344030924269468,0.876981825215684,0.8272338278611652,0.7689529140695384,0.8589869676302045,0.8664010734797241,0.8429872222685809,0.8390649613255584,0.8263461299056792,0.818405956938955,0.8435582372318611,0.7759769929010679,0.8558730360778325,0.798764165573702,0.861270357919476,0.826898423595413,0.8410418950513434,0.9068613155074604,0.8346420247577564,0.8735597054868549,0.8604008012224411,0.8481381873333561,0.7735386214672602,0.8382371296834108,0.8054534118508874,0.7822132786890565,0.8067203598489631,0.8559948629599753,0.8106282027646426,0.8199231408018057,0.8243769635750753,0.8667945936300652,0.8095574763818301,0.8476346613055279,0.8180422509333254,0.8550996656372293,0.8636298298287146,0.8406645034305884,0.827396729565229,0.8519065596907106,0.8704267012953718,0.7286924386895531,0.9012111827117406,0.8035928158370557,0.8660551656496023,0.8057896257197508,0.8410479811641144,0.8298227949269177,0.8424740505731834,0.8588946265721803,0.8618346387685836,0.8370616541625094,0.8264893543898988,0.7637699742509044,0.869730580100063,0.7754340934723456,0.8318496684718806,0.8691286698133517,0.8308181564754015,0.8277906219173979,0.8643138932718222,0.7956589390559367,0.7872585342408894,0.844861338575903,0.7984566208622375,0.8602424803759962,0.8197636338903237
30,0.7975943296560171,0.8895712914472371,0.8851336515227735,0.9012404623085023,0.8643166235153893,0.8762182926856038,0.802779731591102,0.893085073353236,0.7815173472889491,0.8225403859038747,0.9077211366142577,0.9064211513014839,0.9147047518921794,0.8596240944571435,0.8504400567701865,0.9111256510061319,0.9233825593059017,0.8639873795365263,0.8893813210168361,0.7868753344772071,0.7979315799612532,0.8028212498528715,0.8962293654491746,0.8946826043745428,0.8703575371672498,0.8494540387982834,0.8365067931266366,0.8997471990474412,0.8744154787744898,,0.8999422863660221,0.9164568664451087,0.846014431579917,0.8132689984747214,0.8304343935130352,0.7910924770763531,0.8678806526742814,0.9000759286189702,0.901565023151337,0.8976504962180969,0.9034374697474203,0.905259240688143,0.8583439912312055,0.8403750347211518,0.8939555764768221,0.8726208597271785,0.8918561803564361,0.8647980161164271,0.8065961491836732,0.896262604896371,0.8986856763660576,0.8733112552469978,0.9272314284829737,0.8784388392240575,0.8041640957235416,0.9174094340768526,0.9094130520204581,0.8590241718911443,0.8888262905623757,0.8604518825930253,0.8601401369825746,0.8660430618768925,0.8357760309034495,0.8771598150145878,0.8479719562058066,0.8971436060062442,0.8506974016875479,0.8908534743908907,0.8836402868853509,0.8587799203265292,0.9041705655268841,0.9096845668302312,0.8926988665042446,0.8442117483174986,0.9094673991586343,0.8646400581591238,0.8288860755077265,0.8576501378896717,0.9282956945459738,0.8700456514138013,0.8911857297958506,0.8864642813735467,0.88550093629707,0.8621272982216479,0.8973197062749346,0.8733258604604528,0.8499002573601633,0.9239926815337346,0.8825034817509589,0.8539976277504592,0.8925817838026068,0.8960795846671474,0.7592889351958358,0.881382771542553,0.8615528820420435,0.9134418613172169,0.8816288915460477,0.8823020203063281,0.8805281134825266,0.8833839502532578,0.8984458978847303,0.8888506998172284,0.863150441420697,0.8744220459494183,0.8267441213102402,0.9157741146315324,0.8097021362879828,0.8665976275250873,0.913351991590762,0.8639960457467634,0.8751916196889472,0.9229830025680051,0.8505342603908106,0.8257354437514219,0.8898314620235228,0.8475180030628411,0.9108516489190649,0.8702356145969121
31,0.7989039083681203,0.8514712924014309,0.8584124563973664,0.8517120970383809,0.8236243039437293,0.8457041188984848,0.8210564279718102,0.8460686787216194,0.7895122940647876,0.8092372683033875,0.8626038793866735,0.8719246013839905,0.8766649615967533,0.8704238643956718,0.8140505191270537,0.8828620546474162,0.876092367159006,0.9017973929764461,0.8995101209360585,0.7910743043010419,0.7960008177268882,0.7793246810002785,0.875143168644306,0.8986371890072364,0.8659262023196317,0.8214639706977176,0.8446720527696969,0.9174832038983993,0.8448730026838942,0.8999422863660221,,0.897227199799073,0.8323401638312138,0.8078365515301787,0.8321384758977101,0.7922401123523851,0.8471554639483053,0.8568805231519183,0.8878658389310722,0.907008706889336,0.8970420976194438,0.8689917555401548,0.854630092727971,0.8373161951819208,0.8675833527499962,0.8754640201210444,0.8672053138324726,0.8460687209687958,0.770781214565615,0.8991898723298708,0.8860734429843019,0.8793660695945237,0.881712669261873,0.875394074504414,0.8086500027768111,0.918541180851023,0.8843021519025978,0.8229617908992549,0.882227361139317,0.8513770358362808,0.8514684510260655,0.8465581428827319,0.8368946533669842,0.873673925214614,0.8517948993214235,0.916632563278591,0.8632981458277995,0.9062759090809369,0.8646028102450511,0.833413952651826,0.8891905691681525,0.9048503878526841,0.8839587311739071,0.846472936549467,0.8800935890010075,0.8450626369472414,0.7973931187576615,0.8485607128326195,0.8813195725198535,0.8873255718313526,0.8824812888618381,0.8919321830407025,0.8481756156497361,0.9047571157448557,0.8766973233540211,0.8694536497171069,0.857278158446383,0.8904289435525836,0.8675363378191162,0.8616042063096331,0.8895542158486425,0.8654110008796311,0.7884325949435532,0.8461064341353385,0.8763761824438941,0.8905031843741253,0.8628852061207086,0.914517601167976,0.8583309691891882,0.9058836996905726,0.8759635618091675,0.875632629849226,0.847894429287201,0.8704081332220792,0.8244029873775092,0.8635002746888509,0.7786572593979674,0.89165641327747,0.8667220017234283,0.8841382089379465,0.8911539181090721,0.8831975076702063,0.835020206501374,0.7999894598742904,0.863004868378018,0.813055773570496,0.9032910225608843,0.8843036603079917
32,0.7701645390089265,0.864345730258842,0.8668418767684722,0.8590107307259984,0.8333951461846675,0.8540602370951623,0.8075709769948053,0.8588586612479057,0.7773350801544407,0.7911069715972623,0.8625635247048591,0.8715924155616749,0.8785067864080899,0.8606869865554592,0.8173507154290394,0.9008414042342722,0.9060857760164402,0.8613838740369072,0.8905286866092395,0.821893997369026,0.8203445129460206,0.7939928154447528,0.898365190813482,0.874474188949252,0.8564869389968911,0.8482452599959187,0.8660473979416208,0.8890942467667441,0.8485392299349459,0.9164568664451087,0.897227199799073,,0.8600586912259939,0.8243364421781337,0.8357610789584078,0.7810971655921211,0.8707602301868912,0.8825822485002432,0.8959777133087663,0.8955558585668819,0.8800673320681837,0.9005067467427111,0.8535636581345585,0.8438712324828856,0.8778275827442314,0.8908268954531443,0.8709017388928089,0.8487726021279117,0.7736808514711331,0.8875473300179563,0.8727456339638072,0.865561792404745,0.9034292350250417,0.8950689581139659,0.8373153961542372,0.9087737975223255,0.8888001378360794,0.8300703628490376,0.8792073066005529,0.8602255336378719,0.8630188617209772,0.8510351564839707,0.838419884280994,0.8598496136873287,0.8635738485947123,0.890480095571702,0.8561845099530246,0.891728384476857,0.8738421255057892,0.8647039834973085,0.8845771800781048,0.894444041049324,0.917306408485014,0.8804940482583004,0.8936395093772466,0.8658242273241866,0.8105781021555847,0.8759780064109848,0.9087395513766096,0.8527796166731311,0.9001963733380078,0.9014976604453943,0.8673592583959618,0.8563065511884427,0.8693486448689254,0.8521588648032812,0.8315398225425961,0.9087364656227696,0.8818641205313067,0.8517743997858489,0.8750477373644824,0.8745211689259583,0.8206755517892215,0.8716025951782732,0.8717061482287942,0.8876709704998347,0.8840666564459589,0.8764485587427093,0.864656466625184,0.872680594998083,0.8733931095007579,0.8698437380883343,0.8410920647638203,0.9017899031989863,0.8417136592561932,0.8797052926848112,0.8016410225563486,0.857612920508121,0.8950267125416455,0.877592102617436,0.8587634790666044,0.8814365698165613,0.8325819273149648,0.8146589957932835,0.8736907464765638,0.827816145545407,0.9041993057594911,0.8845597539368611
33,0.7537837782629851,0.7889743153875985,0.8009359303415018,0.8085086792616567,0.7892169865728413,0.8539425338936357,0.7982394802149422,0.82781253445195,0.7838539303154983,0.7688413486135222,0.8051968478783641,0.801158862544972,0.8159010758997438,0.8032811993400086,0.7644357537618625,0.8684934281928913,0.8025026819644162,0.825587316904745,0.8538038516526523,0.8099923136414935,0.8370396297688996,0.8238877623891365,0.8081697543921622,0.8120352353220859,0.7793095207553696,0.8457648884468635,0.8662464978904256,0.8485214899620364,0.8080182373697763,0.846014431579917,0.8323401638312138,0.8600586912259939,,0.8447072243386955,0.8003960804327503,0.7760860178001282,0.8463446736887994,0.8162804662972936,0.8380999655748882,0.8507642539365194,0.8344621837503834,0.8396286492571676,0.8361521039401335,0.8231083437532246,0.8074444898645022,0.8659401014813467,0.8155718654501001,0.8756496877199383,0.7443565552424051,0.8262042187617198,0.791450016359353,0.8050950842280493,0.8308235386549849,0.8424319344116789,0.8322245274566412,0.8295150191636536,0.8238583184835091,0.7790726062206426,0.816446331846966,0.8060728567126036,0.8403353176746079,0.8107547135519751,0.8284393974115711,0.822747667594325,0.833084584863722,0.8464972755499405,0.8412228563482738,0.8296252807264098,0.8061223258742921,0.8150431109284177,0.8060976640400159,0.8323201087875874,0.862725477508634,0.8474466678662465,0.8451461060084248,0.8413680843597914,0.7900497862174596,0.8582084080728982,0.8417576105009051,0.8226307160237947,0.8454365023516133,0.8298084085102878,0.8044116536835837,0.8262450662676056,0.806628194189698,0.8008981047318688,0.8337254680445061,0.8404883084640293,0.823904986912992,0.8445362453723984,0.8035151329232092,0.803113359098539,0.7950071730863179,0.78548588641536,0.850681477150732,0.831257981389813,0.8349621175534687,0.8055473465766603,0.8411849539275276,0.8174323096058096,0.8145269759788816,0.8191539690883864,0.8051997672576859,0.8520043393413321,0.8271901345681756,0.8257499112086456,0.8008983510557278,0.8116892558945525,0.8207851213325006,0.8307930118310505,0.8145681484968461,0.8203021269848053,0.785769482578782,0.7900043521597426,0.8261675975418243,0.8032498026675615,0.8260514744550237,0.8605207778384197
34,0.7636254209487784,0.7740020964602707,0.7767383150924427,0.7960729817920754,0.7769287766193802,0.8465760880788653,0.7881190757025388,0.7983177961311464,0.7789877666816987,0.7676398775211974,0.7965043385660875,0.7846320404081742,0.804272690470546,0.7987283225208972,0.7735484645961159,0.8560729281671117,0.7952496085876964,0.8000674073157314,0.8294198723461417,0.9180401463382254,0.8849215696509651,0.9589147493514252,0.7821782824756248,0.7810518423234258,0.7526012419042336,0.9336849612805744,0.8739344630564299,0.8148170217434136,0.7979321638476888,0.8132689984747214,0.8078365515301787,0.8243364421781337,0.8447072243386955,,0.7825632480658241,0.7875214946721802,0.7859298987177724,0.7706544163865422,0.8104273905301655,0.8332232636336895,0.8212128037972876,0.805974463278505,0.8153931359646758,0.7817349613613644,0.8235140096146786,0.8120182583255102,0.8067102765620168,0.809745676965986,0.774774202007526,0.7980683182209708,0.7629517581667179,0.7847348595080262,0.8082509645175988,0.7929030198731785,0.937302257630822,0.7964301279643076,0.7909691840218482,0.7672236274943056,0.8015838896960706,0.7899133371560249,0.786356510931633,0.7837242838561702,0.7903002698179302,0.791918370058118,0.7854900266029422,0.7997948446456172,0.800989704712834,0.8035858793119595,0.8017621977947703,0.7895000895847544,0.7913620974009369,0.7934225568886182,0.818631383224174,0.811821674861218,0.8126179719836748,0.8029061347023061,0.7775456295240103,0.8145597743344004,0.7999065183895684,0.821381812151156,0.8022255133959937,0.7854886958624999,0.759194138509993,0.8035704296857471,0.7745404439989628,0.7864368699816974,0.8349194616201374,0.8053902488926793,0.7955976824653478,0.801289462550657,0.7577793969209748,0.7763685681276458,0.8491846702803998,0.790644251257238,0.8535474882366193,0.8200313237283502,0.7957822039732756,0.7953562089967902,0.8030829562920491,0.8076967069035541,0.8045619309172287,0.8015377829948297,0.7981441917411374,0.8714381602022886,0.8119486735707496,0.8024129986047346,0.7779918179863696,0.7963697844759531,0.7902078535316052,0.8115751992941925,0.8092931002371697,0.8052461837661868,0.7771910084506295,0.7753217104470856,0.8117741245894341,0.7909031240822374,0.7969088328802365,0.8324796200744422
35,0.7926662200776003,0.7498801449397526,0.7540982017801833,0.800916921717266,0.7941218938931848,0.7646287893857608,0.7701068086435432,0.7494114844570426,0.7438752050988108,0.7701350440667685,0.7959165811617053,0.7969432796102254,0.7891028723198932,0.8121650462854275,0.7444018089908147,0.8219841857241552,0.7861428950205075,0.8014343605606479,0.8766615721381592,0.7495256284329788,0.818663157007727,0.7523346716641652,0.8003633454265013,0.7843188236581397,0.7911366024633434,0.7648330843640258,0.8227386285777174,0.8327322724572472,0.767119618242531,0.8304343935130352,0.8321384758977101,0.8357610789584078,0.8003960804327503,0.7825632480658241,,0.7856557575447514,0.7914324502382204,0.7418826625538879,0.8309986700354135,0.7935479489332393,0.8513600246645852,0.8318739927767071,0.8156783218405094,0.7909397466101492,0.8084400423485759,0.8209220175929594,0.8003927077544986,0.7542932679890756,0.7860203669713299,0.803772653393638,0.7721037206784361,0.8119778383291791,0.8043636813195985,0.7982283646167107,0.8159108500347364,0.8512810556947087,0.7839026418500602,0.7692075991757212,0.8173621598665072,0.8248044803981405,0.773568019320657,0.7458772564254974,0.8149262269995933,0.7767735229813563,0.8120832926651301,0.8256191825837946,0.7968256031506264,0.8398155312204713,0.7993223525379034,0.7578414782187173,0.79371550768291,0.808884088000993,0.8259800692104319,0.81062790721847,0.8137390074307645,0.7953969631799146,0.7867945199659822,0.7893024551783271,0.7983101811904364,0.8227893491393679,0.8331213749968056,0.8011541276900849,0.7479164718023554,0.8305128895078147,0.7782303233718246,0.8186028930873511,0.8361992267886905,0.8313947236557377,0.8057755047617658,0.7841599597054554,0.7725254972386135,0.760756085165545,0.8044542450432794,0.8046043634648888,0.8332496623072195,0.8454329646531853,0.8294021894864629,0.8049489369961079,0.7669662609548135,0.8103304745026121,0.8015251828828923,0.7885866402450179,0.7676207804581783,0.8396451445862633,0.7920400351855786,0.7849812674622021,0.7696344567704179,0.7920950513698308,0.7781487759728574,0.7784687807544661,0.8086365061320293,0.8003356914915788,0.8111965739307481,0.778538589807898,0.8116191967934029,0.7824462844348016,0.8020866287566462,0.8150024324002938
36,0.8785609153013612,0.7833915629639153,0.7591011409023288,0.7882548620028875,0.7631185763634714,0.8423442636584784,0.8062333453817268,0.7429475099247997,0.7908028541556893,0.8173982210827471,0.7901568595041646,0.7911556085504311,0.7955243531885117,0.8538897204540041,0.7651585566299022,0.8301957112023574,0.7754089450681521,0.8061042146872383,0.8343563266985707,0.7705295259280315,0.7641135479795409,0.7775237583840879,0.7306118728879702,0.7706950441840854,0.754587551820027,0.7946126608341266,0.7874065692836122,0.7913272401381092,0.7805661774103355,0.7910924770763531,0.7922401123523851,0.7810971655921211,0.7760860178001282,0.7875214946721802,0.7856557575447514,,0.757132020063468,0.7560226163258799,0.7657701758249494,0.769897526687599,0.8131786662504126,0.8027099228438213,0.8424525842958116,0.7444049500948643,0.7868537905427928,0.7720551572938871,0.7888321580597051,0.7796981760233482,0.831722180879314,0.7772865882922098,0.7565222954945079,0.773286535606171,0.7922027433976686,0.7584682140965509,0.7876261965621831,0.7965919803343338,0.7674009790322636,0.7966150940726776,0.7841958563093628,0.7675197341045563,0.765935247052837,0.7556244399795495,0.752127346354228,0.7885582757951577,0.7375339040406472,0.7684560618304769,0.7565142911085045,0.7780792264880131,0.7675511788810316,0.740953593688351,0.7987024002338525,0.7737218999419874,0.7763265237189275,0.7701772341661939,0.7762133280322203,0.7490288530192568,0.7348523372162048,0.7464104470619355,0.7816116837062627,0.8203241052458021,0.7888742873559546,0.7671407437096747,0.7435497001478834,0.7956638524602331,0.7855829332074797,0.7870079721123991,0.8414877834692294,0.7736437465561687,0.7795106169599669,0.7710455523808097,0.7645592166819918,0.7557792128136765,0.7540083868611097,0.7756354552077132,0.8045385820252542,0.8229222036494195,0.7810178703833524,0.8005071187735884,0.7558252391711876,0.8030935819392433,0.8125266117618236,0.7918089961017535,0.7775545255766343,0.8108622843029475,0.7367071360252464,0.7686657421611977,0.7237098525779234,0.7812069090090581,0.7590729909995987,0.792816538777607,0.792279672147764,0.7852984442444357,0.7802787544366112,0.7256793648102196,0.7872714871038874,0.7654694212815064,0.7723469436791554,0.7922604370746231
37,0.7736635674342491,0.8243977482467205,0.8114794429192376,0.8368274581276327,0.7985184661565272,0.8244237734803136,0.7715946730538412,0.8351607860194166,0.7456816913573963,0.7726361844906656,0.8254870727364265,0.850054793201665,0.8539192163866887,0.8155372393547744,0.8413862492790766,0.851312379415732,0.8690193817333605,0.8255606292629736,0.8506935972252567,0.7674554766956636,0.7811737380686831,0.7703962700101259,0.8386022750588954,0.8398235935862602,0.8047064834761051,0.8100711948086677,0.790424947296313,0.8389116550258078,0.8351744406879601,0.8678806526742814,0.8471554639483053,0.8707602301868912,0.8463446736887994,0.7859298987177724,0.7914324502382204,0.757132020063468,,0.8621302743615683,0.8426859446489702,0.8425244779719194,0.8368617173808668,0.8551179669763413,0.8297525169180695,0.7811442545769276,0.8806674430814874,0.8724121787714434,0.8699589670266795,0.855869688791567,0.7789945543106139,0.8393341089842521,0.8365176366149077,0.8152969502527447,0.8700103317726333,0.8535348417137725,0.7793743268220179,0.8580744127617581,0.8513545715348539,0.8203089649649908,0.8179729638578689,0.8153477041800422,0.8304834268391748,0.8331686740437229,0.7771399611277707,0.8350812089567923,0.8111975563810212,0.8362565517668802,0.8193097750820086,0.8318330969207133,0.8667311061287805,0.87743896762361,0.8624905768200197,0.8496182668955734,0.8929937529244225,0.834172609150134,0.8592631938464546,0.8016803622072839,0.7650400454950247,0.855245587391668,0.8685937062134058,0.8229624226472712,0.867573492031376,0.8586098404398148,0.8427830541204393,0.8270035228404514,0.8377998526938951,0.8134646195316808,0.8261192368006137,0.8690711110177523,0.8603277288486159,0.8379431079372831,0.8337909291365984,0.8414944704509215,0.7373939536982064,0.8592381645197272,0.8108389497301397,0.8380472021435218,0.8476175398212932,0.8257181776817413,0.8201951387503061,0.835660084401467,0.8442401338908597,0.8279421491427775,0.81506419370223,0.8462367716642865,0.7878171156912973,0.8562168685354451,0.7596098228231698,0.8292867393100153,0.8600969903143654,0.8194718160186201,0.8319431907751954,0.8453707044979633,0.800378401609555,0.777002681593992,0.8324034725209084,0.7937234142209834,0.8429695790836091,0.8175440814359656
38,0.750835903684274,0.9001278401149462,0.8861968900089713,0.8653992413863404,0.8181409043291681,0.8572218066992816,0.7825275127193652,0.8926620960930257,0.7561993297093568,0.7788557073952391,0.8577377340294468,0.8725122627706235,0.8682806986702586,0.8261888365383993,0.8131459458526269,0.8722994012398874,0.9113469650574347,0.8418120396729997,0.8274856214268622,0.7652289200637099,0.7519561067852555,0.7462748665503395,0.8753840950268554,0.8963729440201615,0.8345552406362722,0.8155164491217265,0.7816814450418088,0.8346431978267438,0.8713599402650674,0.9000759286189702,0.8568805231519183,0.8825822485002432,0.8162804662972936,0.7706544163865422,0.7418826625538879,0.7560226163258799,0.8621302743615683,,0.8637441728680028,0.8793834849788627,0.8280558506572168,0.8390220274137871,0.8365640346693817,0.8088219947239058,0.8736066357332952,0.8298651983271753,0.8688541245353733,0.8636915199396791,0.7398906156518392,0.8852348589270296,0.8882479484622742,0.8213739657266722,0.9292078894130902,0.8518015306899903,0.7618593372244891,0.8675433388937301,0.8927917585487052,0.8429684954149137,0.8385679905593215,0.835003308102191,0.8495431698437128,0.866163726779257,0.7790872806693379,0.849766431509674,0.8130893021049831,0.8676556321634756,0.8223462837948702,0.8452081188565822,0.8620533085170705,0.8610258254824709,0.8875027250027636,0.8903093876104615,0.8656049240393817,0.797176706981325,0.8734176206797002,0.8206086923051358,0.7607535278900718,0.8185178452440833,0.8960422552886701,0.803822103434303,0.8321012480399868,0.8456614886543996,0.9251115020721877,0.8282558186187281,0.8751624293309392,0.8136988972560961,0.7803784481642424,0.8950435619380712,0.8567904335066838,0.8354298350211276,0.8825542219717618,0.9058363471368979,0.7174245811645079,0.8634465841989531,0.7976726056887845,0.8611733642058096,0.8332373778654317,0.8444873115482152,0.8572771530123438,0.8472121500911639,0.8607198029904313,0.8657471241372156,0.8490224161454781,0.8305283760474389,0.7933610743245607,0.9073568882881062,0.7632102191577196,0.844555238992224,0.927047935389437,0.8447849946977625,0.8140342531128133,0.8836160123967816,0.7825636830739834,0.7822416551225392,0.8467223028121454,0.7879046394668168,0.8784133431046569,0.8184425497412935
39,0.7848035512082421,0.865196748246131,0.8479972056197557,0.852109220942129,0.8222910065431892,0.8335907472231271,0.7677213385340909,0.8538715550927896,0.7449629399631218,0.8206466064136875,0.8622327797385522,0.8794447752695721,0.8746866037568366,0.8849506474499887,0.8131669211120973,0.8644188637205737,0.8905917497292791,0.8610284460953075,0.8660134092866161,0.7826071413466844,0.7899036555986663,0.780016058172589,0.8697412015867967,0.8778023436984168,0.8712063798060838,0.8211458872425935,0.8518923076696122,0.8891459506615887,0.8580532196043257,0.901565023151337,0.8878658389310722,0.8959777133087663,0.8380999655748882,0.8104273905301655,0.8309986700354135,0.7657701758249494,0.8426859446489702,0.8637441728680028,,0.8669992700374806,0.8530107209504514,0.8733322926776196,0.894883380311965,0.9017258214067294,0.8751614801056833,0.9153056505183925,0.8896787094930161,0.837924552652975,0.7797298852874271,0.8815385330943055,0.8796008210875891,0.9192379756976138,0.8961239052839204,0.8772720662675418,0.8117415927341006,0.9001477415044793,0.9162417043074457,0.8734825333029659,0.8986446901212564,0.9116411608494354,0.8875742095522622,0.8770781000445989,0.8987600116562002,0.8808760134864446,0.8600633818625464,0.8888537601622445,0.9048116934332742,0.9389352298825316,0.8824448114150308,0.8548101817024435,0.8792194792225032,0.889413200596063,0.9231614806662418,0.834807863917811,0.9275169944893777,0.8884562708308646,0.8612601316449132,0.8728386705712531,0.8761487743264897,0.8710085902288932,0.9185702999757691,0.889650822309048,0.8855448270597857,0.8572514237614793,0.8787023389088793,0.8868996044476457,0.8419512053940786,0.9296494221669831,0.9260833190030922,0.8756963159907032,0.8822514551668164,0.8863460163643226,0.7866314739159236,0.8695839095453092,0.862605257817795,0.8826139180909874,0.8888180303023606,0.8765813307890473,0.9095448068848004,0.8855600011729035,0.8930260548045829,0.8976866577014095,0.8616376563936227,0.9030008549388793,0.8533012004291396,0.9093420785142896,0.8400782607331807,0.8808553107542519,0.9136565481314277,0.864208388098935,0.8812870901944662,0.9084302132892169,0.8699737510571779,0.8620771484654728,0.9062379911304654,0.8589435543065962,0.9121191513032678,0.8783804336974036
40,0.7740652273481636,0.8564229061372876,0.8582089083391862,0.8437534304854654,0.8141836185816066,0.8600783490432518,0.8291392533227643,0.8605399565820437,0.8002924193377816,0.7840527687750984,0.8531970193455939,0.8598127822472629,0.8734004196414417,0.836715786215745,0.8122276464770725,0.8760594982051916,0.8770936249285669,0.8848207800637914,0.8726821428940739,0.8244871654338749,0.8148875991539017,0.8063073854340514,0.8663049640397265,0.9062204976092474,0.8317317411442954,0.852626448675468,0.8574485369860552,0.8706375881362313,0.8564666435981413,0.8976504962180969,0.907008706889336,0.8955558585668819,0.8507642539365194,0.8332232636336895,0.7935479489332393,0.769897526687599,0.8425244779719194,0.8793834849788627,0.8669992700374806,,0.885677805565065,0.852015374692487,0.8366944645496737,0.8303798253361108,0.869749178251083,0.8519300654817297,0.8680844964134141,0.8513641827533427,0.7641794575628151,0.9164181457961014,0.8730090439475282,0.8379101192406224,0.8879839226170356,0.8665968049721127,0.8255338008676615,0.9006736701557437,0.8719589029991351,0.8147935827087364,0.8627517992969822,0.8388172073937022,0.8371798570673781,0.8578404475447472,0.8232122279486893,0.8468905312037359,0.8382477792289842,0.9295599429076584,0.8494915343380155,0.8652634515888933,0.8609494867545437,0.8534709565816281,0.878511345169177,0.9137568342058361,0.8736045472213944,0.8416819874474849,0.8756344767486909,0.8390371065555359,0.8041282812219515,0.8358871241143129,0.8745800234785439,0.8542001092718504,0.8522438294369004,0.8585069865507076,0.8653854328506331,0.8823214453489202,0.8579703949062683,0.8499140939883724,0.8239438330345964,0.8900411881257642,0.8585182608097345,0.8521503474492353,0.8600325035766538,0.8739469231782726,0.78646599735001,0.8565539939043246,0.8666549272682778,0.8684150186001157,0.8447591573303029,0.8808630913837373,0.8522031841661701,0.8816212222397428,0.8633318652556895,0.8649862808302521,0.8434011140556757,0.8695270006742168,0.7997572620668945,0.8682232602341196,0.7873971354581447,0.8811360608590166,0.8734883308733592,0.8796092525146437,0.8555424212939081,0.859395014191247,0.8164844244973768,0.8108084165687525,0.8551111347495166,0.8140712252263618,0.8714475781926517,0.8695463167839859
41,0.8056635233598679,0.8264805242123721,0.8364099028423105,0.8651641145298553,0.8330056477077119,0.8653313703986478,0.8391354553545838,0.8353345702846726,0.8095319815223525,0.7896138113310104,0.874945277396996,0.8653232692506392,0.8734870798981698,0.8406280607145775,0.8316655539506717,0.8970145104340072,0.8504931353081738,0.8553916541184684,0.9022112758210203,0.7965668330469989,0.8015726309651787,0.8072312428765208,0.830726261860631,0.861735823928509,0.8108157684393607,0.8287130767313796,0.838315750938406,0.8885824034647829,0.8330346559534689,0.9034374697474203,0.8970420976194438,0.8800673320681837,0.8344621837503834,0.8212128037972876,0.8513600246645852,0.8131786662504126,0.8368617173808668,0.8280558506572168,0.8530107209504514,0.885677805565065,,0.8977664487374861,0.8309039644872386,0.813539711241078,0.8625259480453203,0.8467369377361805,0.8555662777456922,0.8236128555419283,0.8033160939751983,0.8724614848738182,0.8357066217877834,0.8261879184366805,0.8681415648920956,0.8389883199962768,0.8165434066158924,0.8923516084439196,0.8474256588959632,0.7964658462375769,0.8535382901237069,0.8303964424133402,0.8086434166321443,0.8125758101761786,0.8290228337660537,0.8206535467034625,0.8308353377381876,0.8674682330090584,0.8114924917244948,0.8596224893208689,0.8489382419373384,0.8131587654422816,0.8754401528866311,0.8772089610864751,0.8552277537878572,0.8365816978457634,0.8642139777082106,0.8209233614228691,0.7951787682999446,0.8339219150664902,0.9019875399949897,0.8736551511669984,0.8551756567873774,0.8324112502939954,0.8187958628349606,0.8690828380432473,0.8367893015462272,0.8510923858642865,0.8328739462912236,0.8737843431636312,0.8394680189118326,0.8178518812975372,0.8316831885351849,0.8263934505711326,0.7878574756462817,0.8480278316029843,0.880485302460829,0.8823507786976128,0.850595287513825,0.8675153967097237,0.8184613450886055,0.8640064498385555,0.8431913293537432,0.8323139255061708,0.8188647595973206,0.8728060077912165,0.794807440985858,0.875404154872389,0.773738415456982,0.8552490208488593,0.8488845383274262,0.8405475221985027,0.8438564077664793,0.8764894359807442,0.8307458823888799,0.7939729874646175,0.843097053613525,0.811169827148399,0.8457475455173074,0.856515206590388
42,0.7906647832632042,0.8571222421875437,0.832548775544474,0.8422091817287102,0.8012133338581227,0.8624342270977876,0.7879531043724445,0.8451949391377265,0.7604146249610934,0.8338895567407264,0.8491311769596134,0.8608597344208031,0.8659340713111402,0.8436251728980566,0.8332751234520644,0.8690227685436308,0.8673541213474003,0.8620046932505361,0.8774662534363187,0.7671415904041854,0.7704012385398882,0.8019405746077153,0.8225086058151851,0.8573564662250981,0.850712475179845,0.8196112872393677,0.8181551364209148,0.9069141513392969,0.8364865709082216,0.905259240688143,0.8689917555401548,0.9005067467427111,0.8396286492571676,0.805974463278505,0.8318739927767071,0.8027099228438213,0.8551179669763413,0.8390220274137871,0.8733322926776196,0.852015374692487,0.8977664487374861,,0.8519338238089296,0.8220481591361026,0.8542796506975717,0.9078291736679032,0.8579723478296454,0.8112652308788411,0.8146229815681262,0.8571480815851946,0.8488435858307263,0.8658208573432842,0.8763248826734948,0.8856556721384632,0.7892779404076111,0.8818228242401476,0.8737452922366253,0.8418467234400445,0.8574683168572567,0.8290334962350426,0.8586450794062184,0.8247904104507944,0.8384564563143774,0.8771893398093398,0.8298327078331021,0.8578637282557905,0.8441918215439231,0.8716611049074762,0.8530862633250172,0.8187390516017063,0.8754833067533625,0.8745881321168854,0.9210093827683797,0.8797095864630291,0.8773070216307319,0.8476183868676512,0.8233423304162962,0.9027253714326002,0.9228754995879367,0.8980589722081231,0.9158291438282774,0.9031349059641877,0.8331423245159455,0.8520149809166995,0.8867244216885714,0.8866730162567029,0.8407661398757996,0.8905086074278484,0.8665120089977031,0.8430684986036734,0.8671357591642463,0.8294327965331172,0.7485632955563913,0.8428079921292151,0.8741857239608716,0.906407516465715,0.9136140914788463,0.8787214369741156,0.8580723715723273,0.8908517551809649,0.8796342534338796,0.8697604707928602,0.8601637270393945,0.8489684596931103,0.8139991744350225,0.8891232732976728,0.7825752899865495,0.8665352537580948,0.8620089059043384,0.8661120843154287,0.894338917864954,0.9069557144991718,0.8654088871876152,0.8274692226326246,0.890292347549301,0.858172863976119,0.8890218200932449,0.8889150652374345
43,0.8114904357299269,0.8328153944603035,0.8235039073486131,0.8254351886675043,0.8053065544674956,0.8569451769623161,0.8019467159019887,0.8378634142864758,0.7725168717956735,0.8464425810883784,0.8347370084920878,0.8439039870981019,0.8372017397771329,0.9078177098914446,0.7829163271271512,0.8549178848278627,0.8478577531853558,0.8655820075485163,0.8556103877085511,0.7848623310913,0.7805701123678549,0.7895596717431732,0.8158040508595159,0.8372636282249781,0.8282319985457574,0.8165089105552709,0.8319820177890176,0.8818771658475821,0.832700631277835,0.8583439912312055,0.854630092727971,0.8535636581345585,0.8361521039401335,0.8153931359646758,0.8156783218405094,0.8424525842958116,0.8297525169180695,0.8365640346693817,0.894883380311965,0.8366944645496737,0.8309039644872386,0.8519338238089296,,0.8572717584589022,0.8385985838341244,0.8839741423090288,0.848299519173162,0.8683188337247782,0.7825127289980189,0.8541797451157565,0.8330510645638195,0.879742495974228,0.8559279988731473,0.8610900544858976,0.8042767408675046,0.8541833862734671,0.8578872801968431,0.8601648216899769,0.8538387569331138,0.9042371098436791,0.8796699542361819,0.865844368447171,0.8644120096793999,0.8557820340602792,0.829240578344651,0.8573960649611834,0.8710400157954458,0.8728110442089227,0.8318378977302595,0.8146228735425183,0.8536169205953579,0.8473751526212632,0.8897270109715283,0.8389213625305942,0.8912354784528944,0.8617589818669277,0.8222917951137317,0.8452918404652072,0.8535598056203093,0.8542138618563182,0.878906587718668,0.8537315542624144,0.8348530912199412,0.8574816082586918,0.8774614705403025,0.8490434519593939,0.8441450853706651,0.8864148980163468,0.8841134612891588,0.8758340723690576,0.8352560150311532,0.8412850900402487,0.7646040831823774,0.8361127617276474,0.8380743515025919,0.8533319663757314,0.8661875773380956,0.845653893920887,0.8800380938746928,0.8557896282153794,0.8957048482786547,0.9004312365108337,0.8642824021518194,0.8705482401129726,0.8261154969281447,0.8696437483692652,0.8263150874112195,0.8560258371970675,0.8606046314960413,0.8390652776630744,0.847080170240587,0.8655010190826077,0.8336881226364741,0.8299272913596879,0.8626291797254535,0.8550089454018714,0.8531713068769521,0.8391766206387389
44,0.7454404364355064,0.8051936822840733,0.8193109153723548,0.7923711290558162,0.7708945918114977,0.8058980554170567,0.7677088139935508,0.8100667136975244,0.7444325509522681,0.7910770336826168,0.8059715886868912,0.8141839529178838,0.8256788167789554,0.8612159803291992,0.7436613879911523,0.8128857585800117,0.8176099802792837,0.8310741872469081,0.8342368694787491,0.7687850468834059,0.7576922953551775,0.7627128841158672,0.8107236932285938,0.8250416247453809,0.807357304180788,0.7937698364073243,0.8337953143554462,0.8568590813115157,0.8083393703376324,0.8403750347211518,0.8373161951819208,0.8438712324828856,0.8231083437532246,0.7817349613613644,0.7909397466101492,0.7444049500948643,0.7811442545769276,0.8088219947239058,0.9017258214067294,0.8303798253361108,0.813539711241078,0.8220481591361026,0.8572717584589022,,0.8121619119646878,0.8656653298963705,0.8082806834166146,0.8141851625855592,0.7392050827188741,0.8472883448301064,0.8137160477076537,0.8562633518854013,0.8351085376165898,0.8283397042391005,0.7785898429000844,0.8355343884633127,0.8375420756475707,0.8171524505447826,0.839299126825727,0.8598005213083855,0.8747358053757035,0.8261247203265983,0.8807721320677844,0.8322361083438902,0.8341237390040418,0.8443716763826753,0.882323496925189,0.8766974252544617,0.805377755597965,0.8047086427272114,0.8110752972823552,0.8406536622080722,0.8646825976356998,0.8124950524791383,0.8612497029581381,0.8676328660690907,0.8431898222908515,0.8283509205380465,0.825536229370604,0.8191851856602523,0.8499509912661536,0.8284092181422816,0.8307566510175859,0.8272057716651322,0.8221164691025172,0.820353421923326,0.7866737369414056,0.8572083035004494,0.8650206185442065,0.8515198158139452,0.8218235809789611,0.8124053853128888,0.7805364244283108,0.821931112324754,0.8317832503676896,0.8153134447569517,0.8289503460574512,0.8229456823787232,0.865975765287901,0.8341216081536024,0.8269519386447939,0.8474507905476728,0.8103258213932999,0.8372659713389049,0.8272313345172935,0.8364392319957987,0.8264381286218492,0.8228932434241936,0.8393105408083327,0.8252638067636046,0.8201573208502334,0.8247591601686924,0.8015073536122994,0.8191664849859548,0.8349123042958981,0.81822537950785,0.8377247871106628,0.8464503284132138
45,0.8320793288865759,0.8654463982632139,0.8472721546611498,0.8868319627824788,0.8347815232747133,0.8406278449855844,0.800877607102935,0.8466848151380004,0.7699875866676356,0.7775352779560845,0.867830429560278,0.8697557998438088,0.8797648344340347,0.8628199685868818,0.8798537637763268,0.8686008945011101,0.9060399073298352,0.8367993788766466,0.8500474825115556,0.811661057312711,0.7985095433467391,0.8012700668389918,0.883173603798024,0.8725040184860106,0.8364669344666467,0.8345396292343907,0.8144867622141159,0.8447737111651819,0.9190277097951897,0.8939555764768221,0.8675833527499962,0.8778275827442314,0.8074444898645022,0.8235140096146786,0.8084400423485759,0.7868537905427928,0.8806674430814874,0.8736066357332952,0.8751614801056833,0.869749178251083,0.8625259480453203,0.8542796506975717,0.8385985838341244,0.8121619119646878,,0.8404285487114462,0.9348885911764293,0.8359809594712708,0.8098952750370624,0.8742334641818166,0.8532994744488483,0.8397467926339883,0.8978594133828002,0.8407289230000717,0.8101631489581184,0.8866637844506103,0.875793957717308,0.8363508043050734,0.8563237774891191,0.8396355034838091,0.8240963233633088,0.8524939756884932,0.7945103338542269,0.8427643720466478,0.8315778895814909,0.8662299424128,0.8251599600618991,0.8612717349469895,0.9305726826800795,0.8570493436977411,0.8897311141723196,0.8797569691322923,0.8749769867842736,0.8193548455992912,0.8664559323434754,0.8197338203743849,0.7992203570677793,0.8281456290049765,0.8798572258672582,0.8373578393571786,0.8524495697713572,0.8489246491662567,0.8671316159312686,0.8344339414329424,0.8409393408157241,0.8470516801394533,0.8689732042154535,0.8962050069536884,0.8598217684855871,0.8316223597799968,0.8424083605598703,0.8734551425689152,0.7685236399420083,0.921280044219239,0.8378800625679177,0.8869091591463649,0.8424061389145093,0.8559977397369279,0.8341512207637265,0.8579697398384366,0.861025296726888,0.8513913299959824,0.8253330257275108,0.8700607924837254,0.8004130323877643,0.8787230528791065,0.7859154985738144,0.8542733154477532,0.8824417149968451,0.8403819634340731,0.8450803236000842,0.8675997736843031,0.8320648249898932,0.8057513746643788,0.8780684159527385,0.8088446911829488,0.8662194408369807,0.8411404122912339
46,0.772077148933258,0.8210416227243886,0.8180937287311989,0.8165249095151739,0.7860071880264438,0.8365388586507498,0.773152196865348,0.8318800455197322,0.7415065545488531,0.8189965262456432,0.8183781891347287,0.8388697921332697,0.8480387383392386,0.8561435391328888,0.7968779535796514,0.8431288056130606,0.8433359074293816,0.8734897377714996,0.8748191557640206,0.7716571344249203,0.7797333498118971,0.7883971557907057,0.8222126924221678,0.8412617444038807,0.8273513822069198,0.8270731029151429,0.8452044373731616,0.8973827083394067,0.815838304325233,0.8726208597271785,0.8754640201210444,0.8908268954531443,0.8659401014813467,0.8120182583255102,0.8209220175929594,0.7720551572938871,0.8724121787714434,0.8298651983271753,0.9153056505183925,0.8519300654817297,0.8467369377361805,0.9078291736679032,0.8839741423090288,0.8656653298963705,0.8404285487114462,,0.8479504428652519,0.8254908983243276,0.7772999780732672,0.8560971746043083,0.8421400550257815,0.8792486047246904,0.8579264412144697,0.9084222331869322,0.8006743323030029,0.8823952497928301,0.868175535109763,0.8355876352043814,0.8537589940003003,0.8522762370162732,0.9117184232450224,0.8394752312250311,0.8824599394912014,0.8676788743809971,0.8589796619757196,0.8647354578508122,0.9119283155922296,0.8819810833481067,0.8426619188715402,0.8399505198948555,0.8533372689148784,0.8666004604714264,0.9547174248346064,0.9009111820148024,0.8896452996502164,0.8788128831595122,0.8385626944864075,0.925090419451527,0.8802474864355764,0.8878968807401317,0.9331672920314064,0.9160432169184214,0.832848918128041,0.8614154978832393,0.8635402303362051,0.879046989959628,0.8303239543476133,0.890880272015242,0.8981058835677397,0.8737535276645068,0.8585384074588226,0.8312731936308836,0.7669041568901225,0.8274639594336082,0.8736237919033709,0.8578736135953788,0.9067333802878227,0.8689506559732669,0.8940426869995022,0.8784862316684219,0.8612217065740594,0.8581130134575599,0.8305913684716533,0.86931241323697,0.8424220049749435,0.8621489981716153,0.8237907177653152,0.884630888313788,0.8674450486633951,0.872635915431451,0.8848127682263127,0.8651403914544938,0.8544392892894338,0.8430668894818971,0.8818606443902111,0.8631271387198639,0.8888787718721495,0.8986168056130726
47,0.8271337279406442,0.8731836992453037,0.8374889196975671,0.8858641516791299,0.8250953538544257,0.8376880200190284,0.7972533131480282,0.8436246150357085,0.7720071766740482,0.780873399144099,0.8652746969493603,0.8701108716344503,0.8766031563076951,0.8667508635392637,0.8911761565565726,0.8675530423043183,0.9001897627920368,0.8357405538439359,0.838157414684872,0.7847147301915823,0.7923181969235645,0.7869364955548477,0.8655236859662528,0.8727833021752104,0.8329279784722466,0.8213373414650308,0.8125260421510406,0.8454811240179386,0.9180323051234638,0.8918561803564361,0.8672053138324726,0.8709017388928089,0.8155718654501001,0.8067102765620168,0.8003927077544986,0.7888321580597051,0.8699589670266795,0.8688541245353733,0.8896787094930161,0.8680844964134141,0.8555662777456922,0.8579723478296454,0.848299519173162,0.8082806834166146,0.9348885911764293,0.8479504428652519,,0.8362210833666529,0.7961524525015482,0.8644112246930898,0.8630610270022643,0.846438030113685,0.8958771412242506,0.8499678307506903,0.8065111156899877,0.8819028576617327,0.8832834251340632,0.8478719485873971,0.8635087013883564,0.8586463979991964,0.8134321005441725,0.8623389635321991,0.8033367432217382,0.8527700562102396,0.8419263265413095,0.8662163172534236,0.8250623465343909,0.8661987291308624,0.9642704824852792,0.85640753400599,0.8933720791525454,0.8817198531522613,0.8816333271058471,0.8115004833692869,0.884804741018868,0.8194487488764743,0.7972252071132765,0.8340330381002772,0.8689524397411726,0.8359416081489933,0.86741178372225,0.8512437356707815,0.8800364757216185,0.8338024299767051,0.8533726758684037,0.856137262267935,0.8591096375106098,0.9042031526246053,0.8804484818036968,0.8362622712278835,0.8513135389270224,0.8854744593077026,0.7580188978231351,0.913050264438292,0.831033353225396,0.8862039797731673,0.8553159408074054,0.8605941832248545,0.8393738016283787,0.8633022980792725,0.8668535660253451,0.8609147125111816,0.8400461243157499,0.8740042683593703,0.8003642034572029,0.8970850541269078,0.7782785867662596,0.8685468312884858,0.8986176676766395,0.8520366629965227,0.84608260096485,0.888983787111258,0.8449615882093273,0.8091472951538955,0.880351903792503,0.8130334961778686,0.8724564344761829,0.8380865935399886
48,0.7719043717704659,0.8439035458709848,0.8571653703235935,0.8444474027989226,0.8147295655677487,0.8615095160635284,0.8206363794877852,0.8572015628485911,0.8001187899419204,0.8153373293080474,0.8473202217522808,0.8395002575679162,0.8374708265422142,0.8448538473474901,0.7872267771810338,0.863991802217193,0.8650980653958783,0.8338289372819708,0.838899001314369,0.804935117971824,0.7904023487615573,0.7937032730488021,0.8291428527508589,0.8400522511738447,0.8298795462909269,0.8341649786326438,0.8072599272851597,0.8502347070937084,0.8371759521121039,0.8647980161164271,0.8460687209687958,0.8487726021279117,0.8756496877199383,0.809745676965986,0.7542932679890756,0.7796981760233482,0.855869688791567,0.8636915199396791,0.837924552652975,0.8513641827533427,0.8236128555419283,0.8112652308788411,0.8683188337247782,0.8141851625855592,0.8359809594712708,0.8254908983243276,0.8362210833666529,,0.7533803594934888,0.8482453226573409,0.8279342040281205,0.8264323545142037,0.8563899264369315,0.8261653392860144,0.7935107524687722,0.8516592618696326,0.8380242785337961,0.8282757602092041,0.8128843108191122,0.8244990914377347,0.8418772428262199,0.8438499575532573,0.8060492279855616,0.8363628302669661,0.7977622948607439,0.852259640099725,0.8173514656978554,0.8283782769090221,0.8148138830236924,0.8239151772210551,0.8343929984672849,0.8401996030619917,0.8399988067364755,0.7989238351614003,0.8480269046969188,0.8228579315169404,0.7543064168003465,0.8027207087339591,0.8463557657023248,0.802974412137352,0.8164978926232584,0.8196926421498321,0.8250359708594257,0.8296333232500223,0.8555134193739945,0.793334570382737,0.8147801742262009,0.8502370119610002,0.823904421336395,0.8415708947699709,0.8208520454078934,0.85090784412278,0.7393249748631116,0.8122290519867735,0.7974017302275673,0.8382007858038034,0.8086957851312696,0.8257168620739493,0.8457997756419915,0.8276864944041281,0.8576295301600008,0.8620211385292091,0.8402862647339316,0.8366657725238201,0.800449772235474,0.8442479249115332,0.7983558112884868,0.8211765652878172,0.8483672374311457,0.8177367817420939,0.8072905217323506,0.8361245381497676,0.7667251431002766,0.7663131209248116,0.817105574992532,0.7978458340134071,0.8373409643827461,0.8084474748177964
49,0.8670576410985663,0.7931554185501956,0.7679520246981618,0.8240302269556312,0.793359126150645,0.7805927016799742,0.7536801910861302,0.745167091997172,0.7318129822139204,0.809754099024051,0.8003458891313259,0.7953533631097908,0.7919170468495851,0.7899615006014618,0.8141640943451338,0.7768115368235775,0.7831537534768065,0.7916314038853849,0.825764803048516,0.7545922400453109,0.760947394531119,0.7688976597704874,0.744826139742775,0.7684671167545676,0.7999889839754865,0.7919008201395562,0.7589274414665834,0.7947958454859899,0.8045341230821018,0.8065961491836732,0.770781214565615,0.7736808514711331,0.7443565552424051,0.774774202007526,0.7860203669713299,0.831722180879314,0.7789945543106139,0.7398906156518392,0.7797298852874271,0.7641794575628151,0.8033160939751983,0.8146229815681262,0.7825127289980189,0.7392050827188741,0.8098952750370624,0.7772999780732672,0.7961524525015482,0.7533803594934888,,0.771971476724273,0.763637933257676,0.798097329128693,0.7895768177545377,0.7540930374410089,0.7739944844875869,0.8175840907617302,0.7845157278085532,0.8067664987135615,0.7875499916998975,0.7478619746243735,0.7415042478487367,0.7343741363755466,0.7303387476675093,0.8189293869447746,0.7289020889095108,0.7669476471716908,0.7546670928281042,0.7795245562498484,0.7804081987858286,0.754151989185009,0.8165101808107499,0.7642117486978004,0.7786306588902331,0.74793819191313,0.766084288405962,0.7470340125718379,0.7327018420533565,0.7645290552989867,0.7709884145267962,0.8129705158931557,0.790972210070402,0.778396650641692,0.7309150509184411,0.775287254440965,0.7788867559216935,0.7963078828084947,0.846764723324094,0.7790870695983481,0.7659116841538254,0.7710921081201906,0.762967534755626,0.746232314924201,0.7181567516223353,0.7789631474329445,0.7813993292345132,0.840779087485005,0.7779782504306774,0.7983058519416122,0.7369699991672337,0.7983539957285634,0.801182819787498,0.7804698336325782,0.7692799121066637,0.7715138004146601,0.7221798316972132,0.7586841637217471,0.7169898197489718,0.769077106011813,0.7547610726501015,0.7707664195528374,0.8117501124603606,0.7865719897542758,0.7845751100155651,0.7346439747514867,0.7919696411107113,0.7800493504216266,0.7957137477657751,0.7767926075039696
50,0.7912249687502018,0.8794859854890881,0.8865115000541649,0.8592742800981965,0.8328095314646284,0.8462331460729271,0.8450390244662068,0.855407208112804,0.8037118718216009,0.802423340856092,0.8663008714650248,0.8714638758153346,0.87166109154416,0.8599677012492056,0.8128267812070926,0.863924669272693,0.8881015848095687,0.8871497926830658,0.8787879880549986,0.7846575358683736,0.7774969954387219,0.7660490760931786,0.8693505499154339,0.9356806467345179,0.8640229053107015,0.828635211497301,0.8230645766217468,0.8820417074959925,0.8677075298822914,0.896262604896371,0.8991898723298708,0.8875473300179563,0.8262042187617198,0.7980683182209708,0.803772653393638,0.7772865882922098,0.8393341089842521,0.8852348589270296,0.8815385330943055,0.9164181457961014,0.8724614848738182,0.8571480815851946,0.8541797451157565,0.8472883448301064,0.8742334641818166,0.8560971746043083,0.8644112246930898,0.8482453226573409,0.771971476724273,,0.8802747151557256,0.8554052959816861,0.8890662844079615,0.8538273295628317,0.7876428675893017,0.9110160362348187,0.8878652395539177,0.833139605252063,0.867979851008762,0.8519419124685748,0.8646279304513323,0.8577639634583931,0.8349567210052046,0.8629748267231578,0.8312025567479567,0.9236572124992088,0.8638388234203944,0.8729830526203879,0.8569402793809264,0.85702512788474,0.8898794173740885,0.9258465743402061,0.8799265563445532,0.8159807245805502,0.8657986269283455,0.8495939380420611,0.8148153334825122,0.8228272497004632,0.8766185483450655,0.8580315704448525,0.8517101439752792,0.8640721620336849,0.8784165946009092,0.894272797667861,0.8651737736088488,0.8639381440962348,0.8289907234117276,0.8912434849704993,0.8655104371486521,0.8524125757256649,0.8657894230968181,0.8725209869427923,0.7589764316427279,0.8622188479951209,0.8483039754809869,0.8724160354835921,0.8448388481653348,0.8978846523061818,0.8616231849659707,0.8892807090962804,0.8661440561027599,0.8702567053780967,0.8361835374853321,0.8516771966593749,0.802148132880621,0.8728939909850477,0.808802920951373,0.8853398557501159,0.8788385245051334,0.8683607410688895,0.8582974882979929,0.8722155763918427,0.8228472910491356,0.8225946251674024,0.8692752521428158,0.8245043675465639,0.8790330663661651,0.8568033362319385
51,0.7586162927952257,0.8820770590471019,0.8604581490084201,0.8526694404888129,0.8089907362773975,0.8252651707354515,0.7770865941626522,0.8595363997225938,0.7507063881495163,0.8151386290164637,0.8602077923909421,0.8827897959353085,0.8765741350758318,0.8442756745604146,0.8005865281236184,0.8481311770971685,0.898984945430861,0.8649895812502257,0.8469109159750248,0.7479688732650276,0.735068356892752,0.7426815778379402,0.8509329004389987,0.8923813960000939,0.8641472053530325,0.7922836561583162,0.7867372823677398,0.8628137668102219,0.8530895400222542,0.8986856763660576,0.8860734429843019,0.8727456339638072,0.791450016359353,0.7629517581667179,0.7721037206784361,0.7565222954945079,0.8365176366149077,0.8882479484622742,0.8796008210875891,0.8730090439475282,0.8357066217877834,0.8488435858307263,0.8330510645638195,0.8137160477076537,0.8532994744488483,0.8421400550257815,0.8630610270022643,0.8279342040281205,0.763637933257676,0.8802747151557256,,0.868810291049853,0.8998108282535802,0.8509350003086298,0.7496255424865031,0.8859419932853068,0.9135450246761292,0.8350106765741534,0.8593995642637773,0.82563003769516,0.8544706756435966,0.8683898734954709,0.8077142584168187,0.8860712706946554,0.8172377112755586,0.8862926300533838,0.8583995050455998,0.8799032107821093,0.851210341248896,0.8380496423115638,0.8906073454040739,0.9022164181378681,0.8678208252540994,0.8048841155052078,0.8809605521474628,0.8332665657979749,0.8141240025460106,0.8257947915151942,0.8794066182780146,0.8638617693878499,0.8565793437952639,0.8671320420539127,0.8889311956105257,0.8574999864835814,0.8851803565269671,0.8638605291284811,0.8166639251096792,0.897177846851687,0.871877411788361,0.8567705384248102,0.9221216190502166,0.8828578381350707,0.7163372057077455,0.8421409591725456,0.840127997220392,0.8692654276186736,0.8432726725661377,0.9011295083967333,0.8649620417782505,0.8915208611133594,0.879259765342473,0.8793041541634277,0.8450563581586378,0.8328048337457771,0.801061036746406,0.890371380467853,0.7795502528779452,0.8768125175907394,0.9005328944514563,0.8713328035225073,0.8776894287207283,0.8954892483444036,0.8318728667180885,0.824203378939224,0.8710300301751335,0.8280599254041555,0.9162602067796869,0.85477070894183
52,0.7777784762851143,0.8488731340653939,0.8301079417689756,0.8261005760526638,0.8165507349301426,0.8151963208874341,0.7653885850013318,0.8301579156352658,0.7342041576275,0.8737550650971262,0.8555539457377255,0.8678040949169387,0.8539235890994568,0.8567879288390833,0.8035276317511435,0.8377985951332853,0.8569628132466411,0.8560169687679656,0.8556055451586885,0.7597121348026873,0.7675573088612264,0.7566647402437374,0.8397239454293686,0.8559565191571367,0.9021596662647857,0.7881520567754824,0.8213599573661571,0.8835379275426155,0.8344030924269468,0.8733112552469978,0.8793660695945237,0.865561792404745,0.8050950842280493,0.7847348595080262,0.8119778383291791,0.773286535606171,0.8152969502527447,0.8213739657266722,0.9192379756976138,0.8379101192406224,0.8261879184366805,0.8658208573432842,0.879742495974228,0.8562633518854013,0.8397467926339883,0.8792486047246904,0.846438030113685,0.8264323545142037,0.798097329128693,0.8554052959816861,0.868810291049853,,0.8567153315806325,0.8611502500511067,0.7828591040699583,0.8988983771190742,0.8772326725244178,0.9006185056864835,0.8962707294740689,0.8801064643506574,0.8452951277611975,0.861123427401858,0.8400519502741133,0.8970637882775114,0.8278117095882421,0.8775935928167414,0.8615201164931241,0.926572059101172,0.843454457675402,0.8133585499048471,0.8531490689096695,0.8616354681881969,0.8806424746489886,0.8372454119271118,0.8962678465265403,0.8694061810139831,0.8512632115287107,0.8471568693360538,0.8400414717040794,0.8772695896187274,0.9187256950260232,0.8909372704049239,0.8294868618654514,0.8548568413076427,0.9219095110785238,0.8853748084757838,0.8410173690185615,0.8771309100194756,0.8859074938922185,0.8592782153175865,0.8747111078218726,0.8561521498370103,0.770042356010658,0.8280798168643906,0.8425697388090992,0.8879049886782046,0.891764831155554,0.8861759112161078,0.8696996999510678,0.8803577722538505,0.929726073848552,0.9344179373698047,0.9146704697615369,0.8576589754171001,0.828285380985311,0.851937473002824,0.8022280026085051,0.8620950441299476,0.8609430068935278,0.8435023573793072,0.8941966908549033,0.8880872276057886,0.8643688112424593,0.8363755326205071,0.878298616408985,0.8651326505452046,0.9197373678405625,0.8532651998819304
53,0.7842148851850494,0.8978178652288884,0.8780343937833869,0.8737899712965417,0.8217936169421768,0.8576176130362252,0.7889177878976242,0.8838942342755485,0.7601108060978219,0.7982501179353751,0.8761324891730442,0.8923249396722969,0.8924497100873114,0.862885253129972,0.8315637962949214,0.8936863301072466,0.926804491914067,0.8555907314824484,0.8653375422862273,0.7784363502296582,0.783188901880268,0.7889192572284978,0.869842681843973,0.8975243575270947,0.8424780571756988,0.8451206117709871,0.8159663077321068,0.858925668780105,0.876981825215684,0.9272314284829737,0.881712669261873,0.9034292350250417,0.8308235386549849,0.8082509645175988,0.8043636813195985,0.7922027433976686,0.8700103317726333,0.9292078894130902,0.8961239052839204,0.8879839226170356,0.8681415648920956,0.8763248826734948,0.8559279988731473,0.8351085376165898,0.8978594133828002,0.8579264412144697,0.8958771412242506,0.8563899264369315,0.7895768177545377,0.8890662844079615,0.8998108282535802,0.8567153315806325,,0.8550580471342397,0.798222185890192,0.9030412112082844,0.9202917140437856,0.8627334295031501,0.8827253198227591,0.8601270389711896,0.8615769353295221,0.8734701962868255,0.8153741322821566,0.8754224667362585,0.8235685792427896,0.8785947489282891,0.8420956582865917,0.8927648276103067,0.8908419499394057,0.8621284746120852,0.9123581919058888,0.9176756416589255,0.8913837480161076,0.8307185570565204,0.907632882975119,0.8564884721700289,0.8038206782236552,0.8468177709256038,0.912155895666956,0.8550991339588483,0.8718930445907923,0.8777142698103764,0.9383548153850649,0.8503434541131978,0.8845059764337881,0.8575420632372,0.8298412479947759,0.9297588835380804,0.8894499995000378,0.856667261950634,0.9023036003944792,0.902047361948678,0.7545588678500101,0.8867945227283186,0.8553213290954942,0.9013065752687088,0.8639800458132308,0.8734552806069587,0.8825686477233883,0.8759085388830918,0.8805146571576505,0.881575237894091,0.8591666286699366,0.8699032206672292,0.8239871974281177,0.9336282671172658,0.7875051769595551,0.8747445045034904,0.9382296182089044,0.8625091935345556,0.8600500066448816,0.9163157623906942,0.8346827535165772,0.8130145665736567,0.8869900007865893,0.8205143934221584,0.9052704845990649,0.8593333676909489
54,0.753726801205597,0.8312607866304635,0.8207059923806072,0.8170880101383172,0.8108102758940143,0.83356299499136,0.7755064353156391,0.8527435155665808,0.7441248997483905,0.8043348008045124,0.823783645078124,0.8481288744327978,0.8347827017475152,0.8484412245168043,0.8011473271778552,0.8414685350137663,0.8494943571479219,0.872059711366577,0.8568553297682953,0.7699466419944867,0.7789159772633313,0.7710800637956441,0.8474869957777919,0.8568009647229708,0.8369712895431148,0.8027358433129862,0.837177127363306,0.888035568977342,0.8272338278611652,0.8784388392240575,0.875394074504414,0.8950689581139659,0.8424319344116789,0.7929030198731785,0.7982283646167107,0.7584682140965509,0.8535348417137725,0.8518015306899903,0.8772720662675418,0.8665968049721127,0.8389883199962768,0.8856556721384632,0.8610900544858976,0.8283397042391005,0.8407289230000717,0.9084222331869322,0.8499678307506903,0.8261653392860144,0.7540930374410089,0.8538273295628317,0.8509350003086298,0.8611502500511067,0.8550580471342397,,0.7889497292206371,0.8714040655890439,0.8752715986541104,0.8229763800314245,0.8592108085737917,0.8445253923749177,0.8602154136055145,0.8419037433255536,0.8350832380085652,0.8618197904054214,0.8758190931411671,0.8819176427227148,0.8698058193320891,0.8739916985769005,0.8431780801814284,0.8411165241568596,0.845064833307918,0.8662042071793405,0.9220197865700654,0.8885440128661293,0.8797905852632878,0.8594585768077525,0.8078477502781399,0.901940624816156,0.8855112249358978,0.8536139970863023,0.9236359736062931,0.9106953434211222,0.8464157653524162,0.8592994664998903,0.8742435412768197,0.8578522964519941,0.8088757013871893,0.8757410137469901,0.8700224582424694,0.8602577622127515,0.8629690631041814,0.8713049000778131,0.7595546947006735,0.8323972809033218,0.8586753016822529,0.845305349955062,0.9106146651201774,0.8741350061876969,0.8630936246380658,0.8796008381657611,0.864942784940083,0.8658738376146266,0.845987421888321,0.8588446721292409,0.8299001423324626,0.8592932719041051,0.7829210101988158,0.8783128758080094,0.8646348965748664,0.8676179312053025,0.8707577843276746,0.8639050373145761,0.8356649352450052,0.8266853208855952,0.8629257895462598,0.8400074819423115,0.889659918371078,0.8696145533148889
55,0.7681710016745823,0.7440674910208923,0.7613651030255763,0.7866850022541394,0.787543242214409,0.8087927069823271,0.7774512553346248,0.7687773861409469,0.7718873242045491,0.7456895646910737,0.7810664233494146,0.7862528121811484,0.7817992057973353,0.8013310150767973,0.7523772740535987,0.8528474910158799,0.7939800978985839,0.7952668221185895,0.8415746425078741,0.9128385788460943,0.9190202442527361,0.9128946397554684,0.7971492818706561,0.7799017050025672,0.7509755515092829,0.9209774491344577,0.8918757237352517,0.8046818718048273,0.7689529140695384,0.8041640957235416,0.8086500027768111,0.8373153961542372,0.8322245274566412,0.937302257630822,0.8159108500347364,0.7876261965621831,0.7793743268220179,0.7618593372244891,0.8117415927341006,0.8255338008676615,0.8165434066158924,0.7892779404076111,0.8042767408675046,0.7785898429000844,0.8101631489581184,0.8006743323030029,0.8065111156899877,0.7935107524687722,0.7739944844875869,0.7876428675893017,0.7496255424865031,0.7828591040699583,0.798222185890192,0.7889497292206371,,0.8115756993764418,0.7911042619140353,0.7663923254945936,0.8080341009954155,0.8007110912161481,0.7621829167708449,0.765359996727289,0.7809362530521611,0.7704072745628043,0.8032680526199856,0.7905177645380869,0.7861325539378882,0.8077144509070822,0.7974787406214427,0.7899218219449851,0.7874835005497616,0.776371360896043,0.8148646715266759,0.8038985654628046,0.8130751139851558,0.7832513202537682,0.7572234208411881,0.7878166196197532,0.7772548720251627,0.8071774079517635,0.8107512380293024,0.778697814895084,0.7499377845019312,0.8096832313597463,0.7555883172845047,0.7823793284819556,0.8228464212155939,0.8063185011891731,0.7957572139985605,0.7812411399905179,0.7455301662143679,0.7731833575411321,0.9076718072968653,0.785584255810227,0.8460981271844072,0.8231506743850048,0.805813104634829,0.7870346323975727,0.776205078046401,0.8043952686378444,0.7853329224519388,0.7793096998584762,0.7763238932024277,0.8926907065472621,0.809404591609895,0.7778830140634323,0.7639511715122761,0.7896502206460354,0.7852099075330942,0.8076471559310514,0.7927505027939445,0.7904600926981077,0.7879488267235569,0.7630139651808838,0.8094193848316226,0.7732856560561385,0.7877477804912995,0.8191518417456913
56,0.8144449754407447,0.8644732795005117,0.8651941064589631,0.8702686344715727,0.843800586243891,0.8363363074342943,0.828348579511472,0.8439340526072612,0.7897878894305488,0.8304730175138951,0.8838979139788965,0.8853054248313952,0.8833027604677229,0.8591042934356798,0.8385856136262991,0.8821446820259723,0.8899480913150498,0.8883864403090759,0.9022851574977604,0.7805988200097809,0.8061168283844419,0.7733719724479151,0.8701170483742583,0.9042230032874959,0.8920433208529381,0.8335671004694845,0.8434644939275118,0.898769968945359,0.8589869676302045,0.9174094340768526,0.918541180851023,0.9087737975223255,0.8295150191636536,0.7964301279643076,0.8512810556947087,0.7965919803343338,0.8580744127617581,0.8675433388937301,0.9001477415044793,0.9006736701557437,0.8923516084439196,0.8818228242401476,0.8541833862734671,0.8355343884633127,0.8866637844506103,0.8823952497928301,0.8819028576617327,0.8516592618696326,0.8175840907617302,0.9110160362348187,0.8859419932853068,0.8988983771190742,0.9030412112082844,0.8714040655890439,0.8115756993764418,,0.8995801225271652,0.871587646037774,0.8974909571473714,0.8591000522419217,0.8515837296742297,0.8508635803604927,0.8405494226625599,0.8947095388476467,0.8555553674697207,0.9223641928180647,0.8551829439566836,0.9116413940841687,0.8758126923940021,0.8380447211495557,0.8962510667253163,0.9213593948774429,0.8960092607827764,0.853139154842355,0.900110382704917,0.8553399065269444,0.8175540466983177,0.85232008809575,0.8787560211190464,0.8813756529259349,0.8967535382991128,0.9019323534315593,0.857847270257388,0.8912077605140593,0.8936621867690213,0.8951450934362561,0.8656336268548656,0.903823376835069,0.8764560836320587,0.8541579469810783,0.8875379241493873,0.8772382684970059,0.7857418548608173,0.8592518196086745,0.8711442125651638,0.9124765226188822,0.8946694089412497,0.9147542405121517,0.8578030008355594,0.905354251038225,0.8976373996563926,0.8817941738201982,0.862332263421685,0.8717391460071776,0.8228946395830745,0.8684583772820095,0.7929977736004531,0.896093027314818,0.8837560386430768,0.8750013856371596,0.8973338646848996,0.8955636224938177,0.8649778688328953,0.8228020503800219,0.8908789644106276,0.8427575655795788,0.9291459791642742,0.8752769897945986
57,0.78236309633786,0.8914726357185262,0.8654942049853858,0.8589826428501648,0.8207133062081525,0.8367228373949908,0.7710933950749996,0.8747556648918103,0.7484518332219737,0.8093880567600524,0.8702183971747701,0.886341256875984,0.8803595375829039,0.8616815281695545,0.8232029032774023,0.8654167470133761,0.9094145245078908,0.8641588027010763,0.8485297927176829,0.7680881100284588,0.7685186132159044,0.7755759437547896,0.8618040951317947,0.9066854077452031,0.8656981437621176,0.8319001657321577,0.8176942814780818,0.8707087427392147,0.8664010734797241,0.9094130520204581,0.8843021519025978,0.8888001378360794,0.8238583184835091,0.7909691840218482,0.7839026418500602,0.7674009790322636,0.8513545715348539,0.8927917585487052,0.9162417043074457,0.8719589029991351,0.8474256588959632,0.8737452922366253,0.8578872801968431,0.8375420756475707,0.875793957717308,0.868175535109763,0.8832834251340632,0.8380242785337961,0.7845157278085532,0.8878652395539177,0.9135450246761292,0.8772326725244178,0.9202917140437856,0.8752715986541104,0.7911042619140353,0.8995801225271652,,0.8654342191846736,0.8904565648715911,0.8627144635036499,0.873292654268292,0.8704482408150598,0.8303351253868844,0.9060031150440983,0.8405926704348164,0.8739736330293859,0.8776213198280846,0.9149442744037319,0.8724360859434672,0.8581682377263,0.9061508496717581,0.9095764685689021,0.9004192524377024,0.8321981711460489,0.9148991540974489,0.859282258620255,0.8169542295663553,0.8541872627201099,0.8967609501892121,0.8693024683372604,0.8907893001330187,0.8870729137075158,0.9176307596845551,0.8515658308807965,0.8904949809024827,0.8696710566862071,0.8271584281055518,0.9381765923363071,0.8960231816771036,0.872248410811476,0.9093178106605296,0.8993370536802286,0.7548692303596614,0.861075835087708,0.8608856586549403,0.8942833963804439,0.8756784344045991,0.8889797389748143,0.9028166044842316,0.9107986535456375,0.8841024527312863,0.886384875951345,0.8604606594365326,0.8609278825114058,0.835998401356427,0.9166656703070698,0.7976198458330374,0.8928555738218243,0.9282518548228832,0.8782781882250719,0.8836909866548353,0.9170037332930392,0.8527146599048425,0.8450788964557523,0.9099245179656884,0.8454663513606161,0.9287428697745139,0.8659386599803638
58,0.7806470739591284,0.8665732435224934,0.8161913632396808,0.830038252214794,0.8002869724793791,0.8238567999238618,0.7456406675476418,0.8329461876702502,0.7238618307019801,0.8646633612668679,0.843224313423572,0.8680066552895266,0.8526860933695563,0.841926297593561,0.8173405116829541,0.8290385352733832,0.8686218940765804,0.8346462163720472,0.8136690058739234,0.7498034367326171,0.737541945317184,0.7572200000232283,0.8057963401469637,0.834267241420769,0.8700313897918865,0.7979919407701063,0.781612212615043,0.8334253021394779,0.8429872222685809,0.8590241718911443,0.8229617908992549,0.8300703628490376,0.7790726062206426,0.7672236274943056,0.7692075991757212,0.7966150940726776,0.8203089649649908,0.8429684954149137,0.8734825333029659,0.8147935827087364,0.7964658462375769,0.8418467234400445,0.8601648216899769,0.8171524505447826,0.8363508043050734,0.8355876352043814,0.8478719485873971,0.8282757602092041,0.8067664987135615,0.833139605252063,0.8350106765741534,0.9006185056864835,0.8627334295031501,0.8229763800314245,0.7663923254945936,0.871587646037774,0.8654342191846736,,0.8530708611986404,0.8611864555894929,0.8211002724028755,0.8598502119514925,0.7936996248454472,0.8709772930401537,0.7695617403221632,0.8269343586080681,0.8179517827480525,0.8520520942481661,0.8376566353839636,0.8170338683455438,0.8515242344262804,0.8378663702116397,0.8586330897359998,0.7950070803751934,0.8684943465571842,0.8133522275293804,0.8031131968469026,0.803094440415453,0.8290844108464469,0.8427597851227155,0.8659851787237807,0.847054204465949,0.8284336601735913,0.8152068171225325,0.8967740183489028,0.8381519668514057,0.8188461638372493,0.8577137394962678,0.8603502788124927,0.8228430214158664,0.8397832221613626,0.8449985246178702,0.726696632787271,0.832705623676035,0.7978601803470704,0.8550137100221287,0.8670848690763027,0.8422021301236929,0.8468296377208507,0.8474040146447297,0.9021075928239045,0.8963720994665899,0.8925670142168176,0.8256902553074136,0.7865852512885729,0.8449738632866457,0.7744979340682294,0.8272015206978232,0.8632414455928014,0.8262094594327232,0.8570310033070385,0.8639414149512767,0.8210419825160574,0.8006501299680273,0.85380250112829,0.8365497471651931,0.8779391775640968,0.8112757720404219
59,0.7794638223004895,0.8472597723233837,0.839511532986961,0.86971749886429,0.8662526511257549,0.8321246824476026,0.769930911411667,0.832822556859421,0.7386288660100324,0.8093856818774534,0.9020575658201813,0.881088545574988,0.8719006056212013,0.8619588093848336,0.8223760331081706,0.8616346718566188,0.8697893184316775,0.8397791426540613,0.8695800001664673,0.77382342836018,0.7943867712692742,0.7584388442517772,0.8571889414431922,0.8642075761384134,0.871077960540568,0.8139234481417063,0.8438794152587097,0.8716422488064784,0.8390649613255584,0.8888262905623757,0.882227361139317,0.8792073066005529,0.816446331846966,0.8015838896960706,0.8173621598665072,0.7841958563093628,0.8179729638578689,0.8385679905593215,0.8986446901212564,0.8627517992969822,0.8535382901237069,0.8574683168572567,0.8538387569331138,0.839299126825727,0.8563237774891191,0.8537589940003003,0.8635087013883564,0.8128843108191122,0.7875499916998975,0.867979851008762,0.8593995642637773,0.8962707294740689,0.8827253198227591,0.8592108085737917,0.8080341009954155,0.8974909571473714,0.8904565648715911,0.8530708611986404,,0.8851362124562824,0.8426501708219396,0.8537281518840298,0.8344595492068154,0.8630690480632878,0.8601953802404921,0.883286288283271,0.8516253337303067,0.9184601963948995,0.8621799492502624,0.8416977555764965,0.8636043670244551,0.8761750842169153,0.8845649796540421,0.8311564410434209,0.897747177325796,0.8699175740011765,0.8356173255737418,0.8501736365430416,0.8632555912966345,0.8648287102513168,0.8870198228021622,0.8925121762619521,0.8607017599007367,0.8544007766947332,0.8755347871741542,0.8792754028879455,0.8357404579521958,0.8991868201757942,0.879455341067583,0.8386645883458332,0.8724090184860332,0.8958457853073614,0.8129651802970903,0.8432690205080703,0.8645568373687574,0.8963129644882102,0.8734035888977993,0.8873764253712213,0.8575991217130028,0.8735270722601406,0.8867366471601293,0.882518088878342,0.8629397809293385,0.8904161191304039,0.8351795460550522,0.872033608358763,0.8034567628164091,0.8561315031844,0.8651781040268688,0.8499648502316952,0.8679635597164661,0.900131248627705,0.8615009221475063,0.8489571998197623,0.8791026768395438,0.853364394596529,0.8917422119781356,0.8641438368481419
60,0.7602450207388912,0.822398907752008,0.8109776701293671,0.8313807171150337,0.8158069536745323,0.8192823786748284,0.756852314162127,0.8104261932381773,0.7285830883651305,0.7994162627345911,0.8497496231467025,0.8513864653836598,0.8334152988269258,0.8647307432568162,0.7887793607461479,0.8424081122677034,0.8478087037572484,0.8314656901481431,0.8361801667477217,0.7703050459342853,0.7834936829282496,0.7530563608161018,0.8435976056737498,0.8459323375209495,0.8374191184630801,0.7886532497593675,0.8325723987262066,0.854118782326795,0.8263461299056792,0.8604518825930253,0.8513770358362808,0.8602255336378719,0.8060728567126036,0.7899133371560249,0.8248044803981405,0.7675197341045563,0.8153477041800422,0.835003308102191,0.9116411608494354,0.8388172073937022,0.8303964424133402,0.8290334962350426,0.9042371098436791,0.8598005213083855,0.8396355034838091,0.8522762370162732,0.8586463979991964,0.8244990914377347,0.7478619746243735,0.8519419124685748,0.82563003769516,0.8801064643506574,0.8601270389711896,0.8445253923749177,0.8007110912161481,0.8591000522419217,0.8627144635036499,0.8611864555894929,0.8851362124562824,,0.8333250784745636,0.8568432035295381,0.8419665585230881,0.8181075924218845,0.8315033497668916,0.8592818080914101,0.8364862598846822,0.8960572960089419,0.850540898126356,0.8213755076724019,0.8492604656539829,0.8438810002425023,0.8755183759093518,0.8061009097756675,0.8992084384043602,0.8499922685830605,0.8226888298019805,0.8163716444085218,0.8316449647629238,0.8275299052403943,0.8724138331206206,0.8337334449439979,0.8527088870403687,0.8406848501859897,0.8516565353640531,0.8471120998755277,0.7999668744062608,0.8926374833007311,0.8897178734775252,0.825466012386701,0.8258581448620606,0.8587824648244514,0.7965252593574006,0.8475115490824379,0.8249093333695339,0.8490036868312307,0.8588388443045567,0.8395369883005789,0.8498316509242468,0.8394924122926729,0.8653006976440238,0.8771723125979989,0.8589283720236052,0.8869864653782541,0.819571429529483,0.8697445327961819,0.8173164628928866,0.8427579960361662,0.8682189063403618,0.8236104836244674,0.8211798510617813,0.8707052688523633,0.8371929390790563,0.8409150851178561,0.8522387626001453,0.8292017686220718,0.8489614841246504,0.8302753750409855
61,0.7485147269642003,0.8399082801252071,0.8365849211950683,0.8128015655259878,0.7775079031337905,0.830445175863275,0.778674733052291,0.8357537482145707,0.748323834170603,0.8262193864461611,0.8177871589561404,0.8244309870321878,0.834323238562325,0.862547508826558,0.770496793275219,0.8280412152680414,0.8462573434638923,0.8521059962676448,0.84308744609864,0.7671009201900053,0.7466322135463905,0.7678112332510564,0.80700196092229,0.8402621907757907,0.8233051945104111,0.8249802071557973,0.8139390283441187,0.8775629354435746,0.818405956938955,0.8601401369825746,0.8514684510260655,0.8630188617209772,0.8403353176746079,0.786356510931633,0.773568019320657,0.765935247052837,0.8304834268391748,0.8495431698437128,0.8875742095522622,0.8371798570673781,0.8086434166321443,0.8586450794062184,0.8796699542361819,0.8747358053757035,0.8240963233633088,0.9117184232450224,0.8134321005441725,0.8418772428262199,0.7415042478487367,0.8646279304513323,0.8544706756435966,0.8452951277611975,0.8615769353295221,0.8602154136055145,0.7621829167708449,0.8515837296742297,0.873292654268292,0.8211002724028755,0.8426501708219396,0.8333250784745636,,0.8369590050296729,0.877445034675074,0.8678308080959121,0.8348192457657517,0.8582504429786724,0.9289286643412287,0.8655661919082565,0.8064389519331048,0.8184164480744224,0.8373002743220498,0.8703497295048617,0.903403393635247,0.8566662525575333,0.8658760002450424,0.8917509271511876,0.8266229379128734,0.866069286336434,0.8730791973108681,0.8461664824751203,0.8712935984214532,0.8806816872574351,0.850186365349344,0.8411389427486832,0.8539944374262007,0.8332669826698779,0.7994011937093983,0.8730648028275001,0.8922405672001498,0.8764841222753057,0.8662581257892651,0.832494922872535,0.7275195468006836,0.8162050020518354,0.8410620395087918,0.8341308634357352,0.8486264812657345,0.8511305401065641,0.920840070007626,0.8561548503293926,0.8530224201598436,0.8673489099421418,0.8206277372971862,0.8255175484919652,0.8374751360047961,0.8597305160797627,0.8499697348380442,0.855683196876244,0.8624552475123894,0.8548817055489418,0.848314087480238,0.8542371934009971,0.8034845138418667,0.8221771157303825,0.8652027789142576,0.847820827292574,0.8751216496525189,0.8792720489964752
62,0.7328247035095591,0.85080421304083,0.8292461212296728,0.8268618899278224,0.7957704416326808,0.839869999558234,0.7619138068082809,0.8479998281488892,0.7288059279324096,0.804874472132573,0.8333450537789626,0.8647296361799953,0.8511019955605604,0.8336893255829504,0.794736317965796,0.8384474606458104,0.8774027439773895,0.821746125931449,0.8164573675930434,0.7637353018856343,0.7433001357679976,0.7554138173993461,0.8370945763912424,0.8600299430353435,0.8409207797168673,0.7918480025015616,0.8086989574326554,0.844254238812221,0.8435582372318611,0.8660430618768925,0.8465581428827319,0.8510351564839707,0.8107547135519751,0.7837242838561702,0.7458772564254974,0.7556244399795495,0.8331686740437229,0.866163726779257,0.8770781000445989,0.8578404475447472,0.8125758101761786,0.8247904104507944,0.865844368447171,0.8261247203265983,0.8524939756884932,0.8394752312250311,0.8623389635321991,0.8438499575532573,0.7343741363755466,0.8577639634583931,0.8683898734954709,0.861123427401858,0.8734701962868255,0.8419037433255536,0.765359996727289,0.8508635803604927,0.8704482408150598,0.8598502119514925,0.8537281518840298,0.8568432035295381,0.8369590050296729,,0.8064750073256544,0.8323997356552427,0.8250163335792442,0.861419749474064,0.8288908641362567,0.8619131936870607,0.8492896562546985,0.8467188684357292,0.8587578079585473,0.8594915632497616,0.8773226667139988,0.8104697589570473,0.8932822056928995,0.8372788471774799,0.8051644538480771,0.8455464359043482,0.8546625536304351,0.810843990572766,0.8495758683839549,0.8500065204967325,0.8731708643779917,0.8174491879324262,0.8732698654777862,0.8400760175779475,0.7780999393235392,0.8914264824780789,0.8788592917982946,0.8287769939083762,0.8470963000842465,0.8656388595449087,0.7402564789428758,0.8415962232311501,0.7979826104847813,0.8303685911982629,0.8443311840520328,0.8343294590075492,0.8578935446617534,0.8405711227102718,0.8852328379650914,0.8997406053529052,0.8707078450018074,0.8533583098473193,0.8054297349891426,0.8722777889703441,0.7974982730948823,0.8370870717437625,0.8803668433358234,0.8271719123089247,0.8198813524160949,0.8639194357243076,0.8202311529703759,0.824163534439005,0.8393094789169222,0.8226826031024007,0.8591310107293509,0.8104536929558777
63,0.7496019599056374,0.7733177239892668,0.7834907974632208,0.7646503220422246,0.7531518469833645,0.7855714790072374,0.7751887567565208,0.7927155022538189,0.7414212721309673,0.7922666689070669,0.7820135451354203,0.7826026528335048,0.7861400542142519,0.8401629998309879,0.7282794116406094,0.8010999765809866,0.796036082364961,0.8263501200313813,0.8452295651676363,0.7598622938879589,0.7639263417858279,0.7713770931017817,0.7734885210093384,0.7999744785832809,0.7789686508523828,0.7907545350233038,0.8333516660451968,0.8776151582295031,0.7759769929010679,0.8357760309034495,0.8368946533669842,0.838419884280994,0.8284393974115711,0.7903002698179302,0.8149262269995933,0.752127346354228,0.7771399611277707,0.7790872806693379,0.8987600116562002,0.8232122279486893,0.8290228337660537,0.8384564563143774,0.8644120096793999,0.8807721320677844,0.7945103338542269,0.8824599394912014,0.8033367432217382,0.8060492279855616,0.7303387476675093,0.8349567210052046,0.8077142584168187,0.8400519502741133,0.8153741322821566,0.8350832380085652,0.7809362530521611,0.8405494226625599,0.8303351253868844,0.7936996248454472,0.8344595492068154,0.8419665585230881,0.877445034675074,0.8064750073256544,,0.8237132148403379,0.850171167293786,0.8527023609642808,0.8963527269572364,0.878075326104527,0.7914625211725788,0.7710907651608565,0.8004031755555511,0.8456627186970147,0.8771490751246983,0.8239199620128115,0.8733784136190459,0.892719670785053,0.8607369529394622,0.8458713221158372,0.8391482573203479,0.8413863466173898,0.8627971463117843,0.8376001295684716,0.795744897345195,0.8412514574284002,0.8034598058382668,0.8350567046173282,0.8117883764332754,0.857959855613347,0.8717898201069937,0.8543655487897202,0.8168409912585533,0.7909416901909481,0.7752454195083228,0.7904737112945912,0.8614461875743261,0.8117482627537096,0.8538730614210241,0.823122435684135,0.8804071851611124,0.8324514273952176,0.8108222497592805,0.8277432465350041,0.7989100998025966,0.844485112327268,0.8418657514457243,0.8409153122126445,0.8467959024219827,0.8296986302887642,0.8342608603187531,0.8210837930269084,0.8345421560984752,0.8364003576339593,0.8277890582426297,0.8407674472405957,0.8450740056584158,0.8550778753545031,0.8287463772843519,0.851008350605173
64,0.8164116173057469,0.8784529063062986,0.8652961092264315,0.8331522666011968,0.8120605524412373,0.8231231844932894,0.7930608938895511,0.8641155900684125,0.7680206143758259,0.846432535571763,0.8462834135131051,0.8575096456776139,0.8560730784943992,0.8604894351887219,0.8087727995343312,0.8459595906112777,0.859673099130668,0.8895918739498565,0.8549449044850969,0.7598520796594022,0.7570355703950734,0.7762178066475081,0.8262052356296767,0.8709073033805224,0.8845472571626471,0.8184493379385197,0.8028488592638628,0.880457600167112,0.8558730360778325,0.8771598150145878,0.873673925214614,0.8598496136873287,0.822747667594325,0.791918370058118,0.7767735229813563,0.7885582757951577,0.8350812089567923,0.849766431509674,0.8808760134864446,0.8468905312037359,0.8206535467034625,0.8771893398093398,0.8557820340602792,0.8322361083438902,0.8427643720466478,0.8676788743809971,0.8527700562102396,0.8363628302669661,0.8189293869447746,0.8629748267231578,0.8860712706946554,0.8970637882775114,0.8754224667362585,0.8618197904054214,0.7704072745628043,0.8947095388476467,0.9060031150440983,0.8709772930401537,0.8630690480632878,0.8181075924218845,0.8678308080959121,0.8323997356552427,0.8237132148403379,,0.8152910071909318,0.8675149183827475,0.8780088811206432,0.8783111152375208,0.8383068585204114,0.8134371732619593,0.861553715857651,0.8886309495371632,0.8799645250917052,0.8223955958040323,0.8974316291467702,0.8612038207582525,0.8221609035253091,0.8545190427857697,0.8715291266844263,0.8864754316521625,0.8789930362219116,0.8812399346581016,0.8561204453036435,0.8586767911178903,0.8848974753567893,0.874173234335598,0.8730814591413086,0.8813186749565138,0.8609735538968804,0.9272671964520427,0.906286016561046,0.8518827745573894,0.7317612175885274,0.8187259449076265,0.8558152881714813,0.8835936045289365,0.8690032620011372,0.8940919292652967,0.8803617585604139,0.9083581605116323,0.883957962785259,0.8799138335611308,0.8651331319657478,0.8249870508398207,0.8409460227707979,0.8823561414845852,0.787771478976584,0.8779659915554333,0.8811383719316915,0.8792354992077906,0.9138632009944778,0.9075836574715543,0.8437442886439713,0.8196132923839187,0.9068818359943096,0.8513236105060829,0.9288626682281682,0.8682366303600939
65,0.7459970367814344,0.7772659091704194,0.7952272457056755,0.7982804846942224,0.8007646097393598,0.8019121599640076,0.7591364550936432,0.8035121240401673,0.7309662596477029,0.7481229115134871,0.8046274804279406,0.8140221431003302,0.8121981991158418,0.8207685159691118,0.7851603552433272,0.8305686901218124,0.817812811995461,0.8099716648959361,0.8509670536064946,0.7618976474536098,0.7897169254714768,0.751761156880178,0.8506235663047199,0.8174072201586711,0.7997761497853013,0.7828955880002129,0.8520869097861965,0.8616064829948287,0.798764165573702,0.8479719562058066,0.8517948993214235,0.8635738485947123,0.833084584863722,0.7854900266029422,0.8120832926651301,0.7375339040406472,0.8111975563810212,0.8130893021049831,0.8600633818625464,0.8382477792289842,0.8308353377381876,0.8298327078331021,0.829240578344651,0.8341237390040418,0.8315778895814909,0.8589796619757196,0.8419263265413095,0.7977622948607439,0.7289020889095108,0.8312025567479567,0.8172377112755586,0.8278117095882421,0.8235685792427896,0.8758190931411671,0.8032680526199856,0.8555553674697207,0.8405926704348164,0.7695617403221632,0.8601953802404921,0.8315033497668916,0.8348192457657517,0.8250163335792442,0.850171167293786,0.8152910071909318,,0.8635050238668951,0.8551456484949549,0.8748872992780583,0.8438313912242872,0.8179657261008558,0.8106195285452011,0.8425498848042525,0.875576612610479,0.8585566437108091,0.8610927318063015,0.8528807008184262,0.811061676074537,0.8612731199857808,0.8451251733023433,0.8064849175093419,0.8720245141838918,0.8628421928190106,0.8136062304031567,0.8344166731243183,0.8176773324936427,0.8356086724724499,0.8004106525294092,0.8620730732275552,0.853086623101891,0.8219239815375304,0.8229054622028994,0.8328914692749204,0.8045181802836989,0.817346257338003,0.8470166834706812,0.8302657961896196,0.8614796417478775,0.8257237101802882,0.8308145402861248,0.8403264372464345,0.8259831953771235,0.8237115641511948,0.8054252323600899,0.8599906436148256,0.8363498792308705,0.8192844489884209,0.7952450870766953,0.8241694466822191,0.8234944475176382,0.8229911027531175,0.8211006808766393,0.8295780027345603,0.8303776834697931,0.8183567456638832,0.8379633055310424,0.816176082817897,0.8546138911194107,0.8469577304516178
66,0.7869530751937122,0.8586149352601928,0.8572041151953573,0.847261094434852,0.8272526550862987,0.8415618892403055,0.8261757012346597,0.8501562711493079,0.7897870895250271,0.8162007144221071,0.8639294479033326,0.868891754325999,0.867026926835972,0.8580685613445035,0.8050703099012477,0.860317313314969,0.8678485328603704,0.8929301950316889,0.8868894532583046,0.7816414731809689,0.7880322117880478,0.7677464750689279,0.8690562547757086,0.9037237902378624,0.8577609419353976,0.8142183920924488,0.8512173322257993,0.9088574876247062,0.861270357919476,0.8971436060062442,0.916632563278591,0.890480095571702,0.8464972755499405,0.7997948446456172,0.8256191825837946,0.7684560618304769,0.8362565517668802,0.8676556321634756,0.8888537601622445,0.9295599429076584,0.8674682330090584,0.8578637282557905,0.8573960649611834,0.8443716763826753,0.8662299424128,0.8647354578508122,0.8662163172534236,0.852259640099725,0.7669476471716908,0.9236572124992088,0.8862926300533838,0.8775935928167414,0.8785947489282891,0.8819176427227148,0.7905177645380869,0.9223641928180647,0.8739736330293859,0.8269343586080681,0.883286288283271,0.8592818080914101,0.8582504429786724,0.861419749474064,0.8527023609642808,0.8675149183827475,0.8635050238668951,,0.8708677782051397,0.9040640343946291,0.8563017054692453,0.8430921370993221,0.8749620708760484,0.9096617006187608,0.8834529879924233,0.8433066320823089,0.8816148061429115,0.8649412280912113,0.8345568792350241,0.8352786180838343,0.8746692596317434,0.8661105665131801,0.8735998950042295,0.8860195687972742,0.8600655445145982,0.9064145879262826,0.872694063230198,0.8744899113196806,0.8468482726363683,0.8911930292123418,0.8702673901458997,0.8602309637441952,0.8744488596840956,0.8781791366192813,0.7719316470894589,0.8552513403190621,0.8677635751058558,0.878420128879063,0.868406339631353,0.9090103622906515,0.8572737405328004,0.8937690674178,0.8805933428948391,0.8901541915108653,0.8549510214585675,0.854840194573842,0.8111622761107211,0.862652205817222,0.8079883846364113,0.8917539342989871,0.8604223411820909,0.8748093470278188,0.8746850895769804,0.8705247512825274,0.8481408768630746,0.8420650823672469,0.8621077850529495,0.8385675853313518,0.8920862939200623,0.8768779161670707
67,0.7706462434908053,0.8226018813799464,0.8301399980776074,0.8065355578540266,0.783088718476171,0.8170804385677769,0.78209787066191,0.8278577160733274,0.754546003719619,0.8109866195166746,0.8086459890233837,0.8233601388782746,0.8347514528931401,0.859859227878818,0.776596152277891,0.8225517360751022,0.8262747029989326,0.8726264886048807,0.8508260639063981,0.7775768436796685,0.7720153722246357,0.7774156344136353,0.8213548916192053,0.8419798570530135,0.8333649281658015,0.8194780672395843,0.8404480512767485,0.8817115300588968,0.826898423595413,0.8506974016875479,0.8632981458277995,0.8561845099530246,0.8412228563482738,0.800989704712834,0.7968256031506264,0.7565142911085045,0.8193097750820086,0.8223462837948702,0.9048116934332742,0.8494915343380155,0.8114924917244948,0.8441918215439231,0.8710400157954458,0.882323496925189,0.8251599600618991,0.9119283155922296,0.8250623465343909,0.8173514656978554,0.7546670928281042,0.8638388234203944,0.8583995050455998,0.8615201164931241,0.8420956582865917,0.8698058193320891,0.7861325539378882,0.8551829439566836,0.8776213198280846,0.8179517827480525,0.8516253337303067,0.8364862598846822,0.9289286643412287,0.8288908641362567,0.8963527269572364,0.8780088811206432,0.8551456484949549,0.8708677782051397,,0.8731539724610679,0.8153969584125808,0.8146418050563282,0.8339278501601916,0.860681940493148,0.8969088835081971,0.8360254379379525,0.8680886513761952,0.8838029632232594,0.8471424749432084,0.8616721820759456,0.8536443256639622,0.8643745572191699,0.8759061846668513,0.8760436180376677,0.8394064849947885,0.8564915265465589,0.833532423889325,0.8379503954004581,0.8250170643731243,0.8695744815645866,0.8907036136135793,0.8873187237376124,0.8685590913142206,0.8341342064965672,0.7590681399670567,0.8147846286444594,0.85928654848767,0.8363599323900458,0.8498252490041948,0.8668804227209191,0.905224277279284,0.8830838367262798,0.842375748924288,0.8527897686211656,0.8093688938804511,0.8435177044320696,0.8422354065645054,0.8519577839103554,0.8434051902940664,0.8641189953531894,0.8515967888257002,0.8666646834677376,0.8708902556313853,0.8534915960540673,0.8092717178544789,0.8314306707223894,0.8757438672974865,0.8546743635272805,0.8873891651814008,0.8721724437854781
68,0.7839248750125621,0.8511606453359377,0.840182292977256,0.8435099841481173,0.82187518940254,0.8296402438616495,0.7748913868845735,0.8370907899265938,0.7487189564749747,0.8196940183367076,0.8671780348952572,0.8731357152903401,0.8661586751673386,0.8765951904223201,0.8076869132601747,0.8645768283331072,0.8730252738149618,0.8541067522987416,0.8789816133916944,0.7737418958666394,0.7881189112596277,0.771622146765938,0.8546077631489657,0.8760530734409033,0.8653915621636112,0.811884029647611,0.8529222761928835,0.8973979779989602,0.8410418950513434,0.8908534743908907,0.9062759090809369,0.891728384476857,0.8296252807264098,0.8035858793119595,0.8398155312204713,0.7780792264880131,0.8318330969207133,0.8452081188565822,0.9389352298825316,0.8652634515888933,0.8596224893208689,0.8716611049074762,0.8728110442089227,0.8766974252544617,0.8612717349469895,0.8819810833481067,0.8661987291308624,0.8283782769090221,0.7795245562498484,0.8729830526203879,0.8799032107821093,0.926572059101172,0.8927648276103067,0.8739916985769005,0.8077144509070822,0.9116413940841687,0.9149442744037319,0.8520520942481661,0.9184601963948995,0.8960572960089419,0.8655661919082565,0.8619131936870607,0.878075326104527,0.8783111152375208,0.8748872992780583,0.9040640343946291,0.8731539724610679,,0.8678198494446451,0.8359487808952373,0.8770943738634827,0.8979141844561156,0.9010429444672148,0.850344516558513,0.9140220899493561,0.8932349200930173,0.8507065360657312,0.8628063904615767,0.8744208018146212,0.8697971754049737,0.9119723121843986,0.8987997367517374,0.8756720850659802,0.8656616449992649,0.8845213375457566,0.8904702391220917,0.8426533773589016,0.9178070904788974,0.9062841612036249,0.868287372996073,0.8883157193476683,0.8746227833496322,0.799850278280882,0.8556376604549336,0.8758240494534177,0.8926463306637434,0.8878347363829733,0.8912984465170598,0.8892057273537413,0.8898275337613478,0.897285595471564,0.9020233092716913,0.8738914376732609,0.8877792124863448,0.8496502327012365,0.8837078044067654,0.8067736907283287,0.8686650636396033,0.8854000140968736,0.855409741088599,0.8815476353357656,0.8984867660288723,0.876104349479826,0.8592634516686032,0.8902921143587198,0.8546911671565154,0.9192134233297318,0.8772084254364484
69,0.8021071323353088,0.8595952506658324,0.8279228629582057,0.8708887821902419,0.8137524432869568,0.8243539860538908,0.7759332125558095,0.8382561976102699,0.7509363927927463,0.7612377106035073,0.8512586219836316,0.8560306889164843,0.8640561971583584,0.8454720966684428,0.8957595584607501,0.8593305383066848,0.8960507031559971,0.8258511753682368,0.826271360414888,0.7781388507406796,0.7883879124658147,0.7783274654185466,0.8666480455511317,0.8603806437790078,0.826314371106327,0.8050984353391397,0.8055709257775926,0.8330699263592266,0.9068613155074604,0.8836402868853509,0.8646028102450511,0.8738421255057892,0.8061223258742921,0.8017621977947703,0.7993223525379034,0.7675511788810316,0.8667311061287805,0.8620533085170705,0.8824448114150308,0.8609494867545437,0.8489382419373384,0.8530862633250172,0.8318378977302595,0.805377755597965,0.9305726826800795,0.8426619188715402,0.9642704824852792,0.8148138830236924,0.7804081987858286,0.8569402793809264,0.851210341248896,0.843454457675402,0.8908419499394057,0.8431780801814284,0.7974787406214427,0.8758126923940021,0.8724360859434672,0.8376566353839636,0.8621799492502624,0.850540898126356,0.8064389519331048,0.8492896562546985,0.7914625211725788,0.8383068585204114,0.8438313912242872,0.8563017054692453,0.8153969584125808,0.8678198494446451,,0.8501787198095403,0.8798979446814607,0.8775361518482465,0.8786122913248328,0.813116221973304,0.868936351479106,0.815061297492981,0.787393627562779,0.8321762280546372,0.8640785536695715,0.8342669723273988,0.864222649030975,0.8532792110659309,0.8634243474324719,0.8261269523806579,0.8493693827068136,0.8482729638312487,0.8560867997845101,0.8964743455158584,0.8596311655293891,0.8201504761360465,0.8502139350766457,0.8741864056976395,0.7584418414649462,0.9109869295077105,0.826990923304086,0.8804626027798841,0.8514136186260789,0.8473157003980655,0.8362254843531585,0.8548310586092824,0.8637594953623852,0.8552392505185421,0.8373742524062094,0.8641565897026463,0.7919413482425269,0.8836067951113155,0.7637019647867596,0.8514842677902518,0.8882811769258457,0.8362822374253731,0.845123925038783,0.8767919639319226,0.836831281570724,0.795620487928644,0.8661316734224591,0.8043979233002614,0.8696694087102398,0.8388612587879765
70,0.7504827854573346,0.8388780436427852,0.8159015924990606,0.8427968839632687,0.8094029879056874,0.826491228292934,0.7595415365049056,0.8409309272715154,0.7360713922907572,0.7576368677822778,0.833920147946505,0.8612305674944642,0.8696634316744462,0.8219969905277172,0.8278568721014314,0.8444149970192956,0.8699185809069807,0.8063961468609915,0.8238277171411238,0.7774224170674564,0.7759516792476783,0.7597768628479373,0.8538291277820058,0.856410322277833,0.8052275917218005,0.8125573039534737,0.8169529804091813,0.8144089261119449,0.8346420247577564,0.8587799203265292,0.833413952651826,0.8647039834973085,0.8150431109284177,0.7895000895847544,0.7578414782187173,0.740953593688351,0.87743896762361,0.8610258254824709,0.8548101817024435,0.8534709565816281,0.8131587654422816,0.8187390516017063,0.8146228735425183,0.8047086427272114,0.8570493436977411,0.8399505198948555,0.85640753400599,0.8239151772210551,0.754151989185009,0.85702512788474,0.8380496423115638,0.8133585499048471,0.8621284746120852,0.8411165241568596,0.7899218219449851,0.8380447211495557,0.8581682377263,0.8170338683455438,0.8416977555764965,0.8213755076724019,0.8184164480744224,0.8467188684357292,0.7710907651608565,0.8134371732619593,0.8179657261008558,0.8430921370993221,0.8146418050563282,0.8359487808952373,0.8501787198095403,,0.8504039723074807,0.843557120840043,0.8698680889928092,0.8125372838734092,0.8502057519315819,0.8050315128181161,0.7664230869433593,0.8331842351977023,0.8440266787997226,0.7976018193844506,0.8435342756583495,0.8451052369389431,0.862070537791014,0.8076976901114894,0.8217613663884215,0.80754144363929,0.7961601357052142,0.866820227669521,0.8520440378638785,0.8179921137566964,0.8203535431514027,0.873237155698418,0.764829816182339,0.8456913673811445,0.8062670550782312,0.8243963883284177,0.8170952070065547,0.8171803490365895,0.8143972085177558,0.8225496542499549,0.8492036702064756,0.8346566018104946,0.8126062719028292,0.8685574853286302,0.7868558786255396,0.8457684992469313,0.7705394660739133,0.8212894017525679,0.8622063905199044,0.8170930232229436,0.8118417761972518,0.8360219085376736,0.7935711999401643,0.7824391555547714,0.8293608457810816,0.7827256400056063,0.8375121594101004,0.8257177966925099
71,0.7996440903223065,0.8859393008878328,0.8544071258039612,0.8748482172980286,0.8126046724281547,0.8433541913894049,0.8064451409804784,0.8343930214526812,0.7719762874399947,0.7883174718723802,0.8670595778124577,0.8858487059055231,0.8897270162512179,0.8591503498256782,0.8370313546283914,0.8738802929469449,0.9056987885537565,0.8597565381329966,0.8591952112119269,0.7805550991117522,0.7632474449532698,0.7746761553463479,0.8509902161755951,0.8944005058379954,0.8576514456198733,0.8339998132286549,0.801434271337854,0.8739092285232527,0.8735597054868549,0.9041705655268841,0.8891905691681525,0.8845771800781048,0.8060976640400159,0.7913620974009369,0.79371550768291,0.7987024002338525,0.8624905768200197,0.8875027250027636,0.8792194792225032,0.878511345169177,0.8754401528866311,0.8754833067533625,0.8536169205953579,0.8110752972823552,0.8897311141723196,0.8533372689148784,0.8933720791525454,0.8343929984672849,0.8165101808107499,0.8898794173740885,0.8906073454040739,0.8531490689096695,0.9123581919058888,0.845064833307918,0.7874835005497616,0.8962510667253163,0.9061508496717581,0.8515242344262804,0.8636043670244551,0.8492604656539829,0.8373002743220498,0.8587578079585473,0.8004031755555511,0.861553715857651,0.8106195285452011,0.8749620708760484,0.8339278501601916,0.8770943738634827,0.8798979446814607,0.8504039723074807,,0.8944009714813084,0.8832159947036005,0.8125397502419921,0.8815503448568038,0.8218502146446577,0.7815519371911391,0.8283871840900217,0.8807068792386181,0.862524537673153,0.8669459122184717,0.8675346063221866,0.8915822210995517,0.8554062895627564,0.879063383487653,0.8544524111661156,0.8254231202754833,0.9132778147363221,0.8812589743402846,0.8307324733946476,0.8768419457685703,0.8733888105620106,0.7453712219892076,0.8834597566716351,0.8484816539268154,0.8901369315639694,0.8583257805437611,0.8892052987337119,0.8558216524999466,0.8876972635201126,0.8785907220691611,0.8728548607324311,0.8483182187957448,0.859850871891228,0.7885306747202796,0.8937328840673918,0.7683032904992767,0.8792272976412443,0.90084474340864,0.8707027142110737,0.8712932498857838,0.8992697203375302,0.8361852228143319,0.7966209968843088,0.8823603508176949,0.8144006163970774,0.8931151544547482,0.8556158915923987
72,0.7828443743163493,0.8797497952190745,0.8697698433957587,0.8468574497468467,0.8039639708160644,0.8357197378926615,0.8306388570037916,0.8675480995084291,0.7927934662553793,0.7973362978066727,0.8671833357041591,0.8624258574990584,0.8703787089260777,0.8601396852824731,0.8070388529984802,0.8746231258285543,0.8932216791045997,0.8714450037482611,0.865606959760894,0.7702051903160252,0.7612172511477908,0.7711939953430063,0.8537874629561262,0.9171164867103911,0.8466403316628179,0.8253076303121276,0.8153794900107846,0.8832599892544518,0.8604008012224411,0.9096845668302312,0.9048503878526841,0.894444041049324,0.8323201087875874,0.7934225568886182,0.808884088000993,0.7737218999419874,0.8496182668955734,0.8903093876104615,0.889413200596063,0.9137568342058361,0.8772089610864751,0.8745881321168854,0.8473751526212632,0.8406536622080722,0.8797569691322923,0.8666004604714264,0.8817198531522613,0.8401996030619917,0.7642117486978004,0.9258465743402061,0.9022164181378681,0.8616354681881969,0.9176756416589255,0.8662042071793405,0.776371360896043,0.9213593948774429,0.9095764685689021,0.8378663702116397,0.8761750842169153,0.8438810002425023,0.8703497295048617,0.8594915632497616,0.8456627186970147,0.8886309495371632,0.8425498848042525,0.9096617006187608,0.860681940493148,0.8979141844561156,0.8775361518482465,0.843557120840043,0.8944009714813084,,0.8945125799558037,0.84161398742543,0.8981470043720646,0.8677938725711547,0.8236208278349623,0.8484622200822054,0.9094364320129288,0.8608098375524116,0.8740803928957075,0.8826375843841299,0.9003090306616635,0.881771348236059,0.8816579907316937,0.8805140433818198,0.8359799018615542,0.910005465723876,0.8787536222443675,0.871092020706575,0.9037575247678885,0.8798434484165554,0.7388305480809221,0.8533018525907351,0.853279929994783,0.8819285590470496,0.8663803252101676,0.895797490126088,0.8841416082479361,0.8909794208824967,0.877055608951559,0.8809792297849992,0.856918261014334,0.8504825836443344,0.8215553990139036,0.9066754616622206,0.7936264418309606,0.8884790211450976,0.9093570647995792,0.8819856729987992,0.8671456877343572,0.8998529540152257,0.8433073582384397,0.8279986461602438,0.88965485647754,0.8343340557358885,0.9035626551471412,0.8639221837047433
73,0.7755778431004661,0.8551078064227386,0.8468687195390433,0.8402721804564435,0.8041707086873587,0.847216711708705,0.7837526660175175,0.8474322826326709,0.7530685850882278,0.8112168468294458,0.8370700662416126,0.862081094825232,0.8657828388878526,0.8647321814208601,0.8188113059100817,0.8615270338661192,0.8900968947933297,0.8704440787539462,0.8737348948959348,0.7901842631791294,0.7946140628277921,0.7976239927194803,0.8554994461712766,0.8699569045626325,0.8470787928734709,0.8397639905089559,0.852006637528204,0.9025531069863779,0.8481381873333561,0.8926988665042446,0.8839587311739071,0.917306408485014,0.862725477508634,0.818631383224174,0.8259800692104319,0.7763265237189275,0.8929937529244225,0.8656049240393817,0.9231614806662418,0.8736045472213944,0.8552277537878572,0.9210093827683797,0.8897270109715283,0.8646825976356998,0.8749769867842736,0.9547174248346064,0.8816333271058471,0.8399988067364755,0.7786306588902331,0.8799265563445532,0.8678208252540994,0.8806424746489886,0.8913837480161076,0.9220197865700654,0.8148646715266759,0.8960092607827764,0.9004192524377024,0.8586330897359998,0.8845649796540421,0.8755183759093518,0.903403393635247,0.8773226667139988,0.8771490751246983,0.8799645250917052,0.875576612610479,0.8834529879924233,0.8969088835081971,0.9010429444672148,0.8786122913248328,0.8698680889928092,0.8832159947036005,0.8945125799558037,,0.9001795752562218,0.9133158106785794,0.8882212369852824,0.8412794392335868,0.934498438572912,0.9011480199162715,0.878678138412377,0.9400673569922025,0.9283756635113316,0.8737941848586527,0.8648438109134589,0.8838099139273896,0.8888794536372784,0.8303148893070951,0.926837191191357,0.9183641919228782,0.8765372637317388,0.8753432325969203,0.8661697699964377,0.7848690203394777,0.8617600219524084,0.8696530332109478,0.8689070401725174,0.9246107860541389,0.877693687577382,0.9005396034584287,0.8875939776776778,0.8835555356816198,0.8828850669718548,0.8555123312685031,0.8902240036355515,0.846015925502591,0.8929419159936476,0.8220005095908842,0.8933013098148245,0.9021465518303711,0.8868958243690692,0.8853519976923386,0.8905921723957702,0.8689731780321078,0.862080841233598,0.8978776420357203,0.8757706318226688,0.9041636344734756,0.8930901621948742
74,0.7389421224051803,0.7927698134775413,0.7822872514672317,0.7800499180252903,0.7599132655988922,0.8267848668583424,0.7659729811352395,0.8120545227613971,0.7372139379920192,0.7917477533350656,0.7861409409891553,0.7998012086677935,0.8274652303694787,0.8086830518823667,0.7748171381106074,0.8409478001820946,0.8163883151427876,0.8405354165885762,0.8594299811264221,0.7827065465185027,0.7935621430492716,0.796164285989862,0.8043733924177574,0.8080294020430313,0.7875420239132006,0.8071425176831244,0.8542689343222477,0.8616470815814323,0.7735386214672602,0.8442117483174986,0.846472936549467,0.8804940482583004,0.8474466678662465,0.811821674861218,0.81062790721847,0.7701772341661939,0.834172609150134,0.797176706981325,0.834807863917811,0.8416819874474849,0.8365816978457634,0.8797095864630291,0.8389213625305942,0.8124950524791383,0.8193548455992912,0.9009111820148024,0.8115004833692869,0.7989238351614003,0.74793819191313,0.8159807245805502,0.8048841155052078,0.8372454119271118,0.8307185570565204,0.8885440128661293,0.8038985654628046,0.853139154842355,0.8321981711460489,0.7950070803751934,0.8311564410434209,0.8061009097756675,0.8566662525575333,0.8104697589570473,0.8239199620128115,0.8223955958040323,0.8585566437108091,0.8433066320823089,0.8360254379379525,0.850344516558513,0.813116221973304,0.8125372838734092,0.8125397502419921,0.84161398742543,0.9001795752562218,,0.8479527495173889,0.8499863262799656,0.7982135919142329,0.9063848612375551,0.8511956240869647,0.8554962544824688,0.8921615572690758,0.8881587145976978,0.7907918895938367,0.839268981562319,0.8413054435846097,0.8493737181681199,0.8034843561374665,0.8577366766089182,0.8424182431057023,0.8411753433839472,0.8314788276793683,0.8012217097009793,0.7890459072190636,0.7925667416111817,0.8821646768241032,0.8346603221728868,0.8965559947442777,0.8341415157016367,0.8564801462717145,0.8418675311119098,0.8338591167090244,0.8366736652314238,0.8270287729991581,0.8508895599279508,0.8203869599145759,0.8118904466181863,0.7716380607096598,0.861590027302415,0.820267441977821,0.8576821817719535,0.8536004920892706,0.8181401959547487,0.8375897110037619,0.8149103466464368,0.8463403672489305,0.8394756062549896,0.8504401529239741,0.9014878646446141
75,0.7728344947475028,0.8540234073858273,0.8490193060526073,0.8415989584695494,0.8229055812123478,0.83901845474853,0.776570287518518,0.8834924417474646,0.7541133600488422,0.8107007399600852,0.863086315706683,0.8825727001852801,0.8733486250248715,0.8608306932270329,0.8040995979163675,0.8811082742438435,0.88549409964183,0.8556338821503282,0.865919842422876,0.773540666301866,0.7842207158198632,0.7927501256854901,0.8487076917416672,0.8685090575398846,0.8415940603296228,0.8346675413081415,0.8436797319579687,0.8893396351625154,0.8382371296834108,0.9094673991586343,0.8800935890010075,0.8936395093772466,0.8451461060084248,0.8126179719836748,0.8137390074307645,0.7762133280322203,0.8592631938464546,0.8734176206797002,0.9275169944893777,0.8756344767486909,0.8642139777082106,0.8773070216307319,0.8912354784528944,0.8612497029581381,0.8664559323434754,0.8896452996502164,0.884804741018868,0.8480269046969188,0.766084288405962,0.8657986269283455,0.8809605521474628,0.8962678465265403,0.907632882975119,0.8797905852632878,0.8130751139851558,0.900110382704917,0.9148991540974489,0.8684943465571842,0.897747177325796,0.8992084384043602,0.8658760002450424,0.8932822056928995,0.8733784136190459,0.8974316291467702,0.8610927318063015,0.8816148061429115,0.8680886513761952,0.9140220899493561,0.868936351479106,0.8502057519315819,0.8815503448568038,0.8981470043720646,0.9133158106785794,0.8479527495173889,,0.8896287758499019,0.8610090333048559,0.8714555483455451,0.8975166584440943,0.8670029372609789,0.9071788992378667,0.8794543385590811,0.8958533720713369,0.862016240041851,0.8854574286132133,0.8853330189732204,0.8281014327325125,0.9410752981122814,0.9127366580889702,0.8880925007618962,0.8871694475190085,0.8821321581205251,0.7898419647562424,0.8600259318263423,0.869643799666007,0.8808144182142368,0.8999250087536527,0.8697549383001233,0.8963078583906421,0.8822168483173982,0.8887107686039764,0.888639528287125,0.8747987588159856,0.9062398929743073,0.8745214011497014,0.9341037023312954,0.8185066971185333,0.8772106630445825,0.9310393688720067,0.8638472145427454,0.8709940212640418,0.9263658443549294,0.8771201736139438,0.8608722798504425,0.9056853556876795,0.8650968416364476,0.9085491583513133,0.8679968196431096
76,0.7432222438599584,0.8198708219266663,0.8236936235049435,0.8077905753998627,0.7945888391018925,0.811241080381826,0.7792276730933096,0.8299783677713292,0.7441164739900621,0.8037771220645857,0.8252086830071167,0.8179849488160387,0.8196710348537884,0.8479976668176529,0.7639346786658647,0.8288752321669893,0.8271701334291856,0.8288826626606116,0.8426038256331753,0.7634411193773865,0.7676077584441172,0.7738983731026858,0.8042507067750995,0.8182948414675246,0.8138328256826788,0.8105694165455446,0.8346475070297085,0.8861365804360996,0.8054534118508874,0.8646400581591238,0.8450626369472414,0.8658242273241866,0.8413680843597914,0.8029061347023061,0.7953969631799146,0.7490288530192568,0.8016803622072839,0.8206086923051358,0.8884562708308646,0.8390371065555359,0.8209233614228691,0.8476183868676512,0.8617589818669277,0.8676328660690907,0.8197338203743849,0.8788128831595122,0.8194487488764743,0.8228579315169404,0.7470340125718379,0.8495939380420611,0.8332665657979749,0.8694061810139831,0.8564884721700289,0.8594585768077525,0.7832513202537682,0.8553399065269444,0.859282258620255,0.8133522275293804,0.8699175740011765,0.8499922685830605,0.8917509271511876,0.8372788471774799,0.892719670785053,0.8612038207582525,0.8528807008184262,0.8649412280912113,0.8838029632232594,0.8932349200930173,0.815061297492981,0.8050315128181161,0.8218502146446577,0.8677938725711547,0.8882212369852824,0.8499863262799656,0.8896287758499019,,0.8708730742043576,0.8638901434194123,0.8598369142592377,0.8446047108822698,0.8748385051510413,0.8754102267768412,0.8303060154210672,0.8308891723162133,0.8319493131025495,0.8539510239212267,0.8208052994396446,0.87276853868008,0.8754688528156684,0.8749839393595569,0.8526180593762115,0.8283000025791909,0.7701328123761325,0.8032012419241965,0.8574994647899886,0.8414911435395945,0.8580070366825354,0.84057630524102,0.9041767894794924,0.8425680286084704,0.8501673122454824,0.8657124290197705,0.8393667186157862,0.8504767482347112,0.8661225541436998,0.862869515588864,0.8548733019217883,0.8326844129662958,0.8543171205436773,0.8354128374484815,0.8468516001764864,0.8615147975845218,0.8360758530781277,0.8516630412471184,0.8652802701710762,0.8678129768001861,0.8711570749832278,0.8700206505558233
77,0.7357118426408029,0.7729711967545234,0.7793425155112194,0.7713287807723865,0.7598889214758667,0.7643456346267248,0.7323641225441786,0.7733545358276404,0.7046779937316645,0.7852585560733393,0.7956965229429994,0.806349103166765,0.8107528717396985,0.8092145993899099,0.7401854801469392,0.79904954936289,0.7909642993460965,0.7890145025957253,0.8014073791763023,0.7387240621757603,0.7324648468244555,0.7592964094409071,0.7801915482850232,0.7830426404960612,0.7757463678562149,0.7676216888358138,0.8101589854910732,0.8489622023938392,0.7822132786890565,0.8288860755077265,0.7973931187576615,0.8105781021555847,0.7900497862174596,0.7775456295240103,0.7867945199659822,0.7348523372162048,0.7650400454950247,0.7607535278900718,0.8612601316449132,0.8041282812219515,0.7951787682999446,0.8233423304162962,0.8222917951137317,0.8431898222908515,0.7992203570677793,0.8385626944864075,0.7972252071132765,0.7543064168003465,0.7327018420533565,0.8148153334825122,0.8141240025460106,0.8512632115287107,0.8038206782236552,0.8078477502781399,0.7572234208411881,0.8175540466983177,0.8169542295663553,0.8031131968469026,0.8356173255737418,0.8226888298019805,0.8266229379128734,0.8051644538480771,0.8607369529394622,0.8221609035253091,0.811061676074537,0.8345568792350241,0.8471424749432084,0.8507065360657312,0.787393627562779,0.7664230869433593,0.7815519371911391,0.8236208278349623,0.8412794392335868,0.7982135919142329,0.8610090333048559,0.8708730742043576,,0.8151457705657131,0.8128417550105884,0.8332346379045418,0.8405320848643731,0.8233976472732569,0.7826333239602545,0.7938440373175305,0.810034420647451,0.8840079420027407,0.8016820886486244,0.8409675622049654,0.8470620167844598,0.8140842209145287,0.8089127658875932,0.7863526451543624,0.7511463129443368,0.7998604016188552,0.8310864243880498,0.8069664236220827,0.830796835139362,0.799950027124644,0.8317741508297267,0.808042113544795,0.8217456794246724,0.8289322646934159,0.8047536438063544,0.8206687971150931,0.8200274534662009,0.8156086911962155,0.8349930456409944,0.794492077743088,0.8026975363736772,0.7838710465420622,0.8304775631771885,0.8157841702851893,0.8899508808084428,0.8982382092680697,0.8392169874631602,0.9160850388032588,0.8297700009805539,0.826004600670745
78,0.7400683980834588,0.81795995933052,0.8023781538363397,0.8013693855179559,0.7711300318915033,0.8270597761255918,0.7491138771956617,0.8257025472310423,0.7215656980552683,0.7862472190037519,0.7980536180130604,0.8197314232344766,0.8325085893238493,0.8170692361764497,0.7968189804629182,0.8311055699226295,0.8333762041490457,0.838892257058701,0.85837635130357,0.7741984005442758,0.7700433604982965,0.797492230824682,0.8071223517413031,0.8172659551599831,0.8161106999560749,0.8136836261674856,0.8382835376018907,0.8744565706074691,0.8067203598489631,0.8576501378896717,0.8485607128326195,0.8759780064109848,0.8582084080728982,0.8145597743344004,0.7893024551783271,0.7464104470619355,0.855245587391668,0.8185178452440833,0.8728386705712531,0.8358871241143129,0.8339219150664902,0.9027253714326002,0.8452918404652072,0.8283509205380465,0.8281456290049765,0.925090419451527,0.8340330381002772,0.8027207087339591,0.7645290552989867,0.8228272497004632,0.8257947915151942,0.8471568693360538,0.8468177709256038,0.901940624816156,0.7878166196197532,0.85232008809575,0.8541872627201099,0.803094440415453,0.8501736365430416,0.8163716444085218,0.866069286336434,0.8455464359043482,0.8458713221158372,0.8545190427857697,0.8612731199857808,0.8352786180838343,0.8616721820759456,0.8628063904615767,0.8321762280546372,0.8331842351977023,0.8283871840900217,0.8484622200822054,0.934498438572912,0.9063848612375551,0.8714555483455451,0.8638901434194123,0.8151457705657131,,0.8734734034083789,0.8546379549263373,0.9091305729339985,0.9007748682946433,0.8217058372715459,0.8200282717586692,0.8455628170640747,0.8608093921652558,0.8083926642636943,0.8715957406160835,0.8762581518995319,0.8533501364930738,0.8449112105113301,0.8175695886536816,0.7646450121512227,0.814385729623646,0.8697481696058184,0.8368030065524811,0.893414163276847,0.8409338880683797,0.8705496972147057,0.8546251822949203,0.8424132465493815,0.8434629658757424,0.8286875330734628,0.8575226093700351,0.8316545546652016,0.8426802640882332,0.7875808724625422,0.856325041569042,0.8502343089187008,0.8546268604884748,0.8720143087943102,0.8491860797970336,0.8421440784787917,0.8319849239639568,0.8678441071448201,0.847985531619229,0.869051116546171,0.8870859710016106
79,0.7733741886276235,0.8702937639274095,0.8716555276673768,0.8578514177414392,0.8147879847931278,0.8786386072475213,0.8011619555923958,0.8897376394127108,0.7731346083755551,0.8136412900918636,0.8695628244618425,0.8724236919784087,0.8776751831948872,0.8532517770009886,0.8265184870431563,0.8964311419512256,0.8879023046186725,0.85306322799429,0.8676107933144426,0.7726197653427109,0.7578351312958479,0.7902171335428649,0.8520148830080392,0.8773442917598427,0.8304202304315118,0.8228546286254089,0.8114349618325387,0.905350877039277,0.8559948629599753,0.9282956945459738,0.8813195725198535,0.9087395513766096,0.8417576105009051,0.7999065183895684,0.7983101811904364,0.7816116837062627,0.8685937062134058,0.8960422552886701,0.8761487743264897,0.8745800234785439,0.9019875399949897,0.9228754995879367,0.8535598056203093,0.825536229370604,0.8798572258672582,0.8802474864355764,0.8689524397411726,0.8463557657023248,0.7709884145267962,0.8766185483450655,0.8794066182780146,0.8400414717040794,0.912155895666956,0.8855112249358978,0.7772548720251627,0.8787560211190464,0.8967609501892121,0.8290844108464469,0.8632555912966345,0.8316449647629238,0.8730791973108681,0.8546625536304351,0.8391482573203479,0.8715291266844263,0.8451251733023433,0.8746692596317434,0.8536443256639622,0.8744208018146212,0.8640785536695715,0.8440266787997226,0.8807068792386181,0.9094364320129288,0.9011480199162715,0.8511956240869647,0.8975166584440943,0.8598369142592377,0.8128417550105884,0.8734734034083789,,0.8561605461521209,0.8871285661449602,0.8918280957597555,0.883339528872027,0.8485834342314538,0.8850541598407161,0.8529689722549878,0.8227777656240509,0.9055775519342696,0.8757631016870886,0.8570422922359151,0.8918694994527399,0.8717746272489205,0.7283890895598765,0.8616027953357529,0.857978780980437,0.8847213675898797,0.8747159086904472,0.8638981439966411,0.8774199445589547,0.8675510005312327,0.8758342960928691,0.8734722700197854,0.8517678496326055,0.8524976773455719,0.8188165768131112,0.9281551872869642,0.7937015044710388,0.8590036556388213,0.9100113386692253,0.8527709481388295,0.8564527431154529,0.9204249917501537,0.8342044792288204,0.8144715305712128,0.8784203416227158,0.8320427718738117,0.894287837381026,0.865696815995761
80,0.8149982180065535,0.834353873028018,0.8203293085762057,0.8250729416627447,0.8029371817912426,0.8232650998783417,0.7881338704352538,0.8063038310523798,0.7691549319089073,0.84522860768118,0.8323356692939385,0.8567299532440351,0.8504031291011283,0.8593649007999098,0.7915824018745906,0.8495825262226754,0.8478945022441795,0.919798486628995,0.8940684914115006,0.7769359778079006,0.7848429266389348,0.8053579805454808,0.7966741594865194,0.8485795241928589,0.8370521401595509,0.8191529317072449,0.8264107611142388,0.8844395068405798,0.8106282027646426,0.8700456514138013,0.8873255718313526,0.8527796166731311,0.8226307160237947,0.821381812151156,0.8227893491393679,0.8203241052458021,0.8229624226472712,0.803822103434303,0.8710085902288932,0.8542001092718504,0.8736551511669984,0.8980589722081231,0.8542138618563182,0.8191851856602523,0.8373578393571786,0.8878968807401317,0.8359416081489933,0.802974412137352,0.8129705158931557,0.8580315704448525,0.8638617693878499,0.8772695896187274,0.8550991339588483,0.8536139970863023,0.8071774079517635,0.8813756529259349,0.8693024683372604,0.8427597851227155,0.8648287102513168,0.8275299052403943,0.8461664824751203,0.810843990572766,0.8413863466173898,0.8864754316521625,0.8064849175093419,0.8661105665131801,0.8643745572191699,0.8697971754049737,0.8342669723273988,0.7976018193844506,0.862524537673153,0.8608098375524116,0.878678138412377,0.8554962544824688,0.8670029372609789,0.8446047108822698,0.8332346379045418,0.8546379549263373,0.8561605461521209,,0.8812258422597264,0.8709701452086913,0.8053273744135313,0.8948962013476865,0.8566467413268926,0.8840334528424042,0.8842243757440698,0.873259507201805,0.8543894734910059,0.8710723361066822,0.873906556165611,0.8133038750511881,0.7644149206148869,0.8217700038007927,0.9135093576508826,0.8890184617969179,0.8848635376649455,0.9253573371913563,0.864349626155841,0.9270207667268758,0.8607067398678095,0.8535426440794027,0.8417892581777154,0.8494640905717181,0.8201912929967904,0.8541796429727246,0.7843392890120067,0.9010852537528818,0.845208519243785,0.9087085370178307,0.9475716523600006,0.878378470386105,0.8716741724339561,0.8376507370618893,0.8959290072382275,0.8645330626288873,0.8817049676057364,0.9101363763831017
81,0.7780791270312504,0.8318217485746298,0.8066114473780139,0.8268901584112506,0.8063495666970913,0.8285362401080144,0.7655991245649301,0.8332532188530053,0.7353819684349866,0.8332721751670906,0.840179516488105,0.8593483610425061,0.8523563234212443,0.8627414780364429,0.8148311732434825,0.853044347190159,0.8626370314951287,0.8551050440633597,0.8781507098345087,0.770910790141865,0.7843441678888611,0.7856296025000582,0.8367339903226292,0.8508062569627637,0.8612951082371909,0.8138350831031351,0.853193640032029,0.8948777306262332,0.8199231408018057,0.8911857297958506,0.8824812888618381,0.9001963733380078,0.8454365023516133,0.8022255133959937,0.8331213749968056,0.7888742873559546,0.867573492031376,0.8321012480399868,0.9185702999757691,0.8522438294369004,0.8551756567873774,0.9158291438282774,0.878906587718668,0.8499509912661536,0.8524495697713572,0.9331672920314064,0.86741178372225,0.8164978926232584,0.790972210070402,0.8517101439752792,0.8565793437952639,0.9187256950260232,0.8718930445907923,0.9236359736062931,0.8107512380293024,0.8967535382991128,0.8907893001330187,0.8659851787237807,0.8870198228021622,0.8724138331206206,0.8712935984214532,0.8495758683839549,0.8627971463117843,0.8789930362219116,0.8720245141838918,0.8735998950042295,0.8759061846668513,0.9119723121843986,0.864222649030975,0.8435342756583495,0.8669459122184717,0.8740803928957075,0.9400673569922025,0.8921615572690758,0.9071788992378667,0.8748385051510413,0.8405320848643731,0.9091305729339985,0.8871285661449602,0.8812258422597264,,0.9292709478519088,0.8401003401811508,0.8605896877997216,0.9083823227707709,0.8939332047755647,0.839191849166625,0.8973702950716744,0.903762098791206,0.8510505032652964,0.8743596146753431,0.8515718882733556,0.7820148899165272,0.8472646956207258,0.875429916733096,0.8861454058920534,0.9381093941633115,0.8835049586709939,0.8787939794157916,0.8904353781478203,0.904686169687123,0.8960802824786036,0.8782003423595637,0.8860364831021117,0.8496465253791448,0.8701517842438966,0.8091615260476015,0.8863065265285507,0.8761921133145437,0.8634953991497915,0.898387671650998,0.8923858324487389,0.8855864958067923,0.843001606085483,0.8975344574035191,0.8678768108217079,0.9149295682584302,0.8834897699187745
82,0.7623462288370034,0.8485901534218874,0.8368229792108266,0.8368293575294656,0.8113299836353535,0.8253410708867767,0.7708464857573945,0.8405454248524173,0.7354780434845878,0.8213151427957204,0.8489360142071419,0.8627903216864945,0.8577973426584344,0.853620830433767,0.8178966685851512,0.8444138669842183,0.8639473351357827,0.863110401315492,0.8662538892102779,0.7572755926821918,0.7697492455647779,0.7618193149276117,0.8513658507309008,0.8630022253039207,0.872464167724542,0.8051914773440796,0.8344828685362714,0.8961798601181644,0.8243769635750753,0.8864642813735467,0.8919321830407025,0.9014976604453943,0.8298084085102878,0.7854886958624999,0.8011541276900849,0.7671407437096747,0.8586098404398148,0.8456614886543996,0.889650822309048,0.8585069865507076,0.8324112502939954,0.9031349059641877,0.8537315542624144,0.8284092181422816,0.8489246491662567,0.9160432169184214,0.8512437356707815,0.8196926421498321,0.778396650641692,0.8640721620336849,0.8671320420539127,0.8909372704049239,0.8777142698103764,0.9106953434211222,0.778697814895084,0.9019323534315593,0.8870729137075158,0.847054204465949,0.8925121762619521,0.8337334449439979,0.8806816872574351,0.8500065204967325,0.8376001295684716,0.8812399346581016,0.8628421928190106,0.8860195687972742,0.8760436180376677,0.8987997367517374,0.8532792110659309,0.8451052369389431,0.8675346063221866,0.8826375843841299,0.9283756635113316,0.8881587145976978,0.8794543385590811,0.8754102267768412,0.8233976472732569,0.9007748682946433,0.8918280957597555,0.8709701452086913,0.9292709478519088,,0.8412602625951418,0.8519817160622767,0.8963395624144262,0.8782344649343189,0.831852260495481,0.8896656067295997,0.8810541409456049,0.8526365692561225,0.8815900453857941,0.8642154356392167,0.7552261980682702,0.8324539670104076,0.8588026713384852,0.8799357862139496,0.9073596526752176,0.8892606883903759,0.8768987813331486,0.8784259641015731,0.8882277344280749,0.882593413381367,0.853614869399135,0.8518869371919028,0.8275967559939408,0.8559271745896131,0.7917846932732416,0.8681692085510999,0.859066654217945,0.8668797640471656,0.8954979070828399,0.8794265360269282,0.856215273928147,0.821903884033315,0.8832419450614477,0.8453181824040424,0.9206952068758689,0.885551784172531
83,0.7462748336830148,0.8890058758832816,0.8632314986330667,0.8490086429589132,0.7931200556971931,0.829641136720986,0.7594820518251623,0.8640449962230106,0.7326231173685291,0.7586678901927192,0.8433887794638061,0.866423934525409,0.8665295453645852,0.836643610612389,0.7976677906954436,0.8539645772930935,0.8985770545065058,0.8332798562706969,0.8106136875102902,0.7402108814133749,0.7420172330745253,0.7326600399860035,0.8562302439348461,0.8933310566174779,0.8264607735590621,0.8071286701213894,0.7868750517660394,0.8254924660429788,0.8667945936300652,0.88550093629707,0.8481756156497361,0.8673592583959618,0.8044116536835837,0.759194138509993,0.7479164718023554,0.7435497001478834,0.8427830541204393,0.9251115020721877,0.8855448270597857,0.8653854328506331,0.8187958628349606,0.8331423245159455,0.8348530912199412,0.8307566510175859,0.8671316159312686,0.832848918128041,0.8800364757216185,0.8250359708594257,0.7309150509184411,0.8784165946009092,0.8889311956105257,0.8294868618654514,0.9383548153850649,0.8464157653524162,0.7499377845019312,0.857847270257388,0.9176307596845551,0.8284336601735913,0.8607017599007367,0.8527088870403687,0.850186365349344,0.8731708643779917,0.795744897345195,0.8561204453036435,0.8136062304031567,0.8600655445145982,0.8394064849947885,0.8756720850659802,0.8634243474324719,0.862070537791014,0.8915822210995517,0.9003090306616635,0.8737941848586527,0.7907918895938367,0.8958533720713369,0.8303060154210672,0.7826333239602545,0.8217058372715459,0.883339528872027,0.8053273744135313,0.8401003401811508,0.8412602625951418,,0.8286109786822917,0.8611749163682374,0.8263170078319344,0.7658349021149282,0.9113105694144455,0.879822422216319,0.8516812860323852,0.8946024790064868,0.903923176297077,0.7308174631520268,0.8637124162566442,0.8124525304545203,0.8532768067462551,0.8287405395642269,0.8473390900103213,0.8702782057305044,0.85841885944106,0.8463055915744182,0.8586654319139262,0.8289727922334518,0.8412303494704307,0.8047140876382822,0.9287192842261991,0.7687105039162065,0.8559806718950397,0.939273405499963,0.8510485393487068,0.8183791747613188,0.8915409330065098,0.8036062434907704,0.8161456776877959,0.8618604719804002,0.7907271887827066,0.8789491710683566,0.8280723001754422
84,0.7952395818939147,0.8203173401125714,0.8295635669263735,0.8142470804695594,0.8027516368504797,0.8295546103470123,0.8154290119715161,0.8122669679680119,0.7862773121870483,0.8285636918999392,0.8267312382484099,0.83829060337463,0.8232099751311422,0.8550080106800496,0.7702105676969679,0.8420315709217652,0.8448636629442786,0.9172913907695952,0.8935145898239183,0.777885187463711,0.7923660348534469,0.7738445653483125,0.8244760192683301,0.8803233635530614,0.8267072290257387,0.8134199752348058,0.8260364588930182,0.8800396852855444,0.8095574763818301,0.8621272982216479,0.9047571157448557,0.8563065511884427,0.8262450662676056,0.8035704296857471,0.8305128895078147,0.7956638524602331,0.8270035228404514,0.8282558186187281,0.8572514237614793,0.8823214453489202,0.8690828380432473,0.8520149809166995,0.8574816082586918,0.8272057716651322,0.8344339414329424,0.8614154978832393,0.8338024299767051,0.8296333232500223,0.775287254440965,0.894272797667861,0.8574999864835814,0.8548568413076427,0.8503434541131978,0.8592994664998903,0.8096832313597463,0.8912077605140593,0.8515658308807965,0.8152068171225325,0.8544007766947332,0.8406848501859897,0.8411389427486832,0.8174491879324262,0.8412514574284002,0.8586767911178903,0.8344166731243183,0.9064145879262826,0.8564915265465589,0.8656616449992649,0.8261269523806579,0.8076976901114894,0.8554062895627564,0.881771348236059,0.8648438109134589,0.839268981562319,0.862016240041851,0.8308891723162133,0.7938440373175305,0.8200282717586692,0.8485834342314538,0.8948962013476865,0.8605896877997216,0.8519817160622767,0.8286109786822917,,0.8481676951721364,0.8538367028508836,0.8481777090340064,0.8610185918932545,0.8514114780595168,0.8598630637054447,0.8678978744025962,0.8298331899430993,0.7873040326875225,0.8152052429118107,0.8885089004041324,0.8739942348456768,0.8584866351163446,0.9125402106718266,0.8461356022214589,0.9001351342509786,0.8458166108779227,0.8621786324796631,0.8350840558407651,0.8435832772919759,0.8170273159412796,0.8460756634706891,0.7813776559982528,0.9151271799261941,0.8430881079590673,0.9012579665285004,0.8867431404402819,0.8597663597675039,0.8287045716007739,0.817604815904329,0.8569480856143223,0.8227334885982344,0.8646531785861792,0.877231359209415
85,0.75971613268274,0.8794203922515358,0.8518606077854673,0.8440852505467427,0.8036989763364205,0.8506072444736095,0.7752109941588138,0.8563243064430961,0.7439403647610444,0.8707029175318812,0.8638534482989391,0.8857287298164408,0.8744611216531623,0.8408927763905236,0.8090697128440608,0.8649088821568681,0.8884791205076792,0.8532950281626761,0.8467380858630168,0.7470332250719446,0.7433726876658926,0.7541472351171551,0.8355852301223745,0.8744644251228301,0.8896637876664109,0.7983292618301856,0.7940817083826508,0.8787925451582516,0.8476346613055279,0.8973197062749346,0.8766973233540211,0.8693486448689254,0.806628194189698,0.7745404439989628,0.7782303233718246,0.7855829332074797,0.8377998526938951,0.8751624293309392,0.8787023389088793,0.8579703949062683,0.8367893015462272,0.8867244216885714,0.8774614705403025,0.8221164691025172,0.8409393408157241,0.8635402303362051,0.8533726758684037,0.8555134193739945,0.7788867559216935,0.8651737736088488,0.8851803565269671,0.9219095110785238,0.8845059764337881,0.8742435412768197,0.7555883172845047,0.8936621867690213,0.8904949809024827,0.8967740183489028,0.8755347871741542,0.8516565353640531,0.8539944374262007,0.8732698654777862,0.8034598058382668,0.8848974753567893,0.8176773324936427,0.872694063230198,0.833532423889325,0.8845213375457566,0.8493693827068136,0.8217613663884215,0.879063383487653,0.8816579907316937,0.8838099139273896,0.8413054435846097,0.8854574286132133,0.8319493131025495,0.810034420647451,0.8455628170640747,0.8850541598407161,0.8566467413268926,0.9083823227707709,0.8963395624144262,0.8611749163682374,0.8481676951721364,,0.865930337379284,0.8085768210301713,0.8842918864555895,0.8704432365024986,0.8332909200744357,0.8925848710685967,0.8709952477309373,0.7193171245252081,0.8369549889909873,0.8213447895925245,0.8815211559532494,0.891729936034438,0.8784110238801556,0.8700571669020577,0.8794709283426807,0.9409540773327297,0.9359303461510373,0.9233098560682029,0.836043125746923,0.7967383599918684,0.8736075442355719,0.782210394605998,0.8627718245251873,0.8877297540222979,0.8453547410784819,0.8795106317790766,0.8911929846393123,0.8408722669344928,0.8059392160104052,0.8593530041440396,0.8465032148162595,0.9234222642536647,0.8389835259880151
86,0.7927431500748935,0.8319398534612505,0.8082264970862112,0.8247777425233284,0.7962639333251316,0.8011000459897032,0.7739794027628242,0.8049899434459823,0.741137224697192,0.820416934361888,0.8281828262940925,0.8359445487548396,0.836826234851548,0.8492405335222889,0.7921166365423815,0.8300278435719091,0.847870441603443,0.8546006636636337,0.8566239729181448,0.751534217931729,0.7643310319499295,0.766998279727606,0.8156504457185529,0.8578600225531532,0.8436404285807407,0.7951678717696264,0.8219101403333473,0.8785125627374504,0.8180422509333254,0.8733258604604528,0.8694536497171069,0.8521588648032812,0.8008981047318688,0.7864368699816974,0.8186028930873511,0.7870079721123991,0.8134646195316808,0.8136988972560961,0.8868996044476457,0.8499140939883724,0.8510923858642865,0.8866730162567029,0.8490434519593939,0.820353421923326,0.8470516801394533,0.879046989959628,0.856137262267935,0.793334570382737,0.7963078828084947,0.8639381440962348,0.8638605291284811,0.8853748084757838,0.8575420632372,0.8578522964519941,0.7823793284819556,0.8951450934362561,0.8696710566862071,0.8381519668514057,0.8792754028879455,0.8471120998755277,0.8332669826698779,0.8400760175779475,0.8350567046173282,0.874173234335598,0.8356086724724499,0.8744899113196806,0.8379503954004581,0.8904702391220917,0.8482729638312487,0.80754144363929,0.8544524111661156,0.8805140433818198,0.8888794536372784,0.8493737181681199,0.8853330189732204,0.8539510239212267,0.8840079420027407,0.8608093921652558,0.8529689722549878,0.8840334528424042,0.8939332047755647,0.8782344649343189,0.8263170078319344,0.8538367028508836,0.865930337379284,,0.838824165726017,0.8872836828521354,0.8763648627832347,0.8379471147882819,0.8573869693856165,0.8346172330652858,0.7494211138992638,0.8263943399987868,0.8547619711778003,0.883926466774333,0.8860049007486477,0.8858006124818154,0.845184451598998,0.8855401302478222,0.873506188071296,0.8601957016431161,0.8416373022349671,0.8549989098253629,0.8050014151479532,0.8583709406369038,0.7864360069566485,0.8840712608434425,0.853024572696812,0.8519791319132631,0.8842224505099967,0.8789072873772243,0.956146206669044,0.9153615977153277,0.890588137293719,0.9194017523738734,0.8873512625350453,0.866608162933916
87,0.9052846119033267,0.8180337560925136,0.8175869614669191,0.8522853919864128,0.8434088406234099,0.8122537708848747,0.8136297308396576,0.7995029776586386,0.7960264816585594,0.8204508270579718,0.8473343503145073,0.8309267034533667,0.8329252907753663,0.8622723297037274,0.822235238696314,0.8462303539809408,0.8275256600754306,0.8643833554538239,0.8818296500859659,0.7911998745736882,0.8215865949058738,0.8080201113199392,0.8096432838938721,0.8212132650601234,0.8288562906852596,0.8183194777082213,0.8176454719223107,0.8492556061597551,0.8550996656372293,0.8499002573601633,0.857278158446383,0.8315398225425961,0.8337254680445061,0.8349194616201374,0.8361992267886905,0.8414877834692294,0.8261192368006137,0.7803784481642424,0.8419512053940786,0.8239438330345964,0.8328739462912236,0.8407661398757996,0.8441450853706651,0.7866737369414056,0.8689732042154535,0.8303239543476133,0.8591096375106098,0.8147801742262009,0.846764723324094,0.8289907234117276,0.8166639251096792,0.8410173690185615,0.8298412479947759,0.8088757013871893,0.8228464212155939,0.8656336268548656,0.8271584281055518,0.8188461638372493,0.8357404579521958,0.7999668744062608,0.7994011937093983,0.7780999393235392,0.8117883764332754,0.8730814591413086,0.8004106525294092,0.8468482726363683,0.8250170643731243,0.8426533773589016,0.8560867997845101,0.7961601357052142,0.8254231202754833,0.8359799018615542,0.8303148893070951,0.8034843561374665,0.8281014327325125,0.8208052994396446,0.8016820886486244,0.8083926642636943,0.8227777656240509,0.8842243757440698,0.839191849166625,0.831852260495481,0.7658349021149282,0.8481777090340064,0.8085768210301713,0.838824165726017,,0.8313331509681385,0.8043702543048911,0.8626573817258486,0.8220339382824768,0.7974696718968236,0.7795705829564125,0.8254419648053697,0.8571405655289597,0.8884538055765792,0.8243806992950383,0.8537735962459939,0.8155943052966731,0.8618241905758373,0.8343954210364808,0.8211591663893343,0.8135410767506608,0.8327514280551145,0.8016278652744461,0.8117228337176309,0.7673541592794255,0.8332866262034508,0.7978564111580826,0.8400708238397666,0.8836448653788794,0.8423999187294435,0.8283645657206653,0.7936613537485341,0.8751884947019386,0.8203821843208138,0.8452911358387032,0.8500314897594423
88,0.7812566818496959,0.8850523573449753,0.8727171335441328,0.8677971537218527,0.8326637338678955,0.8416086446951325,0.781273033169854,0.8733613328386948,0.755379322488698,0.8033541374771965,0.8736516442450103,0.8863170977823117,0.8863829287501128,0.8667336321912273,0.8258141212085797,0.8858053341995589,0.9203384522539952,0.86028714658529,0.8716584966666278,0.7768923106970815,0.788698055659088,0.7860564836950772,0.8805222076779662,0.8961657191271567,0.8483023389259551,0.8291726088520321,0.8365424433343998,0.8861622385681932,0.8636298298287146,0.9239926815337346,0.8904289435525836,0.9087364656227696,0.8404883084640293,0.8053902488926793,0.8313947236557377,0.7736437465561687,0.8690711110177523,0.8950435619380712,0.9296494221669831,0.8900411881257642,0.8737843431636312,0.8905086074278484,0.8864148980163468,0.8572083035004494,0.8962050069536884,0.890880272015242,0.9042031526246053,0.8502370119610002,0.7790870695983481,0.8912434849704993,0.897177846851687,0.8771309100194756,0.9297588835380804,0.8757410137469901,0.8063185011891731,0.903823376835069,0.9381765923363071,0.8577137394962678,0.8991868201757942,0.8926374833007311,0.8730648028275001,0.8914264824780789,0.857959855613347,0.8813186749565138,0.8620730732275552,0.8911930292123418,0.8695744815645866,0.9178070904788974,0.8964743455158584,0.866820227669521,0.9132778147363221,0.910005465723876,0.926837191191357,0.8577366766089182,0.9410752981122814,0.87276853868008,0.8409675622049654,0.8715957406160835,0.9055775519342696,0.873259507201805,0.8973702950716744,0.8896656067295997,0.9113105694144455,0.8610185918932545,0.8842918864555895,0.8872836828521354,0.8313331509681385,,0.9167107951600243,0.8700477398392578,0.889186910579227,0.8941684715034235,0.7800496808488092,0.8910397687304975,0.8724996746961732,0.90095475517635,0.8936747299498162,0.8791606260352847,0.9011961554383482,0.8876940370465265,0.8850290267224017,0.8874393487605975,0.8620186163900467,0.8924867487574001,0.8448733139595844,0.9286285896913044,0.8151871831409726,0.8858508272049634,0.935918187058426,0.8701164147877559,0.8704937646398442,0.9216232361778924,0.8768840137936795,0.8571080642658577,0.9104043200399339,0.8559461718515905,0.9072136532708082,0.8801660579189364
89,0.7691086150404405,0.8419565754763143,0.8188221134178859,0.8274121603905049,0.7894542919976002,0.8288912232049209,0.7619960448976744,0.8345272363953171,0.7366863524688093,0.8239053956645682,0.8330214568471742,0.8670018804381563,0.8601496866953886,0.8759069533765418,0.7979056878950763,0.8470406707352641,0.8742877246883392,0.8456408616163373,0.8527557969700834,0.7747447817811433,0.7632365972988145,0.7742013280537833,0.8338778690783492,0.8606092360256492,0.8351947341886349,0.8095049054639273,0.8390975125646956,0.8804406967039097,0.8406645034305884,0.8825034817509589,0.8675363378191162,0.8818641205313067,0.823904986912992,0.7955976824653478,0.8057755047617658,0.7795106169599669,0.8603277288486159,0.8567904335066838,0.9260833190030922,0.8585182608097345,0.8394680189118326,0.8665120089977031,0.8841134612891588,0.8650206185442065,0.8598217684855871,0.8981058835677397,0.8804484818036968,0.823904421336395,0.7659116841538254,0.8655104371486521,0.871877411788361,0.8859074938922185,0.8894499995000378,0.8700224582424694,0.7957572139985605,0.8764560836320587,0.8960231816771036,0.8603502788124927,0.879455341067583,0.8897178734775252,0.8922405672001498,0.8788592917982946,0.8717898201069937,0.8609735538968804,0.853086623101891,0.8702673901458997,0.8907036136135793,0.9062841612036249,0.8596311655293891,0.8520440378638785,0.8812589743402846,0.8787536222443675,0.9183641919228782,0.8424182431057023,0.9127366580889702,0.8754688528156684,0.8470620167844598,0.8762581518995319,0.8757631016870886,0.8543894734910059,0.903762098791206,0.8810541409456049,0.879822422216319,0.8514114780595168,0.8704432365024986,0.8763648627832347,0.8043702543048911,0.9167107951600243,,0.8620826746000602,0.8800378966108194,0.866136351824847,0.7749168914388331,0.862407502689033,0.8564686854409248,0.8585830788089446,0.8841273164617716,0.8612712462037696,0.8962756251869304,0.8681037634878055,0.8824046198891154,0.8841302505459833,0.8644959580085109,0.8865163774269794,0.8325893115977362,0.8935880916169852,0.8311225351077086,0.8782189644298396,0.9021982673879643,0.8640015367110723,0.8613738282896358,0.8907769518893369,0.8623707943393297,0.8534489300125058,0.8823776186430891,0.8578567692284792,0.8865611655369302,0.8647115233341303
90,0.8020345864512056,0.8366841090182148,0.847943066217461,0.8047401290958413,0.799177030122444,0.8229275941637519,0.8032314634524487,0.8666378513227402,0.7805303408276656,0.8078569709348775,0.8202736913945677,0.8279387783067145,0.8301220422850873,0.8641119876536055,0.7732813128533913,0.8369402891520692,0.8387373736442009,0.8884126879865016,0.8525782747608514,0.7690353061655082,0.7804406868236033,0.777742006019654,0.8222683690613171,0.8475761206339855,0.8288439982143966,0.8090665284432264,0.8174358515398603,0.8677766106517799,0.827396729565229,0.8539976277504592,0.8616042063096331,0.8517743997858489,0.8445362453723984,0.801289462550657,0.7841599597054554,0.7710455523808097,0.8379431079372831,0.8354298350211276,0.8756963159907032,0.8521503474492353,0.8178518812975372,0.8430684986036734,0.8758340723690576,0.8515198158139452,0.8316223597799968,0.8737535276645068,0.8362622712278835,0.8415708947699709,0.7710921081201906,0.8524125757256649,0.8567705384248102,0.8592782153175865,0.856667261950634,0.8602577622127515,0.7812411399905179,0.8541579469810783,0.872248410811476,0.8228430214158664,0.8386645883458332,0.825466012386701,0.8764841222753057,0.8287769939083762,0.8543655487897202,0.9272671964520427,0.8219239815375304,0.8602309637441952,0.8873187237376124,0.868287372996073,0.8201504761360465,0.8179921137566964,0.8307324733946476,0.871092020706575,0.8765372637317388,0.8411753433839472,0.8880925007618962,0.8749839393595569,0.8140842209145287,0.8533501364930738,0.8570422922359151,0.8710723361066822,0.8510505032652964,0.8526365692561225,0.8516812860323852,0.8598630637054447,0.8332909200744357,0.8379471147882819,0.8626573817258486,0.8700477398392578,0.8620826746000602,,0.8728670897731742,0.83696673204065,0.752224789705869,0.8057061695309393,0.8571614480621287,0.8455777619018129,0.8521215445703237,0.8587914790521372,0.8953987010410877,0.8736321817020669,0.8442245406670223,0.8580746225239723,0.8309895616501313,0.8353704119128541,0.8447146464402895,0.8789076125318167,0.8025958343838603,0.8707367015135332,0.8713215595718371,0.871086362645213,0.869345355437769,0.8723188927360308,0.8168938066030091,0.8335647304782832,0.8847573317013251,0.8436258458923286,0.8767777893858456,0.8645904940368114
91,0.7679218456698409,0.8785961732298716,0.8558812252250584,0.8359616260651964,0.7926892879542279,0.8219331088491026,0.7639693651905294,0.8618179988709619,0.7354699515415244,0.8163184914849161,0.8488432231796446,0.8665687933415467,0.8621172787027321,0.8526233551534736,0.7979552369358833,0.8461995902868857,0.8852627313607822,0.865695669899105,0.8394156530916673,0.7342566150022469,0.7283096565975862,0.7427869305891699,0.8411449965601167,0.8740335158124172,0.8653804122681774,0.7914778492213328,0.7899195830356752,0.8651373355591481,0.8519065596907106,0.8925817838026068,0.8895542158486425,0.8750477373644824,0.8035151329232092,0.7577793969209748,0.7725254972386135,0.7645592166819918,0.8337909291365984,0.8825542219717618,0.8822514551668164,0.8600325035766538,0.8316831885351849,0.8671357591642463,0.8352560150311532,0.8218235809789611,0.8424083605598703,0.8585384074588226,0.8513135389270224,0.8208520454078934,0.762967534755626,0.8657894230968181,0.9221216190502166,0.8747111078218726,0.9023036003944792,0.8629690631041814,0.7455301662143679,0.8875379241493873,0.9093178106605296,0.8397832221613626,0.8724090184860332,0.8258581448620606,0.8662581257892651,0.8470963000842465,0.8168409912585533,0.906286016561046,0.8229054622028994,0.8744488596840956,0.8685590913142206,0.8883157193476683,0.8502139350766457,0.8203535431514027,0.8768419457685703,0.9037575247678885,0.8753432325969203,0.8314788276793683,0.8871694475190085,0.8526180593762115,0.8089127658875932,0.8449112105113301,0.8918694994527399,0.873906556165611,0.8743596146753431,0.8815900453857941,0.8946024790064868,0.8678978744025962,0.8925848710685967,0.8573869693856165,0.8220339382824768,0.889186910579227,0.8800378966108194,0.8728670897731742,,0.876012307008444,0.7153990521334833,0.8303233256422949,0.8503884093071538,0.8774980386831457,0.8600299819683714,0.8907136027651027,0.8904335711500473,0.892398691476168,0.8751127114086275,0.8832447546329132,0.8585038657910369,0.8276673342354798,0.8258333136434838,0.9051617125285185,0.7781697017649595,0.8876596427776323,0.9052803753729222,0.8909005004848229,0.8918247666738123,0.9071379943313034,0.8346800237785217,0.8127498605892411,0.8855850095811661,0.8291517061804463,0.9277134079602243,0.8651101343053513
92,0.7601120348289573,0.8810954289446506,0.8512621415367767,0.8819089174594623,0.8598031923674982,0.8451562992580244,0.7679080150549039,0.8667132033873651,0.7410443036328891,0.7856242480037714,0.8929399623515131,0.8887307773080465,0.8809352421143474,0.8544496544796352,0.8360856581442587,0.8631102608921747,0.9027055122067742,0.8272402820546618,0.8195732632270665,0.7624644102313243,0.7699269513658163,0.7454977168391095,0.8815788362552415,0.8792564795721612,0.8549328019794205,0.8036269928633483,0.800281423149299,0.8451107303192376,0.8704267012953718,0.8960795846671474,0.8654110008796311,0.8745211689259583,0.803113359098539,0.7763685681276458,0.760756085165545,0.7557792128136765,0.8414944704509215,0.9058363471368979,0.8863460163643226,0.8739469231782726,0.8263934505711326,0.8294327965331172,0.8412850900402487,0.8124053853128888,0.8734551425689152,0.8312731936308836,0.8854744593077026,0.85090784412278,0.746232314924201,0.8725209869427923,0.8828578381350707,0.8561521498370103,0.902047361948678,0.8713049000778131,0.7731833575411321,0.8772382684970059,0.8993370536802286,0.8449985246178702,0.8958457853073614,0.8587824648244514,0.832494922872535,0.8656388595449087,0.7909416901909481,0.8518827745573894,0.8328914692749204,0.8781791366192813,0.8341342064965672,0.8746227833496322,0.8741864056976395,0.873237155698418,0.8733888105620106,0.8798434484165554,0.8661697699964377,0.8012217097009793,0.8821321581205251,0.8283000025791909,0.7863526451543624,0.8175695886536816,0.8717746272489205,0.8133038750511881,0.8515718882733556,0.8642154356392167,0.903923176297077,0.8298331899430993,0.8709952477309373,0.8346172330652858,0.7974696718968236,0.8941684715034235,0.866136351824847,0.83696673204065,0.876012307008444,,0.7500249303625499,0.8556546370354385,0.812508490323741,0.8681682633487763,0.8385880175072257,0.8589182126830269,0.8545594322626375,0.8591499849578664,0.8813784531149687,0.8834226158035206,0.8556034907304223,0.8628271575976248,0.7932621549584377,0.8969615774179025,0.7752550837446105,0.8506079673003855,0.9079741270148171,0.8466049714990331,0.8283407909360924,0.8917300087223461,0.8049331887018577,0.8120519373216161,0.8585563209942889,0.8062064514833686,0.8844217900984948,0.8269751607624181
93,0.7252797086276483,0.7079399365875829,0.7322882142686058,0.7442279364297842,0.7639992937188091,0.7663382485157016,0.7356421547813634,0.7179830775357183,0.720234847526495,0.7176385019139192,0.7518500042806757,0.7553330693885075,0.7607184137089298,0.7746255457060924,0.7161015169986481,0.8128733814717343,0.7465462205005371,0.7589817849523406,0.8174510803270046,0.8358425386866872,0.8674604792534226,0.7980303435108651,0.7837182770018041,0.745244753130116,0.7375697865638088,0.8197225141362452,0.8734371839036242,0.7747857394772489,0.7286924386895531,0.7592889351958358,0.7884325949435532,0.8206755517892215,0.7950071730863179,0.8491846702803998,0.8044542450432794,0.7540083868611097,0.7373939536982064,0.7174245811645079,0.7866314739159236,0.78646599735001,0.7878574756462817,0.7485632955563913,0.7646040831823774,0.7805364244283108,0.7685236399420083,0.7669041568901225,0.7580188978231351,0.7393249748631116,0.7181567516223353,0.7589764316427279,0.7163372057077455,0.770042356010658,0.7545588678500101,0.7595546947006735,0.9076718072968653,0.7857418548608173,0.7548692303596614,0.726696632787271,0.8129651802970903,0.7965252593574006,0.7275195468006836,0.7402564789428758,0.7752454195083228,0.7317612175885274,0.8045181802836989,0.7719316470894589,0.7590681399670567,0.799850278280882,0.7584418414649462,0.764829816182339,0.7453712219892076,0.7388305480809221,0.7848690203394777,0.7890459072190636,0.7898419647562424,0.7701328123761325,0.7511463129443368,0.7646450121512227,0.7283890895598765,0.7644149206148869,0.7820148899165272,0.7552261980682702,0.7308174631520268,0.7873040326875225,0.7193171245252081,0.7494211138992638,0.7795705829564125,0.7800496808488092,0.7749168914388331,0.752224789705869,0.7153990521334833,0.7500249303625499,,0.7563387801493858,0.8276291451395128,0.7830024064968475,0.7699164203180004,0.7598557778196372,0.7300033697338292,0.7615349590590448,0.7453163341801543,0.7487924620377173,0.7429993551238905,0.8746109958983763,0.7966247317379334,0.7296959428032777,0.7384630969869705,0.746780115053508,0.7435066980365834,0.7670975532022529,0.746668808081218,0.7481810429738395,0.7595163701500193,0.7427205017501073,0.7606091716895197,0.7364985508114099,0.7559936592595653,0.8010086135573411
94,0.7991790639379774,0.8511197279864454,0.8236560076598319,0.8693958530917582,0.8076037163033853,0.8286146487484184,0.7734823504163842,0.8280590857787549,0.7447633273842771,0.7604635168984843,0.8417505987449363,0.8603052195712303,0.8739961325796373,0.8576463764709871,0.8450070876753182,0.8570029434978592,0.8959969101598257,0.8202303238984717,0.8341072596139899,0.7830232012262311,0.774003908201504,0.7716941240084709,0.8673155580113796,0.8511752077224226,0.8120705525108286,0.805053437750388,0.8007949103932647,0.836436758213553,0.9012111827117406,0.881382771542553,0.8461064341353385,0.8716025951782732,0.78548588641536,0.790644251257238,0.8046043634648888,0.7756354552077132,0.8592381645197272,0.8634465841989531,0.8695839095453092,0.8565539939043246,0.8480278316029843,0.8428079921292151,0.8361127617276474,0.821931112324754,0.921280044219239,0.8274639594336082,0.913050264438292,0.8122290519867735,0.7789631474329445,0.8622188479951209,0.8421409591725456,0.8280798168643906,0.8867945227283186,0.8323972809033218,0.785584255810227,0.8592518196086745,0.861075835087708,0.832705623676035,0.8432690205080703,0.8475115490824379,0.8162050020518354,0.8415962232311501,0.7904737112945912,0.8187259449076265,0.817346257338003,0.8552513403190621,0.8147846286444594,0.8556376604549336,0.9109869295077105,0.8456913673811445,0.8834597566716351,0.8533018525907351,0.8617600219524084,0.7925667416111817,0.8600259318263423,0.8032012419241965,0.7998604016188552,0.814385729623646,0.8616027953357529,0.8217700038007927,0.8472646956207258,0.8324539670104076,0.8637124162566442,0.8152052429118107,0.8369549889909873,0.8263943399987868,0.8254419648053697,0.8910397687304975,0.862407502689033,0.8057061695309393,0.8303233256422949,0.8556546370354385,0.7563387801493858,,0.8221103657337391,0.8600297220782022,0.8330832642398348,0.8350121110059179,0.8205487842488304,0.8379025909821339,0.8509072730858142,0.8458681676570021,0.8163128513710385,0.8604294348377652,0.7796116687295775,0.869827064970238,0.7752301464150941,0.8351041433296017,0.8768153895140773,0.8176124549758665,0.8282169034105135,0.8577635045756149,0.8204174407785523,0.7938334225332658,0.8532954066157359,0.7942012584394684,0.8477284694811005,0.8264458888139933
95,0.7842601094195525,0.8039055804617544,0.795730790401984,0.8096974298281966,0.7953056037462367,0.8322714231405581,0.785455402831676,0.80700497434875,0.7594543957408292,0.8074403222499306,0.8275133040456022,0.830119925018755,0.8423154905882443,0.8498670143835867,0.7846354710741884,0.8606755597605709,0.8251075596426847,0.8782719928426793,0.8923518607993242,0.8183464449691408,0.8296554979185309,0.8357716641427656,0.8044591498275135,0.8366807725373936,0.801019872470241,0.8474033931022662,0.8695765365127963,0.8800464454089397,0.8035928158370557,0.8615528820420435,0.8763761824438941,0.8717061482287942,0.850681477150732,0.8535474882366193,0.8332496623072195,0.8045385820252542,0.8108389497301397,0.7976726056887845,0.862605257817795,0.8666549272682778,0.880485302460829,0.8741857239608716,0.8380743515025919,0.8317832503676896,0.8378800625679177,0.8736237919033709,0.831033353225396,0.7974017302275673,0.7813993292345132,0.8483039754809869,0.840127997220392,0.8425697388090992,0.8553213290954942,0.8586753016822529,0.8460981271844072,0.8711442125651638,0.8608856586549403,0.7978601803470704,0.8645568373687574,0.8249093333695339,0.8410620395087918,0.7979826104847813,0.8614461875743261,0.8558152881714813,0.8470166834706812,0.8677635751058558,0.85928654848767,0.8758240494534177,0.826990923304086,0.8062670550782312,0.8484816539268154,0.853279929994783,0.8696530332109478,0.8821646768241032,0.869643799666007,0.8574994647899886,0.8310864243880498,0.8697481696058184,0.857978780980437,0.9135093576508826,0.875429916733096,0.8588026713384852,0.8124525304545203,0.8885089004041324,0.8213447895925245,0.8547619711778003,0.8571405655289597,0.8724996746961732,0.8564686854409248,0.8571614480621287,0.8503884093071538,0.812508490323741,0.8276291451395128,0.8221103657337391,,0.874803579053044,0.8653808078065782,0.8911791392377599,0.8621006405657692,0.8962560014656092,0.8348446848669553,0.8346961838642187,0.8196454667258983,0.8741284480906996,0.8485683362261934,0.8506711310149107,0.7925267261213715,0.88192083721971,0.8415596412966573,0.8995712463141338,0.9044953669976679,0.8625179032067365,0.8522557239761276,0.8205338634920464,0.8855979625809011,0.8419834281204822,0.8653914928321731,0.9382186439507639
96,0.8324259984694878,0.8639953475319134,0.8548557960690603,0.8960092746201326,0.8703553135039308,0.8485792846092248,0.8044075434626634,0.8474714679158688,0.7799713307797872,0.8534707163061751,0.9011400306369547,0.8760939613309471,0.8718127234309796,0.8640956965477293,0.8402740536372739,0.8835859334085093,0.8891847611895138,0.8666676557513769,0.885904660629016,0.7842887617417122,0.8116247366001703,0.794370912369289,0.871293347148974,0.8857696602008951,0.8748876641323978,0.8330214763306936,0.8222696924882735,0.8795162009193985,0.8660551656496023,0.9134418613172169,0.8905031843741253,0.8876709704998347,0.831257981389813,0.8200313237283502,0.8454329646531853,0.8229222036494195,0.8380472021435218,0.8611733642058096,0.8826139180909874,0.8684150186001157,0.8823507786976128,0.906407516465715,0.8533319663757314,0.8153134447569517,0.8869091591463649,0.8578736135953788,0.8862039797731673,0.8382007858038034,0.840779087485005,0.8724160354835921,0.8692654276186736,0.8879049886782046,0.9013065752687088,0.845305349955062,0.8231506743850048,0.9124765226188822,0.8942833963804439,0.8550137100221287,0.8963129644882102,0.8490036868312307,0.8341308634357352,0.8303685911982629,0.8117482627537096,0.8835936045289365,0.8302657961896196,0.878420128879063,0.8363599323900458,0.8926463306637434,0.8804626027798841,0.8243963883284177,0.8901369315639694,0.8819285590470496,0.8689070401725174,0.8346603221728868,0.8808144182142368,0.8414911435395945,0.8069664236220827,0.8368030065524811,0.8847213675898797,0.8890184617969179,0.8861454058920534,0.8799357862139496,0.8532768067462551,0.8739942348456768,0.8815211559532494,0.883926466774333,0.8884538055765792,0.90095475517635,0.8585830788089446,0.8455777619018129,0.8774980386831457,0.8681682633487763,0.7830024064968475,0.8600297220782022,0.874803579053044,,0.8764718961620253,0.902930525351481,0.8490690571399697,0.8996086641374793,0.8920896702791088,0.8821193822450437,0.8688208424561624,0.8612010317673701,0.8246857609044976,0.8811304162088333,0.7841865846081462,0.8738654596850611,0.875645532517588,0.8667380575775397,0.8909170398163535,0.9116622564535,0.8671905147583101,0.8206409329106168,0.9072033367555317,0.8396692507139261,0.9067328564750271,0.8775271365324655
97,0.7689155468658844,0.8188008136440188,0.8009093924816548,0.8070000103686186,0.7937907171933702,0.818400199652414,0.774011032292158,0.8259328960602594,0.7501256214048523,0.8202761355173237,0.8230087605382919,0.8509235802875443,0.8343858236750393,0.8438361567535694,0.7977970852001015,0.8447975675286842,0.8492492559436389,0.8546422401150972,0.8640840996879058,0.754751936581509,0.7858987654608913,0.7811891318876126,0.8202890314673356,0.840046696803327,0.8410150128046429,0.8052777440439586,0.8351793663598494,0.8861777977229776,0.8057896257197508,0.8816288915460477,0.8628852061207086,0.8840666564459589,0.8349621175534687,0.7957822039732756,0.8294021894864629,0.7810178703833524,0.8476175398212932,0.8332373778654317,0.8888180303023606,0.8447591573303029,0.850595287513825,0.9136140914788463,0.8661875773380956,0.8289503460574512,0.8424061389145093,0.9067333802878227,0.8553159408074054,0.8086957851312696,0.7779782504306774,0.8448388481653348,0.8432726725661377,0.891764831155554,0.8639800458132308,0.9106146651201774,0.805813104634829,0.8946694089412497,0.8756784344045991,0.8670848690763027,0.8734035888977993,0.8588388443045567,0.8486264812657345,0.8443311840520328,0.8538730614210241,0.8690032620011372,0.8614796417478775,0.868406339631353,0.8498252490041948,0.8878347363829733,0.8514136186260789,0.8170952070065547,0.8583257805437611,0.8663803252101676,0.9246107860541389,0.8965559947442777,0.8999250087536527,0.8580070366825354,0.830796835139362,0.893414163276847,0.8747159086904472,0.8848635376649455,0.9381093941633115,0.9073596526752176,0.8287405395642269,0.8584866351163446,0.891729936034438,0.8860049007486477,0.8243806992950383,0.8936747299498162,0.8841273164617716,0.8521215445703237,0.8600299819683714,0.8385880175072257,0.7699164203180004,0.8330832642398348,0.8653808078065782,0.8764718961620253,,0.8740293273997655,0.8655904622578255,0.8868035266383326,0.8930955413067334,0.8865169331968211,0.8866604478823629,0.8667617147317933,0.8418846425560079,0.8603964347852513,0.7983240184050443,0.8856505675141872,0.867061478578273,0.8617483211332457,0.8895090293725195,0.880666433507241,0.8724955725217773,0.8460681160833865,0.8937359625004442,0.8626923093231809,0.9041757401621798,0.8757739914105299
98,0.8013911967451838,0.8605769511053638,0.8541555118833682,0.8517459169072937,0.8247598480992296,0.8370715615083888,0.8094338388530989,0.8211453728715303,0.780900092982826,0.8424370871392575,0.8706170171463467,0.8721986383042309,0.8632868894287103,0.8680367976131294,0.8082800053710445,0.8529319177146146,0.8698626816496715,0.9301840591481401,0.8963527603026624,0.7734358964171578,0.7722206238226088,0.7687236176113461,0.8380907532114785,0.8998052161217971,0.8795202115700242,0.8234740884828182,0.8245719628786549,0.8936336919250264,0.8410479811641144,0.8823020203063281,0.914517601167976,0.8764485587427093,0.8055473465766603,0.7953562089967902,0.8049489369961079,0.8005071187735884,0.8257181776817413,0.8444873115482152,0.8765813307890473,0.8808630913837373,0.8675153967097237,0.8787214369741156,0.845653893920887,0.8229456823787232,0.8559977397369279,0.8689506559732669,0.8605941832248545,0.8257168620739493,0.7983058519416122,0.8978846523061818,0.9011295083967333,0.8861759112161078,0.8734552806069587,0.8741350061876969,0.7870346323975727,0.9147542405121517,0.8889797389748143,0.8422021301236929,0.8873764253712213,0.8395369883005789,0.8511305401065641,0.8343294590075492,0.823122435684135,0.8940919292652967,0.8257237101802882,0.9090103622906515,0.8668804227209191,0.8912984465170598,0.8473157003980655,0.8171803490365895,0.8892052987337119,0.895797490126088,0.877693687577382,0.8341415157016367,0.8697549383001233,0.84057630524102,0.799950027124644,0.8409338880683797,0.8638981439966411,0.9253573371913563,0.8835049586709939,0.8892606883903759,0.8473390900103213,0.9125402106718266,0.8784110238801556,0.8858006124818154,0.8537735962459939,0.8791606260352847,0.8612712462037696,0.8587914790521372,0.8907136027651027,0.8589182126830269,0.7598557778196372,0.8350121110059179,0.8911791392377599,0.902930525351481,0.8740293273997655,,0.8531456012696674,0.940444206361765,0.8765690112378394,0.8721338659104253,0.8495274266819623,0.8499842019721532,0.8100763668718761,0.8530941139127688,0.775386526541454,0.9189455390810998,0.8580062760437074,0.919152184763862,0.9281364800062065,0.8860076793704068,0.8550494756684324,0.8254453816137745,0.8881806539762058,0.837900419520216,0.9112490251410911,0.8955754700629651
99,0.7464627578303218,0.8561568713647095,0.8446108950502791,0.8235664799546311,0.7909204201827231,0.84033426076606,0.7639233279024547,0.8652702984086319,0.7406995545174716,0.8097726241250041,0.8377552895204514,0.8423875031695512,0.8457283712372183,0.860526930330274,0.77676249888526,0.8485215033952973,0.8675362179591342,0.8565688374121314,0.8276912778904539,0.7671578265549787,0.7560540809560518,0.7858396133175156,0.8175564908328216,0.8485561247105621,0.8235543949214553,0.8283899507653919,0.8186956160111767,0.8755678235249468,0.8298227949269177,0.8805281134825266,0.8583309691891882,0.864656466625184,0.8411849539275276,0.8030829562920491,0.7669662609548135,0.7558252391711876,0.8201951387503061,0.8572771530123438,0.9095448068848004,0.8522031841661701,0.8184613450886055,0.8580723715723273,0.8800380938746928,0.865975765287901,0.8341512207637265,0.8940426869995022,0.8393738016283787,0.8457997756419915,0.7369699991672337,0.8616231849659707,0.8649620417782505,0.8696996999510678,0.8825686477233883,0.8630936246380658,0.776205078046401,0.8578030008355594,0.9028166044842316,0.8468296377208507,0.8575991217130028,0.8498316509242468,0.920840070007626,0.8578935446617534,0.8804071851611124,0.8803617585604139,0.8308145402861248,0.8572737405328004,0.905224277279284,0.8892057273537413,0.8362254843531585,0.8143972085177558,0.8558216524999466,0.8841416082479361,0.9005396034584287,0.8564801462717145,0.8963078583906421,0.9041767894794924,0.8317741508297267,0.8705496972147057,0.8774199445589547,0.864349626155841,0.8787939794157916,0.8768987813331486,0.8702782057305044,0.8461356022214589,0.8700571669020577,0.845184451598998,0.8155943052966731,0.9011961554383482,0.8962756251869304,0.8953987010410877,0.8904335711500473,0.8545594322626375,0.7300033697338292,0.8205487842488304,0.8621006405657692,0.8490690571399697,0.8655904622578255,0.8531456012696674,,0.8701504773875683,0.8621299223676889,0.887255093366761,0.8449168260433129,0.8431682871565699,0.8520251515088894,0.8995467127444471,0.8246597711101725,0.8737781546493766,0.9016526841872134,0.8765540623766526,0.8735031132288149,0.8851519298013047,0.8285781626783398,0.835338280506841,0.8958764582585059,0.8609433975998838,0.8915762182394921,0.8781642263724504
100,0.8125087972064369,0.8590789451566371,0.8553070971523964,0.8402383584793095,0.8137496565340807,0.8375032946970241,0.8052017847038336,0.8274427532462774,0.7830371571199292,0.830496758151823,0.8472314477417052,0.871167529266106,0.8590195756749709,0.8681266956365339,0.80424319217944,0.8543989530407834,0.8715505419578781,0.9223777523528485,0.8898895331355494,0.778638378261958,0.7869655025687734,0.7868362442312307,0.8384963863638133,0.8946164475477496,0.8759760121060869,0.8288551808835507,0.8306059387093764,0.8872162973981426,0.8424740505731834,0.8833839502532578,0.9058836996905726,0.872680594998083,0.8174323096058096,0.8076967069035541,0.8103304745026121,0.8030935819392433,0.835660084401467,0.8472121500911639,0.8855600011729035,0.8816212222397428,0.8640064498385555,0.8908517551809649,0.8557896282153794,0.8341216081536024,0.8579697398384366,0.8784862316684219,0.8633022980792725,0.8276864944041281,0.7983539957285634,0.8892807090962804,0.8915208611133594,0.8803577722538505,0.8759085388830918,0.8796008381657611,0.8043952686378444,0.905354251038225,0.9107986535456375,0.8474040146447297,0.8735270722601406,0.8394924122926729,0.8561548503293926,0.8405711227102718,0.8324514273952176,0.9083581605116323,0.8403264372464345,0.8937690674178,0.8830838367262798,0.8898275337613478,0.8548310586092824,0.8225496542499549,0.8876972635201126,0.8909794208824967,0.8875939776776778,0.8418675311119098,0.8822168483173982,0.8425680286084704,0.808042113544795,0.8546251822949203,0.8675510005312327,0.9270207667268758,0.8904353781478203,0.8784259641015731,0.85841885944106,0.9001351342509786,0.8794709283426807,0.8855401302478222,0.8618241905758373,0.8876940370465265,0.8681037634878055,0.8736321817020669,0.892398691476168,0.8591499849578664,0.7615349590590448,0.8379025909821339,0.8962560014656092,0.8996086641374793,0.8868035266383326,0.940444206361765,0.8701504773875683,,0.88050103955903,0.8698863726048162,0.8550170705325,0.8530346910667235,0.8304839976792171,0.8701826333510156,0.7835487140955991,0.9175240069633394,0.8732778178146072,0.9128210678115103,0.9433602523958612,0.8961961901289183,0.8564671674831694,0.8289443198566191,0.9095177549570423,0.8410664522141749,0.9129920613703779,0.8894392331086477
101,0.7836335373207659,0.8699480874891892,0.8324608733601317,0.8583381724176304,0.8231788125513101,0.8609317683857958,0.7934375754200187,0.8586894712916989,0.7602854580199264,0.8725835573344335,0.877760704354362,0.8896094485158208,0.8882277814726732,0.8619934260783907,0.845064858487297,0.8733677131600878,0.8819501887949842,0.8430941599919267,0.8518344345286268,0.7799788559961028,0.7718401004315284,0.7788656603111261,0.8473190368753479,0.866455580494743,0.8895466799033913,0.8100952214699535,0.8229943863182141,0.8811474410930298,0.8588946265721803,0.8984458978847303,0.8759635618091675,0.8733931095007579,0.8145269759788816,0.8045619309172287,0.8015251828828923,0.8125266117618236,0.8442401338908597,0.8607198029904313,0.8930260548045829,0.8633318652556895,0.8431913293537432,0.8796342534338796,0.8957048482786547,0.8269519386447939,0.861025296726888,0.8612217065740594,0.8668535660253451,0.8576295301600008,0.801182819787498,0.8661440561027599,0.879259765342473,0.929726073848552,0.8805146571576505,0.864942784940083,0.7853329224519388,0.8976373996563926,0.8841024527312863,0.9021075928239045,0.8867366471601293,0.8653006976440238,0.8530224201598436,0.8852328379650914,0.8108222497592805,0.883957962785259,0.8259831953771235,0.8805933428948391,0.842375748924288,0.897285595471564,0.8637594953623852,0.8492036702064756,0.8785907220691611,0.877055608951559,0.8835555356816198,0.8338591167090244,0.8887107686039764,0.8501673122454824,0.8217456794246724,0.8424132465493815,0.8758342960928691,0.8607067398678095,0.904686169687123,0.8882277344280749,0.8463055915744182,0.8458166108779227,0.9409540773327297,0.873506188071296,0.8343954210364808,0.8850290267224017,0.8824046198891154,0.8442245406670223,0.8751127114086275,0.8813784531149687,0.7453163341801543,0.8509072730858142,0.8348446848669553,0.8920896702791088,0.8930955413067334,0.8765690112378394,0.8621299223676889,0.88050103955903,,0.958800728607211,0.941751016782558,0.8678237753082185,0.8096956215957628,0.8752292029426626,0.7994626758134058,0.8586301850707249,0.8754010483684677,0.8491105847981769,0.8843488078097717,0.9017254628734849,0.8456739345179664,0.8243806600456629,0.8790149997665462,0.857937786704419,0.9232568525953632,0.8424640398811956
102,0.7659782498107137,0.8718830941359592,0.84383092450444,0.8446196481598105,0.8098607633208018,0.8654837659698283,0.7897717636859664,0.8641698414529847,0.7572642762009354,0.8708176280196204,0.8677600919457,0.8774349717082967,0.8745881349922582,0.86394463519535,0.8203268146507344,0.8653854359667615,0.8783674000451657,0.8461056555414076,0.8384232548717712,0.7767473868756105,0.7624909090915135,0.7742534196299498,0.8435560035315116,0.8687772724095509,0.8764339225223455,0.8039672419635349,0.8187235611563997,0.8847419858630989,0.8618346387685836,0.8888506998172284,0.875632629849226,0.8698437380883343,0.8191539690883864,0.8015377829948297,0.7885866402450179,0.7918089961017535,0.8279421491427775,0.8657471241372156,0.8976866577014095,0.8649862808302521,0.8323139255061708,0.8697604707928602,0.9004312365108337,0.8474507905476728,0.8513913299959824,0.8581130134575599,0.8609147125111816,0.8620211385292091,0.7804698336325782,0.8702567053780967,0.8793041541634277,0.9344179373698047,0.881575237894091,0.8658738376146266,0.7793096998584762,0.8817941738201982,0.886384875951345,0.8963720994665899,0.882518088878342,0.8771723125979989,0.8673489099421418,0.8997406053529052,0.8277432465350041,0.8799138335611308,0.8237115641511948,0.8901541915108653,0.8527897686211656,0.9020233092716913,0.8552392505185421,0.8346566018104946,0.8728548607324311,0.8809792297849992,0.8828850669718548,0.8366736652314238,0.888639528287125,0.8657124290197705,0.8289322646934159,0.8434629658757424,0.8734722700197854,0.8535426440794027,0.8960802824786036,0.882593413381367,0.8586654319139262,0.8621786324796631,0.9359303461510373,0.8601957016431161,0.8211591663893343,0.8874393487605975,0.8841302505459833,0.8580746225239723,0.8832447546329132,0.8834226158035206,0.7487924620377173,0.8458681676570021,0.8346961838642187,0.8821193822450437,0.8865169331968211,0.8721338659104253,0.887255093366761,0.8698863726048162,0.958800728607211,,0.9511933703081692,0.8573677566582383,0.8114216123688991,0.8835433795362194,0.8056000908613913,0.8612216664035174,0.880432550690799,0.8553168710027822,0.8730563870712901,0.8909124866110371,0.8368489975159084,0.8321898921123198,0.8677630886307484,0.8602073070030898,0.9114658566770096,0.8453405538893303
103,0.7526571985561674,0.8451672385798695,0.8171027830433062,0.815549193431735,0.7926212113701457,0.8377784134984009,0.7670557826697031,0.8445283679526467,0.7382892284139354,0.865108447072467,0.8451891258862113,0.853366826923479,0.8481339863625926,0.8275812723290233,0.7996962452836297,0.8428912637497622,0.8520227046368576,0.8219026320617269,0.8221729741576033,0.7630613460434321,0.7545718383340344,0.7729674032227264,0.8116478868352974,0.850520274718352,0.8569344850060395,0.7886741935141335,0.8064365188015815,0.855224976581854,0.8370616541625094,0.863150441420697,0.847894429287201,0.8410920647638203,0.8051997672576859,0.7981441917411374,0.7676207804581783,0.7775545255766343,0.81506419370223,0.8490224161454781,0.8616376563936227,0.8434011140556757,0.8188647595973206,0.8601637270393945,0.8642824021518194,0.8103258213932999,0.8253330257275108,0.8305913684716533,0.8400461243157499,0.8402862647339316,0.7692799121066637,0.8361835374853321,0.8450563581586378,0.9146704697615369,0.8591666286699366,0.845987421888321,0.7763238932024277,0.862332263421685,0.8604606594365326,0.8925670142168176,0.8629397809293385,0.8589283720236052,0.8206277372971862,0.8707078450018074,0.7989100998025966,0.8651331319657478,0.8054252323600899,0.8549510214585675,0.8093688938804511,0.8738914376732609,0.8373742524062094,0.8126062719028292,0.8483182187957448,0.856918261014334,0.8555123312685031,0.8270287729991581,0.8747987588159856,0.8393667186157862,0.8047536438063544,0.8286875330734628,0.8517678496326055,0.8417892581777154,0.8782003423595637,0.853614869399135,0.8289727922334518,0.8350840558407651,0.9233098560682029,0.8416373022349671,0.8135410767506608,0.8620186163900467,0.8644959580085109,0.8309895616501313,0.8585038657910369,0.8556034907304223,0.7429993551238905,0.8163128513710385,0.8196454667258983,0.8688208424561624,0.8866604478823629,0.8495274266819623,0.8449168260433129,0.8550170705325,0.941751016782558,0.9511933703081692,,0.8378479985393111,0.8080525737387306,0.8584181339406369,0.7744699953583194,0.8401107193414905,0.8551342617300605,0.8309769645565765,0.8613947088595745,0.8792188062731479,0.8215968126374761,0.8076375907989233,0.849483077003887,0.8350947683629706,0.888153674952895,0.8251895318880971
104,0.7754486646629986,0.8111849793616985,0.8044646991496912,0.8453388598989005,0.8318758922187847,0.8563507117480544,0.7873506345908676,0.8274375058367381,0.7611366737833986,0.7763766425845345,0.8505852202434679,0.8674885302469524,0.8728124007582034,0.8706287567963065,0.811064571118491,0.9057848595037696,0.8696702221191823,0.8290491766738848,0.8756046384150631,0.8513316304524462,0.8580172513521044,0.8416094423293298,0.8524133642785611,0.8412204651906328,0.8156586224674414,0.8676535363251229,0.9005955009595985,0.8660595351983993,0.8264893543898988,0.8744220459494183,0.8704081332220792,0.9017899031989863,0.8520043393413321,0.8714381602022886,0.8396451445862633,0.8108622843029475,0.8462367716642865,0.8305283760474389,0.9030008549388793,0.8695270006742168,0.8728060077912165,0.8489684596931103,0.8705482401129726,0.8372659713389049,0.8700607924837254,0.86931241323697,0.8740042683593703,0.8366657725238201,0.7715138004146601,0.8516771966593749,0.8328048337457771,0.8576589754171001,0.8699032206672292,0.8588446721292409,0.8926907065472621,0.8717391460071776,0.8609278825114058,0.8256902553074136,0.8904161191304039,0.8869864653782541,0.8255175484919652,0.8533583098473193,0.844485112327268,0.8249870508398207,0.8599906436148256,0.854840194573842,0.8435177044320696,0.8877792124863448,0.8641565897026463,0.8685574853286302,0.859850871891228,0.8504825836443344,0.8902240036355515,0.8508895599279508,0.9062398929743073,0.8504767482347112,0.8206687971150931,0.8575226093700351,0.8524976773455719,0.8494640905717181,0.8860364831021117,0.8518869371919028,0.8412303494704307,0.8435832772919759,0.836043125746923,0.8549989098253629,0.8327514280551145,0.8924867487574001,0.8865163774269794,0.8353704119128541,0.8276673342354798,0.8628271575976248,0.8746109958983763,0.8604294348377652,0.8741284480906996,0.8612010317673701,0.8667617147317933,0.8499842019721532,0.8431682871565699,0.8530346910667235,0.8678237753082185,0.8573677566582383,0.8378479985393111,,0.8374891677495012,0.8687042064533609,0.8092968452170207,0.8490857549070692,0.869406466239744,0.8504360137602388,0.8417812220850079,0.8719123909183363,0.8465317630833477,0.8237073388457266,0.8681292257207397,0.8351046225741277,0.8610876193273501,0.8621157040030885
105,0.7215183529994842,0.7787295279383022,0.7965579635640901,0.7784086269297404,0.7860967784338708,0.7769112321249881,0.7360596993563997,0.8183018999009136,0.7170742410480998,0.7798534550546441,0.7968459534916634,0.7934976131459234,0.7836192185766787,0.8114285213855827,0.735729551560434,0.8144971282911838,0.8069214840368406,0.7990381560936045,0.8319042799695434,0.7629673156841533,0.7789008772750613,0.7664209376052726,0.8027347763650934,0.785868626042298,0.7992589998547549,0.8023736666760045,0.8248651935016542,0.8197917908899328,0.7637699742509044,0.8267441213102402,0.8244029873775092,0.8417136592561932,0.8271901345681756,0.8119486735707496,0.7920400351855786,0.7367071360252464,0.7878171156912973,0.7933610743245607,0.8533012004291396,0.7997572620668945,0.794807440985858,0.8139991744350225,0.8261154969281447,0.8272313345172935,0.8004130323877643,0.8424220049749435,0.8003642034572029,0.800449772235474,0.7221798316972132,0.802148132880621,0.801061036746406,0.828285380985311,0.8239871974281177,0.8299001423324626,0.809404591609895,0.8228946395830745,0.835998401356427,0.7865852512885729,0.8351795460550522,0.819571429529483,0.8374751360047961,0.8054297349891426,0.8418657514457243,0.8409460227707979,0.8363498792308705,0.8111622761107211,0.8422354065645054,0.8496502327012365,0.7919413482425269,0.7868558786255396,0.7885306747202796,0.8215553990139036,0.846015925502591,0.8203869599145759,0.8745214011497014,0.8661225541436998,0.8200274534662009,0.8316545546652016,0.8188165768131112,0.8201912929967904,0.8496465253791448,0.8275967559939408,0.8047140876382822,0.8170273159412796,0.7967383599918684,0.8050014151479532,0.8016278652744461,0.8448733139595844,0.8325893115977362,0.8447146464402895,0.8258333136434838,0.7932621549584377,0.7966247317379334,0.7796116687295775,0.8485683362261934,0.8246857609044976,0.8418846425560079,0.8100763668718761,0.8520251515088894,0.8304839976792171,0.8096956215957628,0.8114216123688991,0.8080525737387306,0.8374891677495012,,0.8314985227556793,0.8285525859211847,0.7999928434076061,0.8325699603133928,0.8146194714442891,0.827715901670309,0.8375138943412329,0.799960636715622,0.8176907087132166,0.8536766134321925,0.8177651967492052,0.8432305011770646,0.8343545715048508
106,0.771324675434389,0.8794542954405987,0.8604224936316884,0.8631553364064656,0.8132440388032631,0.8551997931361717,0.7766433591362255,0.9025818699992952,0.7554907562089839,0.7954616717433118,0.8746171384731766,0.8780065649286948,0.878606375052203,0.8567636689559661,0.8225617126364692,0.8871831719145613,0.8957443906075544,0.84052292184996,0.8280073940084614,0.7605200237978297,0.7620392388543675,0.7857641887684164,0.8474152749952837,0.8789564103052073,0.8235189459067679,0.8212523001821298,0.8001562428406432,0.8694144716877897,0.869730580100063,0.9157741146315324,0.8635002746888509,0.8797052926848112,0.8257499112086456,0.8024129986047346,0.7849812674622021,0.7686657421611977,0.8562168685354451,0.9073568882881062,0.9093420785142896,0.8682232602341196,0.875404154872389,0.8891232732976728,0.8696437483692652,0.8364392319957987,0.8787230528791065,0.8621489981716153,0.8970850541269078,0.8442479249115332,0.7586841637217471,0.8728939909850477,0.890371380467853,0.851937473002824,0.9336282671172658,0.8592932719041051,0.7778830140634323,0.8684583772820095,0.9166656703070698,0.8449738632866457,0.872033608358763,0.8697445327961819,0.8597305160797627,0.8722777889703441,0.8409153122126445,0.8823561414845852,0.8192844489884209,0.862652205817222,0.8519577839103554,0.8837078044067654,0.8836067951113155,0.8457684992469313,0.8937328840673918,0.9066754616622206,0.8929419159936476,0.8118904466181863,0.9341037023312954,0.862869515588864,0.8156086911962155,0.8426802640882332,0.9281551872869642,0.8541796429727246,0.8701517842438966,0.8559271745896131,0.9287192842261991,0.8460756634706891,0.8736075442355719,0.8583709406369038,0.8117228337176309,0.9286285896913044,0.8935880916169852,0.8789076125318167,0.9051617125285185,0.8969615774179025,0.7296959428032777,0.869827064970238,0.8506711310149107,0.8811304162088333,0.8603964347852513,0.8530941139127688,0.8995467127444471,0.8701826333510156,0.8752292029426626,0.8835433795362194,0.8584181339406369,0.8687042064533609,0.8314985227556793,,0.7874670333233711,0.8718792524108178,0.9549561321052067,0.859552267215655,0.8489559304405325,0.9557108558936735,0.839591858023367,0.8344346538443828,0.9005695414843757,0.8317553312601981,0.8939765772054364,0.8505072874949797
107,0.7087742751981292,0.7629084597774445,0.7793894229548528,0.7720748552244702,0.7558062313444225,0.7775071521481116,0.7502595516475613,0.7739563493169138,0.7191797089940415,0.7778107067583495,0.775068945149283,0.7739160581864127,0.771321682712295,0.8076724557514291,0.7226888018755808,0.7836006433536368,0.7880847838822649,0.7774762335068707,0.8008190627690797,0.759289176342204,0.7369010968222054,0.7551363640665468,0.7663384369867287,0.7694871907601311,0.7811167045500862,0.781822771215065,0.8166105306185366,0.8296098576536699,0.7754340934723456,0.8097021362879828,0.7786572593979674,0.8016410225563486,0.8008983510557278,0.7779918179863696,0.7696344567704179,0.7237098525779234,0.7596098228231698,0.7632102191577196,0.8400782607331807,0.7873971354581447,0.773738415456982,0.7825752899865495,0.8263150874112195,0.8264381286218492,0.7859154985738144,0.8237907177653152,0.7782785867662596,0.7983558112884868,0.7169898197489718,0.808802920951373,0.7795502528779452,0.8022280026085051,0.7875051769595551,0.7829210101988158,0.7639511715122761,0.7929977736004531,0.7976198458330374,0.7744979340682294,0.8034567628164091,0.8173164628928866,0.8499697348380442,0.7974982730948823,0.8467959024219827,0.787771478976584,0.7952450870766953,0.8079883846364113,0.8434051902940664,0.8067736907283287,0.7637019647867596,0.7705394660739133,0.7683032904992767,0.7936264418309606,0.8220005095908842,0.7716380607096598,0.8185066971185333,0.8548733019217883,0.8349930456409944,0.7875808724625422,0.7937015044710388,0.7843392890120067,0.8091615260476015,0.7917846932732416,0.7687105039162065,0.7813776559982528,0.782210394605998,0.7864360069566485,0.7673541592794255,0.8151871831409726,0.8311225351077086,0.8025958343838603,0.7781697017649595,0.7752550837446105,0.7384630969869705,0.7752301464150941,0.7925267261213715,0.7841865846081462,0.7983240184050443,0.775386526541454,0.8246597711101725,0.7835487140955991,0.7994626758134058,0.8056000908613913,0.7744699953583194,0.8092968452170207,0.8285525859211847,0.7874670333233711,,0.7779628230342268,0.7902566522527875,0.7714914412143339,0.776494802843174,0.7852503813127625,0.7758075954942871,0.8088702415928678,0.8069820139989498,0.8195284119789406,0.7938123942774643,0.7941689689117577
108,0.7923451989686058,0.8473644153092516,0.8325764642701846,0.821622650822221,0.7879106625172242,0.8300515367341986,0.7930781651376752,0.8220877173084997,0.7690915571245398,0.8071788757277594,0.8285920287434888,0.853171334030502,0.8466030842706962,0.8612874123123652,0.7966679505773716,0.8413573658112574,0.8600804969825061,0.909913508541489,0.8639911578399038,0.7730984345211497,0.7702528885097117,0.7781503200299309,0.8238251795780913,0.8912624917084717,0.8378598805022741,0.8146903048677948,0.8192248074766102,0.8747247349080544,0.8318496684718806,0.8665976275250873,0.89165641327747,0.857612920508121,0.8116892558945525,0.7963697844759531,0.7920950513698308,0.7812069090090581,0.8292867393100153,0.844555238992224,0.8808553107542519,0.8811360608590166,0.8552490208488593,0.8665352537580948,0.8560258371970675,0.8228932434241936,0.8542733154477532,0.884630888313788,0.8685468312884858,0.8211765652878172,0.769077106011813,0.8853398557501159,0.8768125175907394,0.8620950441299476,0.8747445045034904,0.8783128758080094,0.7896502206460354,0.896093027314818,0.8928555738218243,0.8272015206978232,0.8561315031844,0.8427579960361662,0.855683196876244,0.8370870717437625,0.8296986302887642,0.8779659915554333,0.8241694466822191,0.8917539342989871,0.8641189953531894,0.8686650636396033,0.8514842677902518,0.8212894017525679,0.8792272976412443,0.8884790211450976,0.8933013098148245,0.861590027302415,0.8772106630445825,0.8326844129662958,0.794492077743088,0.856325041569042,0.8590036556388213,0.9010852537528818,0.8863065265285507,0.8681692085510999,0.8559806718950397,0.9151271799261941,0.8627718245251873,0.8840712608434425,0.8332866262034508,0.8858508272049634,0.8782189644298396,0.8707367015135332,0.8876596427776323,0.8506079673003855,0.746780115053508,0.8351041433296017,0.88192083721971,0.8738654596850611,0.8856505675141872,0.9189455390810998,0.8737781546493766,0.9175240069633394,0.8586301850707249,0.8612216664035174,0.8401107193414905,0.8490857549070692,0.7999928434076061,0.8718792524108178,0.7779628230342268,,0.8747900808645434,0.9135802246115646,0.9059188023105589,0.8838527649487439,0.8516361823398503,0.8314382687759306,0.9044863807957174,0.838593966332089,0.8938601494567516,0.8898542270585795
109,0.7564371246669099,0.8909922745030977,0.8705670028117134,0.8620094708861888,0.8074540641281525,0.8394037759997932,0.7737448394290285,0.8932632917969171,0.7499826651485546,0.7861537957706947,0.855094251504924,0.8748863323777503,0.8745752764535458,0.8496287807104828,0.8096837970230747,0.880447578211841,0.9197964857013853,0.8470730583123143,0.8318564291396764,0.7593824794629532,0.7662360053643488,0.77039371101015,0.8680444903664235,0.8804295667340764,0.8337353570856563,0.8286618012010968,0.8017275713932285,0.8534477081038916,0.8691286698133517,0.913351991590762,0.8667220017234283,0.8950267125416455,0.8207851213325006,0.7902078535316052,0.7781487759728574,0.7590729909995987,0.8600969903143654,0.927047935389437,0.9136565481314277,0.8734883308733592,0.8488845383274262,0.8620089059043384,0.8606046314960413,0.8393105408083327,0.8824417149968451,0.8674450486633951,0.8986176676766395,0.8483672374311457,0.7547610726501015,0.8788385245051334,0.9005328944514563,0.8609430068935278,0.9382296182089044,0.8646348965748664,0.7852099075330942,0.8837560386430768,0.9282518548228832,0.8632414455928014,0.8651781040268688,0.8682189063403618,0.8624552475123894,0.8803668433358234,0.8342608603187531,0.8811383719316915,0.8234944475176382,0.8604223411820909,0.8515967888257002,0.8854000140968736,0.8882811769258457,0.8622063905199044,0.90084474340864,0.9093570647995792,0.9021465518303711,0.820267441977821,0.9310393688720067,0.8543171205436773,0.8026975363736772,0.8502343089187008,0.9100113386692253,0.845208519243785,0.8761921133145437,0.859066654217945,0.939273405499963,0.8430881079590673,0.8877297540222979,0.853024572696812,0.7978564111580826,0.935918187058426,0.9021982673879643,0.8713215595718371,0.9052803753729222,0.9079741270148171,0.7435066980365834,0.8768153895140773,0.8415596412966573,0.875645532517588,0.867061478578273,0.8580062760437074,0.9016526841872134,0.8732778178146072,0.8754010483684677,0.880432550690799,0.8551342617300605,0.869406466239744,0.8325699603133928,0.9549561321052067,0.7902566522527875,0.8747900808645434,,0.8647849704834408,0.854213037148879,0.9304742820010815,0.8387383839913918,0.8226400952313135,0.894756438344686,0.8246652355941395,0.9047463311276606,0.8540897912920152
110,0.7877665286048248,0.8590748458376561,0.8336266898928397,0.8232391591740305,0.7882600614721585,0.8429418622357862,0.7891453959681409,0.8213370392735202,0.7701143380572412,0.8117521951289454,0.8253468504380874,0.8422726591180538,0.8458024772712459,0.858599624415792,0.7918643680753097,0.8504425324438724,0.8510013631679907,0.9193384742245955,0.8677746477062636,0.7902799962894008,0.7850206417529214,0.7948012504576505,0.8233323313461265,0.8685030386984952,0.8280686142955778,0.8388674635060029,0.828877723487181,0.8646160945310358,0.8308181564754015,0.8639960457467634,0.8841382089379465,0.877592102617436,0.8307930118310505,0.8115751992941925,0.7784687807544661,0.792816538777607,0.8194718160186201,0.8447849946977625,0.864208388098935,0.8796092525146437,0.8405475221985027,0.8661120843154287,0.8390652776630744,0.8252638067636046,0.8403819634340731,0.872635915431451,0.8520366629965227,0.8177367817420939,0.7707664195528374,0.8683607410688895,0.8713328035225073,0.8435023573793072,0.8625091935345556,0.8676179312053025,0.8076471559310514,0.8750013856371596,0.8782781882250719,0.8262094594327232,0.8499648502316952,0.8236104836244674,0.8548817055489418,0.8271719123089247,0.8210837930269084,0.8792354992077906,0.8229911027531175,0.8748093470278188,0.8666646834677376,0.855409741088599,0.8362822374253731,0.8170930232229436,0.8707027142110737,0.8819856729987992,0.8868958243690692,0.8576821817719535,0.8638472145427454,0.8354128374484815,0.7838710465420622,0.8546268604884748,0.8527709481388295,0.9087085370178307,0.8634953991497915,0.8668797640471656,0.8510485393487068,0.9012579665285004,0.8453547410784819,0.8519791319132631,0.8400708238397666,0.8701164147877559,0.8640015367110723,0.871086362645213,0.8909005004848229,0.8466049714990331,0.7670975532022529,0.8176124549758665,0.8995712463141338,0.8667380575775397,0.8617483211332457,0.919152184763862,0.8765540623766526,0.9128210678115103,0.8491105847981769,0.8553168710027822,0.8309769645565765,0.8504360137602388,0.8146194714442891,0.859552267215655,0.7714914412143339,0.9135802246115646,0.8647849704834408,,0.9050482262140911,0.8658194951835155,0.8314090692034548,0.8226509811250611,0.8947830477821281,0.8336149286671044,0.8805936207277498,0.9031208239235451
111,0.7966712033517048,0.842158332041938,0.8310100379603188,0.8314921553691996,0.8083630233521842,0.8238548834132284,0.7765236960123706,0.8193784408464099,0.7553531566156891,0.8349321446653588,0.8392218288463928,0.868405916114918,0.8597560972397935,0.8484117256204181,0.8027138107382507,0.8461854158727504,0.8631377091636068,0.9147824220190354,0.8834314159368508,0.7704278795837427,0.7775434534942051,0.7953180719591963,0.8172251989082466,0.8579177190206021,0.8752085156553133,0.8171986690578998,0.8197077849196058,0.8885493235042504,0.8277906219173979,0.8751916196889472,0.8911539181090721,0.8587634790666044,0.8145681484968461,0.8092931002371697,0.8086365061320293,0.792279672147764,0.8319431907751954,0.8140342531128133,0.8812870901944662,0.8555424212939081,0.8438564077664793,0.894338917864954,0.847080170240587,0.8201573208502334,0.8450803236000842,0.8848127682263127,0.84608260096485,0.8072905217323506,0.8117501124603606,0.8582974882979929,0.8776894287207283,0.8941966908549033,0.8600500066448816,0.8707577843276746,0.7927505027939445,0.8973338646848996,0.8836909866548353,0.8570310033070385,0.8679635597164661,0.8211798510617813,0.848314087480238,0.8198813524160949,0.8345421560984752,0.9138632009944778,0.8211006808766393,0.8746850895769804,0.8708902556313853,0.8815476353357656,0.845123925038783,0.8118417761972518,0.8712932498857838,0.8671456877343572,0.8853519976923386,0.8536004920892706,0.8709940212640418,0.8468516001764864,0.8304775631771885,0.8720143087943102,0.8564527431154529,0.9475716523600006,0.898387671650998,0.8954979070828399,0.8183791747613188,0.8867431404402819,0.8795106317790766,0.8842224505099967,0.8836448653788794,0.8704937646398442,0.8613738282896358,0.869345355437769,0.8918247666738123,0.8283407909360924,0.746668808081218,0.8282169034105135,0.9044953669976679,0.8909170398163535,0.8895090293725195,0.9281364800062065,0.8735031132288149,0.9433602523958612,0.8843488078097717,0.8730563870712901,0.8613947088595745,0.8417812220850079,0.827715901670309,0.8489559304405325,0.776494802843174,0.9059188023105589,0.854213037148879,0.9050482262140911,,0.8846310360869405,0.8654642632282097,0.8244180013199663,0.9100877350326809,0.8607262347026585,0.9113284675983269,0.9054750351184032
112,0.784844864048927,0.8837660090632375,0.8665274165947482,0.870630604651202,0.8429396817855023,0.8531964331318188,0.7780617930448777,0.8917349109643953,0.7555119552584835,0.8279790645072514,0.8968222036060012,0.8896782233517531,0.8842581360723165,0.8653805278534202,0.8394619048648835,0.8848682332377278,0.8917996936269923,0.8561406861517205,0.8583552924089634,0.7623311728613997,0.7744281992616128,0.7865188854307725,0.8550101005691647,0.8860031227305585,0.8718523677877426,0.8196547051157916,0.8107151466836741,0.886890522697505,0.8643138932718222,0.9229830025680051,0.8831975076702063,0.8814365698165613,0.8203021269848053,0.8052461837661868,0.8003356914915788,0.7852984442444357,0.8453707044979633,0.8836160123967816,0.9084302132892169,0.859395014191247,0.8764894359807442,0.9069557144991718,0.8655010190826077,0.8247591601686924,0.8675997736843031,0.8651403914544938,0.888983787111258,0.8361245381497676,0.7865719897542758,0.8722155763918427,0.8954892483444036,0.8880872276057886,0.9163157623906942,0.8639050373145761,0.7904600926981077,0.8955636224938177,0.9170037332930392,0.8639414149512767,0.900131248627705,0.8707052688523633,0.8542371934009971,0.8639194357243076,0.8364003576339593,0.9075836574715543,0.8295780027345603,0.8705247512825274,0.8534915960540673,0.8984867660288723,0.8767919639319226,0.8360219085376736,0.8992697203375302,0.8998529540152257,0.8905921723957702,0.8181401959547487,0.9263658443549294,0.8615147975845218,0.8157841702851893,0.8491860797970336,0.9204249917501537,0.878378470386105,0.8923858324487389,0.8794265360269282,0.8915409330065098,0.8597663597675039,0.8911929846393123,0.8789072873772243,0.8423999187294435,0.9216232361778924,0.8907769518893369,0.8723188927360308,0.9071379943313034,0.8917300087223461,0.7481810429738395,0.8577635045756149,0.8625179032067365,0.9116622564535,0.880666433507241,0.8860076793704068,0.8851519298013047,0.8961961901289183,0.9017254628734849,0.8909124866110371,0.8792188062731479,0.8719123909183363,0.8375138943412329,0.9557108558936735,0.7852503813127625,0.8838527649487439,0.9304742820010815,0.8658194951835155,0.8846310360869405,,0.8596388242689169,0.8260036927290553,0.9194928007729026,0.8403430824631773,0.92036389822981,0.861920966061198
113,0.7806354811702527,0.8027000774323491,0.7865408953249156,0.8029744575975498,0.776296606367628,0.77557519167245,0.7409812835219284,0.7749332271245728,0.716125780849245,0.8015210763707064,0.8099172877335502,0.8197812619541042,0.8117691098773835,0.8328595947571453,0.7707848966809555,0.8169369738110221,0.8260601603244782,0.8272329851057553,0.8356365755957513,0.738134198115738,0.759816544333002,0.7624607995177262,0.8001901381673602,0.8166865113791676,0.807812064221294,0.7797293894039803,0.8138830086056371,0.8556864355500593,0.7956589390559367,0.8505342603908106,0.835020206501374,0.8325819273149648,0.785769482578782,0.7771910084506295,0.8111965739307481,0.7802787544366112,0.800378401609555,0.7825636830739834,0.8699737510571779,0.8164844244973768,0.8307458823888799,0.8654088871876152,0.8336881226364741,0.8015073536122994,0.8320648249898932,0.8544392892894338,0.8449615882093273,0.7667251431002766,0.7845751100155651,0.8228472910491356,0.8318728667180885,0.8643688112424593,0.8346827535165772,0.8356649352450052,0.7879488267235569,0.8649778688328953,0.8527146599048425,0.8210419825160574,0.8615009221475063,0.8371929390790563,0.8034845138418667,0.8202311529703759,0.8277890582426297,0.8437442886439713,0.8303776834697931,0.8481408768630746,0.8092717178544789,0.876104349479826,0.836831281570724,0.7935711999401643,0.8361852228143319,0.8433073582384397,0.8689731780321078,0.8375897110037619,0.8771201736139438,0.8360758530781277,0.8899508808084428,0.8421440784787917,0.8342044792288204,0.8716741724339561,0.8855864958067923,0.856215273928147,0.8036062434907704,0.8287045716007739,0.8408722669344928,0.956146206669044,0.8283645657206653,0.8768840137936795,0.8623707943393297,0.8168938066030091,0.8346800237785217,0.8049331887018577,0.7595163701500193,0.8204174407785523,0.8522557239761276,0.8671905147583101,0.8724955725217773,0.8550494756684324,0.8285781626783398,0.8564671674831694,0.8456739345179664,0.8368489975159084,0.8215968126374761,0.8465317630833477,0.799960636715622,0.839591858023367,0.7758075954942871,0.8516361823398503,0.8387383839913918,0.8314090692034548,0.8654642632282097,0.8596388242689169,,0.9091008696996143,0.8826693057821846,0.9134983459424941,0.853638821269421,0.8516091784195776
114,0.7403004504287113,0.7899781260209446,0.7869399817401737,0.7855583299253497,0.7714408858087521,0.7743229776861744,0.7324656712103932,0.7823709631850073,0.7069199507395452,0.7772218300520322,0.7942731816795465,0.8080665466652007,0.7947823185373492,0.8088254513124568,0.7397662295799492,0.7914447184325475,0.805858685730024,0.8118664071799093,0.8047198015740824,0.7363179749955261,0.7382693572080785,0.7427271857750355,0.789004853429818,0.800664927455961,0.7952075548927884,0.7697790852538793,0.8049366794087075,0.8394358298706633,0.7872585342408894,0.8257354437514219,0.7999894598742904,0.8146589957932835,0.7900043521597426,0.7753217104470856,0.778538589807898,0.7256793648102196,0.777002681593992,0.7822416551225392,0.8620771484654728,0.8108084165687525,0.7939729874646175,0.8274692226326246,0.8299272913596879,0.8191664849859548,0.8057513746643788,0.8430668894818971,0.8091472951538955,0.7663131209248116,0.7346439747514867,0.8225946251674024,0.824203378939224,0.8363755326205071,0.8130145665736567,0.8266853208855952,0.7630139651808838,0.8228020503800219,0.8450788964557523,0.8006501299680273,0.8489571998197623,0.8409150851178561,0.8221771157303825,0.824163534439005,0.8407674472405957,0.8196132923839187,0.8183567456638832,0.8420650823672469,0.8314306707223894,0.8592634516686032,0.795620487928644,0.7824391555547714,0.7966209968843088,0.8279986461602438,0.862080841233598,0.8149103466464368,0.8608722798504425,0.8516630412471184,0.8982382092680697,0.8319849239639568,0.8144715305712128,0.8376507370618893,0.843001606085483,0.821903884033315,0.8161456776877959,0.817604815904329,0.8059392160104052,0.9153615977153277,0.7936613537485341,0.8571080642658577,0.8534489300125058,0.8335647304782832,0.8127498605892411,0.8120519373216161,0.7427205017501073,0.7938334225332658,0.8205338634920464,0.8206409329106168,0.8460681160833865,0.8254453816137745,0.835338280506841,0.8289443198566191,0.8243806600456629,0.8321898921123198,0.8076375907989233,0.8237073388457266,0.8176907087132166,0.8344346538443828,0.8088702415928678,0.8314382687759306,0.8226400952313135,0.8226509811250611,0.8244180013199663,0.8260036927290553,0.9091008696996143,,0.8534299486609624,0.9278178437122497,0.83136988861889,0.8275641752701636
115,0.8051389581248433,0.873133397201214,0.8554250511341112,0.8567296272249896,0.8325029179710983,0.8263178521463135,0.7786389810706975,0.8517232250456658,0.759010826714816,0.8152732994259309,0.8632305269920513,0.8626465776193724,0.8590662343366351,0.879951826261498,0.818041307709178,0.8610011704233906,0.8782638458697755,0.8707982650595956,0.8602993233118952,0.7831171627976891,0.793708603768644,0.7967235963342488,0.8441335230632842,0.8682736171093859,0.8556456449081781,0.8277612910340991,0.8233395635629838,0.8704111716739795,0.844861338575903,0.8898314620235228,0.863004868378018,0.8736907464765638,0.8261675975418243,0.8117741245894341,0.8116191967934029,0.7872714871038874,0.8324034725209084,0.8467223028121454,0.9062379911304654,0.8551111347495166,0.843097053613525,0.890292347549301,0.8626291797254535,0.8349123042958981,0.8780684159527385,0.8818606443902111,0.880351903792503,0.817105574992532,0.7919696411107113,0.8692752521428158,0.8710300301751335,0.878298616408985,0.8869900007865893,0.8629257895462598,0.8094193848316226,0.8908789644106276,0.9099245179656884,0.85380250112829,0.8791026768395438,0.8522387626001453,0.8652027789142576,0.8393094789169222,0.8450740056584158,0.9068818359943096,0.8379633055310424,0.8621077850529495,0.8757438672974865,0.8902921143587198,0.8661316734224591,0.8293608457810816,0.8823603508176949,0.88965485647754,0.8978776420357203,0.8463403672489305,0.9056853556876795,0.8652802701710762,0.8392169874631602,0.8678441071448201,0.8784203416227158,0.8959290072382275,0.8975344574035191,0.8832419450614477,0.8618604719804002,0.8569480856143223,0.8593530041440396,0.890588137293719,0.8751884947019386,0.9104043200399339,0.8823776186430891,0.8847573317013251,0.8855850095811661,0.8585563209942889,0.7606091716895197,0.8532954066157359,0.8855979625809011,0.9072033367555317,0.8937359625004442,0.8881806539762058,0.8958764582585059,0.9095177549570423,0.8790149997665462,0.8677630886307484,0.849483077003887,0.8681292257207397,0.8536766134321925,0.9005695414843757,0.8069820139989498,0.9044863807957174,0.894756438344686,0.8947830477821281,0.9100877350326809,0.9194928007729026,0.8826693057821846,0.8534299486609624,,0.8631646375896195,0.91116967896098,0.8854456811766234
116,0.7632999258905652,0.8123013931104299,0.8025156433095808,0.803491684695951,0.7877183318280845,0.7984910105084322,0.7573997764121456,0.7996669897910188,0.7241035636967186,0.8133867261321138,0.8162399574192518,0.8137223809206032,0.8186277957224926,0.8253096985096112,0.7720134002538129,0.8150992849490111,0.8239102780124059,0.8259634971289462,0.819882793376241,0.7589383714107927,0.7477520810904844,0.7827171982441332,0.7758789651869346,0.7971981358401875,0.8074916416790194,0.7927117563724173,0.8030534554054778,0.8739992838369035,0.7984566208622375,0.8475180030628411,0.813055773570496,0.827816145545407,0.8032498026675615,0.7909031240822374,0.7824462844348016,0.7654694212815064,0.7937234142209834,0.7879046394668168,0.8589435543065962,0.8140712252263618,0.811169827148399,0.858172863976119,0.8550089454018714,0.81822537950785,0.8088446911829488,0.8631271387198639,0.8130334961778686,0.7978458340134071,0.7800493504216266,0.8245043675465639,0.8280599254041555,0.8651326505452046,0.8205143934221584,0.8400074819423115,0.7732856560561385,0.8427575655795788,0.8454663513606161,0.8365497471651931,0.853364394596529,0.8292017686220718,0.847820827292574,0.8226826031024007,0.8550778753545031,0.8513236105060829,0.816176082817897,0.8385675853313518,0.8546743635272805,0.8546911671565154,0.8043979233002614,0.7827256400056063,0.8144006163970774,0.8343340557358885,0.8757706318226688,0.8394756062549896,0.8650968416364476,0.8678129768001861,0.9160850388032588,0.847985531619229,0.8320427718738117,0.8645330626288873,0.8678768108217079,0.8453181824040424,0.7907271887827066,0.8227334885982344,0.8465032148162595,0.9194017523738734,0.8203821843208138,0.8559461718515905,0.8578567692284792,0.8436258458923286,0.8291517061804463,0.8062064514833686,0.7364985508114099,0.7942012584394684,0.8419834281204822,0.8396692507139261,0.8626923093231809,0.837900419520216,0.8609433975998838,0.8410664522141749,0.857937786704419,0.8602073070030898,0.8350947683629706,0.8351046225741277,0.8177651967492052,0.8317553312601981,0.8195284119789406,0.838593966332089,0.8246652355941395,0.8336149286671044,0.8607262347026585,0.8403430824631773,0.9134983459424941,0.9278178437122497,0.8631646375896195,,0.8591156400034377,0.8381546312931918
117,0.7801023474104918,0.8811459068872897,0.86188250608965,0.8556129801841041,0.8214736015153457,0.8363627803853326,0.778305173946667,0.8713886649823346,0.751949295635524,0.8320184270049281,0.865628020961372,0.8891077753698616,0.8887560693119201,0.8588289484745499,0.8280167604543698,0.8683121810294805,0.8945907456211619,0.8724665573842759,0.8624861104187589,0.7686426143856963,0.7788470189958271,0.7728975789717835,0.8717528545933335,0.8876450792495559,0.9052773213572564,0.8280286037431513,0.8295012718694174,0.8928534098868365,0.8602424803759962,0.9108516489190649,0.9032910225608843,0.9041993057594911,0.8260514744550237,0.7969088328802365,0.8020866287566462,0.7723469436791554,0.8429695790836091,0.8784133431046569,0.9121191513032678,0.8714475781926517,0.8457475455173074,0.8890218200932449,0.8531713068769521,0.8377247871106628,0.8662194408369807,0.8888787718721495,0.8724564344761829,0.8373409643827461,0.7957137477657751,0.8790330663661651,0.9162602067796869,0.9197373678405625,0.9052704845990649,0.889659918371078,0.7877477804912995,0.9291459791642742,0.9287428697745139,0.8779391775640968,0.8917422119781356,0.8489614841246504,0.8751216496525189,0.8591310107293509,0.8287463772843519,0.9288626682281682,0.8546138911194107,0.8920862939200623,0.8873891651814008,0.9192134233297318,0.8696694087102398,0.8375121594101004,0.8931151544547482,0.9035626551471412,0.9041636344734756,0.8504401529239741,0.9085491583513133,0.8711570749832278,0.8297700009805539,0.869051116546171,0.894287837381026,0.8817049676057364,0.9149295682584302,0.9206952068758689,0.8789491710683566,0.8646531785861792,0.9234222642536647,0.8873512625350453,0.8452911358387032,0.9072136532708082,0.8865611655369302,0.8767777893858456,0.9277134079602243,0.8844217900984948,0.7559936592595653,0.8477284694811005,0.8653914928321731,0.9067328564750271,0.9041757401621798,0.9112490251410911,0.8915762182394921,0.9129920613703779,0.9232568525953632,0.9114658566770096,0.888153674952895,0.8610876193273501,0.8432305011770646,0.8939765772054364,0.7938123942774643,0.8938601494567516,0.9047463311276606,0.8805936207277498,0.9113284675983269,0.92036389822981,0.853638821269421,0.83136988861889,0.91116967896098,0.8591156400034377,,0.8798408069459749
118,0.7753749635671522,0.8229874460983921,0.8119222355290209,0.820399596540027,0.7891811224537626,0.8385016772922514,0.781957387732354,0.8190321183478042,0.7621034868168868,0.8119246678116436,0.823434731754032,0.8358697261173311,0.8609249201478585,0.8438172954541042,0.7877043924517663,0.8587878378048587,0.8392835424720506,0.8861701161001511,0.8835552410434238,0.7918258275160083,0.8028448667340137,0.8107591678904704,0.8211212361317629,0.849307638743801,0.8184720774176448,0.8371038730711506,0.8649241969414794,0.8856591139605438,0.8197636338903237,0.8702356145969121,0.8843036603079917,0.8845597539368611,0.8605207778384197,0.8324796200744422,0.8150024324002938,0.7922604370746231,0.8175440814359656,0.8184425497412935,0.8783804336974036,0.8695463167839859,0.856515206590388,0.8889150652374345,0.8391766206387389,0.8464503284132138,0.8411404122912339,0.8986168056130726,0.8380865935399886,0.8084474748177964,0.7767926075039696,0.8568033362319385,0.85477070894183,0.8532651998819304,0.8593333676909489,0.8696145533148889,0.8191518417456913,0.8752769897945986,0.8659386599803638,0.8112757720404219,0.8641438368481419,0.8302753750409855,0.8792720489964752,0.8104536929558777,0.851008350605173,0.8682366303600939,0.8469577304516178,0.8768779161670707,0.8721724437854781,0.8772084254364484,0.8388612587879765,0.8257177966925099,0.8556158915923987,0.8639221837047433,0.8930901621948742,0.9014878646446141,0.8679968196431096,0.8700206505558233,0.826004600670745,0.8870859710016106,0.865696815995761,0.9101363763831017,0.8834897699187745,0.885551784172531,0.8280723001754422,0.877231359209415,0.8389835259880151,0.866608162933916,0.8500314897594423,0.8801660579189364,0.8647115233341303,0.8645904940368114,0.8651101343053513,0.8269751607624181,0.8010086135573411,0.8264458888139933,0.9382186439507639,0.8775271365324655,0.8757739914105299,0.8955754700629651,0.8781642263724504,0.8894392331086477,0.8424640398811956,0.8453405538893303,0.8251895318880971,0.8621157040030885,0.8343545715048508,0.8505072874949797,0.7941689689117577,0.8898542270585795,0.8540897912920152,0.9031208239235451,0.9054750351184032,0.861920966061198,0.8516091784195776,0.8275641752701636,0.8854456811766234,0.8381546312931918,0.8798408069459749,
