,1,2,3,4,5,6,7,8,9,10,11,12,13,14,15,16,17,18,19,20,21,22,23,24,25,26,27,28,29,30,31,32,33,34,35,36,37,38,39,40,41,42,43,44,45,46,47,48,49,50,51,52,53,54,55,56,57,58,59,60,61,62,63,64,65,66,67,68,69,70,71,72,73,74,75,76,77,78,79,80,81,82,83,84,85,86,87,88,89,90,91,92,93,94,95,96,97,98,99,100,101,102,103,104,105,106,107,108,109,110,111,112,113,114,115,116,117,118
1,,-1.015483828660887,-1.4619022499806427,-0.5315963386487623,-0.9424265900036262,-1.3251731575724275,-0.44288766509303734,-2.2609623118047506,-0.8105446279458143,-1.3822334675538068,-0.7852622234914397,-0.9548362624997758,-1.0143347913584324,0.3396464186720748,-0.94813326390283,-1.076500906547418,-1.3989904226631602,-0.5300095101788638,-0.12167097706293775,-1.9964075832202173,-1.6436013897100323,-2.0536717396053414,-1.8581413082500147,-1.2895804718301636,-1.1475446753881289,-1.4154616299058518,-1.7498171251012546,-1.0536401014658157,-0.011257513231827616,-0.9414871729702547,-0.9110364943653428,-1.5792920879975574,-1.9601819697348,-1.7313414307127781,-1.0560769105058818,0.9411697871934892,-1.4979317321638623,-2.0287267471768193,-1.2389018148089985,-1.4885922271504954,-0.7538600973268863,-1.1026148609321944,-0.6183711540508583,-2.154183611737243,-0.1396326387178738,-1.5348195644568783,-0.2546290902643773,-1.5388370258021382,0.6736925424764384,-1.0895892763941697,-1.8478150340822743,-1.4022507580092334,-1.2525896364818796,-1.9615068156920117,-1.625646357575987,-0.5496713971534125,-1.29564793187778,-1.335549348608717,-1.3630626363805332,-1.8099434111786423,-2.082699376416226,-2.44752804773258,-2.05741874184085,-0.5039425083064286,-2.1412413898695593,-1.1889205014063273,-1.5680913650286554,-1.2593330314935343,-0.8365542638411811,-2.036937547748553,-0.8938255832625792,-1.2844571260811113,-1.4534204763420895,-2.3052841681088774,-1.5172095546352422,-2.205761625779127,-2.380395507350968,-2.2790957012509314,-1.504660446485644,-0.5368072512977242,-1.3952599454996037,-1.7610855518637998,-2.1347819811381195,-0.9962404051637238,-1.822241259385088,-1.0542881133904431,1.5625564124042024,-1.3213745809684605,-1.6038447178612096,-0.8382411203703227,-1.6314398004234805,-1.8130356355443518,-2.6229663105123553,-0.9046385025939171,-1.2515380703428778,-0.13157178376216283,-1.6083339913030503,-0.8532013919253748,-2.130412318009925,-0.5946919374155886,-1.266107294343406,-1.676632817305274,-1.9863775059466149,-1.4564241683276522,-2.710426369456085,-1.5523162818828762,-3.0067551152263956,-1.0635413802052145,-1.89848564111653,-1.1700058625587875,-0.9629519556095558,-1.2379411974575372,-1.335818907272831,-2.273699957322374,-0.7660574301266777,-1.7389099298900588,-1.3482154777285584,-1.4581378861528627
2,-1.015483828660887,,1.6467498590884997,1.0665017314708074,-0.14586561291545772,0.3598295569141929,-1.360497777205247,0.7299148523674566,-1.8268499572172243,-0.43549290315544,0.9637734406750963,1.0972684372955646,1.089697202307548,0.34895941945251113,-0.025304783612438143,0.19560864157612104,1.597544600406147,0.294685691928888,-0.08198195734963569,-1.7339082588736223,-2.447601019587106,-1.9381518513995426,0.02718246169131324,1.0754985040879914,0.7639730330451449,-0.6553294310278672,-1.6830412805170285,-0.04037356034420439,1.3078645338042652,1.1971860329056638,0.31127454467751053,0.6106344577485676,-1.1419220774410241,-1.4900601636399193,-2.050950308146677,-1.2717337475706836,-0.31824683050347446,1.442649759283171,0.6304225582868836,0.42641080724249775,-0.2698175601206111,0.44267195833358286,-0.1225174428074862,-0.764784969167106,0.6362274880430282,-0.39628436936521905,0.816137304305001,0.13530725440906263,-1.044701935236861,0.9626797695359917,1.0229281130891994,0.25086146394846187,1.3889375981196825,-0.15866560476646288,-2.18610771005689,0.6136002672325551,1.2413966044331501,0.6624291989525474,0.21334714012403755,-0.36472441060190264,0.0424082541110961,0.29576343486341916,-1.5059733775368689,0.9386583328114857,-1.4141691072682523,0.47738046160332187,-0.3600048128774564,0.3040512950450384,0.5001750207028909,0.018452916624812493,1.1127340055488109,0.9688139447683937,0.3958317527946556,-1.0536681287365715,0.37061701293420724,-0.4235081463496202,-1.5140309225744424,-0.4679400405424832,0.7489397462347066,-0.08674432281626422,-0.14562196583623163,0.24428152144696172,1.1840388372028776,-0.41312558465662474,0.9611545778259397,-0.1428757590516214,-0.46622409826212874,1.092110554270439,0.09003577191361709,-0.032561044976385616,0.9419896140885234,1.0001029843035902,-3.0261553823830063,0.30309987376181236,-0.7947362613187922,0.6024872637633519,-0.4483882684975764,0.5230017849853223,0.42022489471762636,0.4881697452832845,0.740901984148124,0.7858952823398234,0.16469097924971593,-0.6254737081858486,-1.3801366476008694,0.9619429039527282,-1.7480124058887772,0.21578032714935458,1.2302271154592606,0.48807442680900437,0.094727070175767,1.0622000359188777,-0.8227669439852162,-1.1185812009486724,0.8149676675633601,-0.5995145535825135,1.0012767110858996,-0.3510395577047231
3,-1.4619022499806427,1.6467498590884997,,0.8308210406737377,0.16243372080436005,0.45647569629145285,-0.751292810871975,0.6608585546574374,-1.1856102356390885,-0.9203596878078922,0.894570949371474,0.6917613371414897,0.7480584601528969,-0.32092602464476655,-0.8721016047108685,0.591861752436945,1.019823981727347,0.49053464434021243,0.4152519753195982,-1.436954576295537,-1.8439184291438313,-1.9735887783554156,0.6745736106656377,1.1153783921890117,0.48300546723914994,-0.5375115033074127,-1.3071475573814897,0.20434308242880259,0.4327774603164336,1.0940008284919904,0.4726723682911503,0.6686755318841184,-0.8637873695455129,-1.4264368675440127,-1.9528709090253225,-1.8365412146889473,-0.6186267618598202,1.1187235375008937,0.23049413869147756,0.46793941375927206,-0.03893696118269877,-0.1287169379893176,-0.33903066095264295,-0.43652724506934537,0.21363505759261658,-0.4648295982379482,-0.013847369266584635,0.4436747854241147,-1.6307380694900775,1.1260389354097997,0.5202393664776084,-0.18547186546240285,0.9289269663731543,-0.40408853694528896,-1.7838989547380495,0.6303611307367493,0.6373391028841642,-0.5090639154545575,0.03318298228703911,-0.63029411855692,-0.034867387081857305,-0.20551114986347183,-1.2694263201385305,0.6327329266893604,-0.9965272495510153,0.44457569166729377,-0.18472648349919213,0.04877967509880796,-0.2362799092845994,-0.5158017431316443,0.3795393374324533,0.7367574042522289,0.20425427495797197,-1.297411497334359,0.2542602945514193,-0.3346193295456927,-1.3658832946720276,-0.830252398556843,0.7806038452295406,-0.41284729070136,-0.7318187115348991,-0.029331997677477156,0.5847260424587223,-0.1981298166183554,0.3203270113415426,-0.6942651386639053,-0.47661308780558986,0.8052885923618966,-0.4478930003915891,0.22923527465840968,0.41381549608459495,0.3064113121732979,-2.4600026407450337,-0.33549398335562186,-0.9848186920059152,0.3899719398532508,-0.8644044350442063,0.3736887424604325,0.15175472894501088,0.4004657147716336,-0.1307608633672569,0.13361864274176163,-0.48787133553717615,-0.7817354822812196,-0.9655850377955095,0.5194102980089789,-1.3647925900988247,-0.1280731122461226,0.7552931707149646,-0.10365298186178497,-0.1644960807009133,0.6613636188271804,-1.1985046192574662,-1.189224953931284,0.4032084126745321,-0.8270554561183854,0.5533589027821528,-0.6083308282710047
4,-0.5315963386487623,1.0665017314708074,0.8308210406737377,,1.8863410703593568,0.4263120916973709,-0.8874191505250312,0.005449639912317539,-1.4742781073612663,-0.9611855572868162,2.243181504945685,1.3559166955344588,1.2824169831568977,0.07521809251540656,0.6611694937704953,0.7758986277382363,1.25624208745406,-0.37110763964623306,0.344796638564753,-1.161486422191743,-1.1179205636213478,-1.578718990425954,0.6903829061779266,0.44927837387428926,0.3743500933147593,-0.37388137208041544,-1.1147360507207982,0.21790003581601047,1.1830091735777373,1.4685207516195207,0.316873799261116,0.4865836048822555,-0.6877037623578366,-0.9768619652015322,-0.8642293632202537,-1.158651002236897,-0.029227852691841423,0.6351309835806271,0.32610783173858415,0.13181673084155293,0.6296637502848816,0.09590944085325961,-0.29412398509291054,-1.0629384468003384,1.133490421490439,-0.5013082071943084,1.1109866158115802,0.14795316287308385,-0.3267925350205011,0.4927117262049067,0.3391342082416515,-0.2786522175496563,0.8302345061064402,-0.48821483912174307,-1.195153805941718,0.7483554293271905,0.48593049799238314,-0.1870923058352432,0.7355402750413246,-0.15587694868430052,-0.5878844092220156,-0.26094994130183874,-1.7075101531347923,-0.11468440062492413,-0.9255325103383496,0.2133778822176812,-0.7335833152834629,0.12615605072540825,0.7627752719026994,0.10957485225200474,0.8548411285098074,0.20399222670004738,0.05086976308973723,-1.3494345799814182,0.08172036449594389,-0.7044013076816436,-1.552220823452793,-0.8537085524833137,0.45962694563829426,-0.3025470504769006,-0.26029263487530296,-0.029183687286416366,0.25401235341125483,-0.5542729045766761,0.1395323007017177,-0.30941110075179906,0.33020420853472343,0.6908878901159888,-0.24815490359233708,-0.7753311106379809,-0.04936041411438604,1.0190184393918402,-2.1823769899904684,0.728061280496381,-0.6600626124914212,1.3468837598539123,-0.7227837397265513,0.31766018800522633,-0.33757570578445456,0.05008332532469807,0.47094509709200194,0.1519582586165543,-0.5239958216094217,0.16868156460305334,-1.3875983246924375,0.5829550977551845,-1.5348728983943232,-0.38277414679974947,0.5563111225897985,-0.34518665715275393,-0.15328575624161847,0.7567720578983387,-0.8163869821326962,-1.2213514958246903,0.4335427689769421,-0.8043602776714802,0.40757818980130905,-0.4112129359456383
5,-0.9424265900036262,-0.14586561291545772,0.16243372080436005,1.8863410703593568,,-0.5588520993923057,-1.4720515084971462,-0.45873144673684985,-1.985462966511178,-1.1947437230063682,2.125047517197459,0.937981027368159,0.3739710024928686,-0.5469551593751316,-0.22899574592794253,0.0719972732959837,-0.023051638754812424,-0.7760194362804518,0.12976112527706876,-1.5635585454396048,-1.140552413436146,-2.2555207566453155,0.42841007912668094,-0.337760022801573,0.07761311282391473,-1.1325997201945508,-1.2614245076106887,-0.24496994651570295,-0.31034397639289923,0.6099576598730967,-0.33623116674192755,-0.10903689882330828,-1.136279421371399,-1.4220082045779974,-1.022229189019361,-1.7431267181698693,-0.9199989009755859,-0.46373265846756434,-0.3672333587089963,-0.5557485375690667,-0.11809362281344428,-0.8573371079076096,-0.7621604346133135,-1.5623167026692422,-0.07680048355171439,-1.2109145257905065,-0.3020259161308688,-0.5430540305060793,-1.0399652709849654,-0.1226537707695349,-0.6764948421761773,-0.500707707656721,-0.3787987963126128,-0.6341864146166614,-1.1751977781332874,0.132913209297501,-0.4039184738479756,-0.8788771133730466,0.6549746977866074,-0.518002310690222,-1.4085421981448536,-0.9838967108595517,-1.9748758068583552,-0.6051146459975755,-0.8677709625483703,-0.251863764090199,-1.2787755695538467,-0.37690205138955046,-0.5657743422025822,-0.66690905575388,-0.592462620814973,-0.7933785529990953,-0.7885714280694783,-1.8176574714716767,-0.35294310218885744,-1.01137165266431,-1.8182235276081387,-1.5568421862154338,-0.541695650868471,-0.8172537292683275,-0.7379080319964404,-0.622102029574554,-1.045524201864577,-0.821568070442113,-0.7995402763511439,-0.9724219084806426,0.12380423411800075,-0.12604389594372406,-1.130761531416599,-0.9046857934230805,-1.0555405299960345,0.50501013742208,-1.722648039888602,-0.708746205959729,-0.994705247187058,0.7503709136441916,-1.0299297992646905,-0.30982718674343446,-1.0966707221004643,-0.5658391405345938,-0.3465898531549235,-0.6562647379209409,-1.0571234651516286,-0.14436300317028256,-1.2088313453925423,-0.577595900839092,-1.9131553433799369,-1.1666544218229384,-0.7122259588363039,-1.158530102770355,-0.6910905929815024,0.11289522585775215,-1.436707598346224,-1.549614126809963,-0.12978323069517758,-1.1711265470543029,-0.3862398816181292,-1.1371133435735712
6,-1.3251731575724275,0.3598295569141929,0.45647569629145285,0.4263120916973709,-0.5588520993923057,,-0.6965369904435303,0.657786349896551,-1.0706923578146825,-0.24354891123354908,0.6853323822844414,0.425694881394061,1.045622507178243,-0.23243437580116116,-0.17084473670553257,1.8692276083165629,0.11449917831238386,0.2031338991450743,0.48352923103804496,-0.4837779220518786,-1.0805175445755189,-0.1268227739537068,-0.2504651847495519,0.20950821690944382,-0.6348341905261997,0.45085286332724633,0.0042187637994424996,0.5901718927410611,0.29963914207953335,0.8866984921840746,0.17717466570579882,0.371473387302322,0.3687365206082236,0.19744992905557487,-1.7080108362899384,0.0990504024393686,-0.31764168472916077,0.4449870593041199,-0.10448873054455333,0.5114081549081075,0.6335528290079211,0.5661876689671148,0.4385547898001589,-0.7484066944653388,0.05913977096932773,-0.03593844582754677,-0.009217834712517291,0.5446860377582365,-1.336813627557541,0.18947574872839432,-0.29807728805833383,-0.532200909501961,0.45419045536169594,-0.1051340329477603,-0.6810994729347679,-0.04064822152588187,-0.03166052227912712,-0.330825107295085,-0.13857806544354512,-0.43719078808267403,-0.17763040704129143,0.04151814400855863,-1.2210457498143028,-0.3478833318137848,-0.8410878141810441,0.08085842074609223,-0.48839089532892394,-0.19634690376942107,-0.31926440085383917,-0.2695686659427051,0.12253351534003723,-0.05498486336063263,0.2123458830587002,-0.26274090255695265,0.02171779365288256,-0.6241692320840918,-1.7145948273728497,-0.25634863788041545,0.9429763013501778,-0.34458347687617535,-0.2220174978084507,-0.29631243720003325,-0.19632614276250626,-0.19833807742544238,0.2911834684358426,-0.8599713080814475,-0.6006218784583917,0.08194559123443763,-0.21376333477558038,-0.3524312510857829,-0.3755552927442296,0.16443661517783256,-1.668262029995998,-0.22019431888325638,-0.1351660111407734,0.24402879687367307,-0.4577034534423576,-0.023551894824568088,0.05231327124877716,-0.013513117889126076,0.5312520924086541,0.6370963720694733,-0.0071159810683559775,0.4247321237671953,-1.4224161539093976,0.39797065274834564,-1.4085596602670862,-0.1867834105950621,0.030677387660801938,0.11294592627781465,-0.3308696705189689,0.3513879837887158,-1.4534821280638333,-1.4825989465400702,-0.2736000550220372,-0.9206373071349901,-0.040032665304372834,0.009701544391982024
7,-0.44288766509303734,-1.360497777205247,-0.751292810871975,-0.8874191505250312,-1.4720515084971462,-0.6965369904435303,,-1.5879571320157222,2.7203213682495684,-1.7567384782072237,-1.018633946537259,-1.2646201301250668,-1.1498799030734517,-0.8091325670247479,-2.10431453430486,-0.29678798748793334,-1.2875291442615957,-0.5186042141034841,-0.10110968213062786,-0.9642846114925265,-1.1069062962197822,-1.5803848015593476,-1.5402461131478546,-0.5354357634155252,-1.4828296496599982,-0.6855946140167959,-1.2508817440193525,0.028490497532361752,-0.9014237517914074,-0.8209148039303152,-0.39594011374565646,-0.7095074692225666,-0.9264859575869834,-1.1618083420383574,-1.5806344500761271,-0.7406104414724799,-1.5460382241700819,-1.2918248776815542,-1.6361020466040939,-0.2079960713549216,0.024438323406914774,-1.1656675523199718,-0.840284310159765,-1.6363932706100535,-0.8651435172717867,-1.5098222590162815,-0.9494165810980502,-0.4057071947674478,-1.9625906068032322,0.16170970998222275,-1.4183385883541082,-1.690343863024915,-1.1432364699350694,-1.455080869478873,-1.4098593881007746,-0.22638103278294736,-1.5576940753872337,-2.1495277837324127,-1.5847244601120665,-1.8888315426174151,-1.3814107531186974,-1.7711403458953594,-1.4624676173039413,-1.0468998482259158,-1.8357200795559696,-0.27690538648792035,-1.3018150310689032,-1.4693821420390814,-1.4451573295982898,-1.8263010169603624,-0.7356857128953311,-0.17312688074906113,-1.2633372816485768,-1.6767553259731813,-1.4303438901636216,-1.3685536416512964,-2.4582376009795293,-2.0687677730955,-0.8585317692459986,-1.161464330909597,-1.685448340117053,-1.5634352776574496,-1.8276841708311766,-0.526790313445288,-1.461950547208059,-1.4905878436341922,-0.5686276852349605,-1.320994375647239,-1.7692281235859573,-0.8104110124450578,-1.723343946127259,-1.6317613936247612,-2.382015908317206,-1.5021454393032232,-1.223744784460362,-0.7830644817831519,-1.4898523852587116,-0.6661917011759516,-1.7244144176079337,-0.7645965695102056,-1.038141147343972,-1.123379593806243,-1.651577731671956,-1.179676342718301,-2.372307048864814,-1.4286448091344413,-2.0421282407037245,-1.046498252490685,-1.4960419737478663,-1.1379440654853539,-1.4314272484729014,-1.3956630000415715,-2.2578690419955314,-2.4558763639121586,-1.3822420678697156,-1.8761018022287166,-1.3900038414507465,-1.3050815781636687
8,-2.2609623118047506,0.7299148523674566,0.6608585546574374,0.005449639912317539,-0.45873144673684985,0.657786349896551,-1.5879571320157222,,-1.9561262174566736,-1.3462459206163917,0.40284818417836665,0.4286157647823984,0.6829941188090678,-0.5570203107932213,-0.48935266768541397,0.7641536317223009,0.747093649948396,-0.14745085209558217,-0.32134797119355746,-1.7008522319263393,-1.7722585520341811,-1.3543466109554751,0.3551075393672931,0.6449694521609413,-0.19673095038531635,-0.5745643598352984,-0.8812041814521693,0.11673201068423461,0.2536083466954928,1.2788894406645475,0.18565150936852506,0.4830476442254253,-0.23884529756855874,-0.9246649347099745,-2.0618477285170074,-2.2121498135864432,-0.06798176357784812,1.2690542589463274,0.3670861023230505,0.5221415783178269,-0.06394088481355928,0.16533508011718034,-0.005139519741585282,-0.6514759240282143,0.19997808005771153,-0.1442664294927076,0.12882147914446845,0.4445163438095822,-2.160539490588383,0.40279352191451684,0.4988066026447827,-0.1843098595997681,1.065181563255143,0.3408566219957067,-1.6115465418676018,0.13601660529652804,0.8526890749143894,-0.11947620369525679,-0.12235090076495728,-0.6431172084685483,-0.05419404615191121,0.23055511844858484,-1.0549309880079722,0.6052831757614123,-0.8038850165085795,0.2806973146592282,-0.23779472228148746,-0.023104790440975,0.003993584396167797,0.06618712230027975,-0.0858340330518603,0.6850968141477635,0.21735839651938815,-0.6052548497449391,1.0558389746612211,-0.1884847551202907,-1.5051174187091867,-0.28790729142240107,1.2010540008150414,-0.7389714895840055,-0.11233703154672198,0.05722331572883789,0.603641708564402,-0.6003150163099628,0.42411814047064356,-0.769522359765097,-0.8971067731053287,0.8202676886887695,-0.0827132308851711,0.6639314770076973,0.5518589634766232,0.6656835836057234,-2.7926295512366375,-0.23311241939730987,-0.7226683159172109,0.21826954332841464,-0.28255115810969367,-0.39387194286757815,0.6321327665691001,-0.24744355023104342,0.47911359357843797,0.6065446436366996,0.1498357865378281,-0.2475655644176749,-0.4599891458655888,1.499711526250311,-1.4911238885970983,-0.37196029500702615,1.2830334241455301,-0.38941526382078784,-0.434957124473239,1.2474950994256024,-1.4684092614560385,-1.2954650098190283,0.31713255069790464,-0.8932931186191518,0.7743986818600079,-0.4430099089307339
9,-0.8105446279458143,-1.8268499572172243,-1.1856102356390885,-1.4742781073612663,-1.985462966511178,-1.0706923578146825,2.7203213682495684,-1.9561262174566736,,-2.3777973330335933,-1.6068984905291046,-1.7733209851611071,-1.6715364230706151,-1.4173456856060915,-2.631368526127347,-0.7488189218112472,-1.8624385061835769,-1.0063391638172887,-0.6083914406402723,-1.266397322411888,-1.1970505002381973,-1.6449058948351645,-1.9431158858694884,-1.2166661392369906,-2.220941804567108,-0.940970433204432,-1.784256808204779,-0.8567728584284716,-1.606652853769372,-1.3153135176350783,-1.1294128516541524,-1.4125607248291108,-1.260982656788331,-1.3741320104562467,-2.190578794352503,-1.0994043991761355,-2.1485738870063615,-1.9040149138203377,-2.1652864889306347,-0.8787504615474716,-0.6639096612716309,-1.8059997279066236,-1.524595009464576,-2.177619237742001,-1.583406631723136,-2.2456552979314828,-1.5364465783635377,-0.8827877392466811,-2.4710528650852988,-0.7992404270400241,-2.031738277439797,-2.4154526072818268,-1.8130642063332245,-2.1847728267894646,-1.5392334204181555,-1.1230046336293509,-2.0841617987304413,-2.655935191738427,-2.3125680905806028,-2.5461552309137145,-2.0871380673113227,-2.540973704991706,-2.2476383077908277,-1.6291432037436655,-2.4907410873304565,-1.1230232332490078,-1.9424584971478314,-2.0779505765642177,-2.0263901472328048,-2.372035161590854,-1.537164823192826,-1.0531181479454956,-1.9768118349759547,-2.3454683797555917,-1.9525184448604163,-2.184968744802249,-3.1020029603981025,-2.7093254894067313,-1.510231231340646,-1.6027677455016,-2.388065831653377,-2.3858318686007416,-2.452215383235956,-1.204633525708594,-2.189063684253092,-2.2542430555883466,-0.9779431988896611,-1.9230819436210016,-2.3577359411136,-1.338263658971176,-2.3860200246506493,-2.2564036813213124,-2.740270786049318,-2.169927934632005,-1.8283272375882291,-1.3512619118807112,-2.0452424229506705,-1.329666081799063,-2.2644198810471354,-1.2799744881624369,-1.8090031525770942,-1.8792524898081089,-2.3204654358759345,-1.7892104532934476,-2.813762063191144,-1.9204908566013255,-2.7648051527417934,-1.6042413531378528,-2.0485664805081507,-1.580459374111253,-1.9236903595810702,-1.919997930565589,-2.8358159164020686,-3.0498723693446173,-1.838641224617331,-2.6503143507282956,-2.002837856226263,-1.7667298550050807
10,-1.3822334675538068,-0.43549290315544,-0.9203596878078922,-0.9611855572868162,-1.1947437230063682,-0.24354891123354908,-1.7567384782072237,-1.3462459206163917,-2.3777973330335933,,-0.40958425299703366,-0.45340595781301585,-0.677696878013342,-0.18202846122985464,-1.7197169793340283,-1.0115239788014918,-1.0425847138951891,-0.07985588006342928,-0.05248077729013506,-2.246937025593636,-2.521723184810066,-2.0487930375439296,-2.0422508953063168,-0.7655206059119769,-0.20398778382597424,-1.4451782699804665,-1.414898035309671,-0.10775456692344515,-1.2137807689148057,-0.3614347223286478,-0.6707624127926981,-1.092332978126068,-1.610059269146105,-1.637996200120429,-1.579977912374376,-0.48100173029425725,-1.5218207183928654,-1.3772026887221716,-0.40546939551881356,-1.2563592111171238,-1.1270523447078888,-0.09754073077912348,0.19434558838383673,-1.09302910261904,-1.4079056713688483,-0.4438375061219225,-1.330286774160885,-0.5289221435469275,-0.6587449250139031,-0.8292016977452961,-0.5335423764980254,0.8294228577115049,-0.9262386064327538,-0.7847559137557036,-2.148390814121054,-0.17698302544671674,-0.6672562387927706,0.6180200999027675,-0.6673114602056409,-0.8991230919856047,-0.2758896061282338,-0.77220732999271,-1.0653673824474965,0.19411200731303152,-2.0918099753071813,-0.5088464792302152,-0.63008602498141,-0.42761923126896695,-1.7868611178102425,-1.870588889530023,-1.1571951806083098,-0.9474869993583893,-0.624732717201987,-1.0774333477537863,-0.6367333737944023,-0.797723210732473,-1.22832191855481,-1.2053332605502556,-0.5683589063745651,0.1661179502007608,-0.11189625420175504,-0.3899244066480953,-1.8466152774327476,-0.22137918131376116,0.7584534965688113,-0.4108097922198596,-0.41002171007866195,-0.8075585628242414,-0.32969514598146477,-0.7028574607338784,-0.50610789509359,-1.2198187508268359,-2.8006417168418962,-1.8048628793475374,-0.712545488707472,0.3577656903838731,-0.4140836850558884,0.10120875913383116,-0.6583141743533812,-0.1764310017090552,0.8021826421862984,0.7611207758720518,0.628369355501264,-1.434846574571746,-1.354002790140628,-0.9910763118847924,-1.4015013263235327,-0.7186247139922362,-1.207505562846992,-0.6122846536689711,-0.07329819421608205,-0.23497309565722974,-0.8501813957254042,-1.4151940468574438,-0.53041098369332,-0.5742780964553845,-0.14104874575088427,-0.6082742721772493
11,-0.7852622234914397,0.9637734406750963,0.894570949371474,2.243181504945685,2.125047517197459,0.6853323822844414,-1.018633946537259,0.40284818417836665,-1.6068984905291046,-0.40958425299703366,,1.6837584088415372,1.6010458030109056,0.24147886082776507,0.6402841428640352,1.1062114507357677,0.9085605723526909,-0.31210140514069834,0.5200208740659762,-1.4700370001621346,-1.5686202034517114,-1.6731121448562258,0.5907509446403244,0.5755867910421713,0.6101190430323922,-0.6487407122978855,-0.9421496088679102,0.5443713366575265,0.5713991563825019,1.619211144341871,0.5701324698986715,0.5691941319165579,-0.7647113619120002,-0.9668319407607733,-0.9804986349831891,-1.1144252416289564,-0.2929175626817462,0.4569835412025753,0.5615035604555808,0.35140161459005187,0.8570979961968743,0.25686154715502174,-0.07783555332367317,-0.7466968789759723,0.6916616289159802,-0.4582152479559418,0.6322350426284267,0.21475272660325082,-0.8775071674382751,0.6560959301644373,0.514418006657861,0.4062055048785306,0.8847033656903577,-0.3325261235649499,-1.325798523103725,1.0652671247131724,0.7471872981069931,0.11951355773161844,1.4875202635931999,0.2712418252577716,-0.47195804160985794,-0.11020166099649278,-1.3037757910305592,0.1906445808505151,-0.7779504479483774,0.6009549477661904,-0.6845109986201378,0.6764919716174121,0.3063294745711246,-0.09682941578393237,0.6737375754719436,0.6766152274604734,-0.023586663172288684,-1.2078044657060358,0.5813502097658334,-0.29939075600397663,-0.985615488235499,-0.9308076758021592,0.7319437439784692,-0.1336721421964266,0.048715115421709664,0.2523235700206703,0.12333776660604993,-0.2639878895077872,0.5991877843982314,-0.2302351714486932,0.21508124775553603,0.8270180880709161,-0.11772602442448313,-0.41414051645962524,0.25016596793869683,1.275515280383335,-2.0051466056788843,0.08524634521530987,-0.24580308395306782,1.4661854872144215,-0.3505439485801767,0.756456117558465,-0.007653666061322237,0.21268852928580553,0.9225630657051201,0.6900261196674293,0.16519990881979918,0.29067135507651415,-0.9588886180653036,0.849468021141049,-1.4652535092182002,-0.22072028535918212,0.3955165701774715,-0.2961780495089247,0.026446703212385007,1.3657862046237614,-0.6549504169793852,-1.0187114044701975,0.5847034495988914,-0.5079339904408784,0.6404506281703505,-0.34063915059776645
12,-0.9548362624997758,1.0972684372955646,0.6917613371414897,1.3559166955344588,0.937981027368159,0.425694881394061,-1.2646201301250668,0.4286157647823984,-1.7733209851611071,-0.45340595781301585,1.6837584088415372,,1.9174596336329575,0.39792054663228366,0.2973582924176673,1.019571793711469,1.3323417645509388,0.27978755284504253,0.6611468972749281,-1.5692527423732274,-1.652766272394806,-1.7990891901286727,0.6902383794443573,0.9869464715424409,0.8889912323465748,-0.6293136076913572,-0.6194283198285029,0.7147522936444994,0.473433159112656,1.5889835340542822,0.7868604201035138,0.7791363454687051,-0.8586036896217191,-1.242889830345498,-0.9566255648186349,-1.0912020585291182,0.27833772195922324,0.8005248816952415,0.9617215383597202,0.5052331239015283,0.6333644589221354,0.5295771391612037,0.13531751394139113,-0.5557407634914726,0.7364308597819,0.01826105029258063,0.744687085145499,0.03292080319211724,-0.9935947335413192,0.7761475045020715,1.0395008640907701,0.6910492886625155,1.2612146066120986,0.23355573756383388,-1.2052032064758378,1.0979949479484237,1.1220803949604514,0.695759277261719,0.9999429303294528,0.30930212390486883,-0.31747395326889044,0.6195611421177629,-1.2900776994135683,0.4516799691217252,-0.5595032091573251,0.7163398395784749,-0.34237360433079683,0.8150215683990288,0.41729086628468287,0.5381998501428075,1.1106274665038236,0.5659930567925284,0.5579765418029115,-0.8901722249748028,1.0344528949618361,-0.4673589782626844,-0.7379188101290266,-0.4267494824637332,0.7984654096661155,0.43355034966001443,0.494434276369377,0.5744676767081134,0.6589574257471493,0.004793596539769935,1.1078377500132033,-0.049757500356172095,-0.16643379720809534,1.121518641176581,0.6723959805109372,-0.23590984129414855,0.6623257221408897,1.1776421706858267,-1.9241574332233933,0.5166834098191362,-0.1851932276956912,0.8838075058797197,0.2985389943865381,0.7932324007313288,0.10005581925207713,0.7692567743437122,1.1980732713902305,0.9149890420708059,0.3553500263434417,0.6837116935595953,-1.0367451338941525,0.9282798823129598,-1.4920607488668767,0.3508043726927158,0.8557273906579907,0.09738543428818487,0.7050429980195195,1.1996724424868004,-0.42559061906786816,-0.6979843491381559,0.5711253007601497,-0.5664733604803509,1.1864082316403224,-0.051497296571615205
13,-1.0143347913584324,1.089697202307548,0.7480584601528969,1.2824169831568977,0.3739710024928686,1.045622507178243,-1.1498799030734517,0.6829941188090678,-1.6715364230706151,-0.677696878013342,1.6010458030109056,1.9174596336329575,,0.2508952351165243,0.999004497258212,1.506944425892967,1.2390734306456779,0.04399013068695526,0.5939924397559434,-1.4165406314256481,-1.6320036532545334,-1.1843092416752565,0.6536881850911952,0.902359709677066,0.2303496924309612,-0.20202257995875214,-0.33165675466517636,0.7386583692829515,0.870531946603573,1.7815960566521898,0.8970845585812413,0.939911167519078,-0.5158137552387572,-0.7862001200490524,-1.1389328368619296,-0.9896188259584933,0.3681943356266333,0.7021314081106328,0.8510832467150303,0.8211765456036988,0.8231915933446692,0.6475669937248453,-0.02052495449159419,-0.2884590783161324,0.9691636406644806,0.23145986872425386,0.895647445274648,-0.014268076211122973,-1.0734968891408878,0.7807332179981721,0.8949726357377937,0.36829601112723687,1.2641158020667103,-0.0767730813832127,-1.3087596673230608,1.05142845421415,0.9829918392173254,0.3395214255312087,0.7863024641335357,-0.1085683041319196,-0.08745664370268981,0.3026875545964817,-1.207825085236064,0.41827652022159806,-0.6019140482704759,0.6729783661308694,-0.07749968820153823,0.6527895433702472,0.6039021557442452,0.7342830901117069,1.2008069881892258,0.7509149103310938,0.6440504964928633,-0.24692090607972828,0.8199722031628321,-0.42815364943346923,-0.635521191547215,-0.12965135886626106,0.9205745045617398,0.28643732255831444,0.3318535254525056,0.45836957717476073,0.6614131175595056,-0.3458652524156179,0.8458402758216507,-0.029256296638400618,-0.11996210395010244,1.1230493606547118,0.513066917300602,-0.18514399644596782,0.5588178991144297,0.9963782767764873,-1.798935949732268,0.8350282240512268,0.09838136322387364,0.7842590036642989,-0.08600139772541353,0.5860140042285851,0.17773858764906622,0.4867892700293353,1.1659463754037227,0.84879362435397,0.23367460153878525,0.8075037714041631,-1.2664402376557822,0.942226829622134,-1.5523858694668808,0.1980776518135896,0.8484946341321222,0.17946172120644838,0.5039150687680616,1.0736431063107237,-0.6118913473609104,-1.006872816472716,0.48787418985686526,-0.45241132803007594,1.17823026720428,0.5310928553269033
14,0.3396464186720748,0.34895941945251113,-0.32092602464476655,0.07521809251540656,-0.5469551593751316,-0.23243437580116116,-0.8091325670247479,-0.5570203107932213,-1.4173456856060915,-0.18202846122985464,0.24147886082776507,0.39792054663228366,0.2508952351165243,,-0.8046807504899717,0.03168894946715404,0.5825617622029534,0.6693031042021345,0.5723581859129662,-1.0833614111841423,-1.5984389976353024,-1.4453737072350419,-0.32686607039764676,0.29012559789623255,-0.12704424111600607,-0.6595730513916905,-0.3084982344896542,0.6716558822161912,0.2550483315916343,0.5008457043440063,0.7519648775298229,0.5255603590481362,-0.8092545401282574,-0.915119264001064,-0.6026849268549077,0.3675084882178233,-0.524273781041858,-0.2765999608507629,1.0897455682680308,-0.031824478207100236,0.05914478715825502,0.12883445071075203,1.6214566923171578,0.5378606654285654,0.5751570344588026,0.41991489005543375,0.6665592676490544,0.15740392150619503,-1.1189677797015691,0.5088353424580412,0.1439600913991321,0.4348984138851154,0.5766750483216845,0.24081858624363678,-0.8546007523647345,0.48875915032720074,0.5486857097965366,0.08933174239020009,0.5551331276505457,0.6195868841675932,0.5688217263801698,-0.10219655984520101,0.048331065640774586,0.520966841208482,-0.402634721545584,0.46467602745896797,0.5063130902953122,0.895462220352224,0.17177962202426403,-0.3740698986657696,0.4898300659709723,0.5128343617409623,0.619620324747129,-0.6836492029933158,0.528901865464688,0.23050486258979025,-0.6712895165034171,-0.48865137636359524,0.3526748544115104,0.4948188632844267,0.573331950939309,0.3612561847017113,-0.03350272486810513,0.3935112751794676,0.06530002769127409,0.2594043355438328,0.5624231869486314,0.6661585996814597,0.8794591463168095,0.6051994114374537,0.3380626195529803,0.3805282257081048,-1.4755635530616202,0.4548592705305839,0.27397143806558144,0.6048206062350097,0.13374030441444143,0.6964601547270827,0.5218386883865845,0.6985504878950004,0.555938044376917,0.6013080867900824,-0.24422266703375112,0.7567290910762511,-0.6198108031404714,0.4343343165177972,-0.7071478577119191,0.5395216212316758,0.2684319642290644,0.47702444970597513,0.24013266992203472,0.6346958514490129,-0.12148968554407556,-0.6803380929094998,0.973511625239371,-0.29704191620370657,0.4823567547786483,0.1333017363751351
15,-0.94813326390283,-0.025304783612438143,-0.8721016047108685,0.6611694937704953,-0.22899574592794253,-0.17084473670553257,-2.10431453430486,-0.48935266768541397,-2.631368526127347,-1.7197169793340283,0.6402841428640352,0.2973582924176673,0.999004497258212,-0.8046807504899717,,-0.19263931165788986,-0.05897332861659843,-1.183361415280362,-0.8271258748679705,-1.862691207762154,-2.132985364585513,-1.7043526696762348,-0.24823080619385376,-0.5440459037559294,-0.6002803583962325,-1.2820487510799659,-1.6944601909386336,-0.774731554688125,0.45647215369398464,0.2872959747124229,-0.5588434021049824,-0.4821063446099911,-1.712499352855077,-1.5006081345046414,-2.1783340581489403,-1.6956925449664262,0.07677439283686349,-0.5798767846726678,-0.5793890622632505,-0.6012293302582551,-0.14925384550104737,-0.11182769988169479,-1.282784059852867,-2.195550527601803,0.9712314497970327,-0.9581445433597168,1.2345027907278219,-1.1825563087293764,-0.5562025203990748,-0.5872980873812358,-0.8719117644690701,-0.8035244270163471,-0.1516199420496574,-0.8588719130995585,-1.992886386231994,0.011653254745654203,-0.3460296890725256,-0.4823436048752487,-0.3652562980106201,-1.1464552155216032,-1.571566421884875,-1.0079424342108947,-2.5532164042916277,-0.681562366302813,-1.2306053108288275,-0.767653657198931,-1.4297424757792985,-0.7068116878061533,1.3410772921391176,-0.23781434654440262,-0.024486796078835287,-0.7218805603856265,-0.4481442994877225,-1.4711085946241418,-0.7902249149601769,-1.7241504865854407,-2.2763732774267726,-0.9595158022289819,-0.2689348381059197,-1.081278144659267,-0.5406914213333975,-0.46941169408119715,-0.9397790370018814,-1.5782218164871828,-0.6746584576759114,-1.0688559755921052,-0.36853008777613117,-0.2853129431031578,-0.9342473869375713,-1.5068200191216299,-0.9330952592320341,-0.04647638664714082,-2.8363801060223004,0.16096710707791892,-1.2428100595709486,0.05091331879731682,-0.9367726461905977,-0.6930209495448395,-1.4258745394489374,-0.7868860222965164,0.16231040963167315,-0.41290528013131,-0.8926128619880004,-0.6282734732411368,-2.3799837347594153,-0.3609388273710364,-2.6832107754485603,-0.9630275899985999,-0.6603796061653514,-1.0747217902559834,-0.8224476134399595,0.032029015762399,-1.5648673635297097,-2.286121805065738,-0.46604850602786974,-1.536301866002656,-0.23409657929376154,-1.1714506692046525
16,-1.076500906547418,0.19560864157612104,0.591861752436945,0.7758986277382363,0.0719972732959837,1.8692276083165629,-0.29678798748793334,0.7641536317223009,-0.7488189218112472,-1.0115239788014918,1.1062114507357677,1.019571793711469,1.506944425892967,0.03168894946715404,-0.19263931165788986,,1.008615915813921,0.25852164874395595,0.9254623966824669,-0.08617920380048916,0.26110700275004994,-0.112222553680286,0.9859136223091185,0.5689569180004997,-0.2546023274783582,0.6369525283969255,0.5676442317888429,0.9399742948500723,0.34977988869297344,1.6983738342929462,1.041181043218959,1.4592417452865902,0.7070778525385987,0.41827302477082823,-0.3743676394233604,-0.1834310268457228,0.307579456929869,0.7955753677791308,0.6123349767917353,0.8830061599534286,1.370257775029587,0.7193862176212074,0.3914156444750479,-0.5859267295459855,0.7095766882192511,0.11729278427580235,0.6852117453753703,0.6024048271460578,-1.424734296036799,0.6008438337533905,0.23360927973891416,-0.006646712232579926,1.292870025417645,0.07868772300758786,0.3432742872800809,1.0245005008936583,0.6355380291577397,-0.21033799469490205,0.5475961941281554,0.10053502757943344,-0.2335279493484396,0.008440884257120952,-0.8599729219917078,0.18311496310602685,-0.17475842007702105,0.5169646168212911,-0.36117080507574295,0.6160080127098904,0.49401985729296816,0.14719965491571954,0.8323346895639713,0.8496072407485572,0.5450933664446491,0.0665794557831221,1.000401666676548,-0.21413516271697378,-0.9076500105423828,-0.16227474566092318,1.356693133199937,0.26735644236142875,0.3478516403165689,0.14717337903429845,0.3692490796976809,0.09177958630610122,0.6237290180785832,-0.18733433041633404,0.1894108262499485,1.1096189758597272,0.20825253070499847,-0.02660427517792442,0.1886955005106758,0.5819069896988014,-0.5862145254170773,0.4398979929170741,0.5252946601211362,1.0580128680640404,0.1560952879291796,0.34523739972615686,0.24268525245099168,0.37934930213137497,0.8204160456484074,0.634809976228632,0.1117693965880978,1.5741883049839946,-0.5484587249616802,1.1416568312719322,-1.2668721537686796,0.07610278662684519,0.9850389837464504,0.28735353974691924,0.18836591319739837,1.087829250702052,-0.49172677667663967,-1.0844795973127999,0.5328658473680129,-0.5344572154015126,0.7028634444468457,0.4814008383618408
17,-1.3989904226631602,1.597544600406147,1.019823981727347,1.25624208745406,-0.023051638754812424,0.11449917831238386,-1.2875291442615957,0.747093649948396,-1.8624385061835769,-1.0425847138951891,0.9085605723526909,1.3323417645509388,1.2390734306456779,0.5825617622029534,-0.05897332861659843,1.008615915813921,,0.2328059850078573,0.3057291806277137,-0.9802710790025961,-1.4143517037788138,-1.2982112649474629,1.1736490998811058,1.2887654653945881,0.5318417392320917,-0.1759792913745835,-1.009181703448318,0.27260460471008396,1.018182056053676,1.983374782977232,0.8837704377623385,1.581185297169006,-0.8273568368236816,-0.9960072617665423,-1.2077590300402459,-1.4573477390957241,0.7193074665922811,1.7035198885046487,1.2209140050305893,0.907051954375116,0.2885301712415298,0.6805863814542031,0.22725155294895127,-0.4760778481512632,1.58011874605533,0.1221083717536683,1.4440896021280607,0.6281279579477899,-1.2772633581196515,1.1630120164425597,1.416074862804864,0.43896487345592056,2.0629424860071306,0.26530631117542347,-1.025526267857883,1.2059474853995809,1.6585862579000752,0.7100649760308779,0.7372102430576417,0.22611104237310642,0.19003839301128272,0.9142396741504588,-0.9777199606663186,0.5019851742741777,-0.4713615501974899,0.6920825717487465,-0.27460337067372625,0.8124535533264594,1.347847067381,0.7402158891137017,1.572186959962236,1.282065834562765,1.2094075041449337,-0.504484336505461,1.1023820656988081,-0.25378257999295833,-1.0956504319193663,-0.10947734416157741,1.1583782995157166,0.22810605200955023,0.5709033316959161,0.6013708665356661,1.406590472650527,0.15763215641896425,1.1717905786616876,0.22754658747998607,-0.2455157782037759,1.9125923820265645,0.8418084026718379,0.0151820197503782,1.0970022278162541,1.5025864883179951,-2.1284716214158634,1.3465962580768547,-0.30174210383920635,1.1881983267523604,0.25960715164547665,0.7389161044555944,0.684820541148236,0.778162689101614,1.0199780916540202,0.9366701180883829,0.324096131195839,0.7344409833703057,-0.7246096552434225,1.34072460511197,-1.162605704723233,0.5114580993729133,1.8999904290812288,0.30034762297185785,0.5825452243340425,1.249001443427441,-0.27959197499851524,-0.749322129082236,0.9342622483789406,-0.3295816203083084,1.3138997396952237,0.027881685136786006
18,-0.5300095101788638,0.294685691928888,0.49053464434021243,-0.37110763964623306,-0.7760194362804518,0.2031338991450743,-0.5186042141034841,-0.14745085209558217,-1.0063391638172887,-0.07985588006342928,-0.31210140514069834,0.27978755284504253,0.04399013068695526,0.6693031042021345,-1.183361415280362,0.25852164874395595,0.2328059850078573,,1.4624637405516765,-1.3335120497927322,-1.2654309604007634,-1.3309040063148876,-0.2826409200224478,1.2160960403708387,0.2174657120703755,-0.2945456796285315,-0.20208687972052197,1.223798417521286,-0.2730926904150963,0.602301989778354,1.4814706542241067,0.5417645753546757,-0.29058665815247275,-0.8839825019757148,-0.852197735207446,-0.7436130233253745,-0.2912072064210058,0.08667498630145005,0.5335000686726178,1.0867258566601623,0.40243185622908756,0.5562000317127026,0.6393807118427295,-0.16300446412940772,-0.02988075903442562,0.8232533949345945,-0.05450084522850176,-0.09895027083861715,-1.0801387366436201,1.1408806883482925,0.6256054552356853,0.41697184167845536,0.40706085696958566,0.7900020339813452,-0.9956070080879856,1.1696355536031509,0.6062879675900773,-0.0799466762685281,0.039405514685530954,-0.15390113272349965,0.32603285073483323,-0.3799030701458145,-0.2728497534262801,1.1976646228264949,-0.6536860244843361,1.2752881680196044,0.803180891704564,0.3725549714036384,-0.28445134975541386,-0.7368249374201632,0.5039253205361311,0.7757086860914216,0.7524349072587212,0.056990600869622064,0.4080642079763277,-0.21396238686846852,-1.1409876336024176,0.018783410818043883,0.3482906618836446,1.9000369551914902,0.3957675216668426,0.5819102548597761,-0.11171765110208343,1.8417412838120446,0.353680542127462,0.38403953211972586,0.6115093289642143,0.51626317185924,0.17570379026296232,1.1702458717016586,0.642023619577305,-0.2521514651701435,-1.8393165115375336,-0.4151489092147263,0.9344516839975906,0.664624497647872,0.3850062790203468,2.14152509789395,0.4298040407362971,1.9600107397894302,0.11648719491758763,0.18651130438870678,-0.37626394725175405,-0.21009055797072182,-0.9079149299229929,0.056700069826059844,-1.4092785888802557,1.670188769681652,0.20900561541111903,1.8893406222783309,1.7834020634605139,0.41984855176524993,-0.2523211358007794,-0.6096289641525116,0.7606705430856558,-0.28183961377949307,0.7994621276833427,1.118100983327596
19,-0.12167097706293775,-0.08198195734963569,0.4152519753195982,0.344796638564753,0.12976112527706876,0.48352923103804496,-0.10110968213062786,-0.32134797119355746,-0.6083914406402723,-0.05248077729013506,0.5200208740659762,0.6611468972749281,0.5939924397559434,0.5723581859129662,-0.8271258748679705,0.9254623966824669,0.3057291806277137,1.4624637405516765,,-0.7211647684243621,-0.22950178695124554,-0.8523702626809958,-0.026505981404579607,0.6405466687244535,0.18484773155583123,0.14055647860284903,0.6002751470266138,1.270853585066948,-0.49089884072961026,1.1927687890492116,1.4282863857718622,1.2194476442976274,0.3655118436114405,-0.20147104188375256,0.8970057459727736,-0.08668726940457296,0.29319136598545786,-0.2464467676953299,0.649411781800623,0.8044749802977457,1.4910943701288768,0.9157164132760656,0.40751790885818884,-0.0894649210067308,0.2781677318144202,0.8541653818565774,0.0016966570827166626,0.018940230075931156,-0.286459702307172,0.9464497443102634,0.20523543790638366,0.4074053085783177,0.6336963394081213,0.43646563853082626,0.08115496317481635,1.492812286869895,0.24287799801831342,-0.567714451509815,0.7323431181104006,-0.044278847024014946,0.1163310816540063,-0.5028787102455138,0.1661402139349509,0.39204391285697,0.2995498477632835,1.1348272055921016,0.2962715171027728,0.9509519730369541,-0.27468109334248214,-0.3315013480295352,0.4908731950641722,0.6399609074373667,0.8289538547350525,0.49633212864817594,0.6472361397643818,0.10508580771627449,-0.8528251136578043,0.4718328428796325,0.6865545874910454,1.3017561434825768,0.9316315786706579,0.6550034860629803,-0.6387575409146976,1.2888766738742707,0.20121674537162693,0.4310860664425931,1.0171752929723954,0.7806728812035796,0.3411421925134765,0.3370143980643153,0.030953557015172987,-0.43042706175643586,-0.47977263284229815,-0.09247864465642987,1.2618405839429865,1.111928540876643,0.6045509529121132,1.3548705818963285,-0.24166478795025867,1.2045858747631406,0.31971842369062226,0.007878045048724431,-0.3699778796799245,0.8724296370216719,-0.14370292350750094,-0.23431437042872116,-0.8665048059655408,0.6023898439109516,-0.144815563952701,0.6903645741510535,1.0544199859983567,0.471343175763394,-0.05691857559331801,-0.7758037716748412,0.5165463084014624,-0.423229782964459,0.5673940739867219,1.0572992008852693
20,-1.9964075832202173,-1.7339082588736223,-1.436954576295537,-1.161486422191743,-1.5635585454396048,-0.4837779220518786,-0.9642846114925265,-1.7008522319263393,-1.266397322411888,-2.246937025593636,-1.4700370001621346,-1.5692527423732274,-1.4165406314256481,-1.0833614111841423,-1.862691207762154,-0.08617920380048916,-0.9802710790025961,-1.3335120497927322,-0.7211647684243621,,0.9199390566994693,1.6683137189504282,-1.1683573244536265,-1.575730392756435,-1.969772577442857,1.6878418928819516,0.3455561414207669,-0.8919393851607381,-1.2582306726400505,-1.190728149584273,-1.0930925669380318,-0.3764647234631079,-0.6532058942647838,1.859151550918004,-2.059193621899517,-1.5708053133837472,-1.6422839380172929,-1.694056435362158,-1.2899733312904598,-0.3161676778701666,-0.965378802178703,-1.6495825070089498,-1.2375350490614427,-1.6113684122108378,-0.6144038148352743,-1.5445858554667924,-1.2409671051246327,-0.770797176526797,-1.9413833975906198,-1.2422970030054994,-2.0953917143453564,-1.8223342191739575,-1.386953695020421,-1.5843586883434184,1.7382032959709937,-1.336671362497167,-1.6275737765633387,-2.052733948137352,-1.4942146026534207,-1.5760249829458919,-1.650528181835018,-1.7287864494336207,-1.818842679487985,-1.8190801834945054,-1.7715160875831297,-1.3124273088035578,-1.4069391739157813,-1.4961104182571074,-1.3938712336458499,-1.4105299432930292,-1.3376879726496407,-1.5783468528040612,-1.1137880439628411,-1.2876619353348526,-1.5007894625528724,-1.7356268607254748,-2.310354563573629,-1.4854956479558874,-1.5222025008643687,-1.4218407605937748,-1.561940054708036,-1.8789893559235302,-2.275782640305657,-1.399769480806902,-2.117147659330961,-2.012489355320981,-1.0901727729773123,-1.422856120071496,-1.4727910435775189,-1.6055493156595853,-2.4142328542084814,-1.7583375661014435,-0.052129466066262016,-1.2802989943793712,-0.4589533718846263,-1.250871838794283,-1.9376700905147317,-1.5032256002643654,-1.6492049796369657,-1.382256084541655,-1.3510869335145068,-1.4262259279868386,-1.7444574530587804,0.30802708724515837,-1.7466438724187168,-1.803548965632369,-1.8321689637558378,-1.5110723555924543,-1.8299994543429936,-1.1115620317760346,-1.573168821688132,-1.7614356374829032,-2.324070242323079,-2.3663015538106946,-1.2781141744924611,-1.8403259749539427,-1.6146802911918918,-1.0756179457704969
21,-1.6436013897100323,-2.447601019587106,-1.8439184291438313,-1.1179205636213478,-1.140552413436146,-1.0805175445755189,-1.1069062962197822,-1.7722585520341811,-1.1970505002381973,-2.521723184810066,-1.5686202034517114,-1.652766272394806,-1.6320036532545334,-1.5984389976353024,-2.132985364585513,0.26110700275004994,-1.4143517037788138,-1.2654309604007634,-0.22950178695124554,0.9199390566994693,,0.44180658183715493,-0.5019043132207976,-1.5682045428934817,-1.808431813679035,0.8739059169339967,0.6260880229970422,-1.2247645256783377,-1.7766579616692186,-0.9336453376080561,-0.9785399435739123,-0.41249375457989873,-0.02429438027236585,1.0890694434162576,-0.4515890978565264,-1.719991368899199,-1.3233032122103665,-2.002679481529511,-1.1203128073602708,-0.5393793907946562,-0.8489826343433079,-1.5737882864492923,-1.3373388803559358,-1.8693000726054507,-0.9202063765634223,-1.35679550974721,-1.0641692390636606,-1.1087170589830886,-1.7936116256891754,-1.4087958268223704,-2.3953580121012714,-1.639916108946358,-1.2764460779306939,-1.3758012774393882,1.881941052854988,-0.7433197262245456,-1.6175635999484153,-2.3378414646672967,-1.016070188590852,-1.269359226524832,-2.126472087842708,-2.2039504620547143,-1.7243443379761392,-1.8845704190971364,-1.1246547068095751,-1.1638281252847429,-1.5362560132034415,-1.1618121657094262,-1.1555572768675189,-1.444727937081601,-1.7401302308461575,-1.7873368466111894,-1.0107851437637836,-1.0352446671187663,-1.2524540609833357,-1.6387430415925888,-2.4558955327570735,-1.5821097635193968,-1.8659788126594943,-1.2379862466389648,-1.2495835200670675,-1.5889486035453595,-2.2337808626555002,-1.0630568985723943,-2.2022634656912583,-1.7149343727653916,-0.3836125287239098,-1.14834574340826,-1.7403824634430842,-1.3403483181353117,-2.552513140367277,-1.5848165401698326,0.6830594442670336,-1.49001803654248,-0.19599221231084443,-0.6152483538721842,-1.2134355966254582,-1.5314834475032961,-1.9073922771386158,-1.1886315367183746,-1.5403314803678738,-1.7577214074333456,-1.941857783702221,0.4634829536304721,-1.3761523864529186,-1.7682237660160134,-2.352742647295482,-1.577237761496635,-1.6706394154197421,-1.2338539667162491,-1.4077155715440481,-1.4801523059934858,-1.8199064605203379,-2.3209274865319567,-1.0318391228375134,-2.1004326246549567,-1.377404713736508,-0.8194002639608151
22,-2.0536717396053414,-1.9381518513995426,-1.9735887783554156,-1.578718990425954,-2.2555207566453155,-0.1268227739537068,-1.5803848015593476,-1.3543466109554751,-1.6449058948351645,-2.0487930375439296,-1.6731121448562258,-1.7990891901286727,-1.1843092416752565,-1.4453737072350419,-1.7043526696762348,-0.112222553680286,-1.2982112649474629,-1.3309040063148876,-0.8523702626809958,1.6683137189504282,0.44180658183715493,,-2.184712314305487,-1.9514237998548938,-2.6927722489293444,2.1246848500444195,0.19184059598510778,-0.7039199044114381,-1.4238719412048422,-0.819949410072205,-1.3662979875467027,-1.0252305560328119,-0.33010515967362386,2.809578881444268,-1.9938769885199277,-1.4081735275742753,-1.5739038160478813,-2.1347812168981926,-1.3502218984393992,-0.7388888421395087,-0.7174070588779213,-0.8404271091961352,-1.1283112130552404,-1.7525599840973958,-0.8560179372836683,-1.1553423485757761,-1.189306015655896,-1.03196307417785,-1.6087499068857294,-1.6749859454187757,-2.2183333384352,-1.8931930621280446,-1.1432023046559758,-1.5580040579024474,1.739506839406658,-1.5047119776959546,-1.4534646404417504,-1.880282011473933,-1.8519411156347005,-1.9770960770594943,-1.6340117903183908,-1.9222798586237861,-1.5510974520956757,-1.4385398707628054,-2.0072125094786593,-1.6355175650937501,-1.4106876553951633,-1.5453993979816207,-1.389485514114205,-1.8208291451494512,-1.4743867640106934,-1.555354890731645,-0.9407974393913513,-0.974738935286352,-1.0541259146051492,-1.492471967219536,-1.8320007777874117,-0.9438612026258892,-1.1130237333700626,-0.7609646615313542,-1.2196942466301703,-1.7733374966755606,-2.4513568485426442,-1.493723119685388,-1.9517307726049182,-1.652914805642731,-0.6990640763522575,-1.2097682895633155,-1.4854275767125926,-1.403098774491101,-2.2158836477536172,-2.152851712291752,-0.9313488608256238,-1.5437257636601538,-0.05377746014121234,-1.0164389440249557,-1.3229452709668246,-1.6127967822684277,-1.2148110182706624,-1.1916370865621084,-1.3769712608285627,-1.48421632928683,-1.5141191308023718,0.08196413804064347,-1.6663393209084205,-1.2165648102973006,-1.9287312786009507,-1.393604546628421,-1.5739633186078241,-1.006432606338616,-0.9944153329252403,-1.199016399272278,-1.7584215233911387,-2.217272850339688,-0.961733699801138,-1.2874142585279795,-1.5157427031807569,-0.635374791745635
23,-1.8581413082500147,0.02718246169131324,0.6745736106656377,0.6903829061779266,0.42841007912668094,-0.2504651847495519,-1.5402461131478546,0.3551075393672931,-1.9431158858694884,-2.0422508953063168,0.5907509446403244,0.6902383794443573,0.6536881850911952,-0.32686607039764676,-0.24823080619385376,0.9859136223091185,1.1736490998811058,-0.2826409200224478,-0.026505981404579607,-1.1683573244536265,-0.5019043132207976,-2.184712314305487,,0.7673457080115444,0.5357295355384502,-1.0366423620672145,-0.42206879606907505,-0.055862527164463396,0.38804634602873994,1.3520013713705847,0.8616994170315813,1.4016641607269333,-0.6955845351413322,-1.2999452738157986,-0.8771012689389271,-2.4989813841699826,0.012040670885209078,0.8673015024768123,0.7360914171593533,0.6561910918189112,-0.1710945193648021,-0.3621736815510121,-0.5180698077305265,-0.6361996581835501,1.0484252683786333,-0.3690543398439294,0.6380246026292686,-0.2079123764788087,-2.1684674046742716,0.7270078787807902,0.2987557090703242,0.0381220538798024,0.7384510635612527,0.2186306013759151,-0.9518355445118843,0.7448307083710295,0.5515356699709527,-0.7507718054511773,0.44422286747571266,0.12819345015107628,-0.7227383849247341,-0.023016746540293162,-1.5020019590060008,-0.27621864474254565,0.29156298806974806,0.7201648485513422,-0.3890001562478135,0.3842046112738886,0.6641685159649643,0.3660995710112582,0.3000884300881374,0.36513076920479565,0.40493826621108436,-0.7838585711210768,0.2470145542660638,-0.7867112908846824,-1.3461413548548962,-0.7199390250215322,0.3239142605659067,-0.9628832187628735,-0.03140119138753369,0.30882278642029004,0.42193097357413,-0.31642685152772826,-0.058112474435109265,-0.5216414760359873,-0.6613216284090138,0.9867742882886132,-0.09781249546757101,-0.36775973156352,0.07116471932910538,1.0113433019065121,-1.2641369043481137,0.6796896963292489,-0.7818645166222221,0.7721823258043126,-0.41378382493638055,0.00014662646380434025,-0.47732159923542394,0.009578518292135787,0.21472517552416198,0.127226105881609,-0.6147100583402175,0.3331798549029215,-0.8219601150110082,0.21696293033234612,-1.668257647616675,-0.3315603521318679,0.6966390287084495,-0.34302019259342914,-0.4850248887180637,0.3935598698467263,-0.8811287310008864,-1.1412119986192988,0.14065474631958705,-1.4464187040994987,0.782866917249972,-0.39443317687240387
24,-1.2895804718301636,1.0754985040879914,1.1153783921890117,0.44927837387428926,-0.337760022801573,0.20950821690944382,-0.5354357634155252,0.6449694521609413,-1.2166661392369906,-0.7655206059119769,0.5755867910421713,0.9869464715424409,0.902359709677066,0.29012559789623255,-0.5440459037559294,0.5689569180004997,1.2887654653945881,1.2160960403708387,0.6405466687244535,-1.575730392756435,-1.5682045428934817,-1.9514237998548938,0.7673457080115444,,0.6190851476817285,-0.5905589731055331,-0.667483017729918,0.7206606327136097,0.6588820400065625,1.3160356642871542,1.4079887363347876,0.8461441201265301,-0.6057033265032662,-1.326137565065853,-1.2501728309783204,-1.5669566381023285,0.040439099790091276,1.3553398991576262,0.923531275001295,1.5843178801025843,0.5499482094769715,0.44811819903923517,-0.019085907554379913,-0.303275239914258,0.8003331833583966,0.07387937178597481,0.806827163277908,0.04575590789468212,-1.6187610096031126,2.2693332399091233,1.2625273444239407,0.4155662509689146,1.3821128776101133,0.43520152778496934,-1.3528808692943814,1.5378716015821416,1.595128096395286,-0.08875870439179306,0.6074220607538429,0.18248126687463348,0.05063748033184513,0.5102826053128541,-0.8861433060105255,0.7632059316312045,-0.4807924813455913,1.5262637646577357,0.09057712143536029,0.8828567695955634,0.5184371939092688,0.4261182039370842,1.3094762327753766,1.837674367295844,0.7411070011258576,-0.6988480459447154,0.7074412703444156,-0.4601532704688647,-1.279846987216733,-0.48407721332345094,0.9128805273700399,0.24403436773716666,0.2958109606893367,0.5793949169647145,1.2846091100913581,0.9821507108862088,0.8459170889923338,0.4598270270488543,-0.39229329532579693,1.3505214498674012,0.5237524826885684,0.22070295665061412,0.8358974690962729,0.9573432358479627,-2.158733692908936,0.30438990359637924,-0.03263862573134006,1.108789474388893,0.04562675616830986,1.4351480188877137,0.24349027664256068,1.3144973678475564,0.6596932663899646,0.7136778750767501,0.28916122415131273,0.0729195363487773,-1.2141364065427558,0.9503659440496329,-1.5950419727788567,1.2365102790433313,0.9846201759912971,0.707301318615643,0.4611686009234814,1.1142180083069895,-0.4975505969209066,-0.8700888019774391,0.701966745740847,-0.9506995787917449,1.1523972256240846,0.26096468431408315
25,-1.1475446753881289,0.7639730330451449,0.48300546723914994,0.3743500933147593,0.07761311282391473,-0.6348341905261997,-1.4828296496599982,-0.19673095038531635,-2.220941804567108,-0.20398778382597424,0.6101190430323922,0.8889912323465748,0.2303496924309612,-0.12704424111600607,-0.6002803583962325,-0.2546023274783582,0.5318417392320917,0.2174657120703755,0.18484773155583123,-1.969772577442857,-1.808431813679035,-2.6927722489293444,0.5357295355384502,0.6190851476817285,,-1.3201452064389994,-1.065903005517439,0.28855816656715527,0.3076957465647144,0.7504226188654416,0.6473840218048257,0.42789971662222454,-1.3666504976639073,-1.9876786251600655,-1.091643993209406,-1.9414924094736226,-0.7761134476930815,-0.08206206869612828,0.7701601376128001,-0.14771484296368922,-0.634058700465906,0.29363032129419525,-0.229091804946253,-0.7144758473170746,-0.03761084642004642,-0.2495681343645196,-0.1198996088949097,-0.19078257892513795,-0.8858060227055903,0.6031280446932682,0.6060183029149516,1.489894330761011,0.10216140550825382,-0.02588344569617345,-2.0254796181589763,1.254666329614212,0.6420811425095388,0.7428389518332607,0.7671740980988999,-0.015470406460107004,-0.3436511856411074,0.06595116861352544,-1.3745764968925223,1.0803658281434727,-0.8907549008918092,0.4575231777121431,-0.10973953637541534,0.6349524242156193,-0.27368099710582316,-0.7639964977446854,0.4549771397522715,0.19894373825489156,0.20913895697898813,-1.1752261064026743,0.08160647162086379,-0.5639052689846076,-1.4495018931161632,-0.5109395199536221,-0.1782104449712476,-0.02400348528344753,0.5397005689583535,0.799406562668534,-0.2702768076561886,-0.26454615845058366,1.1993367800247166,0.12918917997293336,-0.21457559517599523,0.2375891809007464,-0.06719239156031452,-0.21486142303502312,0.6346931638296678,0.3917625021198678,-2.3371940924665293,-0.6048821216732744,-0.8618355244521058,0.8557583569774481,0.06814230187132989,0.9634756036319959,-0.33785671024624286,0.8810649185844911,1.1966137586279186,0.8917123755005699,0.438306177539417,-0.5214513480580862,-0.9027798110251833,-0.33868098032877525,-1.3246293710188823,-0.005221688248136806,-0.10112622288748835,-0.2328908597455883,0.8632188834153779,0.785180824976092,-0.7039016437905328,-0.9969851056608874,0.40833771880502645,-0.7113521954545121,1.562386890654048,-0.4560321321940383
26,-1.4154616299058518,-0.6553294310278672,-0.5375115033074127,-0.37388137208041544,-1.1325997201945508,0.45085286332724633,-0.6855946140167959,-0.5745643598352984,-0.940970433204432,-1.4451782699804665,-0.6487407122978855,-0.6293136076913572,-0.20202257995875214,-0.6595730513916905,-1.2820487510799659,0.6369525283969255,-0.1759792913745835,-0.2945456796285315,0.14055647860284903,1.6878418928819516,0.8739059169339967,2.1246848500444195,-1.0366423620672145,-0.5905589731055331,-1.3201452064389994,,0.6947617305022648,-0.16679686345407513,-0.6557285700683002,0.2643688179988967,-0.3864638199958565,0.23626196617315032,0.17858769568982438,2.222929021672458,-1.7032605141701238,-1.0108177432998937,-0.6513717280192546,-0.524757201166828,-0.3938599825724206,0.338134550963545,-0.21790564478739516,-0.4295429171325555,-0.5016802193395249,-1.0304153249524748,-0.08242506923734849,-0.25603875976334917,-0.38940823718200607,-0.09113654641508111,-1.0738741969936634,-0.21971618828165804,-1.0649723902844495,-1.1610414572051142,0.163606800071687,-0.8219353060498729,1.9274505104129462,-0.10503857125940812,-0.14379858886856506,-0.9322418117460898,-0.5617980910435426,-1.149387582313692,-0.3047033383277498,-1.0751023270055362,-1.1005279287182237,-0.45656087671629014,-1.2832662916447475,-0.554939974484744,-0.43264058461879373,-0.6092192017646161,-0.766999676905913,-0.5935640454068556,-0.09497701708479718,-0.29709000649127976,0.0390531929071491,-0.7194701210851054,-0.07945082308362485,-0.63978694136733,-1.6384191283550922,-0.5673744964874436,-0.35412786552887293,-0.44020072400316285,-0.5638527788332659,-0.7648362390285285,-0.7197921083379185,-0.5735049793218988,-0.9243983311731296,-0.9979078283794803,-0.45958042193325904,-0.20722047956189282,-0.6645392411093103,-0.6747325022258597,-1.0837092312462897,-0.8012140555467967,-0.4269566392267408,-0.7680459730165723,0.21668664934049012,-0.11772557138841859,-0.7628303423779158,-0.33972401728952556,-0.2254190571911376,-0.21460140058565827,-0.6508130535890734,-0.7933024913928922,-1.1489005924601872,0.6875484595422654,-0.8303567352232477,-0.39138564010543053,-1.3082117178528634,-0.5439669309259241,-0.2190979172934375,0.01820690442121275,-0.4856417679776915,-0.4285333529204362,-1.3568875982238362,-1.5882547630193184,-0.24003682338764362,-1.0550180882560127,-0.233821195938046,-0.022800577623249843
27,-1.7498171251012546,-1.6830412805170285,-1.3071475573814897,-1.1147360507207982,-1.2614245076106887,0.0042187637994424996,-1.2508817440193525,-0.8812041814521693,-1.784256808204779,-1.414898035309671,-0.9421496088679102,-0.6194283198285029,-0.33165675466517636,-0.3084982344896542,-1.6944601909386336,0.5676442317888429,-1.009181703448318,-0.20208687972052197,0.6002751470266138,0.3455561414207669,0.6260880229970422,0.19184059598510778,-0.42206879606907505,-0.667483017729918,-1.065903005517439,0.6947617305022648,,0.2499283486130404,-1.0666826872730066,-0.03668404207162691,0.1531767847870847,0.6502020952046178,0.6548316210935762,0.8335942676089363,-0.3568251300290999,-1.1783757341058612,-1.1081915917374583,-1.3114978722783397,0.3210641056261297,0.450259053288699,0.005378334497987457,-0.4634017300188593,-0.14189534269210036,-0.09973208022502221,-0.5486997597908757,0.16555593565787982,-0.5942909532969287,-0.7167400812458306,-1.8405801209744987,-0.3492460979030364,-1.1939381745925215,-0.38888236612882515,-0.5142969670199691,-0.02109724899837511,1.2507693160795441,0.12509829980557208,-0.4741176538636767,-1.3131076834008024,0.1347461628823459,-0.12816764537489517,-0.5614358159608188,-0.6832793628337283,-0.11004791079263912,-0.8193074285763254,0.32558904670311667,0.305369393948399,0.05495915899667677,0.34501321245372885,-0.7560132013682073,-0.49135458692462447,-0.8521998098399929,-0.5279418114775811,0.32372253443743315,0.3763260717030229,0.13010307273630595,-0.07991666554731675,-0.6493303953145236,0.004629301279933588,-0.6196610481249724,-0.27143971055731597,0.3513230378765501,-0.08374488435029136,-1.19073472326085,-0.2801430870967739,-1.023163593385082,-0.3760893628881879,-0.4752525868630417,-0.035855093793251296,0.023556067388561825,-0.48012673672210987,-1.119942458284742,-0.8790061478977993,0.8220313981769133,-0.8670664035439759,0.7322625802979277,-0.3677289588817896,-0.0675497284739941,-0.3141959447367184,-0.450834352324434,-0.1738923058389738,-0.3508781818352985,-0.45018456424534575,-0.7358861981323281,1.453523935798868,-0.30737766693825697,-0.881916874310278,-0.49931732212859936,-0.43852944916325026,-0.8453799175811568,-0.2140772338656888,-0.42729912695798,-0.6363983847588442,-0.5627384020797501,-0.7707608695738353,-0.3428520271299204,-0.8145501037247967,-0.19957831814064897,0.6240851215947679
28,-1.0536401014658157,-0.04037356034420439,0.20434308242880259,0.21790003581601047,-0.24496994651570295,0.5901718927410611,0.028490497532361752,0.11673201068423461,-0.8567728584284716,-0.10775456692344515,0.5443713366575265,0.7147522936444994,0.7386583692829515,0.6716558822161912,-0.774731554688125,0.9399742948500723,0.27260460471008396,1.223798417521286,1.270853585066948,-0.8919393851607381,-1.2247645256783377,-0.7039199044114381,-0.055862527164463396,0.7206606327136097,0.28855816656715527,-0.16679686345407513,0.2499283486130404,,-0.03645732179007702,1.4337989901745236,1.8462013745904264,1.1860936608995962,0.24268494009717287,-0.5410204758426016,-0.12445021811657613,-1.0872112344064184,0.019234457598584196,-0.08001686430078463,1.1872958938543516,0.7569344397820718,1.1741921419301367,1.6004469043465046,1.0182801423199532,0.4365528704290095,0.15554057330914375,1.378819212365657,0.1719895283976731,0.28252112846433824,-1.0065582842023317,1.02210610925616,0.5750128290696158,1.0568966226791903,0.4846057214973394,1.161476998446779,-0.7766857249339091,1.4110761713881996,0.7585889458661158,-0.10833570440141656,0.7802950815624801,0.3728346968714367,0.9179644894723396,0.14346166158130655,0.9191787878229969,0.9852720169624989,0.5469407390854946,1.6456338855499661,1.0144287341379832,1.3791742666217863,-0.11659899821368438,-0.550509625902138,0.8330075074146687,1.0504339263886562,1.4990427208902668,0.5478847484077721,1.191799498283746,1.117321202991831,0.2529325048246611,0.8457344536756133,1.5640972272776308,1.0778603884959552,1.3205727926954667,1.3508502600170709,-0.29279215605828596,0.9755545470424304,0.9465557073083203,0.9400454802925272,0.25975480858907346,1.117917812822737,0.9848789730617936,0.6904102170914014,0.629041078411217,0.16337703388154237,-1.47183868414392,-0.03831251282311389,0.9757117352610055,0.9633823468983062,1.1182795985003169,1.2916460681600008,0.8715736072340415,1.1424270739804023,1.0013123848529473,1.0848937125828022,0.39855622504235944,0.6504843139837503,-0.425345797402697,0.7284942051297708,-0.19705345210031286,0.8519698825619909,0.35723069743802194,0.6169210409701317,1.173422957735916,1.1348520724817956,0.409286193848591,0.03142271294051886,0.7516697429301994,0.8351014979379576,1.2735027390523164,1.1062190232928197
29,-0.011257513231827616,1.3078645338042652,0.4327774603164336,1.1830091735777373,-0.31034397639289923,0.29963914207953335,-0.9014237517914074,0.2536083466954928,-1.606652853769372,-1.2137807689148057,0.5713991563825019,0.473433159112656,0.870531946603573,0.2550483315916343,0.45647215369398464,0.34977988869297344,1.018182056053676,-0.2730926904150963,-0.49089884072961026,-1.2582306726400505,-1.7766579616692186,-1.4238719412048422,0.38804634602873994,0.6588820400065625,0.3076957465647144,-0.6557285700683002,-1.0666826872730066,-0.03645732179007702,,0.8447789752551299,0.15784932657197556,0.24309743474796092,-0.6991076499485642,-0.9336317609226463,-1.6500934096577238,-1.3374303770530334,-0.06766426152972167,0.7737307669607832,0.464319297164655,0.4274278025182631,-0.11741911523304788,-0.037154254566637485,-0.12518594738283373,-0.6916405792767131,1.8821146436684029,-0.5172733368761863,1.8589692248704202,-0.021124576257364667,-0.7801212182176801,0.688803932344991,0.3489024762782868,-0.08559986003288576,0.9044523571965312,-0.2523015398239265,-1.6074651189715778,0.486031058948216,0.6584258545263508,0.11400065003544445,0.02279917716730514,-0.2729425329088908,-0.4575695834576991,0.1272780444866066,-1.4441393371627413,0.413625079817196,-0.9142858316375944,0.5391250678730506,-0.2601004505764792,0.06876737514633897,1.599218351286497,-0.08004414081832904,0.8248803031863191,0.5189059002388781,0.2337722836478216,-1.50083700960049,0.003550211800780404,-0.7587456669929385,-1.2991315323905988,-0.7292862492870877,0.41645783144891024,-0.6384200282924545,-0.4222916137066274,-0.31873012131320455,0.6675760915543708,-0.6633168478997781,0.22206416018727765,-0.46602657392474556,0.3956424610469765,0.593988147214155,0.059992163052870286,-0.2485137053174582,0.32139549747751417,0.7520308418893548,-2.543612587578448,1.4678399345121322,-0.8020087490109538,0.6503827120526585,-0.7509279311297533,0.06890889108748051,-0.19210217699882562,0.10206824290232008,0.4838839196782,0.5522458788791214,-0.02378226311202708,-0.26961223844318477,-1.727980238213513,0.7358444434754923,-1.4567629815958911,-0.1449727648298245,0.7218486626031844,-0.16895776091413772,-0.239354813751815,0.6098941755108304,-0.9864893989482301,-1.1818178849796912,0.1575781095764854,-0.9214369444946495,0.5152245810734113,-0.42600051157730273
30,-0.9414871729702547,1.1971860329056638,1.0940008284919904,1.4685207516195207,0.6099576598730967,0.8866984921840746,-0.8209148039303152,1.2788894406645475,-1.3153135176350783,-0.3614347223286478,1.619211144341871,1.5889835340542822,1.7815960566521898,0.5008457043440063,0.2872959747124229,1.6983738342929462,1.983374782977232,0.602301989778354,1.1927687890492116,-1.190728149584273,-0.9336453376080561,-0.819949410072205,1.3520013713705847,1.3160356642871542,0.7504226188654416,0.2643688179988967,-0.03668404207162691,1.4337989901745236,0.8447789752551299,,1.4383352132996403,1.8223366983846387,0.18439014014959282,-0.5770155318038921,-0.17788112116693025,-1.092670008648677,0.6928294303538934,1.441442699130731,1.4760675281680082,1.3850458885882646,1.5196061631314783,1.5619664740429315,0.4710803977199056,0.05326135828659901,1.2991306148650061,0.8030500075169767,1.2503148881466006,0.6211511309042832,-0.7321744292896248,1.3527742639918732,1.4091161775234824,0.8191032709749059,2.072869730642607,0.9383312412084592,-0.7887251944937179,1.8444860587366332,1.658552019223812,0.4868961424916031,1.1798630707227684,0.5200936580910649,0.5128448647939601,0.6501012718541537,-0.05367592304008032,0.9085910241672768,0.2299070324854736,1.3732595402103864,0.2932798283721958,1.2269996976888895,1.0592767098164038,0.48121673901313794,1.5366523045819735,1.6648653550565227,1.2699092544985975,0.1424736610994746,1.6598157135878129,0.6174782497353406,-0.21388303042378637,0.45494673205573366,2.097616333145395,0.7431705669254254,1.2347253902781739,1.1249409938700023,1.102541033456548,0.559050875679687,1.3773542713132756,0.8194428753505446,0.27474441275297423,1.997561510126769,1.032843409195483,0.3700175778762832,1.2671868158358297,1.3485186280940253,-1.8321745709564492,1.0067843521491098,0.5456943952261347,1.7522309832465666,1.0125072010740306,1.0281589731665233,0.9869116116544482,1.0533163010785456,1.4035407833881086,1.1804306413221033,0.5828412782214382,0.8449316769837413,-0.26368832906776385,1.8064611684527692,-0.6599531766148352,0.6629961823795262,1.7501413080469777,0.6025034988439898,0.8628260138331383,1.9740841815817831,0.28948642279204656,-0.2871423726282559,1.2032355895514089,0.21935159115890318,1.6920026636155066,0.7475876422659243
31,-0.9110364943653428,0.31127454467751053,0.4726723682911503,0.316873799261116,-0.33623116674192755,0.17717466570579882,-0.39594011374565646,0.18565150936852506,-1.1294128516541524,-0.6707624127926981,0.5701324698986715,0.7868604201035138,0.8970845585812413,0.7519648775298229,-0.5588434021049824,1.041181043218959,0.8837704377623385,1.4814706542241067,1.4282863857718622,-1.0930925669380318,-0.9785399435739123,-1.3662979875467027,0.8616994170315813,1.4079887363347876,0.6473840218048257,-0.3864638199958565,0.1531767847870847,1.8462013745904264,0.15784932657197556,1.4383352132996403,,1.375203285702939,-0.13356763399941526,-0.7033322582577227,-0.1382573364089384,-1.0659848826435474,0.210921733559349,0.4370514419045264,1.157530389479488,1.6026455355841243,1.3708992397308533,0.7186650948718134,0.3847238246876288,-0.017863606446164262,0.6859165320607217,0.8691599423957895,0.6771262688476208,0.185652491711304,-1.5649529810720415,1.4208398785168443,1.1158531138767174,0.9598914527045914,1.01445522319387,0.8675335479895955,-0.6844176697392637,1.8708017409968156,1.0746665743077481,-0.3516360993377326,1.0264229780113223,0.3090828655174385,0.31120847624859577,0.19703266249884926,-0.027665410802429104,0.8275361712056956,0.31879914035392676,1.8264220487028928,0.586275741066352,1.585606322637461,0.6166121511574945,-0.10859960575963302,1.1883333754433911,1.552459717271305,1.0666812625895785,0.19505142177969764,0.9768079308215094,0.16225875378111967,-0.9461657832294201,0.24359696089825184,1.005314831370725,1.1449679526726573,1.0323273741319254,1.2520821231285981,0.23464257698893692,1.5502909289792874,0.8978370429187936,0.7294051832695999,0.44629736537732556,1.217128391752341,0.6848233281649744,0.5468878009852225,1.196788986466235,0.6354044185009124,-1.154518307803414,0.18652940846548655,0.8903697875711115,1.2188546594254777,0.5766739552495712,1.7772443773672988,0.4707776056749635,1.576486563755132,0.8807754209112886,0.8730805014237172,0.22810435559414388,0.7515990920243641,-0.31812500881659167,0.5909756960425355,-1.381817055257655,1.2456698499665984,0.6658881648968219,1.070854528128321,1.2339856963284923,1.0489810876833527,-0.07125055657424086,-0.8857949569778164,0.5794563744388807,-0.58197349497871,1.5162009335194,1.0747016481581642
32,-1.5792920879975574,0.6106344577485676,0.6686755318841184,0.4865836048822555,-0.10903689882330828,0.371473387302322,-0.7095074692225666,0.4830476442254253,-1.4125607248291108,-1.092332978126068,0.5691941319165579,0.7791363454687051,0.939911167519078,0.5255603590481362,-0.4821063446099911,1.4592417452865902,1.581185297169006,0.5417645753546757,1.2194476442976274,-0.3764647234631079,-0.41249375457989873,-1.0252305560328119,1.4016641607269333,0.8461441201265301,0.42789971662222454,0.23626196617315032,0.6502020952046178,1.1860936608995962,0.24309743474796092,1.8223366983846387,1.375203285702939,,0.5109510660215355,-0.31967233580057014,-0.05402358971240541,-1.3250836961570147,0.7597861459327429,1.034674914965272,1.3461498877010727,1.3363408070827352,0.9761973975139799,1.4514601987296183,0.35992679892885676,0.13455589476450694,0.9241181401246307,1.2263816770357627,0.7630765446570589,0.24852386813271907,-1.4975298390609246,1.1501243340385625,0.8059512918327946,0.638910663849245,1.519414687138294,1.325019265989173,-0.01788218565409125,1.6436879006416476,1.1792549604536164,-0.1863456606782059,0.9561998526052028,0.514830530932512,0.5797817514361694,0.301133394299988,0.007799671159843101,0.5060895385130636,0.5926864564117956,1.2183177923433646,0.4208675546525343,1.2473433437711994,0.831447209893553,0.6189646589979387,1.0810616038712715,1.310488525290452,1.8420904797949749,0.986119517842194,1.2917813371333116,0.6450128716148169,-0.6395849812122254,0.8811112907016647,1.6428915999939553,0.34169605469469944,1.4442433123318899,1.474501192300097,0.6807058294975161,0.4237052904846116,0.7269635821238402,0.32726216423244603,-0.1521773862263726,1.6428198492106176,1.017976809095664,0.3183224796052732,0.859480423088028,0.8472365112583722,-0.4047963498138566,0.779373044668602,0.7817808882222814,1.1529992559821158,1.0691907702214796,0.8920527008572435,0.6178597838285427,0.8044389882012838,0.8210065682342889,0.7384756236409769,0.06993393487750599,1.4812964998917688,0.08438741822669217,0.9677791597986702,-0.8473923745576641,0.4540813434283506,1.3240369605093099,0.918642692492029,0.4808344423881236,1.008035284174948,-0.12794608405051344,-0.5446949379991533,0.8279273037406308,-0.23876133144628384,1.5373205802480778,1.0806564065193058
33,-1.9601819697348,-1.1419220774410241,-0.8637873695455129,-0.6877037623578366,-1.136279421371399,0.3687365206082236,-0.9264859575869834,-0.23884529756855874,-1.260982656788331,-1.610059269146105,-0.7647113619120002,-0.8586036896217191,-0.5158137552387572,-0.8092545401282574,-1.712499352855077,0.7070778525385987,-0.8273568368236816,-0.29058665815247275,0.3655118436114405,-0.6532058942647838,-0.02429438027236585,-0.33010515967362386,-0.6955845351413322,-0.6057033265032662,-1.3666504976639073,0.17858769568982438,0.6548316210935762,0.24268494009717287,-0.6991076499485642,0.18439014014959282,-0.13356763399941526,0.5109510660215355,,0.15399460362737868,-0.8763401057150554,-1.4416042607060648,0.19206901903365542,-0.5069920670463589,0.00036083483080584484,0.29483429495647445,-0.08422585258936402,0.03590620149525289,-0.04493137102025957,-0.3482284127178909,-0.7124485822056342,0.6477072088743389,-0.5234686457030193,0.8734771356496298,-2.1793863105532836,-0.2762422892314599,-1.0843564084850228,-0.7670775978478465,-0.16883261301796693,0.10108894651776998,-0.13625644227386507,-0.19925866233485065,-0.33078979733522273,-1.3721592985379074,-0.5031353163997395,-0.7443421674375034,0.05233784677234786,-0.6354783652297361,-0.22426931039319498,-0.3566149523688492,-0.1162581547003513,0.19561735880519562,0.07297513619332799,-0.1966948306392555,-0.7431918971028469,-0.5357633889298573,-0.7437653407472886,-0.13403395930100212,0.5729599023367224,0.2176928858633408,0.16419959897970052,0.07635201721795232,-1.1169149386670132,0.4679277814321653,0.0854093844625808,-0.35933434193562114,0.17095197333700274,-0.1924366938514775,-0.7829689098140278,-0.2752924919706718,-0.7314293101376899,-0.8646669008568595,-0.10135616554843101,0.05589523000951264,-0.3297046503837299,0.15001895443363716,-0.8038150531458406,-0.8131572068429255,-1.0016444376511777,-1.2230359719232404,0.29290954673273883,-0.15873083298120846,-0.07260125651065007,-0.7565614713291611,0.07209381884918997,-0.4802090947311562,-0.5477646984501127,-0.44017660253612917,-0.764643479713982,0.3236690963743644,-0.25331750809656234,-0.28680597139778646,-0.8646611732678318,-0.6137481337793472,-0.40224860914241506,-0.16954243098909427,-0.5468073439205177,-0.41347932442033597,-1.2164417171860968,-1.117971383672166,-0.2770938157467048,-0.8099845840523949,-0.2797939411855932,0.521695628981034
34,-1.7313414307127781,-1.4900601636399193,-1.4264368675440127,-0.9768619652015322,-1.4220082045779974,0.19744992905557487,-1.1618083420383574,-0.9246649347099745,-1.3741320104562467,-1.637996200120429,-0.9668319407607733,-1.242889830345498,-0.7862001200490524,-0.915119264001064,-1.5006081345046414,0.41827302477082823,-0.9960072617665423,-0.8839825019757148,-0.20147104188375256,1.859151550918004,1.0890694434162576,2.809578881444268,-1.2999452738157986,-1.326137565065853,-1.9876786251600655,2.222929021672458,0.8335942676089363,-0.5410204758426016,-0.9336317609226463,-0.5770155318038921,-0.7033322582577227,-0.31967233580057014,0.15399460362737868,,-1.290993949735185,-1.1757034578703915,-1.212711677711346,-1.5679013266452775,-0.6430893687112336,-0.11303355841257223,-0.3923040207340798,-0.7466300381938632,-0.527624512064909,-1.310253496333736,-0.33879576032826847,-0.6060980802218661,-0.7295207086038474,-0.6589407569871636,-1.472106956512125,-0.9304658625897363,-1.7470056200242163,-1.2404990528113926,-0.6936962153280367,-1.0505707775776234,2.3070393753015304,-0.9685575057558306,-1.0955368521169215,-1.6476749583890422,-0.8487208432858324,-1.1200876891685982,-1.2027919750671778,-1.26399723134485,-1.1110906262043567,-1.0734661215379997,-1.2229397031611837,-0.8903202029406418,-0.8625369933111668,-0.8021700389696155,-0.8445747751220971,-1.1296966335265957,-1.0864007238982651,-1.03849036230033,-0.45232791047015003,-0.6106690921319388,-0.5921533759509662,-0.8179756445820745,-1.4076649739101514,-0.5470020622118755,-0.8877235348257467,-0.38837419275380636,-0.8338016353824966,-1.2229706458980654,-1.834378809149033,-0.8025292778591994,-1.4775423609855605,-1.2009234446887496,-0.07359310381578683,-0.7602143491900097,-0.9879137537695286,-0.8555669429472667,-1.8672747634265765,-1.4350343240283896,0.2581053883260197,-1.1030922766911804,0.35955081208616496,-0.41977611502273876,-0.9836232097329818,-0.9935285602066708,-0.8138641411268716,-0.7065839633599932,-0.7794746229101039,-0.8497929287802322,-0.9287016309663425,0.7755495581085065,-0.6077160837702084,-0.829442178572623,-1.397290079038271,-0.9699606288768766,-1.113239514703181,-0.6164002087162967,-0.6694641935594587,-0.7635641904973354,-1.415910719074033,-1.4593761421117204,-0.6117747439192555,-1.0970728957095355,-0.9574265295061233,-0.130324959692976
35,-1.0560769105058818,-2.050950308146677,-1.9528709090253225,-0.8642293632202537,-1.022229189019361,-1.7080108362899384,-1.5806344500761271,-2.0618477285170074,-2.190578794352503,-1.579977912374376,-0.9804986349831891,-0.9566255648186349,-1.1389328368619296,-0.6026849268549077,-2.1783340581489403,-0.3743676394233604,-1.2077590300402459,-0.852197735207446,0.8970057459727736,-2.059193621899517,-0.4515890978565264,-1.9938769885199277,-0.8771012689389271,-1.2501728309783204,-1.091643993209406,-1.7032605141701238,-0.3568251300290999,-0.12445021811657613,-1.6500934096577238,-0.17788112116693025,-0.1382573364089384,-0.05402358971240541,-0.8763401057150554,-1.290993949735185,,-1.2190860824530285,-1.0847648606872458,-2.2369099328181044,-0.16476041076713757,-1.0355747125458843,0.3086873171497011,-0.1444071695114856,-0.5209932929045715,-1.0962213387799402,-0.6892997264349402,-0.39906546024810446,-0.8764185281424619,-1.9483351767483992,-1.2106080853975987,-0.7978271174786369,-1.5342017110472939,-0.6070379369147967,-0.7840843762034334,-0.9267444204851057,-0.515586484406886,0.3068511092919792,-1.2598500030046471,-1.6015431119611119,-0.4818402354529579,-0.30878938445100923,-1.500153442757819,-2.144026555120116,-0.5384812056733788,-1.425618204183227,-0.6045858841577838,-0.2898457087598926,-0.9593618097021942,0.040251631478972094,-0.901306717292455,-1.8658312322913655,-1.031678591154702,-0.6789746567597128,-0.2814542752561421,-0.6384269004120399,-0.5660867563667038,-0.9925809329119855,-1.192607270468861,-1.134292082227594,-0.9248419993720773,-0.3556457618038803,-0.11540270056994628,-0.8587137857488762,-2.096610167336009,-0.1760559110541572,-1.3917442872726375,-0.4529903708414006,-0.043835657793482245,-0.15555126480947593,-0.7512562754661558,-1.253866778597036,-1.5243944483311644,-1.7980600028286045,-0.7819785639925394,-0.7784879698290449,-0.11241972931178573,0.1708697138158026,-0.2018822085222421,-0.7704758528345189,-1.6536593148124505,-0.6453428864107963,-0.850085909992774,-1.1509364047668533,-1.6384402501976942,0.03628975535126131,-1.0706371310699292,-1.2347695083793115,-1.591617703655339,-1.0693578798655161,-1.3936404494613392,-1.3861996116814141,-0.6847314973761185,-0.877744285717304,-0.6252041081286493,-1.3845763926796681,-0.6153771669582929,-1.2937136197357844,-0.837031018600813,-0.536709257073998
36,0.9411697871934892,-1.2717337475706836,-1.8365412146889473,-1.158651002236897,-1.7431267181698693,0.0990504024393686,-0.7406104414724799,-2.2121498135864432,-1.0994043991761355,-0.48100173029425725,-1.1144252416289564,-1.0912020585291182,-0.9896188259584933,0.3675084882178233,-1.6956925449664262,-0.1834310268457228,-1.4573477390957241,-0.7436130233253745,-0.08668726940457296,-1.5708053133837472,-1.719991368899199,-1.4081735275742753,-2.4989813841699826,-1.5669566381023285,-1.9414924094736226,-1.0108177432998937,-1.1783757341058612,-1.0872112344064184,-1.3374303770530334,-1.092670008648677,-1.0659848826435474,-1.3250836961570147,-1.4416042607060648,-1.1757034578703915,-1.2190860824530285,,-1.8823277453069387,-1.9081239012341602,-1.6814710099301184,-1.5855007307504885,-0.5791159611287386,-0.8225380158133528,0.10156910321178432,-2.1782610203475494,-1.1912290949773778,-1.5353309200067884,-1.1452275580990479,-1.3576133801970887,-0.14793714083218226,-1.4136882707323106,-1.896505225984755,-1.5066985782606432,-1.0668537956911996,-1.8512582000561157,-1.173268901190187,-0.9647940706483711,-1.6435511324345327,-0.9642566237494854,-1.2530321010488357,-1.6407898073567282,-1.6776327290685966,-1.9173824053913557,-1.99869777273184,-1.1515959426308364,-2.338028442605416,-1.6190180616896932,-1.8966913461342083,-1.3952576329040427,-1.6400586449047092,-2.258512893499145,-0.9157220160343755,-1.4965753689083061,-1.4360119519977361,-1.5789968967652805,-1.4386440087374546,-2.0707447782540473,-2.4003809600784187,-2.1316286621524996,-1.313119981730893,-0.4129682799480003,-1.1442479563018535,-1.649602194578841,-2.1981475235578514,-0.9863751511418908,-1.2207794136505956,-1.1876440233971113,0.07913529330292808,-1.4983926125848062,-1.361974554295047,-1.5588065266594675,-1.7096285596253642,-1.9137835855684497,-1.9549593098288471,-1.4520808640337042,-0.7800175376648462,-0.352556592783793,-1.3269274898097438,-0.873758212165296,-1.9127133682481994,-0.8136170707028563,-0.5942777085528577,-1.0760093143695755,-1.4074581204871368,-0.6329771010179142,-2.3572526762349915,-1.6141425178972202,-2.659469028206488,-1.3225319125282264,-1.8371957638450027,-1.0525816594148947,-1.0650650275759415,-1.2273944280061548,-1.344113613818917,-2.6136733968024215,-1.1815167015040289,-1.6884642359628188,-1.5285462240148815,-1.0655122867019031
37,-1.4979317321638623,-0.31824683050347446,-0.6186267618598202,-0.029227852691841423,-0.9199989009755859,-0.31764168472916077,-1.5460382241700819,-0.06798176357784812,-2.1485738870063615,-1.5218207183928654,-0.2929175626817462,0.27833772195922324,0.3681943356266333,-0.524273781041858,0.07677439283686349,0.307579456929869,0.7193074665922811,-0.2912072064210058,0.29319136598545786,-1.6422839380172929,-1.3233032122103665,-1.5739038160478813,0.012040670885209078,0.040439099790091276,-0.7761134476930815,-0.6513717280192546,-1.1081915917374583,0.019234457598584196,-0.06766426152972167,0.6928294303538934,0.210921733559349,0.7597861459327429,0.19206901903365542,-1.212711677711346,-1.0847648606872458,-1.8823277453069387,,0.5591200776905029,0.10699526129414039,0.10324079442412014,-0.028431247264589295,0.39606800873661946,-0.193736300278817,-1.3239887703393272,0.9901513411941049,0.7981977014621155,0.741154958098011,0.4135472478111262,-1.3739741826718777,0.029057471362529994,-0.03643190634793937,-0.5298610482679852,0.7423493050709776,0.35925675171459714,-1.3651436094647356,0.4648120861964512,0.30856051950149455,-0.41332032585460504,-0.46763765575335264,-0.5286809042157118,-0.17674098499839974,-0.1143028903312149,-1.4170976852392947,-0.06983211097270117,-0.6251812639290331,-0.0425027218876415,-0.4365537594090531,-0.1453580910220698,0.6660998629938555,0.9150819561750237,0.5674979279575122,0.2681874941596006,1.2767660333411384,-0.09095911955746977,0.4924539456793015,-0.8464776383482342,-1.698448197945438,0.3990354731697394,0.7094095442082955,-0.35162140976189893,0.6856872479629108,0.4772619954611593,0.1092532770039789,-0.257656654489458,-0.00661747109296503,-0.5724668980495637,-0.2782183127884555,0.7205102899116573,0.5172068016282438,-0.003286461406750722,-0.09983404652037596,0.07929078081082866,-2.341282605840453,0.49187195700093717,-0.6335196828195163,-0.0008660347538792283,0.22166604680252883,-0.2875438479529209,-0.4159670438014864,-0.05637194248099186,0.14313369013281807,-0.23583146170181304,-0.5352731665678678,0.18956005195981995,-1.168829597934525,0.42161996516767875,-1.824713205008811,-0.20456668726750338,0.5118416067886411,-0.4327859397003249,-0.14279815892464964,0.16942202383807428,-0.8767511784961413,-1.4202897461085606,-0.1320955632143818,-1.0314947461917956,0.1135904059239778,-0.47761014588928297
38,-2.0287267471768193,1.442649759283171,1.1187235375008937,0.6351309835806271,-0.46373265846756434,0.4449870593041199,-1.2918248776815542,1.2690542589463274,-1.9040149138203377,-1.3772026887221716,0.4569835412025753,0.8005248816952415,0.7021314081106328,-0.2765999608507629,-0.5798767846726678,0.7955753677791308,1.7035198885046487,0.08667498630145005,-0.2464467676953299,-1.694056435362158,-2.002679481529511,-2.1347812168981926,0.8673015024768123,1.3553398991576262,-0.08206206869612828,-0.524757201166828,-1.3114978722783397,-0.08001686430078463,0.7737307669607832,1.441442699130731,0.4370514419045264,1.034674914965272,-0.5069920670463589,-1.5679013266452775,-2.2369099328181044,-1.9081239012341602,0.5591200776905029,,0.596646882506576,0.960296399934098,-0.2331876433187849,0.02180086623225545,-0.03535304622932177,-0.6804184664418895,0.825971537976558,-0.19111620166105706,0.7154648615036759,0.595422582368544,-2.283229546461467,1.0963541304439524,1.1664153037034053,-0.3885566399392609,2.1188269350488116,0.3189533347303875,-1.7724068873979508,0.6849861190464904,1.2720692054543368,0.11356520816621476,0.011243478423231973,-0.07164348272499597,0.2664413171873812,0.6529070048176145,-1.3718180842857248,0.2716326578621721,-0.5811938804215052,0.687597192542808,-0.3659480370940803,0.16564153850663774,0.557330447046161,0.5334391334737646,1.1490871661545357,1.2143484446325374,0.6399135722898679,-0.9511978484169766,0.8215765088001378,-0.40635098463096797,-1.798119465289945,-0.45496792630824934,1.3476506352837962,-0.7966772917511918,-0.1391229686311217,0.1761834157339634,2.0235766280560266,-0.22853793416347823,0.8621472717294006,-0.567019409002492,-1.3417955082854607,1.324428747234694,0.43495665309396286,-0.06172576338148289,1.0340232345406346,1.5753855093627962,-2.8056158599972805,0.5897272702420031,-0.9396670774737107,0.5368697437949657,-0.1127053704765847,0.14888113191152474,0.4462739867529599,0.21223981509319334,0.5263234156747133,0.6432200474461194,0.2543326112724875,-0.17569581384393093,-1.0399199715178724,1.6107415436912913,-1.7409958151181337,0.15046059922177243,2.068603099575786,0.1558029410621967,-0.5592216238699214,1.058712272839159,-1.290983834807746,-1.298471715880184,0.2008497536016426,-1.166794471420937,0.9377383985405346,-0.45671871771517925
39,-1.2389018148089985,0.6304225582868836,0.23049413869147756,0.32610783173858415,-0.3672333587089963,-0.10448873054455333,-1.6361020466040939,0.3670861023230505,-2.1652864889306347,-0.40546939551881356,0.5615035604555808,0.9617215383597202,0.8510832467150303,1.0897455682680308,-0.5793890622632505,0.6123349767917353,1.2209140050305893,0.5335000686726178,0.649411781800623,-1.2899733312904598,-1.1203128073602708,-1.3502218984393992,0.7360914171593533,0.923531275001295,0.7701601376128001,-0.3938599825724206,0.3210641056261297,1.1872958938543516,0.464319297164655,1.4760675281680082,1.157530389479488,1.3461498877010727,0.00036083483080584484,-0.6430893687112336,-0.16476041076713757,-1.6814710099301184,0.10699526129414039,0.596646882506576,,0.6723352827680126,0.3470697538911373,0.8195924390047584,1.3207041607169898,1.4798064527167438,0.862125200086875,1.7955683141208247,1.1996837463750052,-0.0037179138988119513,-1.3568760678077365,1.0104061619018065,0.9653499579485237,1.8870038033325867,1.349549183069035,0.9112011206777882,-0.6125311834230636,1.443112511778201,1.8173336901336872,0.8230858746826136,1.4081631542678896,1.7103606086739167,1.1507493442442374,0.9066909655718308,1.4108446418060927,0.9950010766923625,0.511060133972009,1.180501801292591,1.551559984159911,2.3450096880043763,1.0314791906674348,0.38891130225676535,0.9564828937048802,1.1935100616524743,1.978234202620757,-0.07618800379024472,2.079509788701838,1.1712592717929402,0.538887283769537,0.8081146042061879,0.8850820324852732,0.765561080839221,1.8714788267654723,1.1990353060267012,1.1035615933486913,0.4456757232491502,0.9444582071867901,1.135063243793721,0.08991090530825083,2.1290935741275283,2.0461735783212425,0.8745613488197438,1.0269832188589325,1.1221910638712889,-1.1963984613474605,0.7324340200451667,0.5701645215521314,1.0354113048595088,1.1796710009215503,0.8951399524087454,1.6616156189842872,1.1039144259332427,1.2775171253999862,1.3858867251840747,0.5476655913902286,1.5094538774489503,0.3538240613375764,1.6569017240519175,0.046360689206927715,0.9945196911609572,1.7572229391479766,0.6074409406796194,1.0045595435506283,1.6356987870745063,0.7414987203759333,0.5578847799778481,1.5847246441919483,0.4850216005993964,1.7214749720576126,0.9369731800973153
40,-1.4885922271504954,0.42641080724249775,0.46793941375927206,0.13181673084155293,-0.5557485375690667,0.5114081549081075,-0.2079960713549216,0.5221415783178269,-0.8787504615474716,-1.2563592111171238,0.35140161459005187,0.5052331239015283,0.8211765456036988,-0.031824478207100236,-0.6012293302582551,0.8830061599534286,0.907051954375116,1.0867258566601623,0.8044749802977457,-0.3161676778701666,-0.5393793907946562,-0.7388888421395087,0.6561910918189112,1.5843178801025843,-0.14771484296368922,0.338134550963545,0.450259053288699,0.7569344397820718,0.4274278025182631,1.3850458885882646,1.6026455355841243,1.3363408070827352,0.29483429495647445,-0.11303355841257223,-1.0355747125458843,-1.5855007307504885,0.10324079442412014,0.960296399934098,0.6723352827680126,,1.1066536455393694,0.32392569334574445,-0.03232025535654565,-0.17914995518372034,0.7362768927159403,0.3219420604912991,0.6975692601392948,0.30878400215473073,-1.7184588214328125,1.8214363553755482,0.8120761720568559,-0.004053523508727117,1.1602761033006765,0.6629770561551654,-0.29183102752895745,1.4553415471013607,0.7876580105413734,-0.541565486619862,0.5735719436824535,0.017038335697960497,-0.02103377718059263,0.4593718636561156,-0.34581286929236826,0.20476144568795906,0.0037978379163752037,2.127012978175319,0.26524067443558685,0.6319735624636886,0.5316640847136309,0.3577712773337278,0.9400171690655418,1.7595548180889935,0.8259229753326572,0.08365097675975294,0.8731234460298734,0.022151490516834283,-0.789557962976619,-0.051092753637644,0.8486050132419919,0.3747257330061233,0.32923778488602745,0.47487040899787614,0.6348099037715695,1.0286106495135747,0.4623934348718532,0.27506614577648514,-0.32880138985185703,1.2081121976356648,0.47513256111974883,0.32706411641125216,0.5103421437123213,0.8338839937339145,-1.2002461672384541,0.4294588954759042,0.6643285315143366,0.7052546514686016,0.15520216360205935,0.9947006084633027,0.3282926900518056,1.0123288722884025,0.5870597943286187,0.6255287129773163,0.12362457387412377,0.7311107595741578,-0.8911940832314974,0.7007958340498499,-1.1785950919685617,1.0010477685720163,0.8232206813583061,0.9655460077720655,0.40593753539220695,0.49551906800892154,-0.5022495757839619,-0.6342296481508108,0.3959091439495905,-0.5583619382804995,0.7757685477690757,0.7315599029857279
41,-0.7538600973268863,-0.2698175601206111,-0.03893696118269877,0.6296637502848816,-0.11809362281344428,0.6335528290079211,0.024438323406914774,-0.06394088481355928,-0.6639096612716309,-1.1270523447078888,0.8570979961968743,0.6333644589221354,0.8231915933446692,0.05914478715825502,-0.14925384550104737,1.370257775029587,0.2885301712415298,0.40243185622908756,1.4910943701288768,-0.965378802178703,-0.8489826343433079,-0.7174070588779213,-0.1710945193648021,0.5499482094769715,-0.634058700465906,-0.21790564478739516,0.005378334497987457,1.1741921419301367,-0.11741911523304788,1.5196061631314783,1.3708992397308533,0.9761973975139799,-0.08422585258936402,-0.3923040207340798,0.3086873171497011,-0.5791159611287386,-0.028431247264589295,-0.2331876433187849,0.3470697538911373,1.1066536455393694,,1.3877420479475449,-0.1669625298020026,-0.5707208453017482,0.5683203892601714,0.2011900488157301,0.4064922520649931,-0.33649736807870895,-0.80844316062783,0.7993441802974857,-0.055289842580667034,-0.2766213088003792,0.6988962318491585,0.02101709223858752,-0.5008781076028156,1.2618347161068282,0.21720437960098152,-0.9677269747998871,0.35933693507558134,-0.17876357040715807,-0.6845708125573617,-0.5931337337084667,-0.2107030903923854,-0.40530801802282185,-0.1685582575423338,0.683239736691356,-0.6183233475087827,0.5008083812809769,0.25237536980605385,-0.5795787001048486,0.8686049750023905,0.9097337819304417,0.3986208013878975,-0.03494233727218049,0.6075709117871267,-0.399034213151382,-0.9976544593077625,-0.09678832623182995,1.4858920041558368,0.8270996319700086,0.39740942783453326,-0.13191471232978352,-0.44850338604955775,0.7207829698819713,-0.03011507984840897,0.302464107338196,-0.1211559797899538,0.8301036392369505,0.03217118123661128,-0.4704531002128915,-0.14884380136977074,-0.2718422199901084,-1.1678911373392353,0.23120626234134808,0.98591615819265,1.0292927164754067,0.2909054419712056,0.6843363998224095,-0.4562816832131863,0.6027454176018384,0.11874660321398987,-0.1341777346337884,-0.4469013798866951,0.8073551204057535,-1.0062886625014882,0.8677679394336448,-1.4961913456843128,0.39911530884549595,0.25112663893539594,0.05727208378758713,0.1342111864468422,0.8930031894580078,-0.17063829753235807,-1.0256916015926565,0.11655447819004823,-0.6258260315498985,0.17818443319853575,0.42855700235583827
42,-1.1026148609321944,0.44267195833358286,-0.1287169379893176,0.09590944085325961,-0.8573371079076096,0.5661876689671148,-1.1656675523199718,0.16533508011718034,-1.8059997279066236,-0.09754073077912348,0.25686154715502174,0.5295771391612037,0.6475669937248453,0.12883445071075203,-0.11182769988169479,0.7193862176212074,0.6805863814542031,0.5562000317127026,0.9157164132760656,-1.6495825070089498,-1.5737882864492923,-0.8404271091961352,-0.3621736815510121,0.44811819903923517,0.29363032129419525,-0.4295429171325555,-0.4634017300188593,1.6004469043465046,-0.037154254566637485,1.5619664740429315,0.7186650948718134,1.4514601987296183,0.03590620149525289,-0.7466300381938632,-0.1444071695114856,-0.8225380158133528,0.39606800873661946,0.02180086623225545,0.8195924390047584,0.32392569334574445,1.3877420479475449,,0.32202945013240925,-0.3728801123366214,0.37657525176206424,1.6217232511496371,0.46243884477470765,-0.6236076781920202,-0.5455323505084853,0.44327278300027884,0.25017440039978767,0.6449345119069073,0.8891769514273213,1.1061389931143955,-1.1348621063103357,1.0170165765582537,0.8291956165144606,0.08748146263870984,0.4507189802065976,-0.21045516377803475,0.4780813814441529,-0.3091165426742335,0.008650053976998372,0.9092775426846885,-0.19187167942164762,0.459913193049394,0.14201031836782332,0.7807335287256149,0.34882628562741036,-0.4498243762191344,0.8696084003896937,0.8487935574950228,1.9281930399106089,0.9678789998917511,0.912013912242115,0.2216857425536694,-0.34278769150794813,1.503048260411098,1.971584493197358,1.3945438828479115,1.8077407222271877,1.5125708681655823,-0.11491557668166033,0.3239165371645713,1.1309898468727162,1.1297945538598522,0.06235544118122499,1.2189807577382041,0.6610053572111674,0.11589050937357555,0.6755089648795177,-0.2011705251907245,-2.0815700463672306,0.10983314233262217,0.8394366541538781,1.5886664931631986,1.7562357255727647,0.9449022805678808,0.46476462390743034,1.2269597221544526,0.9661273359117506,0.7365394699532709,0.5133933871789483,0.25307800124062824,-0.5600372827787156,1.1867685936517534,-1.2907139477357599,0.6615458506701667,0.5562979854789203,0.6517062002734761,1.308044172559616,1.601413342187513,0.6353552703621638,-0.24682807689669645,1.2139522245191436,0.4671013004751048,1.1844095762876803,1.1819272834909553
43,-0.6183711540508583,-0.1225174428074862,-0.33903066095264295,-0.29412398509291054,-0.7621604346133135,0.4385547898001589,-0.840284310159765,-0.005139519741585282,-1.524595009464576,0.19434558838383673,-0.07783555332367317,0.13531751394139113,-0.02052495449159419,1.6214566923171578,-1.282784059852867,0.3914156444750479,0.22725155294895127,0.6393807118427295,0.40751790885818884,-1.2375350490614427,-1.3373388803559358,-1.1283112130552404,-0.5180698077305265,-0.019085907554379913,-0.229091804946253,-0.5016802193395249,-0.14189534269210036,1.0182801423199532,-0.12518594738283373,0.4710803977199056,0.3847238246876288,0.35992679892885676,-0.04493137102025957,-0.527624512064909,-0.5209932929045715,0.10156910321178432,-0.193736300278817,-0.03535304622932177,1.3207041607169898,-0.03232025535654565,-0.1669625298020026,0.32202945013240925,,0.44614855113649315,0.011954841527935679,1.0670396064739065,0.2375236152457365,0.7030181347182255,-1.292168632770987,0.3742522201377889,-0.11703757778476727,0.9686442207519423,0.41490308960758937,0.5349326036427474,-0.7861059391228743,0.3743368853222279,0.4604608291562484,0.5134188402905187,0.36632347063861065,1.5381996110439524,0.9669574606280413,0.6454811984569323,0.6121756047715577,0.4115090762785743,-0.20564003452598298,0.4490389595666852,0.7662917966169175,0.8074722285531866,-0.14524646129933175,-0.5455348623491535,0.3611652720809626,0.21602999403392195,1.200806865424455,0.019460179126871258,1.2358821595144673,0.5504866841279582,-0.36721502265334266,0.1675882560066743,0.35983721922498857,0.375045511821818,0.9492074557847031,0.36383076512890267,-0.07513636632194635,0.45102803546961434,0.9156052000835772,0.25482174171025485,0.14092359621973838,1.123792718684533,1.0702790891016354,0.8777644974081252,-0.06576747282658914,0.07442221084047224,-1.7085853116168694,-0.04584616679156337,-0.00023475050976872624,0.3545394394534423,0.6534615844660381,0.17600682093508194,0.9755175431266487,0.4116856576280534,1.3398051561796638,1.4497044143838342,0.6091619354665696,0.754856895366384,-0.27830527331516974,0.7338254085730495,-0.27366434139061996,0.417178052791858,0.5236454169200719,0.02280653273283178,0.20917098389190825,0.6374975461167622,-0.10222453108220325,-0.18967239766579472,0.5707207602226247,0.3935330095842182,0.3508037413110239,0.02539550973401501
44,-2.154183611737243,-0.764784969167106,-0.43652724506934537,-1.0629384468003384,-1.5623167026692422,-0.7484066944653388,-1.6363932706100535,-0.6514759240282143,-2.177619237742001,-1.09302910261904,-0.7466968789759723,-0.5557407634914726,-0.2884590783161324,0.5378606654285654,-2.195550527601803,-0.5859267295459855,-0.4760778481512632,-0.16300446412940772,-0.0894649210067308,-1.6113684122108378,-1.8693000726054507,-1.7525599840973958,-0.6361996581835501,-0.303275239914258,-0.7144758473170746,-1.0304153249524748,-0.09973208022502221,0.4365528704290095,-0.6916405792767131,0.05326135828659901,-0.017863606446164262,0.13455589476450694,-0.3482284127178909,-1.310253496333736,-1.0962213387799402,-2.1782610203475494,-1.3239887703393272,-0.6804184664418895,1.4798064527167438,-0.17914995518372034,-0.5707208453017482,-0.3728801123366214,0.44614855113649315,,-0.6027578069289408,0.6413181456232755,-0.6930051834457537,-0.5557126359713314,-2.299169743733976,0.2140115157824911,-0.5666206220617127,0.4227008085999314,-0.06919665757955633,-0.22658740301790703,-1.3833846419103175,-0.059294658450107604,-0.012611372732327309,-0.48671645335209723,0.028244056745823712,0.5049480292327622,0.8522272960715986,-0.2780908083583391,0.9925855978338485,-0.13598716034959554,-0.0920954614193801,0.14619235174982934,1.0286583533201623,0.8978394123354152,-0.7605048466595746,-0.7760632402020317,-0.6280240655763097,0.0597400800131318,0.618467389156487,-0.5950115335342577,0.5386447931224867,0.6870678291553335,0.1187115605797988,-0.22632659859952162,-0.29177455932134966,-0.4394507463594442,0.2759240912643953,-0.22497104692966455,-0.17038790246353896,-0.2529539100865006,-0.37129175051187646,-0.4122866006286937,-1.1954157500419613,0.4446730792707112,0.626327142794471,0.31240282419643495,-0.3781020644205981,-0.5970964987491352,-1.338122201442662,-0.3756017164686724,-0.14651713656217946,-0.5294775135925123,-0.2123885942090404,-0.3520106590163358,0.648536473355485,-0.09214500853043692,-0.2588561041663223,0.2177887475675241,-0.6454510817677226,-0.019031424835273814,-0.25235951573036647,-0.03825499176889498,-0.27080335386431387,-0.35322998377780507,0.02850945775815973,-0.2981090035008289,-0.4168463958480526,-0.3098431826904495,-0.8505004810174608,-0.43988557949888574,-0.07375952785587488,-0.46176841875263747,-0.008362916348124262,0.1945257312774468
45,-0.1396326387178738,0.6362274880430282,0.21363505759261658,1.133490421490439,-0.07680048355171439,0.05913977096932773,-0.8651435172717867,0.19997808005771153,-1.583406631723136,-1.4079056713688483,0.6916616289159802,0.7364308597819,0.9691636406644806,0.5751570344588026,0.9712314497970327,0.7095766882192511,1.58011874605533,-0.02988075903442562,0.2781677318144202,-0.6144038148352743,-0.9202063765634223,-0.8560179372836683,1.0484252683786333,0.8003331833583966,-0.03761084642004642,-0.08242506923734849,-0.5486997597908757,0.15554057330914375,1.8821146436684029,1.2991306148650061,0.6859165320607217,0.9241181401246307,-0.7124485822056342,-0.33879576032826847,-0.6892997264349402,-1.1912290949773778,0.9901513411941049,0.825971537976558,0.862125200086875,0.7362768927159403,0.5683203892601714,0.37657525176206424,0.011954841527935679,-0.6027578069289408,,0.054505680070590326,2.250916149730669,-0.04891086852444246,-0.6554622621550767,0.840546722690491,0.3537839283767689,0.03865330326440759,1.389903687037975,0.061490064315371164,-0.6492335852520955,1.1295798934063261,0.876831740670032,-0.040311136363463215,0.4241058410896288,0.03606557782797431,-0.3252556434625295,0.3350542532212851,-1.013197077927695,0.10881887636853699,-0.15129224113649373,0.6544466686476728,-0.30052367511131606,0.5391570868894373,2.1505614774257986,0.4409769029212982,1.2009022741596416,0.9689807545398996,0.8578353114508752,-0.43550576754446085,0.6597014476719052,-0.42669374351788325,-0.903678343565242,-0.231100092881347,0.9713119512722614,-0.016895284813550016,0.3340217148191516,0.25205930701446005,0.6754126253051008,-0.08488255059728558,0.06638275630704728,0.2085085243505107,0.7182337344495999,1.3514349810417754,0.5054420743468506,-0.150258208046552,0.10054080093609057,0.8224489779221356,-1.6174467171527416,1.934486533210923,-0.004752409396231125,1.135285412233981,0.10048914263694671,0.4165247230451111,-0.09145644810622673,0.4623782030573609,0.5334268387058627,0.3094152371870296,-0.2964995054204211,0.743522631180694,-0.8759459342696251,0.9449398540280147,-1.213046513755547,0.37642794281887304,1.031407191913844,0.05342246659445566,0.1626700086192877,0.6862983560689692,-0.13996988724850512,-0.7518173550205544,0.9297180590618142,-0.67989072223423,0.6542024831648408,0.07105812466847432
46,-1.5348195644568783,-0.39628436936521905,-0.4648295982379482,-0.5013082071943084,-1.2109145257905065,-0.03593844582754677,-1.5098222590162815,-0.1442664294927076,-2.2456552979314828,-0.4438375061219225,-0.4582152479559418,0.01826105029258063,0.23145986872425386,0.41991489005543375,-0.9581445433597168,0.11729278427580235,0.1221083717536683,0.8232533949345945,0.8541653818565774,-1.5445858554667924,-1.35679550974721,-1.1553423485757761,-0.3690543398439294,0.07387937178597481,-0.2495681343645196,-0.25603875976334917,0.16555593565787982,1.378819212365657,-0.5172733368761863,0.8030500075169767,0.8691599423957895,1.2263816770357627,0.6477072088743389,-0.6060980802218661,-0.39906546024810446,-1.5353309200067884,0.7981977014621155,-0.19111620166105706,1.7955683141208247,0.3219420604912991,0.2011900488157301,1.6217232511496371,1.0670396064739065,0.6413181456232755,0.054505680070590326,,0.22940679846907291,-0.2928286090766093,-1.4133769279196924,0.41883680948996455,0.09430208805006834,0.957160127763521,0.4613714117356437,1.6355132315766494,-0.8698701179289315,1.0303267704159265,0.6996861165431965,-0.058056550817434945,0.3644688013398182,0.32999133469156805,1.7121571348044367,0.03233888389485862,1.0318309527884302,0.6881376268743004,0.485861185893116,0.6196965091830255,1.7170376084616281,1.0206964601637396,0.10643660741561264,0.043390424665656735,0.3546627355286325,0.6630620548144389,2.711981555922006,1.4608642371223628,1.1989068916690373,0.9470286120173929,0.011120332702641213,2.0230864092551597,0.980386395616993,1.1582521820241067,2.210892036201958,1.812718407650514,-0.12173794141326175,0.5424999015874646,0.5919047555673949,0.9524721266863982,-0.18044908252776723,1.2276228033021341,1.395634678476613,0.8293871089121861,0.4756010164563226,-0.15837711383518083,-1.6551033753309103,-0.24695045822452397,0.8263704578858677,0.46014304964061914,1.5962435669383455,0.7177094366203938,1.3011561323117402,0.9394332231499055,0.5379938136236594,0.46570964002114434,-0.17423109694943026,0.7261211144128048,0.10085806456774839,0.559555448788651,-0.33236166752840685,1.0823104423016081,0.6827006480119714,0.8034000868270142,1.0865395632469883,0.6291121349167668,0.38028721150057104,0.11585309363858193,1.0178959809222137,0.5822994375156174,1.181083380339835,1.4075147761376454
47,-0.2546290902643773,0.816137304305001,-0.013847369266584635,1.1109866158115802,-0.3020259161308688,-0.009217834712517291,-0.9494165810980502,0.12882147914446845,-1.5364465783635377,-1.330286774160885,0.6322350426284267,0.744687085145499,0.895647445274648,0.6665592676490544,1.2345027907278219,0.6852117453753703,1.4440896021280607,-0.05450084522850176,0.0016966570827166626,-1.2409671051246327,-1.0641692390636606,-1.189306015655896,0.6380246026292686,0.806827163277908,-0.1198996088949097,-0.38940823718200607,-0.5942909532969287,0.1719895283976731,1.8589692248704202,1.2503148881466006,0.6771262688476208,0.7630765446570589,-0.5234686457030193,-0.7295207086038474,-0.8764185281424619,-1.1452275580990479,0.741154958098011,0.7154648615036759,1.1996837463750052,0.6975692601392948,0.4064922520649931,0.46243884477470765,0.2375236152457365,-0.6930051834457537,2.250916149730669,0.22940679846907291,,-0.04332744272799226,-0.9750140907589387,0.6121573520574474,0.5807621899671965,0.19423976788870503,1.3438113583756406,0.27631564751585214,-0.7341516510961027,1.0188775353351618,1.0509788638034712,0.2275816282786979,0.5911716359398255,0.47811204172490845,-0.5732230383472195,0.5639725747603409,-0.8079630187592974,0.3414737522243464,0.08933241549108262,0.6541298527546855,-0.3027934112685787,0.6537208889692889,2.9341118376120914,0.4260533702856445,1.2855629771780421,1.0146222649572452,1.012610337910812,-0.61813752362142,1.0863529124472036,-0.43332230313180226,-0.9500701102239988,-0.09420446337870156,0.7177509132744512,-0.04982587611908034,0.681927162598488,0.30598333399628147,0.9754799173934691,-0.09956662587391991,0.3554860275936412,0.4197689386929168,0.48888341220365567,1.5374100285967292,0.9850599943088062,-0.04236973143262182,0.30760641820017465,1.1019253833347176,-1.8617058236371105,1.7431254666459797,-0.16395394784788883,1.118888390616574,0.4006713498311242,0.5234024708909822,0.029980415465170225,0.5863722903412617,0.6689473336482102,0.5308555045965564,0.04561344453224314,0.8352173994032396,-0.8770813177768579,1.3718980760670634,-1.3906220537644576,0.7083195957690164,1.4075348210729917,0.3244206947521078,0.18597523313568495,1.1835252230982414,0.15990914118188074,-0.6728544928127316,0.9828143362571109,-0.5824914949406692,0.799226747084958,4.990465665292088e-05
48,-1.5388370258021382,0.13530725440906263,0.4436747854241147,0.14795316287308385,-0.5430540305060793,0.5446860377582365,-0.4057071947674478,0.4445163438095822,-0.8827877392466811,-0.5289221435469275,0.21475272660325082,0.03292080319211724,-0.014268076211122973,0.15740392150619503,-1.1825563087293764,0.6024048271460578,0.6281279579477899,-0.09895027083861715,0.018940230075931156,-0.770797176526797,-1.1087170589830886,-1.03196307417785,-0.2079123764788087,0.04575590789468212,-0.19078257892513795,-0.09113654641508111,-0.7167400812458306,0.28252112846433824,-0.021124576257364667,0.6211511309042832,0.185652491711304,0.24852386813271907,0.8734771356496298,-0.6589407569871636,-1.9483351767483992,-1.3576133801970887,0.4135472478111262,0.595422582368544,-0.0037179138988119513,0.30878400215473073,-0.33649736807870895,-0.6236076781920202,0.7030181347182255,-0.5557126359713314,-0.04891086852444246,-0.2928286090766093,-0.04332744272799226,,-1.969562372134128,0.23626342319349553,-0.2360162036578831,-0.2709376149778438,0.4256439543250302,-0.27714632532191363,-1.0364396148035786,0.3156452616194132,-0.001399060730683349,-0.22807424690524467,-0.5859603932742058,-0.3158903712010681,0.08819110766505042,0.13406120434348287,-0.7448915889929639,-0.04003150544313222,-0.9375816005761137,0.32960541869662163,-0.48208889915644604,-0.22569050085856382,-0.5410934582029432,-0.3294677025829996,-0.08583456751451674,0.04918217387344395,0.04451320337412951,-0.9105731511755156,0.2311847096706772,-0.35405106580117196,-1.948029437030468,-0.8222872193770494,0.19232693353380967,-0.8163880391855183,-0.5019364112762905,-0.4276512307386139,-0.3034067056005121,-0.19650782370379546,0.40526317490203323,-1.0405362483455096,-0.5418772642843084,0.2825747218623379,-0.3297178013238167,0.08106781975890037,-0.40069247243075207,0.2981730928250017,-2.296381979151605,-0.6011966489663344,-0.9459655470007805,0.0027051340769660252,-0.6833531260440219,-0.2875744388213215,0.17939890219192434,-0.24177601486878778,0.45446755554867296,0.5565824217827406,0.05119725452130291,-0.032987410106172524,-0.8750916493883412,0.14331484905388198,-0.9237809959840406,-0.3931466483629525,0.23909821850592078,-0.47312942622367665,-0.7160286908804446,-0.045572338237551926,-1.659265852416147,-1.668846303539265,-0.4878064163782354,-0.9356391255914758,-0.017287666285668066,-0.68912690464929
49,0.6736925424764384,-1.044701935236861,-1.6307380694900775,-0.3267925350205011,-1.0399652709849654,-1.336813627557541,-1.9625906068032322,-2.160539490588383,-2.4710528650852988,-0.6587449250139031,-0.8775071674382751,-0.9935947335413192,-1.0734968891408878,-1.1189677797015691,-0.5562025203990748,-1.424734296036799,-1.2772633581196515,-1.0801387366436201,-0.286459702307172,-1.9413833975906198,-1.7936116256891754,-1.6087499068857294,-2.1684674046742716,-1.6187610096031126,-0.8858060227055903,-1.0738741969936634,-1.8405801209744987,-1.0065582842023317,-0.7801212182176801,-0.7321744292896248,-1.5649529810720415,-1.4975298390609246,-2.1793863105532836,-1.472106956512125,-1.2106080853975987,-0.14793714083218226,-1.3739741826718777,-2.283229546461467,-1.3568760678077365,-1.7184588214328125,-0.80844316062783,-0.5455323505084853,-1.292168632770987,-2.299169743733976,-0.6554622621550767,-1.4133769279196924,-0.9750140907589387,-1.969562372134128,,-1.5372766832566362,-1.7310504911202766,-0.9297912931126046,-1.1279125293590326,-1.9529909916373513,-1.4902371592886747,-0.4766798382194967,-1.2455943623877723,-0.7282134159215947,-1.1750408372701995,-2.0978773504661747,-2.245708933946815,-2.4115002154335206,-2.5053321657078067,-0.44539864731459394,-2.538737743929587,-1.6540921275347789,-1.9396429004288562,-1.3616504341545481,-1.3411037387813873,-1.9516202297326584,-0.501650683015377,-1.7177079792236833,-1.3824355774619779,-2.096105125442499,-1.6741671791929718,-2.1171293481703333,-2.4503848555603023,-1.7103298802651075,-1.5601351115033257,-0.5839559295641955,-1.0954664896170574,-1.3878768005830993,-2.4919318065610803,-1.4601773224903345,-1.3764807399828698,-0.9713999832001114,0.20183612682507984,-1.3718229921654983,-1.6781806199728788,-1.5577240000087227,-1.7466387785095514,-2.135770638824256,-2.788591234375881,-1.3747044638906065,-1.3180577053742275,0.06265650249427929,-1.3976055555148057,-0.9249426642372957,-2.3511405113229045,-0.9238232118746965,-0.8580466293353277,-1.339670588645478,-1.5998616721219048,-1.5479186966616358,-2.695045487770712,-1.846236880931937,-2.8157250500841022,-1.604577374321658,-1.9374576561754648,-1.5652969987128915,-0.6123330804425057,-1.1977816031713764,-1.2442135912406393,-2.4052258604939643,-1.0722739531484067,-1.3494477780554093,-0.9852149719950313,-1.4251744456988718
50,-1.0895892763941697,0.9626797695359917,1.1260389354097997,0.4927117262049067,-0.1226537707695349,0.18947574872839432,0.16170970998222275,0.40279352191451684,-0.7992404270400241,-0.8292016977452961,0.6560959301644373,0.7761475045020715,0.7807332179981721,0.5088353424580412,-0.5872980873812358,0.6008438337533905,1.1630120164425597,1.1408806883482925,0.9464497443102634,-1.2422970030054994,-1.4087958268223704,-1.6749859454187757,0.7270078787807902,2.2693332399091233,0.6031280446932682,-0.21971618828165804,-0.3492460979030364,1.02210610925616,0.688803932344991,1.3527742639918732,1.4208398785168443,1.1501243340385625,-0.2762422892314599,-0.9304658625897363,-0.7978271174786369,-1.4136882707323106,0.029057471362529994,1.0963541304439524,1.0104061619018065,1.8214363553755482,0.7993441802974857,0.44327278300027884,0.3742522201377889,0.2140115157824911,0.840546722690491,0.41883680948996455,0.6121573520574474,0.23626342319349553,-1.5372766832566362,,0.9810195251863922,0.4027490605243132,1.1854434725661624,0.36605775833239723,-1.1728812619562035,1.6958250419670189,1.1575164525996922,-0.11497880574132892,0.695136016871751,0.32221752983538837,0.6171962529918389,0.457593434982502,-0.07272673851127263,0.5787578377503616,-0.16001958175236616,1.989761093353166,0.598847722764606,0.8114718146845573,0.43844090991232954,0.44041383028424325,1.2043506603401788,2.0406687273532595,0.9729240422921616,-0.5139617425585541,0.6444176042828795,0.2676217930739894,-0.5410597317419492,-0.35476448770084773,0.8960053450928926,0.4638159050500055,0.3168283861093481,0.6042733753456652,0.937814003211294,1.3065067278437215,0.6298883458035267,0.6011571539968694,-0.21144972904070444,1.2360683292284969,0.637716537537092,0.3331615192575851,0.6442035943015118,0.8007277385073984,-1.839440988141332,0.561179615787185,0.23762723452122206,0.7982873787766809,0.15705515646372253,1.3904905493144641,0.5473290978382854,1.1904293334453993,0.6524496169245321,0.7480780508175019,-0.04420046972092545,0.31606228620391724,-0.8356009080662368,0.8094009294382509,-0.6808619749624643,1.0987955449880256,0.9476248315246993,0.7039925756242383,0.4699990989324742,0.7936262497281699,-0.35429848083803617,-0.3601735362951649,0.7252570345951979,-0.3157676896907804,0.9521483715232698,0.43525667075325
51,-1.8478150340822743,1.0229281130891994,0.5202393664776084,0.3391342082416515,-0.6764948421761773,-0.29807728805833383,-1.4183385883541082,0.4988066026447827,-2.031738277439797,-0.5335423764980254,0.514418006657861,1.0395008640907701,0.8949726357377937,0.1439600913991321,-0.8719117644690701,0.23360927973891416,1.416074862804864,0.6256054552356853,0.20523543790638366,-2.0953917143453564,-2.3953580121012714,-2.2183333384352,0.2987557090703242,1.2625273444239407,0.6060183029149516,-1.0649723902844495,-1.1939381745925215,0.5750128290696158,0.3489024762782868,1.4091161775234824,1.1158531138767174,0.8059512918327946,-1.0843564084850228,-1.7470056200242163,-1.5342017110472939,-1.896505225984755,-0.03643190634793937,1.1664153037034053,0.9653499579485237,0.8120761720568559,-0.055289842580667034,0.25017440039978767,-0.11703757778476727,-0.5666206220617127,0.3537839283767689,0.09430208805006834,0.5807621899671965,-0.2360162036578831,-1.7310504911202766,0.9810195251863922,,0.7144456334363782,1.4352785136946582,0.29880453580724115,-2.0568703932887686,1.1127966099034776,1.7546297655855028,-0.07147214902091113,0.49562486752671214,-0.28959330277287443,0.38101701550116884,0.7046699706907689,-0.7061758508238706,1.1158026032100037,-0.4847339477672979,1.1209497109222244,0.47237121995504877,0.9723812049565671,0.30520683786158403,-0.0008092953062224966,1.221276639881335,1.4912139406718072,0.6914383069896506,-0.7719830996825694,0.9969667925157517,-0.11202668477041164,-0.5571347457617134,-0.28576240236465356,0.9608343016661868,0.5993812686093932,0.4300483380000742,0.6754225336241355,1.1823023512911865,0.4514553709281627,1.0950868258885567,0.5993524297629185,-0.4980757789712238,1.3740557176146941,0.7857631548557431,0.4344940472663385,1.9540550589232293,1.0410829997328517,-2.8308998083775676,0.09432311151530307,0.04751717546698309,0.7250285921011861,0.12063801760124573,1.465940821237323,0.6249650999807355,1.2425179543643061,0.9574196374684282,0.9584517783455289,0.1621127576893771,-0.12276300339953804,-0.8608783615630624,1.2157899193287756,-1.3610529292041587,0.9005155704842083,1.4520681923293128,0.7730997760791788,0.9209057453836431,1.3347919681639717,-0.1444333529312151,-0.3227663582405507,0.7660596082711617,-0.23309289620027906,1.8177639146252789,0.38799347094507713
52,-1.4022507580092334,0.25086146394846187,-0.18547186546240285,-0.2786522175496563,-0.500707707656721,-0.532200909501961,-1.690343863024915,-0.1843098595997681,-2.4154526072818268,0.8294228577115049,0.4062055048785306,0.6910492886625155,0.36829601112723687,0.4348984138851154,-0.8035244270163471,-0.006646712232579926,0.43896487345592056,0.41697184167845536,0.4074053085783177,-1.8223342191739575,-1.639916108946358,-1.8931930621280446,0.0381220538798024,0.4155662509689146,1.489894330761011,-1.1610414572051142,-0.38888236612882515,1.0568966226791903,-0.08559986003288576,0.8191032709749059,0.9598914527045914,0.638910663849245,-0.7670775978478465,-1.2404990528113926,-0.6070379369147967,-1.5066985782606432,-0.5298610482679852,-0.3885566399392609,1.8870038033325867,-0.004053523508727117,-0.2766213088003792,0.6449345119069073,0.9686442207519423,0.4227008085999314,0.03865330326440759,0.957160127763521,0.19423976788870503,-0.2709376149778438,-0.9297912931126046,0.4027490605243132,0.7144456334363782,,0.4332103627857419,0.5363322872147864,-1.28411462586411,1.4140619529925484,0.9102851267021479,1.4540588479338121,1.352963178871135,0.9771073119358259,0.1676646931026311,0.535708599715856,0.04574891129269825,1.3714035967820513,-0.23886447752271484,0.9186773430095478,0.5449325218158257,2.0575378953419894,0.12486493415555835,-0.5749332577166876,0.35028665807785025,0.5476147106455088,0.9895707684448216,-0.019509477841964183,1.3528961437950324,0.7283014281388429,0.3064361919153014,0.21095441201559575,0.04550526074661647,0.9111435329693368,1.8750921145261457,1.228948145283612,-0.19991338345242254,0.38999624402362704,1.9491230669659196,1.0996082752239724,0.06819708919499198,0.9079189173988146,1.1119944206793497,0.4928032289910911,0.8516530218664036,0.420115108477849,-1.5821331201377966,-0.23263037458397423,0.10429321165846747,1.1584407099943022,1.248190811807266,1.1182357329320658,0.7351264098944371,0.9829507913084523,2.1308758997704307,2.239972380053254,1.7807989192732463,0.455152224635063,-0.22785054201568505,0.3221143021763668,-0.8337437555395633,0.5583008948110451,0.5315134132317424,0.12597871103312208,1.3047370716332145,1.162678178854997,0.6111711430256891,-0.03973614688115475,0.9350707423660551,0.6289321411991706,1.8986158045832224,0.3529869668715952
53,-1.2525896364818796,1.3889375981196825,0.9289269663731543,0.8302345061064402,-0.3787987963126128,0.45419045536169594,-1.1432364699350694,1.065181563255143,-1.8130642063332245,-0.9262386064327538,0.8847033656903577,1.2612146066120986,1.2641158020667103,0.5766750483216845,-0.1516199420496574,1.292870025417645,2.0629424860071306,0.40706085696958566,0.6336963394081213,-1.386953695020421,-1.2764460779306939,-1.1432023046559758,0.7384510635612527,1.3821128776101133,0.10216140550825382,0.163606800071687,-0.5142969670199691,0.4846057214973394,0.9044523571965312,2.072869730642607,1.01445522319387,1.519414687138294,-0.16883261301796693,-0.6936962153280367,-0.7840843762034334,-1.0668537956911996,0.7423493050709776,2.1188269350488116,1.349549183069035,1.1602761033006765,0.6988962318491585,0.8891769514273213,0.41490308960758937,-0.06919665757955633,1.389903687037975,0.4613714117356437,1.3438113583756406,0.4256439543250302,-1.1279125293590326,1.1854434725661624,1.4352785136946582,0.4332103627857419,,0.39467473635288974,-0.9268880899061708,1.510392252346153,1.9115056125147294,0.573144804265136,1.038001648073597,0.5125403062887222,0.5462536887757564,0.822799011044742,-0.5280663908335183,0.868193731847795,-0.3375268925680944,0.9419564958426915,0.09326976305602315,1.2714429999867916,1.2267317280242758,0.5590782294284832,1.7270332088376281,1.850675989474643,1.2393297635222063,-0.17127367355501427,1.6171590468418975,0.42793536637892315,-0.796710431134858,0.2030696040108402,1.7223293619456503,0.39563009831738183,0.7861266530083406,0.9214833571225008,2.3315137330406572,0.28504974359003366,1.0794059574648762,0.4524337509898842,-0.1916731012713178,2.1316387995501263,1.194365719726016,0.43209263474067466,1.4932411260953176,1.4872830004116888,-1.9421593769067553,1.1326198552192823,0.40079663976391483,1.4700580280613735,0.6021314640596764,0.8224521876200768,1.0343586660212718,0.8794960129441726,0.9865987215469529,1.011259631839272,0.4902085860629629,0.739858728662296,-0.3277930692386637,2.221610753644938,-1.1760828817401616,0.8524295705450103,2.3286026144203915,0.567930808841854,0.5107491297913392,1.8190557087265795,-0.07909710469643264,-0.5829316512204312,1.1371651639294043,-0.4085436477766108,1.5622279205024534,0.4940856469015497
54,-1.9615068156920117,-0.15866560476646288,-0.40408853694528896,-0.48821483912174307,-0.6341864146166614,-0.1051340329477603,-1.455080869478873,0.3408566219957067,-2.1847728267894646,-0.7847559137557036,-0.3325261235649499,0.23355573756383388,-0.0767730813832127,0.24081858624363678,-0.8588719130995585,0.07868772300758786,0.26530631117542347,0.7900020339813452,0.43646563853082626,-1.5843586883434184,-1.3758012774393882,-1.5580040579024474,0.2186306013759151,0.43520152778496934,-0.02588344569617345,-0.8219353060498729,-0.02109724899837511,1.161476998446779,-0.2523015398239265,0.9383312412084592,0.8675335479895955,1.325019265989173,0.10108894651776998,-1.0505707775776234,-0.9267444204851057,-1.8512582000561157,0.35925675171459714,0.3189533347303875,0.9112011206777882,0.6629770561551654,0.02101709223858752,1.1061389931143955,0.5349326036427474,-0.22658740301790703,0.061490064315371164,1.6355132315766494,0.27631564751585214,-0.27714632532191363,-1.9529909916373513,0.36605775833239723,0.29880453580724115,0.5363322872147864,0.39467473635288974,,-1.1424937616485866,0.7747567809348423,0.8646857063745869,-0.3512968688884941,0.49123586914312717,0.14976659759923885,0.5145952172015082,0.0888073044469796,-0.06978493091178593,0.5519006207206922,0.8774161963476177,1.01922132157417,0.7375939264593966,0.834925123419686,0.11843852987390649,0.07050267130352406,0.16230982415394068,0.6538482660349432,1.951687222537401,1.173299473341187,0.9697624059148221,0.4969970431688786,-0.7030718619395849,1.4848011197216644,1.1027802676708276,0.3610972938572572,1.9892672408675356,1.688368205878798,0.1937220616345148,0.49329736723289835,0.8407810380305122,0.45964737765390806,-0.6791696645734151,0.8756006731447912,0.7426312730292053,0.5155799184771348,0.5786238205222026,0.7724509576320713,-1.8259950590315686,-0.13223953238204825,0.47878411798509674,0.16790238232064272,1.6864922521925048,0.8382573507670521,0.5815201590162494,0.9653503550548005,0.6245173347684836,0.6461664235133938,0.18376210349138714,0.48272236545257213,-0.19030367419376074,0.4931533288153526,-1.282675167803215,0.9354023057709727,0.6173582311813863,0.6867205596609377,0.7597292741523533,0.600387346150564,-0.05625914935433303,-0.2650555724538616,0.5776176120429526,0.04471492160786341,1.1992468101225504,0.7331465572680853
55,-1.625646357575987,-2.18610771005689,-1.7838989547380495,-1.195153805941718,-1.1751977781332874,-0.6810994729347679,-1.4098593881007746,-1.6115465418676018,-1.5392334204181555,-2.148390814121054,-1.325798523103725,-1.2052032064758378,-1.3087596673230608,-0.8546007523647345,-1.992886386231994,0.3432742872800809,-1.025526267857883,-0.9956070080879856,0.08115496317481635,1.7382032959709937,1.881941052854988,1.739506839406658,-0.9518355445118843,-1.3528808692943814,-2.0254796181589763,1.9274505104129462,1.2507693160795441,-0.7766857249339091,-1.6074651189715778,-0.7887251944937179,-0.6844176697392637,-0.01788218565409125,-0.13625644227386507,2.3070393753015304,-0.515586484406886,-1.173268901190187,-1.3651436094647356,-1.7724068873979508,-0.6125311834230636,-0.29183102752895745,-0.5008781076028156,-1.1348621063103357,-0.7861059391228743,-1.3833846419103175,-0.6492335852520955,-0.8698701179289315,-0.7341516510961027,-1.0364396148035786,-1.4902371592886747,-1.1728812619562035,-2.0568703932887686,-1.28411462586411,-0.9268880899061708,-1.1424937616485866,,-0.616388580668507,-1.0923959844137423,-1.6670046174487843,-0.698738784632273,-0.8690153897329804,-1.7648829282207426,-1.6910086053093603,-1.3288252780814427,-1.57364793521101,-0.8095602312199276,-1.106033380114033,-1.2079994836917582,-0.7061713749881728,-0.9441748804822542,-1.119890398559588,-1.1765869074866337,-1.434969385821854,-0.5399125101874627,-0.7948993759727347,-0.5815237864232425,-1.274994709018746,-1.8802024696890087,-1.1688411327243118,-1.4144257459565717,-0.7186588431168934,-0.6355591790234504,-1.3808740478637893,-2.0496100574487963,-0.6603927591221401,-1.9182223400718659,-1.2952704976706164,-0.35431870644293595,-0.7386303755933337,-0.9842042833877092,-1.3217359644839202,-2.15209719063697,-1.509097702550416,1.61806412570463,-1.2207486601336017,0.18633625299445145,-0.3472441294124526,-0.7503819930426171,-1.1870241112315951,-1.4388358396402907,-0.7833498993315904,-1.2265927313949891,-1.3666463331100056,-1.4360731174792467,1.2697195169706383,-0.6668717659896605,-1.399820017298337,-1.7237669904574788,-1.1262057454620356,-1.2294531075775934,-0.7077361359818413,-1.0541171459773149,-1.1073743813440693,-1.1657670173694992,-1.7455591656967056,-0.6665277899947891,-1.5067190297960174,-1.170441798767991,-0.4402260680841659
56,-0.5496713971534125,0.6136002672325551,0.6303611307367493,0.7483554293271905,0.132913209297501,-0.04064822152588187,-0.22638103278294736,0.13601660529652804,-1.1230046336293509,-0.17698302544671674,1.0652671247131724,1.0979949479484237,1.05142845421415,0.48875915032720074,0.011653254745654203,1.0245005008936583,1.2059474853995809,1.1696355536031509,1.492812286869895,-1.336671362497167,-0.7433197262245456,-1.5047119776959546,0.7448307083710295,1.5378716015821416,1.254666329614212,-0.10503857125940812,0.12509829980557208,1.4110761713881996,0.486031058948216,1.8444860587366332,1.8708017409968156,1.6436879006416476,-0.19925866233485065,-0.9685575057558306,0.3068511092919792,-0.9647940706483711,0.4648120861964512,0.6849861190464904,1.443112511778201,1.4553415471013607,1.2618347161068282,1.0170165765582537,0.3743368853222279,-0.059294658450107604,1.1295798934063261,1.0303267704159265,1.0188775353351618,0.3156452616194132,-0.4766798382194967,1.6958250419670189,1.1127966099034776,1.4140619529925484,1.510392252346153,0.7747567809348423,-0.616388580668507,,1.4299140817117262,0.7790254432082604,1.381336242942157,0.4886605329422064,0.3138889665717919,0.2971438598458787,0.05731627389213926,1.3166619519446263,0.4062385633756254,1.95969544981723,0.3975788710672553,1.710366031911052,0.8772673644424,-0.0009237234969708938,1.352505975316112,1.9363316161889237,1.3468834381039625,0.350056133501764,1.4422438348609419,0.40122860722731796,-0.477378430912327,0.3310109718583038,0.9457064404647841,1.006618828149105,1.3641895803261588,1.4846087912486647,0.4595305072167662,1.2352376544997938,1.2923086379836908,1.3267895851063933,0.6405809779228984,1.528579379165567,0.8922276716207407,0.37374536401135905,1.1499056262372307,0.9104152457711179,-1.2170841243606756,0.4921894688244045,0.7687146081035666,1.729784666598166,1.3157288405013454,1.7827467794361285,0.45850114264045516,1.564175680414223,1.3847413637913948,1.0163503892403698,0.5638167819775203,0.7825481614949318,-0.35319751991368425,0.7062628392734864,-1.0483675382692939,1.3488312001754375,1.06196820101116,0.8584026401808649,1.3776834864932537,1.336521336012878,0.6253331149383671,-0.3553504291190526,1.227592398525784,0.10866061055432022,2.117387381189527,0.8648110626321384
57,-1.29564793187778,1.2413966044331501,0.6373391028841642,0.48593049799238314,-0.4039184738479756,-0.03166052227912712,-1.5576940753872337,0.8526890749143894,-2.0841617987304413,-0.6672562387927706,0.7471872981069931,1.1220803949604514,0.9829918392173254,0.5486857097965366,-0.3460296890725256,0.6355380291577397,1.6585862579000752,0.6062879675900773,0.24287799801831342,-1.6275737765633387,-1.6175635999484153,-1.4534646404417504,0.5515356699709527,1.595128096395286,0.6420811425095388,-0.14379858886856506,-0.4741176538636767,0.7585889458661158,0.6584258545263508,1.658552019223812,1.0746665743077481,1.1792549604536164,-0.33078979733522273,-1.0955368521169215,-1.2598500030046471,-1.6435511324345327,0.30856051950149455,1.2720692054543368,1.8173336901336872,0.7876580105413734,0.21720437960098152,0.8291956165144606,0.4604608291562484,-0.012611372732327309,0.876831740670032,0.6996861165431965,1.0509788638034712,-0.001399060730683349,-1.2455943623877723,1.1575164525996922,1.7546297655855028,0.9102851267021479,1.9115056125147294,0.8646857063745869,-1.0923959844137423,1.4299140817117262,,0.635944296812972,1.217770650136634,0.5727038017122805,0.8186707559843409,0.7525316846300475,-0.1801893304995904,1.5792632418708459,0.058321882796125046,0.8345050584200762,0.9193220589806316,1.787165498909093,0.7987535974956428,0.4669937296623826,1.5826984074123358,1.6623518250311313,1.4494257574723204,-0.13686928634015985,1.7861163493371879,0.4928972449589146,-0.4913255411839737,0.3744270215085891,1.3643619236005142,0.7258898729135244,1.2255075004783609,1.1390930776042332,1.8496323816608669,0.3134727789832094,1.2186639100828636,0.7344603889486129,-0.25405475534572036,2.327369642481186,1.3472071305060547,0.7943897245389561,1.6563374413490557,1.4242621791047838,-1.9349427438437263,0.5346019703480671,0.5301799364688367,1.3067531719768628,0.8741455613406345,1.1834310947341673,1.5051696360166247,1.6907704008512523,1.0700231151349076,1.1230946375047026,0.5202977396314387,0.5311617370057652,-0.048505305090762674,1.8271918622883265,-0.9408938639171295,1.2735530554542465,2.096596960040424,0.9345957407055429,1.0604555945765504,1.8350525943228582,0.3401856623402058,0.16263682427307555,1.670444763792447,0.17164603057191333,2.1080141725715444,0.6476736907033931
58,-1.335549348608717,0.6624291989525474,-0.5090639154545575,-0.1870923058352432,-0.8788771133730466,-0.330825107295085,-2.1495277837324127,-0.11947620369525679,-2.655935191738427,0.6180200999027675,0.11951355773161844,0.695759277261719,0.3395214255312087,0.08933174239020009,-0.4823436048752487,-0.21033799469490205,0.7100649760308779,-0.0799466762685281,-0.567714451509815,-2.052733948137352,-2.3378414646672967,-1.880282011473933,-0.7507718054511773,-0.08875870439179306,0.7428389518332607,-0.9322418117460898,-1.3131076834008024,-0.10833570440141656,0.11400065003544445,0.4868961424916031,-0.3516360993377326,-0.1863456606782059,-1.3721592985379074,-1.6476749583890422,-1.6015431119611119,-0.9642566237494854,-0.41332032585460504,0.11356520816621476,0.8230858746826136,-0.541565486619862,-0.9677269747998871,0.08748146263870984,0.5134188402905187,-0.48671645335209723,-0.040311136363463215,-0.058056550817434945,0.2275816282786979,-0.22807424690524467,-0.7282134159215947,-0.11497880574132892,-0.07147214902091113,1.4540588479338121,0.573144804265136,-0.3512968688884941,-1.6670046174487843,0.7790254432082604,0.635944296812972,,0.3484681512168559,0.5371741481910897,-0.3949206311695838,0.5061034495132984,-1.032047903189514,0.7648333501371746,-1.5933085261882878,-0.25926487993768493,-0.468130164650721,0.3247795063912413,-0.009947598740183757,-0.48947375873886867,0.3125055669661949,-0.00507078776975875,0.47780259438765194,-1.0016465933953322,0.7070992065936583,-0.5750802673019666,-0.8131609795618815,-0.8135971091817128,-0.20927128345542662,0.10871221997197614,0.6487553571139724,0.2085672206733088,-0.2244027142032817,-0.5319568482030185,1.364665787986077,0.0015699825846941084,-0.4473337735321578,0.4564256138238287,0.5177311394906573,-0.35439775950623564,0.03950037249327497,0.16076799654884968,-2.5900196065124788,-0.12506986278887267,-0.9353055407588107,0.39364379782381487,0.6743256547830517,0.09574547502513168,0.2033455339452488,0.21670110161404982,1.4886835050218092,1.35532026136943,1.266843389430195,-0.2881931065569899,-1.1974732423871346,0.16019456460150255,-1.4785308133987802,-0.25305275472874433,0.5849573318582649,-0.2761204317310873,0.4405504471935046,0.6012332088034453,-0.39627600339197144,-0.8704328771712883,0.36548044085349835,-0.03568526314312026,0.9267129730753242,-0.6233625722503507
59,-1.3630626363805332,0.21334714012403755,0.03318298228703911,0.7355402750413246,0.6549746977866074,-0.13857806544354512,-1.5847244601120665,-0.12235090076495728,-2.3125680905806028,-0.6673114602056409,1.4875202635931999,0.9999429303294528,0.7863024641335357,0.5551331276505457,-0.3652562980106201,0.5475961941281554,0.7372102430576417,0.039405514685530954,0.7323431181104006,-1.4942146026534207,-1.016070188590852,-1.8519411156347005,0.44422286747571266,0.6074220607538429,0.7671740980988999,-0.5617980910435426,0.1347461628823459,0.7802950815624801,0.02279917716730514,1.1798630707227684,1.0264229780113223,0.9561998526052028,-0.5031353163997395,-0.8487208432858324,-0.4818402354529579,-1.2530321010488357,-0.46763765575335264,0.011243478423231973,1.4081631542678896,0.5735719436824535,0.35933693507558134,0.4507189802065976,0.36632347063861065,0.028244056745823712,0.4241058410896288,0.3644688013398182,0.5911716359398255,-0.5859603932742058,-1.1750408372701995,0.695136016871751,0.49562486752671214,1.352963178871135,1.038001648073597,0.49123586914312717,-0.698738784632273,1.381336242942157,1.217770650136634,0.3484681512168559,,1.0940603760109657,0.10616343858710652,0.36375165210597105,-0.08428711170935234,0.5809486978487307,0.5141293959766886,1.0510454385236616,0.31485635534235834,1.8689186685074584,0.5602751316451675,0.08401762156261634,0.5933960791989066,0.885693797177287,1.0807779163093532,-0.16109187659381513,1.3872939438678014,0.7401924762674595,-0.05736618231442017,0.2811010994936517,0.5852862515918277,0.6218648392350178,1.137858593505777,1.2655682824637127,0.5259038728704125,0.37939170622652424,0.8708054370652952,0.9577832459075029,-0.054503074929192354,1.4207689090042983,0.9619672171543298,0.013489596295971493,0.7981242176505396,1.343082262110765,-0.5840799942877986,0.1205530989587623,0.6155431773969827,1.3539452388493576,0.8212502380101746,1.1461504129433926,0.45376049011010705,0.824121506567731,1.1312741168457734,1.0331830580742964,0.5779429434685727,1.2168301948173417,-0.06754555015250978,0.7893950797797991,-0.8051722906649581,0.4196350269240702,0.6299890378552008,0.2762463436816072,0.6947572073346265,1.4427290149442324,0.5444862096972506,0.2528161836184536,0.9537669730878806,0.35529346921897803,1.2476648645728539,0.6059399775276694
60,-1.8099434111786423,-0.36472441060190264,-0.63029411855692,-0.15587694868430052,-0.518002310690222,-0.43719078808267403,-1.8888315426174151,-0.6431172084685483,-2.5461552309137145,-0.8991230919856047,0.2712418252577716,0.30930212390486883,-0.1085683041319196,0.6195868841675932,-1.1464552155216032,0.10053502757943344,0.22611104237310642,-0.15390113272349965,-0.044278847024014946,-1.5760249829458919,-1.269359226524832,-1.9770960770594943,0.12819345015107628,0.18248126687463348,-0.015470406460107004,-1.149387582313692,-0.12816764537489517,0.3728346968714367,-0.2729425329088908,0.5200936580910649,0.3090828655174385,0.514830530932512,-0.7443421674375034,-1.1200876891685982,-0.30878938445100923,-1.6407898073567282,-0.5286809042157118,-0.07164348272499597,1.7103606086739167,0.017038335697960497,-0.17876357040715807,-0.21045516377803475,1.5381996110439524,0.5049480292327622,0.03606557782797431,0.32999133469156805,0.47811204172490845,-0.3158903712010681,-2.0978773504661747,0.32221752983538837,-0.28959330277287443,0.9771073119358259,0.5125403062887222,0.14976659759923885,-0.8690153897329804,0.4886605329422064,0.5727038017122805,0.5371741481910897,1.0940603760109657,,-0.11066613217998712,0.43618367594570856,0.0902679004187594,-0.46450723595041066,-0.15302546107711862,0.49288676914029345,-0.03716148657014495,1.3480003661817945,0.289640765215217,-0.38852078619988195,0.2598678028639081,0.1347830173544125,0.8704238378949811,-0.7436898700235747,1.4212715819051214,0.27688388260735936,-0.35798306463880775,-0.5048719689299532,-0.14973259086629426,-0.2454170684792372,0.7982361688368749,-0.10117068452278158,0.3400514301332401,0.06046527131558992,0.3155818641738458,0.20991342040417393,-0.886320120392397,1.268481955639313,1.2005943979411557,-0.29340726363280084,-0.28428929319897794,0.48127590436740436,-0.96634548485969,0.21920152146002633,-0.3063513147854276,0.2538971121891815,0.48258685529592155,0.033774876127860516,0.27314915733914363,0.0327383827291134,0.6328396178169098,0.9088816213587785,0.4846685780467421,1.1370829576580612,-0.43046969938887136,0.7361688753414525,-0.48290279384985024,0.10867061964737769,0.7006945961339677,-0.3365525205453849,-0.3930702466575627,0.7585081701089627,-0.02072959070486653,0.06581875625627483,0.32911996942663907,-0.20654244869787095,0.25291580343510917,-0.1815786617117459
61,-2.082699376416226,0.0424082541110961,-0.034867387081857305,-0.5878844092220156,-1.4085421981448536,-0.17763040704129143,-1.3814107531186974,-0.05419404615191121,-2.0871380673113227,-0.2758896061282338,-0.47195804160985794,-0.31747395326889044,-0.08745664370268981,0.5688217263801698,-1.571566421884875,-0.2335279493484396,0.19003839301128272,0.32603285073483323,0.1163310816540063,-1.650528181835018,-2.126472087842708,-1.6340117903183908,-0.7227383849247341,0.05063748033184513,-0.3436511856411074,-0.3047033383277498,-0.5614358159608188,0.9179644894723396,-0.4575695834576991,0.5128448647939601,0.31120847624859577,0.5797817514361694,0.05233784677234786,-1.2027919750671778,-1.500153442757819,-1.6776327290685966,-0.17674098499839974,0.2664413171873812,1.1507493442442374,-0.02103377718059263,-0.6845708125573617,0.4780813814441529,0.9669574606280413,0.8522272960715986,-0.3252556434625295,1.7121571348044367,-0.5732230383472195,0.08819110766505042,-2.245708933946815,0.6171962529918389,0.38101701550116884,0.1676646931026311,0.5462536887757564,0.5145952172015082,-1.7648829282207426,0.3138889665717919,0.8186707559843409,-0.3949206311695838,0.10616343858710652,-0.11066613217998712,,-0.026169088527093577,0.9152230288974972,0.6916704307289806,-0.07592334998183374,0.46890518843648393,2.112334318115513,0.6390129622954641,-0.7358296222997084,-0.45732564073675785,-0.01823380258830173,0.7502410729867246,1.5188138161497318,0.4320691640591391,0.6462167095810627,1.2478675121351122,-0.2665061182173297,0.6507110500841331,0.8137073970457586,0.18792566871204877,0.7721881684599959,0.9904825506279236,0.2813970731423963,0.07102395446740445,0.3699433955932777,-0.11201699155211153,-0.8994734810372849,0.813372692623128,1.2592527550573134,0.8928796337411846,0.6551019961440703,-0.12996913489056178,-2.570884987180082,-0.508746782103476,0.06923577952231195,-0.09192980220567074,0.24512622630293868,0.30335128010472884,1.9242561337790627,0.4201779010575167,0.3473417870739026,0.6804652044488491,-0.4059081453219594,-0.2922089321667763,-0.014167871420965308,0.5033202487123902,0.2763599218702788,0.40921088732860406,0.5666764413358673,0.39057439409093997,0.23786236146426187,0.3755880232125485,-0.8045270163111861,-0.3698815787088907,0.6305627850141488,0.22639294209730376,0.8611990516111961,0.9577052603154229
62,-2.44752804773258,0.29576343486341916,-0.20551114986347183,-0.26094994130183874,-0.9838967108595517,0.04151814400855863,-1.7711403458953594,0.23055511844858484,-2.540973704991706,-0.77220732999271,-0.11020166099649278,0.6195611421177629,0.3026875545964817,-0.10219655984520101,-1.0079424342108947,0.008440884257120952,0.9142396741504588,-0.3799030701458145,-0.5028787102455138,-1.7287864494336207,-2.2039504620547143,-1.9222798586237861,-0.023016746540293162,0.5102826053128541,0.06595116861352544,-1.0751023270055362,-0.6832793628337283,0.14346166158130655,0.1272780444866066,0.6501012718541537,0.19703266249884926,0.301133394299988,-0.6354783652297361,-1.26399723134485,-2.144026555120116,-1.9173824053913557,-0.1143028903312149,0.6529070048176145,0.9066909655718308,0.4593718636561156,-0.5931337337084667,-0.3091165426742335,0.6454811984569323,-0.2780908083583391,0.3350542532212851,0.03233888389485862,0.5639725747603409,0.13406120434348287,-2.4115002154335206,0.457593434982502,0.7046699706907689,0.535708599715856,0.822799011044742,0.0888073044469796,-1.6910086053093603,0.2971438598458787,0.7525316846300475,0.5061034495132984,0.36375165210597105,0.43618367594570856,-0.026169088527093577,,-0.7349912525550307,-0.13218245382609056,-0.3038633169534267,0.5425987607278613,-0.21377168393733065,0.5540724591016564,0.26054655061114923,0.20076989655181948,0.48070257624889406,0.4977640528450864,0.9123776959520247,-0.6421042065838648,1.283473215173289,-0.01873203235233808,-0.7654645966705299,0.1735081780548168,0.38547861437611775,-0.6334024717826438,0.2672016324937927,0.27721527196083606,0.8158388644969611,-0.47981663531314667,0.818140864860522,0.0463085307544142,-1.3947760124471953,1.2403234367965295,0.9481077182452143,-0.2164194252909503,0.2095460393816499,0.640702649847824,-2.274722394210345,0.08165676399248983,-0.9324587620653783,-0.1794111743970805,0.1452508131199147,-0.08731200422699505,0.46060649218959715,0.057820849273884346,1.0963071384900653,1.4336456718048243,0.7585680714329804,0.355151984983732,-0.7592962077895316,0.7950728334391167,-0.9437207061240657,-0.023191246634362662,0.9831617145612532,-0.2537412169998722,-0.4232632885597208,0.6007221418700603,-0.41512963141045256,-0.32369283334214516,0.02848476637172019,-0.3581278495424738,0.48938038806973017,-0.6424777775907557
63,-2.05741874184085,-1.5059733775368689,-1.2694263201385305,-1.7075101531347923,-1.9748758068583552,-1.2210457498143028,-1.4624676173039413,-1.0549309880079722,-2.2476383077908277,-1.0653673824474965,-1.3037757910305592,-1.2900776994135683,-1.207825085236064,0.048331065640774586,-2.5532164042916277,-0.8599729219917078,-0.9777199606663186,-0.2728497534262801,0.1661402139349509,-1.818842679487985,-1.7243443379761392,-1.5510974520956757,-1.5020019590060008,-0.8861433060105255,-1.3745764968925223,-1.1005279287182237,-0.11004791079263912,0.9191787878229969,-1.4441393371627413,-0.05367592304008032,-0.027665410802429104,0.007799671159843101,-0.22426931039319498,-1.1110906262043567,-0.5384812056733788,-1.99869777273184,-1.4170976852392947,-1.3718180842857248,1.4108446418060927,-0.34581286929236826,-0.2107030903923854,0.008650053976998372,0.6121756047715577,0.9925855978338485,-1.013197077927695,1.0318309527884302,-0.8079630187592974,-0.7448915889929639,-2.5053321657078067,-0.07272673851127263,-0.7061758508238706,0.04574891129269825,-0.5280663908335183,-0.06978493091178593,-1.3288252780814427,0.05731627389213926,-0.1801893304995904,-1.032047903189514,-0.08428711170935234,0.0902679004187594,0.9152230288974972,-0.7349912525550307,,-0.33416378651340073,0.2810436838417451,0.33989968404599114,1.3548698065394598,0.9298787357811867,-1.084065643183912,-1.5577552268625827,-0.8761751279996493,0.1762120170177171,0.9083412973411946,-0.3293564453102463,0.8206648556158019,1.2703930012658964,0.526722190930606,0.18106252016330235,0.024735998179261136,0.07677665617366289,0.5746263647421945,-0.01126148725330082,-0.984490673544828,0.07364017624829801,-0.8051015334972365,-0.07040189250515194,-0.611443356189501,0.46214837238076145,0.7837264493770052,0.3785725774459753,-0.4939585889609242,-1.0961761461132438,-1.4611500796652737,-1.107057718053244,0.543213506589692,-0.6123760903221114,0.36712112787479556,-0.3479007433268804,0.984099753599959,-0.1309805034996564,-0.6339079950611894,-0.2404563989637059,-0.9108925294554068,0.14882999503091826,0.08792390697603146,0.0658240367257503,0.2025611116467047,-0.19498928676593064,-0.08890707950268588,-0.3953038140791315,-0.08236631390985136,-0.039158908950355245,-0.23939117274067892,0.0623858403812556,0.16252310212988727,0.39513578749625883,-0.2171313313180697,0.30051009675212315
64,-0.5039425083064286,0.9386583328114857,0.6327329266893604,-0.11468440062492413,-0.6051146459975755,-0.3478833318137848,-1.0468998482259158,0.6052831757614123,-1.6291432037436655,0.19411200731303152,0.1906445808505151,0.4516799691217252,0.41827652022159806,0.520966841208482,-0.681562366302813,0.18311496310602685,0.5019851742741777,1.1976646228264949,0.39204391285697,-1.8190801834945054,-1.8845704190971364,-1.4385398707628054,-0.27621864474254565,0.7632059316312045,1.0803658281434727,-0.45656087671629014,-0.8193074285763254,0.9852720169624989,0.413625079817196,0.9085910241672768,0.8275361712056956,0.5060895385130636,-0.3566149523688492,-1.0734661215379997,-1.425618204183227,-1.1515959426308364,-0.06983211097270117,0.2716326578621721,0.9950010766923625,0.20476144568795906,-0.40530801802282185,0.9092775426846885,0.4115090762785743,-0.13598716034959554,0.10881887636853699,0.6881376268743004,0.3414737522243464,-0.04003150544313222,-0.44539864731459394,0.5787578377503616,1.1158026032100037,1.3714035967820513,0.868193731847795,0.5519006207206922,-1.57364793521101,1.3166619519446263,1.5792632418708459,0.7648333501371746,0.5809486978487307,-0.46450723595041066,0.6916704307289806,-0.13218245382609056,-0.33416378651340073,,-0.5299992379495377,0.6843252776341181,0.9283337390349407,0.9353613685095353,0.0051715655883585974,-0.5731050861404889,0.5457137833322817,1.175320948342397,0.9738069018758364,-0.3648014209124938,1.379956732217157,0.5375779277943559,-0.3702585492885168,0.3821416613798327,0.7776647353680279,1.1252002631658038,0.9512175797763477,1.0034630702581033,0.4193779060882962,0.4788187507456001,1.0885091963678142,0.8391462420071427,0.8137599897392453,1.0052939609850577,0.5322237004201611,2.0737014171387336,1.5858413445001893,0.3208424391209249,-2.4722565101631995,-0.45012913661674114,0.41228230987129366,1.0581912390321309,0.7189326462163913,1.3023011268016689,0.9830434819874171,1.6340233963915776,1.0666633958087945,0.9726282086890545,0.6289433353199206,-0.3045442071348377,0.06653812693465785,1.0294174134493368,-1.1698907551750002,0.927336459258138,1.001101506259263,0.9568553947380253,1.7620280874428944,1.616014442111873,0.13160416226921814,-0.42949629296883535,1.5996954991998573,0.30784060528200347,2.1107997586351215,0.7011067198371566
65,-2.1412413898695593,-1.4141691072682523,-0.9965272495510153,-0.9255325103383496,-0.8677709625483703,-0.8410878141810441,-1.8357200795559696,-0.8038850165085795,-2.4907410873304565,-2.0918099753071813,-0.7779504479483774,-0.5595032091573251,-0.6019140482704759,-0.402634721545584,-1.2306053108288275,-0.17475842007702105,-0.4713615501974899,-0.6536860244843361,0.2995498477632835,-1.7715160875831297,-1.1246547068095751,-2.0072125094786593,0.29156298806974806,-0.4807924813455913,-0.8907549008918092,-1.2832662916447475,0.32558904670311667,0.5469407390854946,-0.9142858316375944,0.2299070324854736,0.31879914035392676,0.5926864564117956,-0.1162581547003513,-1.2229397031611837,-0.6045858841577838,-2.338028442605416,-0.6251812639290331,-0.5811938804215052,0.511060133972009,0.0037978379163752037,-0.1685582575423338,-0.19187167942164762,-0.20564003452598298,-0.0920954614193801,-0.15129224113649373,0.485861185893116,0.08933241549108262,-0.9375816005761137,-2.538737743929587,-0.16001958175236616,-0.4847339477672979,-0.23886447752271484,-0.3375268925680944,0.8774161963476177,-0.8095602312199276,0.4062385633756254,0.058321882796125046,-1.5933085261882878,0.5141293959766886,-0.15302546107711862,-0.07592334998183374,-0.3038633169534267,0.2810436838417451,-0.5299992379495377,,0.5910861252156152,0.39671166689844395,0.8557498732856107,0.13362949503795024,-0.4678059500380628,-0.6386217235902786,0.10383156096498845,0.8717779734292922,0.47602505072250806,0.5349948574213016,0.3440464905959437,-0.628340789586594,0.5391892921862248,0.1637128660331981,-0.7347608182820873,0.7891836195646785,0.5756737983184633,-0.5691741237440401,-0.08528407798246754,-0.47451175623649566,-0.0575673865673158,-0.8760012713801211,0.5577900214429701,0.34883465125663937,-0.37576752346289016,-0.35294586942875744,-0.12074853063106011,-0.7804919244804978,-0.48221000534919223,0.20769477233761183,-0.18180139175588206,0.5439913920862958,-0.2874152047995323,-0.16904184552579282,0.052131356653287254,-0.2813815847822421,-0.33420216878405523,-0.7594009041387424,0.5093688045519748,-0.040332646439167764,-0.43714264859076535,-0.9961123971639282,-0.3235553602629914,-0.33925062350243923,-0.3509545321795053,-0.39491113322708865,-0.19779415129985514,-0.17919975843895836,-0.45871385734295805,-0.002816821490897065,-0.5094192199569788,0.38434710050099313,0.20632398078480493
66,-1.1889205014063273,0.47738046160332187,0.44457569166729377,0.2133778822176812,-0.251863764090199,0.08085842074609223,-0.27690538648792035,0.2806973146592282,-1.1230232332490078,-0.5088464792302152,0.6009549477661904,0.7163398395784749,0.6729783661308694,0.46467602745896797,-0.767653657198931,0.5169646168212911,0.6920825717487465,1.2752881680196044,1.1348272055921016,-1.3124273088035578,-1.1638281252847429,-1.6355175650937501,0.7201648485513422,1.5262637646577357,0.4575231777121431,-0.554939974484744,0.305369393948399,1.6456338855499661,0.5391250678730506,1.3732595402103864,1.8264220487028928,1.2183177923433646,0.19561735880519562,-0.8903202029406418,-0.2898457087598926,-1.6190180616896932,-0.0425027218876415,0.687597192542808,1.180501801292591,2.127012978175319,0.683239736691356,0.459913193049394,0.4490389595666852,0.14619235174982934,0.6544466686476728,0.6196965091830255,0.6541298527546855,0.32960541869662163,-1.6540921275347789,1.989761093353166,1.1209497109222244,0.9186773430095478,0.9419564958426915,1.01922132157417,-1.106033380114033,1.95969544981723,0.8345050584200762,-0.25926487993768493,1.0510454385236616,0.49288676914029345,0.46890518843648393,0.5425987607278613,0.33989968404599114,0.6843252776341181,0.5910861252156152,,0.7622868815571189,1.534175213865903,0.42359261651051267,0.11644015807132015,0.8574884827163601,1.6643336637194825,1.0549215852722416,0.12142765346119958,1.0121796834685926,0.6244811344972127,-0.08202396755452022,-0.06524190052893289,0.8506799564247891,0.6516709079248508,0.8258148007201828,1.1146004167008081,0.511110420542762,1.5888309206779558,0.8047521551791219,0.8465097009384379,0.20377883804374303,1.2348951182857542,0.7483264959299104,0.5149567932342062,0.8455551571986448,0.9322925659628916,-1.538202812703813,0.3991692417943338,0.6901071110499647,0.9378961832033536,0.7050528457382765,1.6491885686526382,0.44619463885515037,1.2947938557525551,0.98842834360157,1.210739782926399,0.39218614637945143,0.3896091696644432,-0.6260016103214061,0.5712561691396223,-0.6998017937833515,1.2479374351495227,0.5194067532096828,0.8539373064680257,0.8510480385952556,0.7543107267244517,0.23383482132066188,0.09255880350512716,0.5585971502005636,0.011234055952819094,1.2556655510001222,0.9020362358788706
67,-1.5680913650286554,-0.3600048128774564,-0.18472648349919213,-0.7335833152834629,-1.2787755695538467,-0.48839089532892394,-1.3018150310689032,-0.23779472228148746,-1.9424584971478314,-0.63008602498141,-0.6845109986201378,-0.34237360433079683,-0.07749968820153823,0.5063130902953122,-1.4297424757792985,-0.36117080507574295,-0.27460337067372625,0.803180891704564,0.2962715171027728,-1.4069391739157813,-1.5362560132034415,-1.4106876553951633,-0.3890001562478135,0.09057712143536029,-0.10973953637541534,-0.43264058461879373,0.05495915899667677,1.0144287341379832,-0.2601004505764792,0.2932798283721958,0.586275741066352,0.4208675546525343,0.07297513619332799,-0.8625369933111668,-0.9593618097021942,-1.8966913461342083,-0.4365537594090531,-0.3659480370940803,1.551559984159911,0.26524067443558685,-0.6183233475087827,0.14201031836782332,0.7662917966169175,1.0286583533201623,-0.30052367511131606,1.7170376084616281,-0.3027934112685787,-0.48208889915644604,-1.9396429004288562,0.598847722764606,0.47237121995504877,0.5449325218158257,0.09326976305602315,0.7375939264593966,-1.2079994836917582,0.3975788710672553,0.9193220589806316,-0.468130164650721,0.31485635534235834,-0.03716148657014495,2.112334318115513,-0.21377168393733065,1.3548698065394598,0.9283337390349407,0.39671166689844395,0.7622868815571189,,0.8154460890734478,-0.5275356314718124,-0.5450946616669012,-0.09665032182696232,0.5254430266417377,1.3678017091664656,-0.047876643180639306,0.6976658724582733,1.0630593040480392,0.21061970969782082,0.5484683918987555,0.36180250215236137,0.6113047500311078,0.879441272071063,0.8826369100007592,0.030740377945526795,0.4280063875685583,-0.10584488048526325,-0.0031170113409113845,-0.30384632433636366,0.7322147980860566,1.2235150943403346,1.1448087189438163,0.7086046692051446,-0.0918520684505229,-1.8373085613664293,-0.5417736889455294,0.49299699411695064,-0.04009888766149114,0.2730002981616398,0.6695718128015103,1.561153495398534,1.0463379801341581,0.09978250636034643,0.341932110537664,-0.6677018192550159,0.1263355648570897,0.09651922783199182,0.32258657689471465,0.12371935567227164,0.6053623563645628,0.3141926214957816,0.6645553853043471,0.7628095327549012,0.35825119193222715,-0.6699613825081692,-0.15471541388789123,0.875667024673147,0.38575322129349865,1.1464466424572637,0.7926233186926689
68,-1.2593330314935343,0.3040512950450384,0.04877967509880796,0.12615605072540825,-0.37690205138955046,-0.19634690376942107,-1.4693821420390814,-0.023104790440975,-2.0779505765642177,-0.42761923126896695,0.6764919716174121,0.8150215683990288,0.6527895433702472,0.895462220352224,-0.7068116878061533,0.6160080127098904,0.8124535533264594,0.3725549714036384,0.9509519730369541,-1.4961104182571074,-1.1618121657094262,-1.5453993979816207,0.3842046112738886,0.8828567695955634,0.6349524242156193,-0.6092192017646161,0.34501321245372885,1.3791742666217863,0.06876737514633897,1.2269996976888895,1.585606322637461,1.2473433437711994,-0.1966948306392555,-0.8021700389696155,0.040251631478972094,-1.3952576329040427,-0.1453580910220698,0.16564153850663774,2.3450096880043763,0.6319735624636886,0.5008083812809769,0.7807335287256149,0.8074722285531866,0.8978394123354152,0.5391570868894373,1.0206964601637396,0.6537208889692889,-0.22569050085856382,-1.3616504341545481,0.8114718146845573,0.9723812049565671,2.0575378953419894,1.2714429999867916,0.834925123419686,-0.7061713749881728,1.710366031911052,1.787165498909093,0.3247795063912413,1.8689186685074584,1.3480003661817945,0.6390129622954641,0.5540724591016564,0.9298787357811867,0.9353613685095353,0.8557498732856107,1.534175213865903,0.8154460890734478,,0.6914156172041498,-0.04965909348236621,0.9070693688124497,1.391177238856556,1.4639280133226964,0.2850744478560152,1.7657226164193907,1.2823737176086554,0.2934922234056094,0.5748413122147695,0.8449027480247587,0.7373929355269363,1.718060629128859,1.411768340477713,0.8739979248008424,0.6412324633985902,1.0797631381973067,1.218088607509725,0.10623799785228148,1.8537324730085976,1.585798203227346,0.7022866013406381,1.1679911306703785,0.8495992773359805,-0.8890312450523169,0.4081520621374769,0.8775314418613193,1.2686876769183009,1.1568071846142893,1.2373463099825168,1.188685837676726,1.2031442485362709,1.37656111768242,1.4867237210573894,0.8325938297561969,1.1555161279443091,0.2689307717232922,1.06084664549556,-0.7280461852479643,0.7110687663925984,1.1001943631465625,0.40285241935316235,1.0106178096834364,1.4044910605352152,0.8840490539286359,0.49245994062967186,1.2139468023086453,0.3861439438277741,1.8864329050303654,0.909721326851067
69,-0.8365542638411811,0.5001750207028909,-0.2362799092845994,0.7627752719026994,-0.5657743422025822,-0.31926440085383917,-1.4451573295982898,0.003993584396167797,-2.0263901472328048,-1.7868611178102425,0.3063294745711246,0.41729086628468287,0.6039021557442452,0.17177962202426403,1.3410772921391176,0.49401985729296816,1.347847067381,-0.28445134975541386,-0.27468109334248214,-1.3938712336458499,-1.1555572768675189,-1.389485514114205,0.6641685159649643,0.5184371939092688,-0.27368099710582316,-0.766999676905913,-0.7560132013682073,-0.11659899821368438,1.599218351286497,1.0592767098164038,0.6166121511574945,0.831447209893553,-0.7431918971028469,-0.8445747751220971,-0.901306717292455,-1.6400586449047092,0.6660998629938555,0.557330447046161,1.0314791906674348,0.5316640847136309,0.25237536980605385,0.34882628562741036,-0.14524646129933175,-0.7605048466595746,2.1505614774257986,0.10643660741561264,2.9341118376120914,-0.5410934582029432,-1.3411037387813873,0.43844090991232954,0.30520683786158403,0.12486493415555835,1.2267317280242758,0.11843852987390649,-0.9441748804822542,0.8772673644424,0.7987535974956428,-0.009947598740183757,0.5602751316451675,0.289640765215217,-0.7358296222997084,0.26054655061114923,-1.084065643183912,0.0051715655883585974,0.13362949503795024,0.42359261651051267,-0.5275356314718124,0.6914156172041498,,0.28121929698188614,0.9722587561592008,0.9173417100657407,0.9423643963943518,-0.5805679323583982,0.7173768246511587,-0.5353405100090841,-1.1786766585008934,-0.1373795130397846,0.6044219953929719,-0.08876496142365878,0.6077725397306305,0.3533127587136045,0.5892102149301874,-0.2780389080333194,0.2624003716508688,0.23690614324930553,0.41859557137243786,1.3576977141762914,0.5010101228293967,-0.4170055509946054,0.28203813190238475,0.8394525060816939,-1.8518714236230056,1.6951482444715944,-0.2579496223186457,0.985388339068454,0.30993349844566065,0.21464759485149093,-0.0432251097987939,0.38939673774417966,0.5970031652924461,0.3988881264809657,-0.01651364415587362,0.6062365103517144,-1.0729318265758927,1.0584979500231693,-1.7295616126781617,0.3115762519297019,1.167187940930478,-0.04190547200545045,0.16368384107109585,0.9000376512472801,-0.02913894895840438,-0.9873834749654735,0.6521616914912443,-0.7832881724026799,0.7344220697654535,0.018062630638573874
70,-2.036937547748553,0.018452916624812493,-0.5158017431316443,0.10957485225200474,-0.66690905575388,-0.2695686659427051,-1.8263010169603624,0.06618712230027975,-2.372035161590854,-1.870588889530023,-0.09682941578393237,0.5381998501428075,0.7342830901117069,-0.3740698986657696,-0.23781434654440262,0.14719965491571954,0.7402158891137017,-0.7368249374201632,-0.3315013480295352,-1.4105299432930292,-1.444727937081601,-1.8208291451494512,0.3660995710112582,0.4261182039370842,-0.7639964977446854,-0.5935640454068556,-0.49135458692462447,-0.550509625902138,-0.08004414081832904,0.48121673901313794,-0.10859960575963302,0.6189646589979387,-0.5357633889298573,-1.1296966335265957,-1.8658312322913655,-2.258512893499145,0.9150819561750237,0.5334391334737646,0.38891130225676535,0.3577712773337278,-0.5795787001048486,-0.4498243762191344,-0.5455348623491535,-0.7760632402020317,0.4409769029212982,0.043390424665656735,0.4260533702856445,-0.3294677025829996,-1.9516202297326584,0.44041383028424325,-0.0008092953062224966,-0.5749332577166876,0.5590782294284832,0.07050267130352406,-1.119890398559588,-0.0009237234969708938,0.4669937296623826,-0.48947375873886867,0.08401762156261634,-0.38852078619988195,-0.45732564073675785,0.20076989655181948,-1.5577552268625827,-0.5731050861404889,-0.4678059500380628,0.11644015807132015,-0.5450946616669012,-0.04965909348236621,0.28121929698188614,,0.2864569290206046,0.1272520858419402,0.7390418374615381,-0.5940295577262412,0.2818478551988832,-0.768555777474963,-1.6662893439175883,-0.11394105816780867,0.1381703745896387,-0.9413130197778878,0.1267208834949641,0.1632493003163475,0.5577310667863863,-0.7065611015430114,-0.3795486949160017,-0.7101941867971637,-0.9748354388281111,0.6681721411767436,0.3245921771636115,-0.4671923771235724,-0.41228378180064845,0.8173802882189095,-1.7033365068151212,0.17687816397385406,-0.7398266144870242,-0.3182784516918662,-0.488047495593908,-0.48606775007086345,-0.5507820865731763,-0.36121921223744213,0.25854717974879093,-0.07970519124329706,-0.5924254293970008,0.7085673263935934,-1.191180542312283,0.17867165499013676,-1.570574182421754,-0.3905229443493775,0.5608899512022767,-0.4880982735213959,-0.6102016904267662,-0.04795870975103198,-1.0350340738408024,-1.293879382383425,-0.2028435435479782,-1.2872179684057439,-0.013306993181756266,-0.2875527068176303
71,-0.8938255832625792,1.1127340055488109,0.3795393374324533,0.8548411285098074,-0.592462620814973,0.12253351534003723,-0.7356857128953311,-0.0858340330518603,-1.537164823192826,-1.1571951806083098,0.6737375754719436,1.1106274665038236,1.2008069881892258,0.4898300659709723,-0.024486796078835287,0.8323346895639713,1.572186959962236,0.5039253205361311,0.4908731950641722,-1.3376879726496407,-1.7401302308461575,-1.4743867640106934,0.3000884300881374,1.3094762327753766,0.4549771397522715,-0.09497701708479718,-0.8521998098399929,0.8330075074146687,0.8248803031863191,1.5366523045819735,1.1883333754433911,1.0810616038712715,-0.7437653407472886,-1.0864007238982651,-1.031678591154702,-0.9157220160343755,0.5674979279575122,1.1490871661545357,0.9564828937048802,0.9400171690655418,0.8686049750023905,0.8696084003896937,0.3611652720809626,-0.6280240655763097,1.2009022741596416,0.3546627355286325,1.2855629771780421,-0.08583456751451674,-0.501650683015377,1.2043506603401788,1.221276639881335,0.35028665807785025,1.7270332088376281,0.16230982415394068,-1.1765869074866337,1.352505975316112,1.5826984074123358,0.3125055669661949,0.5933960791989066,0.2598678028639081,-0.01823380258830173,0.48070257624889406,-0.8761751279996493,0.5457137833322817,-0.6386217235902786,0.8574884827163601,-0.09665032182696232,0.9070693688124497,0.9722587561592008,0.2864569290206046,,1.3094870600397006,1.0494109531866938,-0.5939722090565159,1.0106808121998525,-0.37748277121836377,-1.314509223868823,-0.22548338867554926,0.9910683213917081,0.5682875949048679,0.6710945923210156,0.6847830669297987,1.2439447133681556,0.4027721635402375,0.9528533134363623,0.38059232492814704,-0.294404602610067,1.7484165277542034,1.0039057861006375,-0.1709500870949168,0.9011998424388266,0.8209066081471809,-2.1557930047730207,1.0550789724329772,0.24175866182600353,1.210338449970384,0.4706569578873697,1.1886758712878127,0.41243029495904737,1.153610628404892,0.9418628622245196,0.8084910622151933,0.2379584239304203,0.5061187946106182,-1.152237730293155,1.293952510697121,-1.6225703420249087,0.956664689693226,1.4593193886726195,0.7584487688983732,0.772180064214294,1.4226965259989748,-0.04416128199494749,-0.964119369976051,1.0295152900019113,-0.550702845640968,1.2795888945772949,0.4076458866548437
72,-1.2844571260811113,0.9688139447683937,0.7367574042522289,0.20399222670004738,-0.7933785529990953,-0.05498486336063263,-0.17312688074906113,0.6850968141477635,-1.0531181479454956,-0.9474869993583893,0.6766152274604734,0.5659930567925284,0.7509149103310938,0.5128343617409623,-0.7218805603856265,0.8496072407485572,1.282065834562765,0.7757086860914216,0.6399609074373667,-1.5783468528040612,-1.7873368466111894,-1.555354890731645,0.36513076920479565,1.837674367295844,0.19894373825489156,-0.29709000649127976,-0.5279418114775811,1.0504339263886562,0.5189059002388781,1.6648653550565227,1.552459717271305,1.310488525290452,-0.13403395930100212,-1.03849036230033,-0.6789746567597128,-1.4965753689083061,0.2681874941596006,1.2143484446325374,1.1935100616524743,1.7595548180889935,0.9097337819304417,0.8487935574950228,0.21602999403392195,0.0597400800131318,0.9689807545398996,0.6630620548144389,1.0146222649572452,0.04918217387344395,-1.7177079792236833,2.0406687273532595,1.4912139406718072,0.5476147106455088,1.850675989474643,0.6538482660349432,-1.434969385821854,1.9363316161889237,1.6623518250311313,-0.00507078776975875,0.885693797177287,0.1347830173544125,0.7502410729867246,0.4977640528450864,0.1762120170177171,1.175320948342397,0.10383156096498845,1.6643336637194825,0.5254430266417377,1.391177238856556,0.9173417100657407,0.1272520858419402,1.3094870600397006,,1.3120822104915457,0.08206982184513599,1.3965908305466657,0.690811595912031,-0.3363119941636648,0.24130678081205006,1.6590956571357076,0.5284169236745443,0.8369874677225614,1.0359615999121006,1.4468628509082442,1.0158196425810284,1.0131838232133346,0.9865844498652405,-0.04893546035177702,1.6723269829714678,0.9456506611815799,0.7675010288837811,1.5270481690789577,0.9709915942601397,-2.3078785244901683,0.3538392255754795,0.3533294754418266,1.0194751509017193,0.6579434101478402,1.341959289486417,1.070933569804102,1.2299282395946691,0.9061679965900503,0.9974010899981886,0.4379289328938313,0.2882848210985008,-0.38433790404606405,1.5948968273822208,-1.0337495744467458,1.1717882682560512,1.657250189212979,1.0208031799636679,0.6757398266785507,1.4362580333042851,0.12144453824006093,-0.23451777776277163,1.1991291096041803,-0.08720511985570793,1.5225170079227812,0.6007860386547935
73,-1.4534204763420895,0.3958317527946556,0.20425427495797197,0.05086976308973723,-0.7885714280694783,0.2123458830587002,-1.2633372816485768,0.21735839651938815,-1.9768118349759547,-0.624732717201987,-0.023586663172288684,0.5579765418029115,0.6440504964928633,0.619620324747129,-0.4481442994877225,0.5450933664446491,1.2094075041449337,0.7524349072587212,0.8289538547350525,-1.1137880439628411,-1.0107851437637836,-0.9407974393913513,0.40493826621108436,0.7411070011258576,0.20913895697898813,0.0390531929071491,0.32372253443743315,1.4990427208902668,0.2337722836478216,1.2699092544985975,1.0666812625895785,1.8420904797949749,0.5729599023367224,-0.45232791047015003,-0.2814542752561421,-1.4360119519977361,1.2767660333411384,0.6399135722898679,1.978234202620757,0.8259229753326572,0.3986208013878975,1.9281930399106089,1.200806865424455,0.618467389156487,0.8578353114508752,2.711981555922006,1.012610337910812,0.04451320337412951,-1.3824355774619779,0.9729240422921616,0.6914383069896506,0.9895707684448216,1.2393297635222063,1.951687222537401,-0.5399125101874627,1.3468834381039625,1.4494257574723204,0.47780259438765194,1.0807779163093532,0.8704238378949811,1.5188138161497318,0.9123776959520247,0.9083412973411946,0.9738069018758364,0.8717779734292922,1.0549215852722416,1.3678017091664656,1.4639280133226964,0.9423643963943518,0.7390418374615381,1.0494109531866938,1.3120822104915457,,1.4438527187883958,1.7493000196858257,1.1657942012118785,0.07429081675478104,2.241844215812704,1.4663712560991107,0.9438954906931112,2.371334213928539,2.099475793168662,0.8303324809928965,0.622215963917604,1.0632209237014378,1.181099232927108,-0.1806598653030292,2.0637028184515787,1.8666863465438097,0.8941152932670196,0.8663513581979905,0.6530475233388823,-1.2373795088526067,0.5505108684770187,0.734041302224467,0.7166952702182946,2.011933843703303,0.9210047734710629,1.452224191974988,1.1512089980459437,1.0573060518923376,1.0417161320142752,0.4052378739786906,1.2123630733417825,0.1844248772438862,1.2755607069989308,-0.37398807245670124,1.283917429386142,1.4895893903830446,1.1349753483837162,1.0990778727143757,1.2209238329862184,0.7182331256273599,0.5579706452216115,1.390327544608613,0.8762893606555552,1.536491141852474,1.2790077677874359
74,-2.3052841681088774,-1.0536681287365715,-1.297411497334359,-1.3494345799814182,-1.8176574714716767,-0.26274090255695265,-1.6767553259731813,-0.6052548497449391,-2.3454683797555917,-1.0774333477537863,-1.2078044657060358,-0.8901722249748028,-0.24692090607972828,-0.6836492029933158,-1.4711085946241418,0.0665794557831221,-0.504484336505461,0.056990600869622064,0.49633212864817594,-1.2876619353348526,-1.0352446671187663,-0.974738935286352,-0.7838585711210768,-0.6988480459447154,-1.1752261064026743,-0.7194701210851054,0.3763260717030229,0.5478847484077721,-1.50083700960049,0.1424736610994746,0.19505142177969764,0.986119517842194,0.2176928858633408,-0.6106690921319388,-0.6384269004120399,-1.5789968967652805,-0.09095911955746977,-0.9511978484169766,-0.07618800379024472,0.08365097675975294,-0.03494233727218049,0.9678789998917511,0.019460179126871258,-0.5950115335342577,-0.43550576754446085,1.4608642371223628,-0.61813752362142,-0.9105731511755156,-2.096105125442499,-0.5139617425585541,-0.7719830996825694,-0.019509477841964183,-0.17127367355501427,1.173299473341187,-0.7948993759727347,0.350056133501764,-0.13686928634015985,-1.0016465933953322,-0.16109187659381513,-0.7436898700235747,0.4320691640591391,-0.6421042065838648,-0.3293564453102463,-0.3648014209124938,0.47602505072250806,0.12142765346119958,-0.047876643180639306,0.2850744478560152,-0.5805679323583982,-0.5940295577262412,-0.5939722090565159,0.08206982184513599,1.4438527187883958,,0.22946043336877528,0.27674571056772246,-0.9270879193608267,1.5881397076671893,0.30486463042967765,0.40486405219920785,1.2574155947587415,1.164340413736291,-1.0996593501355016,0.027543110923311968,0.07489547696192066,0.26250118097040176,-0.8045306832965767,0.45695895377429124,0.10077059256613735,0.07187035188910544,-0.15359565529224323,-0.8571423505428823,-1.1402574048020044,-1.0583900107273716,1.0249654253506808,-0.07961868437017033,1.3595962441309695,-0.09168211283626881,0.42774177033820865,0.08796528825578102,-0.09824853063377581,-0.032803886733089406,-0.25706953096614904,0.2977479437788638,-0.4115067661802833,-0.6090699926282723,-1.5450293626556562,0.5465581068723409,-0.41428582958900423,0.45569182507809264,0.3607832720116276,-0.4637491297812594,-0.011503742539347054,-0.538850459942428,0.1919688845284377,0.03234760419294298,0.28729821050631277,1.4742734176894694
75,-1.5172095546352422,0.37061701293420724,0.2542602945514193,0.08172036449594389,-0.35294310218885744,0.02171779365288256,-1.4303438901636216,1.0558389746612211,-1.9525184448604163,-0.6367333737944023,0.5813502097658334,1.0344528949618361,0.8199722031628321,0.528901865464688,-0.7902249149601769,1.000401666676548,1.1023820656988081,0.4080642079763277,0.6472361397643818,-1.5007894625528724,-1.2524540609833357,-1.0541259146051492,0.2470145542660638,0.7074412703444156,0.08160647162086379,-0.07945082308362485,0.13010307273630595,1.191799498283746,0.003550211800780404,1.6598157135878129,0.9768079308215094,1.2917813371333116,0.16419959897970052,-0.5921533759509662,-0.5660867563667038,-1.4386440087374546,0.4924539456793015,0.8215765088001378,2.079509788701838,0.8731234460298734,0.6075709117871267,0.912013912242115,1.2358821595144673,0.5386447931224867,0.6597014476719052,1.1989068916690373,1.0863529124472036,0.2311847096706772,-1.6741671791929718,0.6444176042828795,0.9969667925157517,1.3528961437950324,1.6171590468418975,0.9697624059148221,-0.5815237864232425,1.4422438348609419,1.7861163493371879,0.7070992065936583,1.3872939438678014,1.4212715819051214,0.6462167095810627,1.283473215173289,0.8206648556158019,1.379956732217157,0.5349948574213016,1.0121796834685926,0.6976658724582733,1.7657226164193907,0.7173768246511587,0.2818478551988832,1.0106808121998525,1.3965908305466657,1.7493000196858257,0.22946043336877528,,1.1985226757925413,0.5330486772156534,0.775953871920991,1.381933856448705,0.6724205540411996,1.6066028941286894,0.9619439065553481,1.3432586715998123,0.5564685208290862,1.1015293810176976,1.0986365744015198,-0.23212775656883525,2.394771133616173,1.7358334069451011,1.1628007917078023,1.1413377079125169,1.0242092916550498,-1.1217472595227527,0.5101893355956671,0.7338266013387726,0.9935688467544074,1.4379334695812518,0.7364108269349785,1.3538265104869198,1.026178531031144,1.1771769228841404,1.1755204237580448,0.8536911065011558,1.5847688663796258,0.8472419109876904,2.232665701901253,-0.4552271455403839,0.9097733563209308,2.161412991052574,0.5990428354122705,0.7652223193259218,2.0527429342576404,0.9076692715919604,0.529868848886154,1.5718746153250838,0.6280995027623405,1.6384645298466398,0.6955305761495619
76,-2.205761625779127,-0.4235081463496202,-0.3346193295456927,-0.7044013076816436,-1.01137165266431,-0.6241692320840918,-1.3685536416512964,-0.1884847551202907,-2.184968744802249,-0.797723210732473,-0.29939075600397663,-0.4673589782626844,-0.42815364943346923,0.23050486258979025,-1.7241504865854407,-0.21413516271697378,-0.25378257999295833,-0.21396238686846852,0.10508580771627449,-1.7356268607254748,-1.6387430415925888,-1.492471967219536,-0.7867112908846824,-0.4601532704688647,-0.5639052689846076,-0.63978694136733,-0.07991666554731675,1.117321202991831,-0.7587456669929385,0.6174782497353406,0.16225875378111967,0.6450128716148169,0.07635201721795232,-0.8179756445820745,-0.9925809329119855,-2.0707447782540473,-0.8464776383482342,-0.40635098463096797,1.1712592717929402,0.022151490516834283,-0.399034213151382,0.2216857425536694,0.5504866841279582,0.6870678291553335,-0.42669374351788325,0.9470286120173929,-0.43332230313180226,-0.35405106580117196,-2.1171293481703333,0.2676217930739894,-0.11202668477041164,0.7283014281388429,0.42793536637892315,0.4969970431688786,-1.274994709018746,0.40122860722731796,0.4928972449589146,-0.5750802673019666,0.7401924762674595,0.27688388260735936,1.2478675121351122,-0.01873203235233808,1.2703930012658964,0.5375779277943559,0.3440464905959437,0.6244811344972127,1.0630593040480392,1.2823737176086554,-0.5353405100090841,-0.768555777474963,-0.37748277121836377,0.690811595912031,1.1657942012118785,0.27674571056772246,1.1985226757925413,,0.7624100255641066,0.600041029269709,0.5057942479744411,0.15161093299693407,0.8546152990398102,0.867909124999114,-0.18086620330235242,-0.16730648136565973,-0.14265580091222144,0.36893393302729377,-0.4017794223346116,0.8064838784939188,0.8692723135189853,0.85799697461283,0.33793948070696606,-0.2275105567579736,-1.5800298042489713,-0.8111137315983631,0.45144324036756567,0.07921342256834293,0.4632454393694161,0.05794135488131021,1.536797025612314,0.10425344561063929,0.280954045215358,0.6424133071862831,0.029815719339601646,0.28814913457479574,0.6519496475537221,0.5763091147570344,0.3903789906782231,-0.1255630599516546,0.3774465107635966,-0.06212099554043999,0.20385621090705028,0.54480884511363,-0.04670437669821308,0.315733140727469,0.6323646326879598,0.6912558126153519,0.769013688529148,0.7425892402101252
77,-2.380395507350968,-1.5140309225744424,-1.3658832946720276,-1.552220823452793,-1.8182235276081387,-1.7145948273728497,-2.4582376009795293,-1.5051174187091867,-3.1020029603981025,-1.22832191855481,-0.985615488235499,-0.7379188101290266,-0.635521191547215,-0.6712895165034171,-2.2763732774267726,-0.9076500105423828,-1.0956504319193663,-1.1409876336024176,-0.8528251136578043,-2.310354563573629,-2.4558955327570735,-1.8320007777874117,-1.3461413548548962,-1.279846987216733,-1.4495018931161632,-1.6384191283550922,-0.6493303953145236,0.2529325048246611,-1.2991315323905988,-0.21388303042378637,-0.9461657832294201,-0.6395849812122254,-1.1169149386670132,-1.4076649739101514,-1.192607270468861,-2.4003809600784187,-1.698448197945438,-1.798119465289945,0.538887283769537,-0.789557962976619,-0.9976544593077625,-0.34278769150794813,-0.36721502265334266,0.1187115605797988,-0.903678343565242,0.011120332702641213,-0.9500701102239988,-1.948029437030468,-2.4503848555603023,-0.5410597317419492,-0.5571347457617134,0.3064361919153014,-0.796710431134858,-0.7030718619395849,-1.8802024696890087,-0.477378430912327,-0.4913255411839737,-0.8131609795618815,-0.05736618231442017,-0.35798306463880775,-0.2665061182173297,-0.7654645966705299,0.526722190930606,-0.3702585492885168,-0.628340789586594,-0.08202396755452022,0.21061970969782082,0.2934922234056094,-1.1786766585008934,-1.6662893439175883,-1.314509223868823,-0.3363119941636648,0.07429081675478104,-0.9270879193608267,0.5330486772156534,0.7624100255641066,,-0.5333763192622707,-0.586949912450222,-0.11276908078867123,0.05691313071683888,-0.3415014489803503,-1.2893645260743303,-1.0286899853085134,-0.6522268107674899,1.0678255260987846,-0.8464374946669834,0.06703896768680527,0.20874887481744847,-0.5580597590224194,-0.6783078307798305,-1.2028818631664076,-2.02150902706057,-0.8887958544582404,-0.16271992281203135,-0.7235647078460663,-0.1694535303895923,-0.8867118579436702,-0.1467287214813606,-0.6985524746657872,-0.3799134524422167,-0.21280902697867127,-0.7750168629318517,-0.40495341132460255,-0.41986610740558405,-0.5226123634887602,-0.07188210824991134,-1.0136215739642644,-0.8228260293691007,-1.2605846656563677,-0.17687732845369744,-0.5185320762247407,1.2060123474548312,1.3987115514699509,0.026334130059310665,1.8136908614343643,-0.19332975612648845,-0.2808838631023708
78,-2.2790957012509314,-0.4679400405424832,-0.830252398556843,-0.8537085524833137,-1.5568421862154338,-0.25634863788041545,-2.0687677730955,-0.28790729142240107,-2.7093254894067313,-1.2053332605502556,-0.9308076758021592,-0.4267494824637332,-0.12965135886626106,-0.48865137636359524,-0.9595158022289819,-0.16227474566092318,-0.10947734416157741,0.018783410818043883,0.4718328428796325,-1.4854956479558874,-1.5821097635193968,-0.9438612026258892,-0.7199390250215322,-0.48407721332345094,-0.5109395199536221,-0.5673744964874436,0.004629301279933588,0.8457344536756133,-0.7292862492870877,0.45494673205573366,0.24359696089825184,0.8811112907016647,0.4679277814321653,-0.5470020622118755,-1.134292082227594,-2.1316286621524996,0.3990354731697394,-0.45496792630824934,0.8081146042061879,-0.051092753637644,-0.09678832623182995,1.503048260411098,0.1675882560066743,-0.22632659859952162,-0.231100092881347,2.0230864092551597,-0.09420446337870156,-0.8222872193770494,-1.7103298802651075,-0.35476448770084773,-0.28576240236465356,0.21095441201559575,0.2030696040108402,1.4848011197216644,-1.1688411327243118,0.3310109718583038,0.3744270215085891,-0.8135971091817128,0.2811010994936517,-0.5048719689299532,0.6507110500841331,0.1735081780548168,0.18106252016330235,0.3821416613798327,0.5391892921862248,-0.06524190052893289,0.5484683918987555,0.5748413122147695,-0.1373795130397846,-0.11394105816780867,-0.22548338867554926,0.24130678081205006,2.241844215812704,1.5881397076671893,0.775953871920991,0.600041029269709,-0.5333763192622707,,0.8228735839029938,0.38490663865166863,1.651983739062495,1.4576946336127439,-0.3808398729685807,-0.4198470802476683,0.17388907721375713,0.5284065674118688,-0.6904013744858085,0.7792136605336217,0.8876253094128157,0.35496193593898634,0.15873774531511034,-0.4770170451603258,-1.7076336201573021,-0.5510489969253733,0.7362534394232927,-0.02979640733421974,1.286541528624881,0.06625596755020179,0.7548907762901937,0.38460964596950104,0.10065441128642509,0.1250627691323183,-0.21849959283376388,0.45198140440606727,-0.14950960386336518,0.10686317535864066,-1.174322789420401,0.4241352338180733,0.2825118699913088,0.38464866778017287,0.7889463210843993,0.2581381627882259,0.09439564246826665,-0.14182776752595952,0.6919796638131062,0.23022269167207587,0.7200453730476535,1.139396689340018
79,-1.504660446485644,0.7489397462347066,0.7806038452295406,0.45962694563829426,-0.541695650868471,0.9429763013501778,-0.8585317692459986,1.2010540008150414,-1.510231231340646,-0.5683589063745651,0.7319437439784692,0.7984654096661155,0.9205745045617398,0.3526748544115104,-0.2689348381059197,1.356693133199937,1.1583782995157166,0.3482906618836446,0.6865545874910454,-1.5222025008643687,-1.8659788126594943,-1.1130237333700626,0.3239142605659067,0.9128805273700399,-0.1782104449712476,-0.35412786552887293,-0.6196610481249724,1.5640972272776308,0.41645783144891024,2.097616333145395,1.005314831370725,1.6428915999939553,0.0854093844625808,-0.8877235348257467,-0.9248419993720773,-1.313119981730893,0.7094095442082955,1.3476506352837962,0.8850820324852732,0.8486050132419919,1.4858920041558368,1.971584493197358,0.35983721922498857,-0.29177455932134966,0.9713119512722614,0.980386395616993,0.7177509132744512,0.19232693353380967,-1.5601351115033257,0.8960053450928926,0.9608343016661868,0.04550526074661647,1.7223293619456503,1.1027802676708276,-1.4144257459565717,0.9457064404647841,1.3643619236005142,-0.20927128345542662,0.5852862515918277,-0.14973259086629426,0.8137073970457586,0.38547861437611775,0.024735998179261136,0.7776647353680279,0.1637128660331981,0.8506799564247891,0.36180250215236137,0.8449027480247587,0.6044219953929719,0.1381703745896387,0.9910683213917081,1.6590956571357076,1.4663712560991107,0.30486463042967765,1.381933856448705,0.5057942479744411,-0.586949912450222,0.8228735839029938,,0.42031034186896654,1.1403871231400493,1.2496618575044827,1.0522834031010952,0.24412528501268874,1.0921524663891853,0.3460990019264125,-0.3559151048366978,1.5693679332775297,0.8761142679052801,0.44081294042269165,1.2506245873781972,0.7833731809296791,-2.550666143632386,0.5468549926387305,0.462588430137819,1.0844142909143042,0.8517646529616871,0.6002270608565066,0.9146396267277405,0.6851642695150504,0.8777696994947326,0.8228472300447082,0.31817017366949174,0.3351403251534025,-0.4480217390240977,2.094349220335592,-1.0320041976266037,0.48641909304059133,1.6724635422860359,0.3414944915892871,0.4271045847331205,1.9146046218100896,-0.09021806786334753,-0.5490539300735624,0.9379011299763401,-0.14048267227152678,1.306856435324199,0.6420502689269013
80,-0.5368072512977242,-0.08674432281626422,-0.41284729070136,-0.3025470504769006,-0.8172537292683275,-0.34458347687617535,-1.161464330909597,-0.7389714895840055,-1.6027677455016,0.1661179502007608,-0.1336721421964266,0.43355034966001443,0.28643732255831444,0.4948188632844267,-1.081278144659267,0.26735644236142875,0.22810605200955023,1.9000369551914902,1.3017561434825768,-1.4218407605937748,-1.2379862466389648,-0.7609646615313542,-0.9628832187628735,0.24403436773716666,-0.02400348528344753,-0.44020072400316285,-0.27143971055731597,1.0778603884959552,-0.6384200282924545,0.7431705669254254,1.1449679526726573,0.34169605469469944,-0.35933434193562114,-0.38837419275380636,-0.3556457618038803,-0.4129682799480003,-0.35162140976189893,-0.7966772917511918,0.765561080839221,0.3747257330061233,0.8270996319700086,1.3945438828479115,0.375045511821818,-0.4394507463594442,-0.016895284813550016,1.1582521820241067,-0.04982587611908034,-0.8163880391855183,-0.5839559295641955,0.4638159050500055,0.5993812686093932,0.9111435329693368,0.39563009831738183,0.3610972938572572,-0.7186588431168934,1.006618828149105,0.7258898729135244,0.10871221997197614,0.6218648392350178,-0.2454170684792372,0.18792566871204877,-0.6334024717826438,0.07677665617366289,1.1252002631658038,-0.7347608182820873,0.6516709079248508,0.6113047500311078,0.7373929355269363,-0.08876496142365878,-0.9413130197778878,0.5682875949048679,0.5284169236745443,0.9438954906931112,0.40486405219920785,0.6724205540411996,0.15161093299693407,-0.11276908078867123,0.38490663865166863,0.42031034186896654,,1.0031353899974764,0.7646671468257038,-0.7616763235939094,1.3210022789091462,0.4316154836442581,1.0684187110462455,1.0728581020222931,0.8179000114243072,0.37912888107464465,0.7670433172401349,0.8329453690316042,-0.5762045722097805,-1.7129837708263056,-0.37934785546613625,1.753800426262452,1.1843314882726803,1.0877200679730283,2.0292928527734997,0.610725046199875,2.0679713664816783,0.5260196684124415,0.35943817443166554,0.08614526480809646,0.26460254455495713,-0.4160564663029516,0.37424984508037185,-1.2496969650319814,1.4649118002825363,0.16565084841822872,1.6421704457306923,2.5458261205922876,0.9369275286516986,0.7810373783875885,-0.010084748121227671,1.3450173609683331,0.614990360711731,1.014276142201201,1.6753709530461178
81,-1.3952599454996037,-0.14562196583623163,-0.7318187115348991,-0.26029263487530296,-0.7379080319964404,-0.2220174978084507,-1.685448340117053,-0.11233703154672198,-2.388065831653377,-0.11189625420175504,0.048715115421709664,0.494434276369377,0.3318535254525056,0.573331950939309,-0.5406914213333975,0.3478516403165689,0.5709033316959161,0.3957675216668426,0.9316315786706579,-1.561940054708036,-1.2495835200670675,-1.2196942466301703,-0.03140119138753369,0.2958109606893367,0.5397005689583535,-0.5638527788332659,0.3513230378765501,1.3205727926954667,-0.4222916137066274,1.2347253902781739,1.0323273741319254,1.4442433123318899,0.17095197333700274,-0.8338016353824966,-0.11540270056994628,-1.1442479563018535,0.6856872479629108,-0.1391229686311217,1.8714788267654723,0.32923778488602745,0.39740942783453326,1.8077407222271877,0.9492074557847031,0.2759240912643953,0.3340217148191516,2.210892036201958,0.681927162598488,-0.5019364112762905,-1.0954664896170574,0.3168283861093481,0.4300483380000742,1.8750921145261457,0.7861266530083406,1.9892672408675356,-0.6355591790234504,1.3641895803261588,1.2255075004783609,0.6487553571139724,1.137858593505777,0.7982361688368749,0.7721881684599959,0.2672016324937927,0.5746263647421945,0.9512175797763477,0.7891836195646785,0.8258148007201828,0.879441272071063,1.718060629128859,0.6077725397306305,0.1267208834949641,0.6710945923210156,0.8369874677225614,2.371334213928539,1.2574155947587415,1.6066028941286894,0.8546152990398102,0.05691313071683888,1.651983739062495,1.1403871231400493,1.0031353899974764,,2.1202931869327544,0.046874086506147945,0.5232979420492639,1.6345852237797276,1.2986104220132604,0.025749607585485553,1.3785305757051352,1.527154525506932,0.3014902418124371,0.8434800081041312,0.31361362711421237,-1.3037445218163437,0.21346161796615304,0.8683669611903395,1.1175264148819661,2.325807132377887,1.056130021554387,0.9465890570527729,1.2172780107020786,1.548641272045849,1.348534853794842,0.9327856475745206,1.1149937126941476,0.2688445680667592,0.7456383962118922,-0.6725235922211924,1.1212728355233943,0.8860897623636661,0.5908623286889326,1.4021868912444975,1.262630501928402,1.1045304863302596,0.11433510643852278,1.3823477226699075,0.6927400985581927,1.7868235476388394,1.0557768485774839
82,-1.7610855518637998,0.24428152144696172,-0.029331997677477156,-0.029183687286416366,-0.622102029574554,-0.29631243720003325,-1.5634352776574496,0.05722331572883789,-2.3858318686007416,-0.3899244066480953,0.2523235700206703,0.5744676767081134,0.45836957717476073,0.3612561847017113,-0.46941169408119715,0.14717337903429845,0.6013708665356661,0.5819102548597761,0.6550034860629803,-1.8789893559235302,-1.5889486035453595,-1.7733374966755606,0.30882278642029004,0.5793949169647145,0.799406562668534,-0.7648362390285285,-0.08374488435029136,1.3508502600170709,-0.31873012131320455,1.1249409938700023,1.2520821231285981,1.474501192300097,-0.1924366938514775,-1.2229706458980654,-0.8587137857488762,-1.649602194578841,0.4772619954611593,0.1761834157339634,1.1990353060267012,0.47487040899787614,-0.13191471232978352,1.5125708681655823,0.36383076512890267,-0.22497104692966455,0.25205930701446005,1.812718407650514,0.30598333399628147,-0.4276512307386139,-1.3878768005830993,0.6042733753456652,0.6754225336241355,1.228948145283612,0.9214833571225008,1.688368205878798,-1.3808740478637893,1.4846087912486647,1.1390930776042332,0.2085672206733088,1.2655682824637127,-0.10117068452278158,0.9904825506279236,0.27721527196083606,-0.01126148725330082,1.0034630702581033,0.5756737983184633,1.1146004167008081,0.8826369100007592,1.411768340477713,0.3533127587136045,0.1632493003163475,0.6847830669297987,1.0359615999121006,2.099475793168662,1.164340413736291,0.9619439065553481,0.867909124999114,-0.3415014489803503,1.4576946336127439,1.2496618575044827,0.7646671468257038,2.1202931869327544,,0.07384491636817807,0.3231430537675782,1.35456370102752,0.933579074916795,-0.1449124943956281,1.199379077374249,0.9991429445766431,0.3383698774437007,1.0116039396434762,0.6076048119934163,-1.926642434082489,-0.13092145168000083,0.48174575169989514,0.9731386577131048,1.6108058219684875,1.1899638065738114,0.9025213983669322,0.9380318653762567,1.1659452815099915,1.034934523802541,0.3611175771113047,0.3209392298251004,-0.24386263666698546,0.41488392314378886,-1.0765744103148325,0.699539009689104,0.48788395305071003,0.6695564971411463,1.3349933034932748,0.9612974345539598,0.4215828869272595,-0.37623483606958397,1.050014357929903,0.16820076589698335,1.9208877370373716,1.1037233620169422
83,-2.1347819811381195,1.1840388372028776,0.5847260424587223,0.25401235341125483,-1.045524201864577,-0.19632614276250626,-1.8276841708311766,0.603641708564402,-2.452215383235956,-1.8466152774327476,0.12333776660604993,0.6589574257471493,0.6614131175595056,-0.03350272486810513,-0.9397790370018814,0.3692490796976809,1.406590472650527,-0.11171765110208343,-0.6387575409146976,-2.275782640305657,-2.2337808626555002,-2.4513568485426442,0.42193097357413,1.2846091100913581,-0.2702768076561886,-0.7197921083379185,-1.19073472326085,-0.29279215605828596,0.6675760915543708,1.102541033456548,0.23464257698893692,0.6807058294975161,-0.7829689098140278,-1.834378809149033,-2.096610167336009,-2.1981475235578514,0.1092532770039789,2.0235766280560266,1.1035615933486913,0.6348099037715695,-0.44850338604955775,-0.11491557668166033,-0.07513636632194635,-0.17038790246353896,0.6754126253051008,-0.12173794141326175,0.9754799173934691,-0.3034067056005121,-2.4919318065610803,0.937814003211294,1.1823023512911865,-0.19991338345242254,2.3315137330406572,0.1937220616345148,-2.0496100574487963,0.4595305072167662,1.8496323816608669,-0.2244027142032817,0.5259038728704125,0.3400514301332401,0.2813970731423963,0.8158388644969611,-0.984490673544828,0.4193779060882962,-0.5691741237440401,0.511110420542762,0.030740377945526795,0.8739979248008424,0.5892102149301874,0.5577310667863863,1.2439447133681556,1.4468628509082442,0.8303324809928965,-1.0996593501355016,1.3432586715998123,-0.18086620330235242,-1.2893645260743303,-0.3808398729685807,1.0522834031010952,-0.7616763235939094,0.046874086506147945,0.07384491636817807,,-0.2202796562540071,0.5369058350957748,-0.27361968724846336,-1.6799659767196544,1.7026736071646726,0.9705026873622475,0.3161573734117974,1.3141725675460234,1.530899943263366,-2.4942009437144184,0.5959084691854647,-0.5960002671577568,0.3532568528218589,-0.2172670715661876,0.21519145644523247,0.7485779828299937,0.4728212535958706,0.19116027113387407,0.47855462346106037,-0.21186666965041306,0.07314936829747007,-0.7759366336563412,2.107465755019535,-1.61310170545657,0.41612785696671845,2.3528730389761403,0.3014445762924318,-0.45819232989974334,1.2429846714555872,-0.8016965255730607,-0.5101262082701612,0.5528465597111245,-1.1011637909048808,0.9501976153553362,-0.23280515466952764
84,-0.9962404051637238,-0.41312558465662474,-0.1981298166183554,-0.5542729045766761,-0.821568070442113,-0.19833807742544238,-0.526790313445288,-0.6003150163099628,-1.204633525708594,-0.22137918131376116,-0.2639878895077872,0.004793596539769935,-0.3458652524156179,0.3935112751794676,-1.5782218164871828,0.09177958630610122,0.15763215641896425,1.8417412838120446,1.2888766738742707,-1.399769480806902,-1.0630568985723943,-1.493723119685388,-0.31642685152772826,0.9821507108862088,-0.26454615845058366,-0.5735049793218988,-0.2801430870967739,0.9755545470424304,-0.6633168478997781,0.559050875679687,1.5502909289792874,0.4237052904846116,-0.2752924919706718,-0.8025292778591994,-0.1760559110541572,-0.9863751511418908,-0.257656654489458,-0.22853793416347823,0.4456757232491502,1.0286106495135747,0.7207829698819713,0.3239165371645713,0.45102803546961434,-0.2529539100865006,-0.08488255059728558,0.5424999015874646,-0.09956662587391991,-0.19650782370379546,-1.4601773224903345,1.3065067278437215,0.4514553709281627,0.38999624402362704,0.28504974359003366,0.49329736723289835,-0.6603927591221401,1.2352376544997938,0.3134727789832094,-0.5319568482030185,0.37939170622652424,0.06046527131558992,0.07102395446740445,-0.47981663531314667,0.07364017624829801,0.4788187507456001,-0.08528407798246754,1.5888309206779558,0.4280063875685583,0.6412324633985902,-0.2780389080333194,-0.7065611015430114,0.4027721635402375,1.0158196425810284,0.622215963917604,0.027543110923311968,0.5564685208290862,-0.16730648136565973,-1.0286899853085134,-0.4198470802476683,0.24412528501268874,1.3210022789091462,0.5232979420492639,0.3231430537675782,-0.2202796562540071,,0.23445840790039255,0.36627570856272956,0.23469125292648937,0.5332709360997904,0.3098837254126898,0.5064022819740686,0.6932298746411213,-0.191860469269528,-1.180759942786037,-0.5319934521767257,1.1724830288728927,0.8349840974276247,0.4743971919386737,1.7312655584401428,0.18720763269726762,1.442819364508096,0.1797903596536571,0.5602445137388544,-0.0697659144561577,0.12786028274060193,-0.48962611701599523,0.18581392064406824,-1.3185616573288468,1.791418467614283,0.11634647141177219,1.4689277644798142,1.131425100353057,0.5041536958395737,-0.21810340838585085,-0.4761979315952646,0.43862242256373185,-0.3569446462229928,0.6177833294558108,0.9102545891462992
85,-1.822241259385088,0.9611545778259397,0.3203270113415426,0.1395323007017177,-0.7995402763511439,0.2911834684358426,-1.461950547208059,0.42411814047064356,-2.189063684253092,0.7584534965688113,0.5991877843982314,1.1078377500132033,0.8458402758216507,0.06530002769127409,-0.6746584576759114,0.6237290180785832,1.1717905786616876,0.353680542127462,0.20121674537162693,-2.117147659330961,-2.2022634656912583,-1.9517307726049182,-0.058112474435109265,0.8459170889923338,1.1993367800247166,-0.9243983311731296,-1.023163593385082,0.9465557073083203,0.22206416018727765,1.3773542713132756,0.8978370429187936,0.7269635821238402,-0.7314293101376899,-1.4775423609855605,-1.3917442872726375,-1.2207794136505956,-0.00661747109296503,0.8621472717294006,0.9444582071867901,0.4623934348718532,-0.03011507984840897,1.1309898468727162,0.9156052000835772,-0.37129175051187646,0.06638275630704728,0.5919047555673949,0.3554860275936412,0.40526317490203323,-1.3764807399828698,0.6298883458035267,1.0950868258885567,1.9491230669659196,1.0794059574648762,0.8407810380305122,-1.9182223400718659,1.2923086379836908,1.2186639100828636,1.364665787986077,0.8708054370652952,0.3155818641738458,0.3699433955932777,0.818140864860522,-0.8051015334972365,1.0885091963678142,-0.47451175623649566,0.8047521551791219,-0.10584488048526325,1.0797631381973067,0.2624003716508688,-0.3795486949160017,0.9528533134363623,1.0131838232133346,1.0632209237014378,0.07489547696192066,1.1015293810176976,-0.14265580091222144,-0.6522268107674899,0.17388907721375713,1.0921524663891853,0.4316154836442581,1.6345852237797276,1.35456370102752,0.5369058350957748,0.23445840790039255,,0.6474801713308697,-0.6861193115161804,1.0744278793559336,0.7524153230001338,-0.11146039254352157,1.2672586017800875,0.7652508374660755,-2.761609929624461,-0.026262470545409887,-0.3892350513059493,1.0100021039154625,1.247379421007946,0.9376844713048137,0.7434383281746221,0.9623296566930442,2.391952475245928,2.2751393183143347,1.9816842676197033,-0.04746536145987855,-0.9613904112389074,0.8259926627173482,-1.299198593870352,0.574037575707797,1.154366106354109,0.16905083808835875,0.9632528517404507,1.2348940818616103,0.06482313626948757,-0.7474496172101437,0.4945422390227243,0.1957554602328965,1.9842980131673535,0.02090562066115798
86,-1.0542881133904431,-0.1428757590516214,-0.6942651386639053,-0.30941110075179906,-0.9724219084806426,-0.8599713080814475,-1.4905878436341922,-0.769522359765097,-2.2542430555883466,-0.4108097922198596,-0.2302351714486932,-0.049757500356172095,-0.029256296638400618,0.2594043355438328,-1.0688559755921052,-0.18733433041633404,0.22754658747998607,0.38403953211972586,0.4310860664425931,-2.012489355320981,-1.7149343727653916,-1.652914805642731,-0.5216414760359873,0.4598270270488543,0.12918917997293336,-0.9979078283794803,-0.3760893628881879,0.9400454802925272,-0.46602657392474556,0.8194428753505446,0.7294051832695999,0.32726216423244603,-0.8646669008568595,-1.2009234446887496,-0.4529903708414006,-1.1876440233971113,-0.5724668980495637,-0.567019409002492,1.135063243793721,0.27506614577648514,0.302464107338196,1.1297945538598522,0.25482174171025485,-0.4122866006286937,0.2085085243505107,0.9524721266863982,0.4197689386929168,-1.0405362483455096,-0.9713999832001114,0.6011571539968694,0.5993524297629185,1.0996082752239724,0.4524337509898842,0.45964737765390806,-1.2952704976706164,1.3267895851063933,0.7344603889486129,0.0015699825846941084,0.9577832459075029,0.20991342040417393,-0.11201699155211153,0.0463085307544142,-0.07040189250515194,0.8391462420071427,-0.0575673865673158,0.8465097009384379,-0.0031170113409113845,1.218088607509725,0.23690614324930553,-0.7101941867971637,0.38059232492814704,0.9865844498652405,1.181099232927108,0.26250118097040176,1.0986365744015198,0.36893393302729377,1.0678255260987846,0.5284065674118688,0.3460990019264125,1.0684187110462455,1.2986104220132604,0.933579074916795,-0.27361968724846336,0.36627570856272956,0.6474801713308697,,0.017200132723970096,1.1439939387921305,0.8901065797581921,-0.003193293023014987,0.4488274667822099,-0.08062060396064888,-2.0616238221206133,-0.27182153877760096,0.38779029809129073,1.0659310420394636,1.1142593512647574,1.1095091852009906,0.16509122102858548,1.103452381805891,0.8236359017571503,0.5141368693174772,0.08261194410581994,0.39329965964346736,-0.7692556166464596,0.47170703259410335,-1.200943511980733,1.0692978329177831,0.34739183844599825,0.3230829664354067,1.07281333595863,0.9492237244347923,2.7452039777855393,1.7968692134840873,1.2208300077013674,1.890811982929332,1.1455653198671971,0.6632411545566457
87,1.5625564124042024,-0.46622409826212874,-0.47661308780558986,0.33020420853472343,0.12380423411800075,-0.6006218784583917,-0.5686276852349605,-0.8971067731053287,-0.9779431988896611,-0.41002171007866195,0.21508124775553603,-0.16643379720809534,-0.11996210395010244,0.5624231869486314,-0.36853008777613117,0.1894108262499485,-0.2455157782037759,0.6115093289642143,1.0171752929723954,-1.0901727729773123,-0.3836125287239098,-0.6990640763522575,-0.6613216284090138,-0.39229329532579693,-0.21457559517599523,-0.45958042193325904,-0.4752525868630417,0.25975480858907346,0.3956424610469765,0.27474441275297423,0.44629736537732556,-0.1521773862263726,-0.10135616554843101,-0.07359310381578683,-0.043835657793482245,0.07913529330292808,-0.2782183127884555,-1.3417955082854607,0.08991090530825083,-0.32880138985185703,-0.1211559797899538,0.06235544118122499,0.14092359621973838,-1.1954157500419613,0.7182337344495999,-0.18044908252776723,0.48888341220365567,-0.5418772642843084,0.20183612682507984,-0.21144972904070444,-0.4980757789712238,0.06819708919499198,-0.1916731012713178,-0.6791696645734151,-0.35431870644293595,0.6405809779228984,-0.25405475534572036,-0.4473337735321578,-0.054503074929192354,-0.886320120392397,-0.8994734810372849,-1.3947760124471953,-0.611443356189501,0.8137599897392453,-0.8760012713801211,0.20377883804374303,-0.30384632433636366,0.10623799785228148,0.41859557137243786,-0.9748354388281111,-0.294404602610067,-0.04893546035177702,-0.1806598653030292,-0.8045306832965767,-0.23212775656883525,-0.4017794223346116,-0.8464374946669834,-0.6904013744858085,-0.3559151048366978,1.0728581020222931,0.025749607585485553,-0.1449124943956281,-1.6799659767196544,0.23469125292648937,-0.6861193115161804,0.017200132723970096,,-0.15698296960399946,-0.7839315393706641,0.5713765207676841,-0.3732107794734985,-0.9443857489212276,-1.3605802087180228,-0.29396642450154326,0.4430980176267495,1.1712019490331604,-0.31864325734168375,0.36480833670826646,-0.5229468683179539,0.5520029346739509,-0.0857782372799908,-0.39355121225887374,-0.5706890941034035,-0.12400480697118287,-0.8476983112370143,-0.6129673731504814,-1.6446397979976306,-0.11156023479364617,-0.9353931829611527,0.04618776454873149,1.059383170186936,0.10034450921052405,-0.22600931712068362,-1.0329377930916546,0.8627533507895471,-0.41161780957878513,0.1675718718405203,0.27779586401441037
88,-1.3213745809684605,1.092110554270439,0.8052885923618966,0.6908878901159888,-0.12604389594372406,0.08194559123443763,-1.320994375647239,0.8202676886887695,-1.9230819436210016,-0.8075585628242414,0.8270180880709161,1.121518641176581,1.1230493606547118,0.6661585996814597,-0.2853129431031578,1.1096189758597272,1.9125923820265645,0.51626317185924,0.7806728812035796,-1.422856120071496,-1.14834574340826,-1.2097682895633155,0.9867742882886132,1.3505214498674012,0.2375891809007464,-0.20722047956189282,-0.035855093793251296,1.117917812822737,0.593988147214155,1.997561510126769,1.217128391752341,1.6428198492106176,0.05589523000951264,-0.7602143491900097,-0.15555126480947593,-1.4983926125848062,0.7205102899116573,1.324428747234694,2.1290935741275283,1.2081121976356648,0.8301036392369505,1.2189807577382041,1.123792718684533,0.4446730792707112,1.3514349810417754,1.2276228033021341,1.5374100285967292,0.2825747218623379,-1.3718229921654983,1.2360683292284969,1.3740557176146941,0.9079189173988146,2.1316387995501263,0.8756006731447912,-0.7386303755933337,1.528579379165567,2.327369642481186,0.4564256138238287,1.4207689090042983,1.268481955639313,0.813372692623128,1.2403234367965295,0.46214837238076145,1.0052939609850577,0.5577900214429701,1.2348951182857542,0.7322147980860566,1.8537324730085976,1.3576977141762914,0.6681721411767436,1.7484165277542034,1.6723269829714678,2.0637028184515787,0.45695895377429124,2.394771133616173,0.8064838784939188,0.06703896768680527,0.7792136605336217,1.5693679332775297,0.8179000114243072,1.3785305757051352,1.199379077374249,1.7026736071646726,0.5332709360997904,1.0744278793559336,1.1439939387921305,-0.15698296960399946,,1.8282411175806674,0.7432191275592973,1.1882483049436283,1.3040809076360387,-1.3494400948731406,1.231331464087391,0.800232180381605,1.4618774120662021,1.2926002954179017,0.9551144234691443,1.4674905162846124,1.1535356055679375,1.0915680643207502,1.147613524621154,0.5565237763204087,1.2649770352468153,0.1578565644385604,2.1053569011508992,-0.5324133828554911,1.1106767915324647,2.2748565918025085,0.7448159760462186,0.7535902169233448,1.942466525506278,0.9021780195428863,0.4423422894617875,1.6816012514642376,0.4153256526202234,1.607411004307593,0.9784929977123374
89,-1.6038447178612096,0.09003577191361709,-0.4478930003915891,-0.24815490359233708,-1.130761531416599,-0.21376333477558038,-1.7692281235859573,-0.0827132308851711,-2.3577359411136,-0.32969514598146477,-0.11772602442448313,0.6723959805109372,0.513066917300602,0.8794591463168095,-0.9342473869375713,0.20825253070499847,0.8418084026718379,0.17570379026296232,0.3411421925134765,-1.4727910435775189,-1.7403824634430842,-1.4854275767125926,-0.09781249546757101,0.5237524826885684,-0.06719239156031452,-0.6645392411093103,0.023556067388561825,0.9848789730617936,0.059992163052870286,1.032843409195483,0.6848233281649744,1.017976809095664,-0.3297046503837299,-0.9879137537695286,-0.7512562754661558,-1.361974554295047,0.5172068016282438,0.43495665309396286,2.0461735783212425,0.47513256111974883,0.03217118123661128,0.6610053572111674,1.0702790891016354,0.626327142794471,0.5054420743468506,1.395634678476613,0.9850599943088062,-0.3297178013238167,-1.6781806199728788,0.637716537537092,0.7857631548557431,1.1119944206793497,1.194365719726016,0.7426312730292053,-0.9842042833877092,0.8922276716207407,1.3472071305060547,0.5177311394906573,0.9619672171543298,1.2005943979411557,1.2592527550573134,0.9481077182452143,0.7837264493770052,0.5322237004201611,0.34883465125663937,0.7483264959299104,1.2235150943403346,1.585798203227346,0.5010101228293967,0.3245921771636115,1.0039057861006375,0.9456506611815799,1.8666863465438097,0.10077059256613735,1.7358334069451011,0.8692723135189853,0.20874887481744847,0.8876253094128157,0.8761142679052801,0.37912888107464465,1.527154525506932,0.9991429445766431,0.9705026873622475,0.3098837254126898,0.7524153230001338,0.8901065797581921,-0.7839315393706641,1.8282411175806674,,0.5580132751547263,0.9755129562936832,0.6522704749696124,-1.468789103241532,0.5655662657827379,0.42747527999921786,0.47663972677807737,1.070601253324639,0.5391457224998273,1.3530770153114404,0.698017263366994,1.0305446464304373,1.0706694774447354,0.6141275940376872,1.126152345402371,-0.1277743827092192,1.2905857574573179,-0.16188026658643762,0.93321865299198,1.4907918945231853,0.6026311762320354,0.5415309889205963,1.2252203757746571,0.5647127133016232,0.3572591095877851,1.029916806150901,0.4597513798631376,1.1271937706552622,0.6191399773241084
90,-0.8382411203703227,-0.032561044976385616,0.22923527465840968,-0.7753311106379809,-0.9046857934230805,-0.3524312510857829,-0.8104110124450578,0.6639314770076973,-1.338263658971176,-0.7028574607338784,-0.41414051645962524,-0.23590984129414855,-0.18514399644596782,0.6051994114374537,-1.5068200191216299,-0.02660427517792442,0.0151820197503782,1.1702458717016586,0.3370143980643153,-1.6055493156595853,-1.3403483181353117,-1.403098774491101,-0.36775973156352,0.22070295665061412,-0.21486142303502312,-0.6747325022258597,-0.48012673672210987,0.6904102170914014,-0.2485137053174582,0.3700175778762832,0.5468878009852225,0.3183224796052732,0.15001895443363716,-0.8555669429472667,-1.253866778597036,-1.5588065266594675,-0.003286461406750722,-0.06172576338148289,0.8745613488197438,0.32706411641125216,-0.4704531002128915,0.11589050937357555,0.8777644974081252,0.31240282419643495,-0.150258208046552,0.8293871089121861,-0.04236973143262182,0.08106781975890037,-1.5577240000087227,0.3331615192575851,0.4344940472663385,0.4928032289910911,0.43209263474067466,0.5155799184771348,-1.3217359644839202,0.37374536401135905,0.7943897245389561,-0.35439775950623564,0.013489596295971493,-0.29340726363280084,0.8928796337411846,-0.2164194252909503,0.3785725774459753,2.0737014171387336,-0.37576752346289016,0.5149567932342062,1.1448087189438163,0.7022866013406381,-0.4170055509946054,-0.4671923771235724,-0.1709500870949168,0.7675010288837811,0.8941152932670196,0.07187035188910544,1.1628007917078023,0.85799697461283,-0.5580597590224194,0.35496193593898634,0.44081294042269165,0.7670433172401349,0.3014902418124371,0.3383698774437007,0.3161573734117974,0.5064022819740686,-0.11146039254352157,-0.003193293023014987,0.5713765207676841,0.7432191275592973,0.5580132751547263,,0.8087754151799074,-0.025989417976813055,-1.9964319935498904,-0.7528684770164583,0.4435835839391131,0.17423657862513733,0.3263943840763207,0.48148550562893444,1.3326865377638497,0.8265655397555488,0.1427711122723978,0.4648169636442194,-0.1649722014065818,-0.06310748557581633,0.15416718434217103,0.9492312850173655,-0.8251908315583655,0.7592390508526212,0.7728383286954184,0.7673694661098382,0.7268870953804247,0.7960285893221412,-0.4927305122790338,-0.10509367893617468,1.0852505381660442,0.12885009935568612,0.899708060866059,0.6163257713505591
91,-1.6314398004234805,0.9419896140885234,0.41381549608459495,-0.04936041411438604,-1.0555405299960345,-0.3755552927442296,-1.723343946127259,0.5518589634766232,-2.3860200246506493,-0.50610789509359,0.25016596793869683,0.6623257221408897,0.5588178991144297,0.3380626195529803,-0.9330952592320341,0.1886955005106758,1.0970022278162541,0.642023619577305,0.030953557015172987,-2.4142328542084814,-2.552513140367277,-2.2158836477536172,0.07116471932910538,0.8358974690962729,0.6346931638296678,-1.0837092312462897,-1.119942458284742,0.629041078411217,0.32139549747751417,1.2671868158358297,1.196788986466235,0.859480423088028,-0.8038150531458406,-1.8672747634265765,-1.5243944483311644,-1.7096285596253642,-0.09983404652037596,1.0340232345406346,1.0269832188589325,0.5103421437123213,-0.14884380136977074,0.6755089648795177,-0.06576747282658914,-0.3781020644205981,0.10054080093609057,0.4756010164563226,0.30760641820017465,-0.40069247243075207,-1.7466387785095514,0.6442035943015118,1.9540550589232293,0.8516530218664036,1.4932411260953176,0.5786238205222026,-2.15209719063697,1.1499056262372307,1.6563374413490557,0.03950037249327497,0.7981242176505396,-0.28428929319897794,0.6551019961440703,0.2095460393816499,-0.4939585889609242,1.5858413445001893,-0.35294586942875744,0.8455551571986448,0.7086046692051446,1.1679911306703785,0.28203813190238475,-0.41228378180064845,0.9011998424388266,1.5270481690789577,0.8663513581979905,-0.15359565529224323,1.1413377079125169,0.33793948070696606,-0.6783078307798305,0.15873774531511034,1.2506245873781972,0.8329453690316042,0.8434800081041312,1.0116039396434762,1.3141725675460234,0.6932298746411213,1.2672586017800875,0.4488274667822099,-0.3732107794734985,1.1882483049436283,0.9755129562936832,0.8087754151799074,,0.8819088574760285,-2.8527140091643433,-0.18046370135396658,0.2860950539254287,0.9164554924368383,0.510283510594155,1.2237473647947665,1.2172359939008615,1.2629295035140236,0.8609912171454125,1.0500796868459294,0.47479784424949034,-0.24222153229521978,-0.2848666754130147,1.5596987228828014,-1.3931538772805565,1.1527358607200198,1.5624579034527704,1.228093161150949,1.2495844486972312,1.605651762171816,-0.07916057730440566,-0.5890866664033586,1.1044959282098066,-0.20770651413817418,2.0840768478783094,0.6284085874968796
92,-1.8130356355443518,1.0001029843035902,0.3064113121732979,1.0190184393918402,0.50501013742208,0.16443661517783256,-1.6317613936247612,0.6656835836057234,-2.2564036813213124,-1.2198187508268359,1.275515280383335,1.1776421706858267,0.9963782767764873,0.3805282257081048,-0.04647638664714082,0.5819069896988014,1.5025864883179951,-0.2521514651701435,-0.43042706175643586,-1.7583375661014435,-1.5848165401698326,-2.152851712291752,1.0113433019065121,0.9573432358479627,0.3917625021198678,-0.8012140555467967,-0.8790061478977993,0.16337703388154237,0.7520308418893548,1.3485186280940253,0.6354044185009124,0.8472365112583722,-0.8131572068429255,-1.4350343240283896,-1.7980600028286045,-1.9137835855684497,0.07929078081082866,1.5753855093627962,1.1221910638712889,0.8338839937339145,-0.2718422199901084,-0.2011705251907245,0.07442221084047224,-0.5970964987491352,0.8224489779221356,-0.15837711383518083,1.1019253833347176,0.2981730928250017,-2.135770638824256,0.8007277385073984,1.0410829997328517,0.420115108477849,1.4872830004116888,0.7724509576320713,-1.509097702550416,0.9104152457711179,1.4242621791047838,0.16076799654884968,1.343082262110765,0.48127590436740436,-0.12996913489056178,0.640702649847824,-1.0961761461132438,0.3208424391209249,-0.12074853063106011,0.9322925659628916,-0.0918520684505229,0.8495992773359805,0.8394525060816939,0.8173802882189095,0.8209066081471809,0.9709915942601397,0.6530475233388823,-0.8571423505428823,1.0242092916550498,-0.2275105567579736,-1.2028818631664076,-0.4770170451603258,0.7833731809296791,-0.5762045722097805,0.31361362711421237,0.6076048119934163,1.530899943263366,-0.191860469269528,0.7652508374660755,-0.08062060396064888,-0.9443857489212276,1.3040809076360387,0.6522704749696124,-0.025989417976813055,0.8819088574760285,,-2.047583718314749,0.40854680618148753,-0.5946990731350811,0.6995170315888893,0.011709150435483285,0.4844323503103512,0.3830808084259439,0.4898215819658751,1.0066839389022901,1.054215362916717,0.4073575384563144,0.5753241952820508,-1.0422200713879877,1.369026962214676,-1.4609253642278293,0.29120027579964536,1.6250937455985675,0.19812153415759162,-0.22656213484537682,1.2473811111668567,-0.770842036434143,-0.6053149670903857,0.4760175468306492,-0.7412357856749855,1.077448434014585,-0.25831613720308144
93,-2.6229663105123553,-3.0261553823830063,-2.4600026407450337,-2.1823769899904684,-1.722648039888602,-1.668262029995998,-2.382015908317206,-2.7926295512366375,-2.740270786049318,-2.8006417168418962,-2.0051466056788843,-1.9241574332233933,-1.798935949732268,-1.4755635530616202,-2.8363801060223004,-0.5862145254170773,-2.1284716214158634,-1.8393165115375336,-0.47977263284229815,-0.052129466066262016,0.6830594442670336,-0.9313488608256238,-1.2641369043481137,-2.158733692908936,-2.3371940924665293,-0.4269566392267408,0.8220313981769133,-1.47183868414392,-2.543612587578448,-1.8321745709564492,-1.154518307803414,-0.4047963498138566,-1.0016444376511777,0.2581053883260197,-0.7819785639925394,-1.9549593098288471,-2.341282605840453,-2.8056158599972805,-1.1963984613474605,-1.2002461672384541,-1.1678911373392353,-2.0815700463672306,-1.7085853116168694,-1.338122201442662,-1.6174467171527416,-1.6551033753309103,-1.8617058236371105,-2.296381979151605,-2.788591234375881,-1.839440988141332,-2.8308998083775676,-1.5821331201377966,-1.9421593769067553,-1.8259950590315686,1.61806412570463,-1.2170841243606756,-1.9349427438437263,-2.5900196065124788,-0.5840799942877986,-0.96634548485969,-2.570884987180082,-2.274722394210345,-1.4611500796652737,-2.4722565101631995,-0.7804919244804978,-1.538202812703813,-1.8373085613664293,-0.8890312450523169,-1.8518714236230056,-1.7033365068151212,-2.1557930047730207,-2.3078785244901683,-1.2373795088526067,-1.1402574048020044,-1.1217472595227527,-1.5800298042489713,-2.02150902706057,-1.7076336201573021,-2.550666143632386,-1.7129837708263056,-1.3037445218163437,-1.926642434082489,-2.4942009437144184,-1.180759942786037,-2.761609929624461,-2.0616238221206133,-1.3605802087180228,-1.3494400948731406,-1.468789103241532,-1.9964319935498904,-2.8527140091643433,-2.047583718314749,,-1.9007723744514606,-0.24310951548916995,-1.280782519054357,-1.585061410943503,-1.818994192871944,-2.5131304641798935,-1.7799494162823208,-2.1570692709625687,-2.076241405327649,-2.2109442949871188,0.8493251923295233,-0.9640325261488661,-2.520278838363286,-2.316422596764351,-2.1230330419749075,-2.1991474202867956,-1.6506064719453923,-2.125621181815884,-2.090458286859847,-1.8268861918545627,-2.217428269096113,-1.8014760747300742,-2.3621027560733165,-1.9087972187763105,-0.8620973197416798
94,-0.9046385025939171,0.30309987376181236,-0.33549398335562186,0.728061280496381,-0.708746205959729,-0.22019431888325638,-1.5021454393032232,-0.23311241939730987,-2.169927934632005,-1.8048628793475374,0.08524634521530987,0.5166834098191362,0.8350282240512268,0.4548592705305839,0.16096710707791892,0.4398979929170741,1.3465962580768547,-0.4151489092147263,-0.09247864465642987,-1.2802989943793712,-1.49001803654248,-1.5437257636601538,0.6796896963292489,0.30438990359637924,-0.6048821216732744,-0.7680459730165723,-0.8670664035439759,-0.03831251282311389,1.4678399345121322,1.0067843521491098,0.18652940846548655,0.779373044668602,-1.2230359719232404,-1.1030922766911804,-0.7784879698290449,-1.4520808640337042,0.49187195700093717,0.5897272702420031,0.7324340200451667,0.4294588954759042,0.23120626234134808,0.10983314233262217,-0.04584616679156337,-0.3756017164686724,1.934486533210923,-0.24695045822452397,1.7431254666459797,-0.6011966489663344,-1.3747044638906065,0.561179615787185,0.09432311151530307,-0.23263037458397423,1.1326198552192823,-0.13223953238204825,-1.2207486601336017,0.4921894688244045,0.5346019703480671,-0.12506986278887267,0.1205530989587623,0.21920152146002633,-0.508746782103476,0.08165676399248983,-1.107057718053244,-0.45012913661674114,-0.48221000534919223,0.3991692417943338,-0.5417736889455294,0.4081520621374769,1.6951482444715944,0.17687816397385406,1.0550789724329772,0.3538392255754795,0.5505108684770187,-1.0583900107273716,0.5101893355956671,-0.8111137315983631,-0.8887958544582404,-0.5510489969253733,0.5468549926387305,-0.37934785546613625,0.21346161796615304,-0.13092145168000083,0.5959084691854647,-0.5319934521767257,-0.026262470545409887,-0.27182153877760096,-0.29396642450154326,1.231331464087391,0.5655662657827379,-0.7528684770164583,-0.18046370135396658,0.40854680618148753,-1.9007723744514606,,-0.37143366769436664,0.5102774675576089,-0.11628886220435762,-0.0714387952253453,-0.40774398296817443,-0.004228572612357897,0.29815981491894145,0.18098917183282767,-0.506239040547769,0.5195716968110683,-1.3596248712019792,0.7380879357870135,-1.4615052137621485,-0.06929883472976088,0.9005823492228459,-0.4760203058366292,-0.2294428011159076,0.45758276491596245,-0.41079801688253825,-1.0289368031447508,0.35368934202042296,-1.0203837831119704,0.224245413271551,-0.2706229117765581
95,-1.2515380703428778,-0.7947362613187922,-0.9848186920059152,-0.6600626124914212,-0.994705247187058,-0.1351660111407734,-1.223744784460362,-0.7226683159172109,-1.8283272375882291,-0.712545488707472,-0.24580308395306782,-0.1851932276956912,0.09838136322387364,0.27397143806558144,-1.2428100595709486,0.5252946601211362,-0.30174210383920635,0.9344516839975906,1.2618405839429865,-0.4589533718846263,-0.19599221231084443,-0.05377746014121234,-0.7818645166222221,-0.03263862573134006,-0.8618355244521058,0.21668664934049012,0.7322625802979277,0.9757117352610055,-0.8020087490109538,0.5456943952261347,0.8903697875711115,0.7817808882222814,0.29290954673273883,0.35955081208616496,-0.11241972931178573,-0.7800175376648462,-0.6335196828195163,-0.9396670774737107,0.5701645215521314,0.6643285315143366,0.98591615819265,0.8394366541538781,-0.00023475050976872624,-0.14651713656217946,-0.004752409396231125,0.8263704578858677,-0.16395394784788883,-0.9459655470007805,-1.3180577053742275,0.23762723452122206,0.04751717546698309,0.10429321165846747,0.40079663976391483,0.47878411798509674,0.18633625299445145,0.7687146081035666,0.5301799364688367,-0.9353055407588107,0.6155431773969827,-0.3063513147854276,0.06923577952231195,-0.9324587620653783,0.543213506589692,0.41228230987129366,0.20769477233761183,0.6901071110499647,0.49299699411695064,0.8775314418613193,-0.2579496223186457,-0.7398266144870242,0.24175866182600353,0.3533294754418266,0.734041302224467,1.0249654253506808,0.7338266013387726,0.45144324036756567,-0.16271992281203135,0.7362534394232927,0.462588430137819,1.753800426262452,0.8683669611903395,0.48174575169989514,-0.5960002671577568,1.1724830288728927,-0.3892350513059493,0.38779029809129073,0.4430980176267495,0.800232180381605,0.42747527999921786,0.4435835839391131,0.2860950539254287,-0.5946990731350811,-0.24310951548916995,-0.37143366769436664,,0.8538031879576639,0.6347023609956018,1.2345721448379474,0.5584310246512446,1.3526207192328163,-0.07533183311645696,-0.07878481861862317,-0.4287481664622783,0.8381048601209532,0.24377422210863506,0.29266897558280697,-1.0593204617252117,1.0192956008827811,0.08080615095205737,1.4297076896042857,1.544204676276649,0.568133328496369,0.32951435993097467,-0.4080909244426902,1.1047971148649134,0.09066015686252617,0.6349508121022575,2.3283474380003155
96,-0.13157178376216283,0.6024872637633519,0.3899719398532508,1.3468837598539123,0.7503709136441916,0.24402879687367307,-0.7830644817831519,0.21826954332841464,-1.3512619118807112,0.3577656903838731,1.4661854872144215,0.8838075058797197,0.7842590036642989,0.6048206062350097,0.05091331879731682,1.0580128680640404,1.1881983267523604,0.664624497647872,1.111928540876643,-1.250871838794283,-0.6152483538721842,-1.0164389440249557,0.7721823258043126,1.108789474388893,0.8557583569774481,-0.11772557138841859,-0.3677289588817896,0.9633823468983062,0.6503827120526585,1.7522309832465666,1.2188546594254777,1.1529992559821158,-0.15873083298120846,-0.41977611502273876,0.1708697138158026,-0.352556592783793,-0.0008660347538792283,0.5368697437949657,1.0354113048595088,0.7052546514686016,1.0292927164754067,1.5886664931631986,0.3545394394534423,-0.5294775135925123,1.135285412233981,0.46014304964061914,1.118888390616574,0.0027051340769660252,0.06265650249427929,0.7982873787766809,0.7250285921011861,1.1584407099943022,1.4700580280613735,0.16790238232064272,-0.3472441294124526,1.729784666598166,1.3067531719768628,0.39364379782381487,1.3539452388493576,0.2538971121891815,-0.09192980220567074,-0.1794111743970805,-0.6123760903221114,1.0581912390321309,-0.18180139175588206,0.9378961832033536,-0.04009888766149114,1.2686876769183009,0.985388339068454,-0.3182784516918662,1.210338449970384,1.0194751509017193,0.7166952702182946,-0.07961868437017033,0.9935688467544074,0.07921342256834293,-0.7235647078460663,-0.02979640733421974,1.0844142909143042,1.1843314882726803,1.1175264148819661,0.9731386577131048,0.3532568528218589,0.8349840974276247,1.0100021039154625,1.0659310420394636,1.1712019490331604,1.4618774120662021,0.47663972677807737,0.17423657862513733,0.9164554924368383,0.6995170315888893,-1.280782519054357,0.5102774675576089,0.8538031879576639,,0.8925953488466233,1.5078185548505543,0.2554171202981388,1.4305777389585248,1.2557440590143625,1.0239122235410174,0.71469097759125,0.5375130774236152,-0.3115498822444179,1.0009165176384278,-1.2532476891545832,0.8319897825445527,0.8733805177601222,0.6662614999615698,1.2284777381634817,1.7108511293684048,0.67678215677035,-0.4056013173475456,1.6071711219025846,0.036850277555146076,1.5962313871014713,0.9171320835035247
97,-1.6083339913030503,-0.4483882684975764,-0.8644044350442063,-0.7227837397265513,-1.0299297992646905,-0.4577034534423576,-1.4898523852587116,-0.28255115810969367,-2.0452424229506705,-0.4140836850558884,-0.3505439485801767,0.2985389943865381,-0.08600139772541353,0.13374030441444143,-0.9367726461905977,0.1560952879291796,0.25960715164547665,0.3850062790203468,0.6045509529121132,-1.9376700905147317,-1.2134355966254582,-1.3229452709668246,-0.41378382493638055,0.04562675616830986,0.06814230187132989,-0.7628303423779158,-0.0675497284739941,1.1182795985003169,-0.7509279311297533,1.0125072010740306,0.5766739552495712,1.0691907702214796,-0.07260125651065007,-0.9836232097329818,-0.2018822085222421,-1.3269274898097438,0.22166604680252883,-0.1127053704765847,1.1796710009215503,0.15520216360205935,0.2909054419712056,1.7562357255727647,0.6534615844660381,-0.2123885942090404,0.10048914263694671,1.5962435669383455,0.4006713498311242,-0.6833531260440219,-1.3976055555148057,0.15705515646372253,0.12063801760124573,1.248190811807266,0.6021314640596764,1.6864922521925048,-0.7503819930426171,1.3157288405013454,0.8741455613406345,0.6743256547830517,0.8212502380101746,0.48258685529592155,0.24512622630293868,0.1452508131199147,0.36712112787479556,0.7189326462163913,0.5439913920862958,0.7050528457382765,0.2730002981616398,1.1568071846142893,0.30993349844566065,-0.488047495593908,0.4706569578873697,0.6579434101478402,2.011933843703303,1.3595962441309695,1.4379334695812518,0.4632454393694161,-0.1694535303895923,1.286541528624881,0.8517646529616871,1.0877200679730283,2.325807132377887,1.6108058219684875,-0.2172670715661876,0.4743971919386737,1.247379421007946,1.1142593512647574,-0.31864325734168375,1.2926002954179017,1.070601253324639,0.3263943840763207,0.510283510594155,0.011709150435483285,-1.585061410943503,-0.11628886220435762,0.6347023609956018,0.8925953488466233,,0.8358000789918499,0.6395773030315549,1.1328292165715175,1.279132844352051,1.1261652683131296,1.129502310618512,0.6668115825142444,0.08836316818455636,0.518804370659719,-0.9245202527134624,1.1060202990093455,0.6737817725930558,0.5502387978634357,1.1957382982953053,0.9901278663005241,0.8001367955124449,0.18563842675207573,1.2940240912555234,0.5721886667127706,1.536772626602201,0.8763674787016557
98,-0.8532013919253748,0.5230017849853223,0.3736887424604325,0.31766018800522633,-0.30982718674343446,-0.023551894824568088,-0.6661917011759516,-0.39387194286757815,-1.329666081799063,0.10120875913383116,0.756456117558465,0.7932324007313288,0.5860140042285851,0.6964601547270827,-0.6930209495448395,0.34523739972615686,0.7389161044555944,2.14152509789395,1.3548705818963285,-1.5032256002643654,-1.5314834475032961,-1.6127967822684277,0.00014662646380434025,1.4351480188877137,0.9634756036319959,-0.33972401728952556,-0.3141959447367184,1.2916460681600008,0.06890889108748051,1.0281589731665233,1.7772443773672988,0.8920527008572435,-0.7565614713291611,-0.9935285602066708,-0.7704758528345189,-0.873758212165296,-0.2875438479529209,0.14888113191152474,0.8951399524087454,0.9947006084633027,0.6843363998224095,0.9449022805678808,0.17600682093508194,-0.3520106590163358,0.4165247230451111,0.7177094366203938,0.5234024708909822,-0.2875744388213215,-0.9249426642372957,1.3904905493144641,1.465940821237323,1.1182357329320658,0.8224521876200768,0.8382573507670521,-1.1870241112315951,1.7827467794361285,1.1834310947341673,0.09574547502513168,1.1461504129433926,0.033774876127860516,0.30335128010472884,-0.08731200422699505,-0.3479007433268804,1.3023011268016689,-0.2874152047995323,1.6491885686526382,0.6695718128015103,1.2373463099825168,0.21464759485149093,-0.48606775007086345,1.1886758712878127,1.341959289486417,0.9210047734710629,-0.09168211283626881,0.7364108269349785,0.05794135488131021,-0.8867118579436702,0.06625596755020179,0.6002270608565066,2.0292928527734997,1.056130021554387,1.1899638065738114,0.21519145644523247,1.7312655584401428,0.9376844713048137,1.1095091852009906,0.36480833670826646,0.9551144234691443,0.5391457224998273,0.48148550562893444,1.2237473647947665,0.4844323503103512,-1.818994192871944,-0.0714387952253453,1.2345721448379474,1.5078185548505543,0.8358000789918499,,0.3502060275741291,2.3800968174505384,0.894853494870208,0.7917262955022061,0.2660752529300305,0.27669631558759905,-0.6512514658058977,0.34900882961829277,-1.4578690207452871,1.8802039879877919,0.46322775278954664,1.8850089693247118,2.093914233580951,1.114323960529836,0.39447543031037363,-0.2938869759478775,1.1648505541024752,-0.004279064032503167,1.701242563065857,1.3367968188968185
99,-2.130412318009925,0.42022489471762636,0.15175472894501088,-0.33757570578445456,-1.0966707221004643,0.05231327124877716,-1.7244144176079337,0.6321327665691001,-2.2644198810471354,-0.6583141743533812,-0.007653666061322237,0.10005581925207713,0.17773858764906622,0.5218386883865845,-1.4258745394489374,0.24268525245099168,0.684820541148236,0.4298040407362971,-0.24166478795025867,-1.6492049796369657,-1.9073922771386158,-1.2148110182706624,-0.47732159923542394,0.24349027664256068,-0.33785671024624286,-0.2254190571911376,-0.450834352324434,0.8715736072340415,-0.19210217699882562,0.9869116116544482,0.4707776056749635,0.6178597838285427,0.07209381884918997,-0.8138641411268716,-1.6536593148124505,-1.9127133682481994,-0.4159670438014864,0.4462739867529599,1.6616156189842872,0.3282926900518056,-0.4562816832131863,0.46476462390743034,0.9755175431266487,0.648536473355485,-0.09145644810622673,1.3011561323117402,0.029980415465170225,0.17939890219192434,-2.3511405113229045,0.5473290978382854,0.6249650999807355,0.7351264098944371,1.0343586660212718,0.5815201590162494,-1.4388358396402907,0.45850114264045516,1.5051696360166247,0.2033455339452488,0.45376049011010705,0.27314915733914363,1.9242561337790627,0.46060649218959715,0.984099753599959,0.9830434819874171,-0.16904184552579282,0.44619463885515037,1.561153495398534,1.188685837676726,-0.0432251097987939,-0.5507820865731763,0.41243029495904737,1.070933569804102,1.452224191974988,0.42774177033820865,1.3538265104869198,1.536797025612314,-0.1467287214813606,0.7548907762901937,0.9146396267277405,0.610725046199875,0.9465890570527729,0.9025213983669322,0.7485779828299937,0.18720763269726762,0.7434383281746221,0.16509122102858548,-0.5229468683179539,1.4674905162846124,1.3530770153114404,1.3326865377638497,1.2172359939008615,0.3830808084259439,-2.5131304641798935,-0.40774398296817443,0.5584310246512446,0.2554171202981388,0.6395773030315549,0.3502060275741291,,0.745608008834893,0.559111893033565,1.1433291683414728,0.15886831918441804,0.11821081980976175,0.324153026526481,1.4291372284027897,-0.3121542039752825,0.8299597422288004,1.478105846296561,0.8945058999045128,0.8235644046876831,1.0944258399707685,-0.22104270285838534,-0.0638546137236598,1.3437954778713261,0.531522498041664,1.2438051332415887,0.9319458688686502
100,-0.5946919374155886,0.4881697452832845,0.4004657147716336,0.05008332532469807,-0.5658391405345938,-0.013513117889126076,-0.7645965695102056,-0.24744355023104342,-1.2799744881624369,-0.1764310017090552,0.21268852928580553,0.7692567743437122,0.4867892700293353,0.6985504878950004,-0.7868860222965164,0.37934930213137497,0.778162689101614,1.9600107397894302,1.2045858747631406,-1.382256084541655,-1.1886315367183746,-1.1916370865621084,0.009578518292135787,1.3144973678475564,0.8810649185844911,-0.21460140058565827,-0.1738923058389738,1.1424270739804023,0.10206824290232008,1.0533163010785456,1.576486563755132,0.8044389882012838,-0.4802090947311562,-0.7065839633599932,-0.6453428864107963,-0.8136170707028563,-0.05637194248099186,0.21223981509319334,1.1039144259332427,1.0123288722884025,0.6027454176018384,1.2269597221544526,0.4116856576280534,-0.09214500853043692,0.4623782030573609,0.9394332231499055,0.5863722903412617,-0.24177601486878778,-0.9238232118746965,1.1904293334453993,1.2425179543643061,0.9829507913084523,0.8794960129441726,0.9653503550548005,-0.7833498993315904,1.564175680414223,1.6907704008512523,0.21670110161404982,0.824121506567731,0.0327383827291134,0.4201779010575167,0.057820849273884346,-0.1309805034996564,1.6340233963915776,0.052131356653287254,1.2947938557525551,1.0463379801341581,1.2031442485362709,0.38939673774417966,-0.36121921223744213,1.153610628404892,1.2299282395946691,1.1512089980459437,0.08796528825578102,1.026178531031144,0.10425344561063929,-0.6985524746657872,0.38460964596950104,0.6851642695150504,2.0679713664816783,1.2172780107020786,0.9380318653762567,0.4728212535958706,1.442819364508096,0.9623296566930442,1.103452381805891,0.5520029346739509,1.1535356055679375,0.698017263366994,0.8265655397555488,1.2629295035140236,0.4898215819658751,-1.7799494162823208,-0.004228572612357897,1.3526207192328163,1.4305777389585248,1.1328292165715175,2.3800968174505384,0.745608008834893,,0.9862820814587082,0.7394669729557356,0.39372193732037164,0.3476271135213587,-0.17672771167125745,0.7463557079988421,-1.2680796269293853,1.8471501384983162,0.8183257747483031,1.7377961246561044,2.4479015089599034,1.3512299698462582,0.4274399840347083,-0.21252871706156665,1.66098660023941,0.06933838494202206,1.741772113160244,1.1941153766798713
101,-1.266107294343406,0.740901984148124,-0.1307608633672569,0.47094509709200194,-0.3465898531549235,0.5312520924086541,-1.038141147343972,0.47911359357843797,-1.8090031525770942,0.8021826421862984,0.9225630657051201,1.1980732713902305,1.1659463754037227,0.555938044376917,0.16231040963167315,0.8204160456484074,1.0199780916540202,0.11648719491758763,0.31971842369062226,-1.3510869335145068,-1.5403314803678738,-1.3769712608285627,0.21472517552416198,0.6596932663899646,1.1966137586279186,-0.6508130535890734,-0.3508781818352985,1.0013123848529473,0.4838839196782,1.4035407833881086,0.8807754209112886,0.8210065682342889,-0.5477646984501127,-0.7794746229101039,-0.850085909992774,-0.5942777085528577,0.14313369013281807,0.5263234156747133,1.2775171253999862,0.5870597943286187,0.11874660321398987,0.9661273359117506,1.3398051561796638,-0.2588561041663223,0.5334268387058627,0.5379938136236594,0.6689473336482102,0.45446755554867296,-0.8580466293353277,0.6524496169245321,0.9574196374684282,2.1308758997704307,0.9865987215469529,0.6245173347684836,-1.2265927313949891,1.3847413637913948,1.0700231151349076,1.4886835050218092,1.1312741168457734,0.6328396178169098,0.3473417870739026,1.0963071384900653,-0.6339079950611894,1.0666633958087945,-0.2813815847822421,0.98842834360157,0.09978250636034643,1.37656111768242,0.5970031652924461,0.25854717974879093,0.9418628622245196,0.9061679965900503,1.0573060518923376,-0.09824853063377581,1.1771769228841404,0.280954045215358,-0.3799134524422167,0.10065441128642509,0.8777696994947326,0.5260196684124415,1.548641272045849,1.1659452815099915,0.19116027113387407,0.1797903596536571,2.391952475245928,0.8236359017571503,-0.0857782372799908,1.0915680643207502,1.0305446464304373,0.1427711122723978,0.8609912171454125,1.0066839389022901,-2.1570692709625687,0.29815981491894145,-0.07533183311645696,1.2557440590143625,1.279132844352051,0.894853494870208,0.559111893033565,0.9862820814587082,,2.8069276402441248,2.410483126996766,0.6915069024463556,-0.6601046580013057,0.8636999098191047,-0.8980438825169497,0.47773505432463353,0.867695706163801,0.25638273264476213,1.0757514300871243,1.4797981160047176,0.17647281032164946,-0.31864416997878237,0.9517282820598462,0.4616352201381998,1.9804518165257208,0.10183547158318047
102,-1.676632817305274,0.7858952823398234,0.13361864274176163,0.1519582586165543,-0.6562647379209409,0.6370963720694733,-1.123379593806243,0.6065446436366996,-1.8792524898081089,0.7611207758720518,0.6900261196674293,0.9149890420708059,0.84879362435397,0.6013080867900824,-0.41290528013131,0.634809976228632,0.9366701180883829,0.18651130438870678,0.007878045048724431,-1.4262259279868386,-1.7577214074333456,-1.48421632928683,0.127226105881609,0.7136778750767501,0.8917123755005699,-0.7933024913928922,-0.45018456424534575,1.0848937125828022,0.5522458788791214,1.1804306413221033,0.8730805014237172,0.7384756236409769,-0.44017660253612917,-0.8497929287802322,-1.1509364047668533,-1.0760093143695755,-0.23583146170181304,0.6432200474461194,1.3858867251840747,0.6255287129773163,-0.1341777346337884,0.7365394699532709,1.4497044143838342,0.2177887475675241,0.3094152371870296,0.46570964002114434,0.5308555045965564,0.5565824217827406,-1.339670588645478,0.7480780508175019,0.9584517783455289,2.239972380053254,1.011259631839272,0.6461664235133938,-1.3666463331100056,1.0163503892403698,1.1230946375047026,1.35532026136943,1.0331830580742964,0.9088816213587785,0.6804652044488491,1.4336456718048243,-0.2404563989637059,0.9726282086890545,-0.33420216878405523,1.210739782926399,0.341932110537664,1.4867237210573894,0.3988881264809657,-0.07970519124329706,0.8084910622151933,0.9974010899981886,1.0417161320142752,-0.032803886733089406,1.1755204237580448,0.6424133071862831,-0.21280902697867127,0.1250627691323183,0.8228472300447082,0.35943817443166554,1.348534853794842,1.034934523802541,0.47855462346106037,0.5602445137388544,2.2751393183143347,0.5141368693174772,-0.39355121225887374,1.147613524621154,1.0706694774447354,0.4648169636442194,1.0500796868459294,1.054215362916717,-2.076241405327649,0.18098917183282767,-0.07878481861862317,1.0239122235410174,1.1261652683131296,0.7917262955022061,1.1433291683414728,0.7394669729557356,2.8069276402441248,,2.630039286412768,0.4483807272459666,-0.6199714534660803,1.0570233939098574,-0.7553350469472233,0.537992879567346,0.9846895597605133,0.4006929789857508,0.8131770071823061,1.2283718658012999,-0.028727013006783625,-0.13706179267285679,0.6900957993991198,0.5144067202881649,1.7062843886168095,0.16872095372694598
103,-1.9863775059466149,0.16469097924971593,-0.48787133553717615,-0.5239958216094217,-1.0571234651516286,-0.0071159810683559775,-1.651577731671956,0.1498357865378281,-2.3204654358759345,0.628369355501264,0.16519990881979918,0.3553500263434417,0.23367460153878525,-0.24422266703375112,-0.8926128619880004,0.1117693965880978,0.324096131195839,-0.37626394725175405,-0.3699778796799245,-1.7444574530587804,-1.941857783702221,-1.5141191308023718,-0.6147100583402175,0.28916122415131273,0.438306177539417,-1.1489005924601872,-0.7358861981323281,0.39855622504235944,-0.02378226311202708,0.5828412782214382,0.22810435559414388,0.06993393487750599,-0.764643479713982,-0.9287016309663425,-1.6384402501976942,-1.4074581204871368,-0.5352731665678678,0.2543326112724875,0.5476655913902286,0.12362457387412377,-0.4469013798866951,0.5133933871789483,0.6091619354665696,-0.6454510817677226,-0.2964995054204211,-0.17423109694943026,0.04561344453224314,0.05119725452130291,-1.5998616721219048,-0.04420046972092545,0.1621127576893771,1.7807989192732463,0.4902085860629629,0.18376210349138714,-1.4360731174792467,0.5638167819775203,0.5202977396314387,1.266843389430195,0.5779429434685727,0.4846685780467421,-0.4059081453219594,0.7585680714329804,-0.9108925294554068,0.6289433353199206,-0.7594009041387424,0.39218614637945143,-0.6677018192550159,0.8325938297561969,-0.01651364415587362,-0.5924254293970008,0.2379584239304203,0.4379289328938313,0.4052378739786906,-0.25706953096614904,0.8536911065011558,0.029815719339601646,-0.7750168629318517,-0.21849959283376388,0.31817017366949174,0.08614526480809646,0.9327856475745206,0.3611175771113047,-0.21186666965041306,-0.0697659144561577,1.9816842676197033,0.08261194410581994,-0.5706890941034035,0.5565237763204087,0.6141275940376872,-0.1649722014065818,0.47479784424949034,0.4073575384563144,-2.2109442949871188,-0.506239040547769,-0.4287481664622783,0.71469097759125,1.129502310618512,0.2660752529300305,0.15886831918441804,0.39372193732037164,2.410483126996766,2.630039286412768,,-0.005497970866384345,-0.6983092514057162,0.4728043840637024,-1.4791804518422302,0.0471154255511198,0.3964468987596942,-0.16526511243487335,0.5420165095833963,0.9564672461043596,-0.383374943263627,-0.7079585470225488,0.2650440222137539,-0.06951682399087017,1.1642232305515348,-0.29983606300599286
104,-1.4564241683276522,-0.6254737081858486,-0.7817354822812196,0.16868156460305334,-0.14436300317028256,0.4247321237671953,-1.179676342718301,-0.2475655644176749,-1.7892104532934476,-1.434846574571746,0.29067135507651415,0.6837116935595953,0.8075037714041631,0.7567290910762511,-0.6282734732411368,1.5741883049839946,0.7344409833703057,-0.21009055797072182,0.8724296370216719,0.30802708724515837,0.4634829536304721,0.08196413804064347,0.3331798549029215,0.0729195363487773,-0.5214513480580862,0.6875484595422654,1.453523935798868,0.6504843139837503,-0.26961223844318477,0.8449316769837413,0.7515990920243641,1.4812964998917688,0.3236690963743644,0.7755495581085065,0.03628975535126131,-0.6329771010179142,0.18956005195981995,-0.17569581384393093,1.5094538774489503,0.7311107595741578,0.8073551204057535,0.25307800124062824,0.754856895366384,-0.019031424835273814,0.743522631180694,0.7261211144128048,0.8352173994032396,-0.032987410106172524,-1.5479186966616358,0.31606228620391724,-0.12276300339953804,0.455152224635063,0.739858728662296,0.48272236545257213,1.2697195169706383,0.7825481614949318,0.5311617370057652,-0.2881931065569899,1.2168301948173417,1.1370829576580612,-0.2922089321667763,0.355151984983732,0.14882999503091826,-0.3045442071348377,0.5093688045519748,0.3896091696644432,0.1263355648570897,1.1555161279443091,0.6062365103517144,0.7085673263935934,0.5061187946106182,0.2882848210985008,1.2123630733417825,0.2977479437788638,1.5847688663796258,0.28814913457479574,-0.40495341132460255,0.45198140440606727,0.3351403251534025,0.26460254455495713,1.1149937126941476,0.3209392298251004,0.07314936829747007,0.12786028274060193,-0.04746536145987855,0.39329965964346736,-0.12400480697118287,1.2649770352468153,1.126152345402371,-0.06310748557581633,-0.24222153229521978,0.5753241952820508,0.8493251923295233,0.5195716968110683,0.8381048601209532,0.5375130774236152,0.6668115825142444,0.27669631558759905,0.11821081980976175,0.3476271135213587,0.6915069024463556,0.4483807272459666,-0.005497970866384345,,-0.013841601495886376,0.7119789256907062,-0.669377114274517,0.25580538129739433,0.7283080602854215,0.2872019655510212,0.08595840740577793,0.7865764990517912,0.19641927226480857,-0.3343004167302331,0.6986093180976315,-0.06928769120635286,0.5348759806772122,0.5587812837721781
105,-2.710426369456085,-1.3801366476008694,-0.9655850377955095,-1.3875983246924375,-1.2088313453925423,-1.4224161539093976,-2.372307048864814,-0.4599891458655888,-2.813762063191144,-1.354002790140628,-0.9588886180653036,-1.0367451338941525,-1.2664402376557822,-0.6198108031404714,-2.3799837347594153,-0.5484587249616802,-0.7246096552434225,-0.9079149299229929,-0.14370292350750094,-1.7466438724187168,-1.3761523864529186,-1.6663393209084205,-0.8219601150110082,-1.2141364065427558,-0.9027798110251833,-0.8303567352232477,-0.30737766693825697,-0.425345797402697,-1.727980238213513,-0.26368832906776385,-0.31812500881659167,0.08438741822669217,-0.25331750809656234,-0.6077160837702084,-1.0706371310699292,-2.3572526762349915,-1.168829597934525,-1.0399199715178724,0.3538240613375764,-0.8911940832314974,-1.0062886625014882,-0.5600372827787156,-0.27830527331516974,-0.25235951573036647,-0.8759459342696251,0.10085806456774839,-0.8770813177768579,-0.8750916493883412,-2.695045487770712,-0.8356009080662368,-0.8608783615630624,-0.22785054201568505,-0.3277930692386637,-0.19030367419376074,-0.6668717659896605,-0.35319751991368425,-0.048505305090762674,-1.1974732423871346,-0.06754555015250978,-0.43046969938887136,-0.014167871420965308,-0.7592962077895316,0.08792390697603146,0.06653812693465785,-0.040332646439167764,-0.6260016103214061,0.09651922783199182,0.2689307717232922,-1.0729318265758927,-1.191180542312283,-1.152237730293155,-0.38433790404606405,0.1844248772438862,-0.4115067661802833,0.8472419109876904,0.6519496475537221,-0.41986610740558405,-0.14950960386336518,-0.4480217390240977,-0.4160564663029516,0.2688445680667592,-0.24386263666698546,-0.7759366336563412,-0.48962611701599523,-0.9613904112389074,-0.7692556166464596,-0.8476983112370143,0.1578565644385604,-0.1277743827092192,0.15416718434217103,-0.2848666754130147,-1.0422200713879877,-0.9640325261488661,-1.3596248712019792,0.24377422210863506,-0.3115498822444179,0.08836316818455636,-0.6512514658058977,0.324153026526481,-0.17672771167125745,-0.6601046580013057,-0.6199714534660803,-0.6983092514057162,-0.013841601495886376,,-0.15313770004808647,-0.22163742053719873,-0.8857162821455252,-0.12822434400951113,-0.5456139688578346,-0.2410922291575161,-0.0132666520935649,-0.8864651608631402,-0.4742007287591641,0.36255326607679245,-0.472468712788808,0.11965743705032449,-0.08672808164392956
106,-1.5523162818828762,0.9619429039527282,0.5194102980089789,0.5829550977551845,-0.577595900839092,0.39797065274834564,-1.4286448091344413,1.499711526250311,-1.9204908566013255,-0.9910763118847924,0.849468021141049,0.9282798823129598,0.942226829622134,0.4343343165177972,-0.3609388273710364,1.1416568312719322,1.34072460511197,0.056700069826059844,-0.23431437042872116,-1.803548965632369,-1.7682237660160134,-1.2165648102973006,0.21696293033234612,0.9503659440496329,-0.33868098032877525,-0.39138564010543053,-0.881916874310278,0.7284942051297708,0.7358444434754923,1.8064611684527692,0.5909756960425355,0.9677791597986702,-0.28680597139778646,-0.829442178572623,-1.2347695083793115,-1.6141425178972202,0.42161996516767875,1.6107415436912913,1.6569017240519175,0.7007958340498499,0.8677679394336448,1.1867685936517534,0.7338254085730495,-0.03825499176889498,0.9449398540280147,0.559555448788651,1.3718980760670634,0.14331484905388198,-1.846236880931937,0.8094009294382509,1.2157899193287756,0.3221143021763668,2.221610753644938,0.4931533288153526,-1.399820017298337,0.7062628392734864,1.8271918622883265,0.16019456460150255,0.7893950797797991,0.7361688753414525,0.5033202487123902,0.7950728334391167,0.0658240367257503,1.0294174134493368,-0.43714264859076535,0.5712561691396223,0.32258657689471465,1.06084664549556,1.0584979500231693,0.17867165499013676,1.293952510697121,1.5948968273822208,1.2755607069989308,-0.6090699926282723,2.232665701901253,0.5763091147570344,-0.5226123634887602,0.10686317535864066,2.094349220335592,0.37424984508037185,0.7456383962118922,0.41488392314378886,2.107465755019535,0.18581392064406824,0.8259926627173482,0.47170703259410335,-0.6129673731504814,2.1053569011508992,1.2905857574573179,0.9492312850173655,1.5596987228828014,1.369026962214676,-2.520278838363286,0.7380879357870135,0.29266897558280697,1.0009165176384278,0.518804370659719,0.34900882961829277,1.4291372284027897,0.7463557079988421,0.8636999098191047,1.0570233939098574,0.4728043840637024,0.7119789256907062,-0.15313770004808647,,-1.1769698078909367,0.7858059535072075,2.7175320419756703,0.4991755578874181,0.2527866676690914,2.735081083744359,0.03505072177067662,-0.08486598541368459,1.4529203190559759,-0.1471663192048906,1.2996189294898497,0.28885924171892846
107,-3.0067551152263956,-1.7480124058887772,-1.3647925900988247,-1.5348728983943232,-1.9131553433799369,-1.4085596602670862,-2.0421282407037245,-1.4911238885970983,-2.7648051527417934,-1.4015013263235327,-1.4652535092182002,-1.4920607488668767,-1.5523858694668808,-0.7071478577119191,-2.6832107754485603,-1.2668721537686796,-1.162605704723233,-1.4092785888802557,-0.8665048059655408,-1.8321689637558378,-2.352742647295482,-1.9287312786009507,-1.668257647616675,-1.5950419727788567,-1.3246293710188823,-1.3082117178528634,-0.49931732212859936,-0.19705345210031286,-1.4567629815958911,-0.6599531766148352,-1.381817055257655,-0.8473923745576641,-0.8646611732678318,-1.397290079038271,-1.591617703655339,-2.659469028206488,-1.824713205008811,-1.7409958151181337,0.046360689206927715,-1.1785950919685617,-1.4961913456843128,-1.2907139477357599,-0.27366434139061996,-0.27080335386431387,-1.213046513755547,-0.33236166752840685,-1.3906220537644576,-0.9237809959840406,-2.8157250500841022,-0.6808619749624643,-1.3610529292041587,-0.8337437555395633,-1.1760828817401616,-1.282675167803215,-1.7237669904574788,-1.0483675382692939,-0.9408938639171295,-1.4785308133987802,-0.8051722906649581,-0.48290279384985024,0.2763599218702788,-0.9437207061240657,0.2025611116467047,-1.1698907551750002,-0.9961123971639282,-0.6998017937833515,0.12371935567227164,-0.7280461852479643,-1.7295616126781617,-1.570574182421754,-1.6225703420249087,-1.0337495744467458,-0.37398807245670124,-1.5450293626556562,-0.4552271455403839,0.3903789906782231,-0.07188210824991134,-1.174322789420401,-1.0320041976266037,-1.2496969650319814,-0.6725235922211924,-1.0765744103148325,-1.61310170545657,-1.3185616573288468,-1.299198593870352,-1.200943511980733,-1.6446397979976306,-0.5324133828554911,-0.16188026658643762,-0.8251908315583655,-1.3931538772805565,-1.4609253642278293,-2.316422596764351,-1.4615052137621485,-1.0593204617252117,-1.2532476891545832,-0.9245202527134624,-1.4578690207452871,-0.3121542039752825,-1.2680796269293853,-0.8980438825169497,-0.7553350469472233,-1.4791804518422302,-0.669377114274517,-0.22163742053719873,-1.1769698078909367,,-1.3979642775119523,-1.1121048336326038,-1.5484385988383467,-1.432099080261974,-1.228512000299951,-1.4480782115066158,-0.6792966171884794,-0.7232021961841706,-0.43146995511526126,-1.0294257578392005,-1.0211345879483171
108,-1.0635413802052145,0.21578032714935458,-0.1280731122461226,-0.38277414679974947,-1.1666544218229384,-0.1867834105950621,-1.046498252490685,-0.37196029500702615,-1.6042413531378528,-0.7186247139922362,-0.22072028535918212,0.3508043726927158,0.1980776518135896,0.5395216212316758,-0.9630275899985999,0.07610278662684519,0.5114580993729133,1.670188769681652,0.6023898439109516,-1.5110723555924543,-1.577237761496635,-1.393604546628421,-0.3315603521318679,1.2365102790433313,-0.005221688248136806,-0.5439669309259241,-0.43852944916325026,0.8519698825619909,-0.1449727648298245,0.6629961823795262,1.2456698499665984,0.4540813434283506,-0.6137481337793472,-0.9699606288768766,-1.0693578798655161,-1.3225319125282264,-0.20456668726750338,0.15046059922177243,0.9945196911609572,1.0010477685720163,0.39911530884549595,0.6615458506701667,0.417178052791858,-0.35322998377780507,0.37642794281887304,1.0823104423016081,0.7083195957690164,-0.3931466483629525,-1.604577374321658,1.0987955449880256,0.9005155704842083,0.5583008948110451,0.8524295705450103,0.9354023057709727,-1.1262057454620356,1.3488312001754375,1.2735530554542465,-0.25305275472874433,0.4196350269240702,0.10867061964737769,0.40921088732860406,-0.023191246634362662,-0.19498928676593064,0.927336459258138,-0.3235553602629914,1.2479374351495227,0.6053623563645628,0.7110687663925984,0.3115762519297019,-0.3905229443493775,0.956664689693226,1.1717882682560512,1.283917429386142,0.5465581068723409,0.9097733563209308,-0.1255630599516546,-1.0136215739642644,0.4241352338180733,0.48641909304059133,1.4649118002825363,1.1212728355233943,0.699539009689104,0.41612785696671845,1.791418467614283,0.574037575707797,1.0692978329177831,-0.11156023479364617,1.1106767915324647,0.93321865299198,0.7592390508526212,1.1527358607200198,0.29120027579964536,-2.1230330419749075,-0.06929883472976088,1.0192956008827811,0.8319897825445527,1.1060202990093455,1.8802039879877919,0.8299597422288004,1.8471501384983162,0.47773505432463353,0.537992879567346,0.0471154255511198,0.25580538129739433,-0.8857162821455252,0.7858059535072075,-1.3979642775119523,,0.8534893244258412,1.755448244009863,1.577302779374334,1.064217307246078,0.3151086101472578,-0.15453874189080666,1.5439957266771,0.011847474121045256,1.2969117199703848,1.203764928307098
109,-1.89848564111653,1.2302271154592606,0.7552931707149646,0.5563111225897985,-0.7122259588363039,0.030677387660801938,-1.4960419737478663,1.2830334241455301,-2.0485664805081507,-1.207505562846992,0.3955165701774715,0.8557273906579907,0.8484946341321222,0.2684319642290644,-0.6603796061653514,0.9850389837464504,1.8999904290812288,0.20900561541111903,-0.144815563952701,-1.8299994543429936,-1.6706394154197421,-1.5739633186078241,0.6966390287084495,0.9846201759912971,-0.10112622288748835,-0.2190979172934375,-0.8453799175811568,0.35723069743802194,0.7218486626031844,1.7501413080469777,0.6658881648968219,1.3240369605093099,-0.40224860914241506,-1.113239514703181,-1.3936404494613392,-1.8371957638450027,0.5118416067886411,2.068603099575786,1.7572229391479766,0.8232206813583061,0.25112663893539594,0.5562979854789203,0.5236454169200719,0.02850945775815973,1.031407191913844,0.6827006480119714,1.4075348210729917,0.23909821850592078,-1.9374576561754648,0.9476248315246993,1.4520681923293128,0.5315134132317424,2.3286026144203915,0.6173582311813863,-1.2294531075775934,1.06196820101116,2.096596960040424,0.5849573318582649,0.6299890378552008,0.7006945961339677,0.5666764413358673,0.9831617145612532,-0.08890707950268588,1.001101506259263,-0.33925062350243923,0.5194067532096828,0.3141926214957816,1.1001943631465625,1.167187940930478,0.5608899512022767,1.4593193886726195,1.657250189212979,1.4895893903830446,-0.41428582958900423,2.161412991052574,0.3774465107635966,-0.8228260293691007,0.2825118699913088,1.6724635422860359,0.16565084841822872,0.8860897623636661,0.48788395305071003,2.3528730389761403,0.11634647141177219,1.154366106354109,0.34739183844599825,-0.9353931829611527,2.2748565918025085,1.4907918945231853,0.7728383286954184,1.5624579034527704,1.6250937455985675,-2.1991474202867956,0.9005823492228459,0.08080615095205737,0.8733805177601222,0.6737817725930558,0.46322775278954664,1.478105846296561,0.8183257747483031,0.867695706163801,0.9846895597605133,0.3964468987596942,0.7283080602854215,-0.12822434400951113,2.7175320419756703,-1.1121048336326038,0.8534893244258412,,0.6208477903157469,0.37502633550126324,2.1482734382090785,0.01520551261667593,-0.3591162540642422,1.3177524717414715,-0.3120271423153131,1.5500401621417907,0.3721605894853423
110,-1.1700058625587875,0.48807442680900437,-0.10365298186178497,-0.34518665715275393,-1.158530102770355,0.11294592627781465,-1.1379440654853539,-0.38941526382078784,-1.580459374111253,-0.6122846536689711,-0.2961780495089247,0.09738543428818487,0.17946172120644838,0.47702444970597513,-1.0747217902559834,0.28735353974691924,0.30034762297185785,1.8893406222783309,0.6903645741510535,-1.1115620317760346,-1.2338539667162491,-1.006432606338616,-0.34302019259342914,0.707301318615643,-0.2328908597455883,0.01820690442121275,-0.2140772338656888,0.6169210409701317,-0.16895776091413772,0.6025034988439898,1.070854528128321,0.918642692492029,-0.16954243098909427,-0.6164002087162967,-1.3861996116814141,-1.0525816594148947,-0.4327859397003249,0.1558029410621967,0.6074409406796194,0.9655460077720655,0.05727208378758713,0.6517062002734761,0.02280653273283178,-0.2981090035008289,0.05342246659445566,0.8034000868270142,0.3244206947521078,-0.47312942622367665,-1.5652969987128915,0.7039925756242383,0.7730997760791788,0.12597871103312208,0.567930808841854,0.6867205596609377,-0.7077361359818413,0.8584026401808649,0.9345957407055429,-0.2761204317310873,0.2762463436816072,-0.3365525205453849,0.39057439409093997,-0.2537412169998722,-0.3953038140791315,0.9568553947380253,-0.3509545321795053,0.8539373064680257,0.6645553853043471,0.40285241935316235,-0.04190547200545045,-0.4880982735213959,0.7584487688983732,1.0208031799636679,1.1349753483837162,0.45569182507809264,0.5990428354122705,-0.06212099554043999,-1.2605846656563677,0.38464866778017287,0.3414944915892871,1.6421704457306923,0.5908623286889326,0.6695564971411463,0.3014445762924318,1.4689277644798142,0.16905083808835875,0.3230829664354067,0.04618776454873149,0.7448159760462186,0.6026311762320354,0.7673694661098382,1.228093161150949,0.19812153415759162,-1.6506064719453923,-0.4760203058366292,1.4297076896042857,0.6662614999615698,0.5502387978634357,1.8850089693247118,0.8945058999045128,1.7377961246561044,0.25638273264476213,0.4006929789857508,-0.16526511243487335,0.2872019655510212,-0.5456139688578346,0.4991755578874181,-1.5484385988383467,1.755448244009863,0.6208477903157469,,1.557059908388684,0.6449028385993464,-0.15521769825184442,-0.35886313231694295,1.318371201581778,-0.10392645706534169,0.9884348038475946,1.5122434287457558
111,-0.9629519556095558,0.094727070175767,-0.1644960807009133,-0.15328575624161847,-0.6910905929815024,-0.3308696705189689,-1.4314272484729014,-0.434957124473239,-1.9236903595810702,-0.07329819421608205,0.026446703212385007,0.7050429980195195,0.5039150687680616,0.24013266992203472,-0.8224476134399595,0.18836591319739837,0.5825452243340425,1.7834020634605139,1.0544199859983567,-1.573168821688132,-1.4077155715440481,-0.9944153329252403,-0.4850248887180637,0.4611686009234814,0.8632188834153779,-0.4856417679776915,-0.42729912695798,1.173422957735916,-0.239354813751815,0.8628260138331383,1.2339856963284923,0.4808344423881236,-0.5468073439205177,-0.6694641935594587,-0.6847314973761185,-1.0650650275759415,-0.14279815892464964,-0.5592216238699214,1.0045595435506283,0.40593753539220695,0.1342111864468422,1.308044172559616,0.20917098389190825,-0.4168463958480526,0.1626700086192877,1.0865395632469883,0.18597523313568495,-0.7160286908804446,-0.6123330804425057,0.4699990989324742,0.9209057453836431,1.3047370716332145,0.5107491297913392,0.7597292741523533,-1.0541171459773149,1.3776834864932537,1.0604555945765504,0.4405504471935046,0.6947572073346265,-0.3930702466575627,0.23786236146426187,-0.4232632885597208,-0.08236631390985136,1.7620280874428944,-0.39491113322708865,0.8510480385952556,0.7628095327549012,1.0106178096834364,0.16368384107109585,-0.6102016904267662,0.772180064214294,0.6757398266785507,1.0990778727143757,0.3607832720116276,0.7652223193259218,0.20385621090705028,-0.17687732845369744,0.7889463210843993,0.4271045847331205,2.5458261205922876,1.4021868912444975,1.3349933034932748,-0.45819232989974334,1.131425100353057,0.9632528517404507,1.07281333595863,1.059383170186936,0.7535902169233448,0.5415309889205963,0.7268870953804247,1.2495844486972312,-0.22656213484537682,-2.125621181815884,-0.2294428011159076,1.544204676276649,1.2284777381634817,1.1957382982953053,2.093914233580951,0.8235644046876831,2.4479015089599034,1.0757514300871243,0.8131770071823061,0.5420165095833963,0.08595840740577793,-0.2410922291575161,0.2527866676690914,-1.432099080261974,1.577302779374334,0.37502633550126324,1.557059908388684,,1.0823138783629396,0.6366428890436301,-0.31777590056358573,1.6742399312030745,0.5264729675879364,1.7030897805797904,1.5669841845324601
112,-1.2379411974575372,1.0622000359188777,0.6613636188271804,0.7567720578983387,0.11289522585775215,0.3513879837887158,-1.3956630000415715,1.2474950994256024,-1.919997930565589,-0.23497309565722974,1.3657862046237614,1.1996724424868004,1.0736431063107237,0.6346958514490129,0.032029015762399,1.087829250702052,1.249001443427441,0.41984855176524993,0.471343175763394,-1.7614356374829032,-1.4801523059934858,-1.199016399272278,0.3935598698467263,1.1142180083069895,0.785180824976092,-0.4285333529204362,-0.6363983847588442,1.1348520724817956,0.6098941755108304,1.9740841815817831,1.0489810876833527,1.008035284174948,-0.41347932442033597,-0.7635641904973354,-0.877744285717304,-1.2273944280061548,0.16942202383807428,1.058712272839159,1.6356987870745063,0.49551906800892154,0.8930031894580078,1.601413342187513,0.6374975461167622,-0.3098431826904495,0.6862983560689692,0.6291121349167668,1.1835252230982414,-0.045572338237551926,-1.1977816031713764,0.7936262497281699,1.3347919681639717,1.162678178854997,1.8190557087265795,0.600387346150564,-1.1073743813440693,1.336521336012878,1.8350525943228582,0.6012332088034453,1.4427290149442324,0.7585081701089627,0.3755880232125485,0.6007221418700603,-0.039158908950355245,1.616014442111873,-0.19779415129985514,0.7543107267244517,0.35825119193222715,1.4044910605352152,0.9000376512472801,-0.04795870975103198,1.4226965259989748,1.4362580333042851,1.2209238329862184,-0.4637491297812594,2.0527429342576404,0.54480884511363,-0.5185320762247407,0.2581381627882259,1.9146046218100896,0.9369275286516986,1.262630501928402,0.9612974345539598,1.2429846714555872,0.5041536958395737,1.2348940818616103,0.9492237244347923,0.10034450921052405,1.942466525506278,1.2252203757746571,0.7960285893221412,1.605651762171816,1.2473811111668567,-2.090458286859847,0.45758276491596245,0.568133328496369,1.7108511293684048,0.9901278663005241,1.114323960529836,1.0944258399707685,1.3512299698462582,1.4797981160047176,1.2283718658012999,0.9564672461043596,0.7865764990517912,-0.0132666520935649,2.735081083744359,-1.228512000299951,1.064217307246078,2.1482734382090785,0.6449028385993464,1.0823138783629396,,0.5011882059134636,-0.28090497480824245,1.8929290649425823,0.052518395737429745,1.9131840587422615,0.5542531844484145
113,-1.335818907272831,-0.8227669439852162,-1.1985046192574662,-0.8163869821326962,-1.436707598346224,-1.4534821280638333,-2.2578690419955314,-1.4684092614560385,-2.8358159164020686,-0.8501813957254042,-0.6549504169793852,-0.42559061906786816,-0.6118913473609104,-0.12148968554407556,-1.5648673635297097,-0.49172677667663967,-0.27959197499851524,-0.2523211358007794,-0.05691857559331801,-2.324070242323079,-1.8199064605203379,-1.7584215233911387,-0.8811287310008864,-0.4975505969209066,-0.7039016437905328,-1.3568875982238362,-0.5627384020797501,0.409286193848591,-0.9864893989482301,0.28948642279204656,-0.07125055657424086,-0.12794608405051344,-1.2164417171860968,-1.415910719074033,-0.6252041081286493,-1.344113613818917,-0.8767511784961413,-1.290983834807746,0.7414987203759333,-0.5022495757839619,-0.17063829753235807,0.6353552703621638,-0.10222453108220325,-0.8505004810174608,-0.13996988724850512,0.38028721150057104,0.15990914118188074,-1.659265852416147,-1.2442135912406393,-0.35429848083803617,-0.1444333529312151,0.6111711430256891,-0.07909710469643264,-0.05625914935433303,-1.1657670173694992,0.6253331149383671,0.3401856623402058,-0.39627600339197144,0.5444862096972506,-0.02072959070486653,-0.8045270163111861,-0.41512963141045256,-0.23939117274067892,0.13160416226921814,-0.17919975843895836,0.23383482132066188,-0.6699613825081692,0.8840490539286359,-0.02913894895840438,-1.0350340738408024,-0.04416128199494749,0.12144453824006093,0.7182331256273599,-0.011503742539347054,0.9076692715919604,-0.04670437669821308,1.2060123474548312,0.09439564246826665,-0.09021806786334753,0.7810373783875885,1.1045304863302596,0.4215828869272595,-0.8016965255730607,-0.21810340838585085,0.06482313626948757,2.7452039777855393,-0.22600931712068362,0.9021780195428863,0.5647127133016232,-0.4927305122790338,-0.07916057730440566,-0.770842036434143,-1.8268861918545627,-0.41079801688253825,0.32951435993097467,0.67678215677035,0.8001367955124449,0.39447543031037363,-0.22104270285838534,0.4274399840347083,0.17647281032164946,-0.028727013006783625,-0.383374943263627,0.19641927226480857,-0.8864651608631402,0.03505072177067662,-1.4480782115066158,0.3151086101472578,0.01520551261667593,-0.15521769825184442,0.6366428890436301,0.5011882059134636,,1.6512930714184673,1.036699194443942,1.7535443790390746,0.36167451248092075,0.3144807076854234
114,-2.273699957322374,-1.1185812009486724,-1.189224953931284,-1.2213514958246903,-1.549614126809963,-1.4825989465400702,-2.4558763639121586,-1.2954650098190283,-3.0498723693446173,-1.4151940468574438,-1.0187114044701975,-0.6979843491381559,-1.006872816472716,-0.6803380929094998,-2.286121805065738,-1.0844795973127999,-0.749322129082236,-0.6096289641525116,-0.7758037716748412,-2.3663015538106946,-2.3209274865319567,-2.217272850339688,-1.1412119986192988,-0.8700888019774391,-0.9969851056608874,-1.5882547630193184,-0.7707608695738353,0.03142271294051886,-1.1818178849796912,-0.2871423726282559,-0.8857949569778164,-0.5446949379991533,-1.117971383672166,-1.4593761421117204,-1.3845763926796681,-2.6136733968024215,-1.4202897461085606,-1.298471715880184,0.5578847799778481,-0.6342296481508108,-1.0256916015926565,-0.24682807689669645,-0.18967239766579472,-0.43988557949888574,-0.7518173550205544,0.11585309363858193,-0.6728544928127316,-1.668846303539265,-2.4052258604939643,-0.3601735362951649,-0.3227663582405507,-0.03973614688115475,-0.5829316512204312,-0.2650555724538616,-1.7455591656967056,-0.3553504291190526,0.16263682427307555,-0.8704328771712883,0.2528161836184536,0.06581875625627483,-0.3698815787088907,-0.32369283334214516,0.0623858403812556,-0.42949629296883535,-0.45871385734295805,0.09255880350512716,-0.15471541388789123,0.49245994062967186,-0.9873834749654735,-1.293879382383425,-0.964119369976051,-0.23451777776277163,0.5579706452216115,-0.538850459942428,0.529868848886154,0.315733140727469,1.3987115514699509,-0.14182776752595952,-0.5490539300735624,-0.010084748121227671,0.11433510643852278,-0.37623483606958397,-0.5101262082701612,-0.4761979315952646,-0.7474496172101437,1.7968692134840873,-1.0329377930916546,0.4423422894617875,0.3572591095877851,-0.10509367893617468,-0.5890866664033586,-0.6053149670903857,-2.217428269096113,-1.0289368031447508,-0.4080909244426902,-0.4056013173475456,0.18563842675207573,-0.2938869759478775,-0.0638546137236598,-0.21252871706156665,-0.31864416997878237,-0.13706179267285679,-0.7079585470225488,-0.3343004167302331,-0.4742007287591641,-0.08486598541368459,-0.6792966171884794,-0.15453874189080666,-0.3591162540642422,-0.35886313231694295,-0.31777590056358573,-0.28090497480824245,1.6512930714184673,,0.3568177500650694,2.086505216246242,-0.15612873580698144,-0.24462021247307186
115,-0.7660574301266777,0.8149676675633601,0.4032084126745321,0.4335427689769421,-0.12978323069517758,-0.2736000550220372,-1.3822420678697156,0.31713255069790464,-1.838641224617331,-0.53041098369332,0.5847034495988914,0.5711253007601497,0.48787418985686526,0.973511625239371,-0.46604850602786974,0.5328658473680129,0.9342622483789406,0.7606705430856558,0.5165463084014624,-1.2781141744924611,-1.0318391228375134,-0.961733699801138,0.14065474631958705,0.701966745740847,0.40833771880502645,-0.24003682338764362,-0.3428520271299204,0.7516697429301994,0.1575781095764854,1.2032355895514089,0.5794563744388807,0.8279273037406308,-0.2770938157467048,-0.6117747439192555,-0.6153771669582929,-1.1815167015040289,-0.1320955632143818,0.2008497536016426,1.5847246441919483,0.3959091439495905,0.11655447819004823,1.2139522245191436,0.5707207602226247,-0.07375952785587488,0.9297180590618142,1.0178959809222137,0.9828143362571109,-0.4878064163782354,-1.0722739531484067,0.7252570345951979,0.7660596082711617,0.9350707423660551,1.1371651639294043,0.5776176120429526,-0.6665277899947891,1.227592398525784,1.670444763792447,0.36548044085349835,0.9537669730878806,0.32911996942663907,0.6305627850141488,0.02848476637172019,0.16252310212988727,1.5996954991998573,-0.002816821490897065,0.5585971502005636,0.875667024673147,1.2139468023086453,0.6521616914912443,-0.2028435435479782,1.0295152900019113,1.1991291096041803,1.390327544608613,0.1919688845284377,1.5718746153250838,0.6323646326879598,0.026334130059310665,0.6919796638131062,0.9379011299763401,1.3450173609683331,1.3823477226699075,1.050014357929903,0.5528465597111245,0.43862242256373185,0.4945422390227243,1.2208300077013674,0.8627533507895471,1.6816012514642376,1.029916806150901,1.0852505381660442,1.1044959282098066,0.4760175468306492,-1.8014760747300742,0.35368934202042296,1.1047971148649134,1.6071711219025846,1.2940240912555234,1.1648505541024752,1.3437954778713261,1.66098660023941,0.9517282820598462,0.6900957993991198,0.2650440222137539,0.6986093180976315,0.36255326607679245,1.4529203190559759,-0.7232021961841706,1.5439957266771,1.3177524717414715,1.318371201581778,1.6742399312030745,1.8929290649425823,1.036699194443942,0.3568177500650694,,0.5831713713829146,1.6993975842136815,1.1012562264430807
116,-1.7389099298900588,-0.5995145535825135,-0.8270554561183854,-0.8043602776714802,-1.1711265470543029,-0.9206373071349901,-1.8761018022287166,-0.8932931186191518,-2.6503143507282956,-0.5742780964553845,-0.5079339904408784,-0.5664733604803509,-0.45241132803007594,-0.29704191620370657,-1.536301866002656,-0.5344572154015126,-0.3295816203083084,-0.28183961377949307,-0.423229782964459,-1.8403259749539427,-2.1004326246549567,-1.2874142585279795,-1.4464187040994987,-0.9506995787917449,-0.7113521954545121,-1.0550180882560127,-0.8145501037247967,0.8351014979379576,-0.9214369444946495,0.21935159115890318,-0.58197349497871,-0.23876133144628384,-0.8099845840523949,-1.0970728957095355,-1.2937136197357844,-1.6884642359628188,-1.0314947461917956,-1.166794471420937,0.4850216005993964,-0.5583619382804995,-0.6258260315498985,0.4671013004751048,0.3935330095842182,-0.46176841875263747,-0.67989072223423,0.5822994375156174,-0.5824914949406692,-0.9356391255914758,-1.3494477780554093,-0.3157676896907804,-0.23309289620027906,0.6289321411991706,-0.4085436477766108,0.04471492160786341,-1.5067190297960174,0.10866061055432022,0.17164603057191333,-0.03568526314312026,0.35529346921897803,-0.20654244869787095,0.22639294209730376,-0.3581278495424738,0.39513578749625883,0.30784060528200347,-0.5094192199569788,0.011234055952819094,0.38575322129349865,0.3861439438277741,-0.7832881724026799,-1.2872179684057439,-0.550702845640968,-0.08720511985570793,0.8762893606555552,0.03234760419294298,0.6280995027623405,0.6912558126153519,1.8136908614343643,0.23022269167207587,-0.14048267227152678,0.614990360711731,0.6927400985581927,0.16820076589698335,-1.1011637909048808,-0.3569446462229928,0.1957554602328965,1.890811982929332,-0.41161780957878513,0.4153256526202234,0.4597513798631376,0.12885009935568612,-0.20770651413817418,-0.7412357856749855,-2.3621027560733165,-1.0203837831119704,0.09066015686252617,0.036850277555146076,0.5721886667127706,-0.004279064032503167,0.531522498041664,0.06933838494202206,0.4616352201381998,0.5144067202881649,-0.06951682399087017,-0.06928769120635286,-0.472468712788808,-0.1471663192048906,-0.43146995511526126,0.011847474121045256,-0.3120271423153131,-0.10392645706534169,0.5264729675879364,0.052518395737429745,1.7535443790390746,2.086505216246242,0.5831713713829146,,0.4890229837912519,0.0016319369061411318
117,-1.3482154777285584,1.0012767110858996,0.5533589027821528,0.40757818980130905,-0.3862398816181292,-0.040032665304372834,-1.3900038414507465,0.7743986818600079,-2.002837856226263,-0.14104874575088427,0.6404506281703505,1.1864082316403224,1.17823026720428,0.4823567547786483,-0.23409657929376154,0.7028634444468457,1.3138997396952237,0.7994621276833427,0.5673940739867219,-1.6146802911918918,-1.377404713736508,-1.5157427031807569,0.782866917249972,1.1523972256240846,1.562386890654048,-0.233821195938046,-0.19957831814064897,1.2735027390523164,0.5152245810734113,1.6920026636155066,1.5162009335194,1.5373205802480778,-0.2797939411855932,-0.9574265295061233,-0.837031018600813,-1.5285462240148815,0.1135904059239778,0.9377383985405346,1.7214749720576126,0.7757685477690757,0.17818443319853575,1.1844095762876803,0.3508037413110239,-0.008362916348124262,0.6542024831648408,1.181083380339835,0.799226747084958,-0.017287666285668066,-0.9852149719950313,0.9521483715232698,1.8177639146252789,1.8986158045832224,1.5622279205024534,1.1992468101225504,-1.170441798767991,2.117387381189527,2.1080141725715444,0.9267129730753242,1.2476648645728539,0.25291580343510917,0.8611990516111961,0.48938038806973017,-0.2171313313180697,2.1107997586351215,0.38434710050099313,1.2556655510001222,1.1464466424572637,1.8864329050303654,0.7344220697654535,-0.013306993181756266,1.2795888945772949,1.5225170079227812,1.536491141852474,0.28729821050631277,1.6384645298466398,0.769013688529148,-0.19332975612648845,0.7200453730476535,1.306856435324199,1.014276142201201,1.7868235476388394,1.9208877370373716,0.9501976153553362,0.6177833294558108,1.9842980131673535,1.1455653198671971,0.1675718718405203,1.607411004307593,1.1271937706552622,0.899708060866059,2.0840768478783094,1.077448434014585,-1.9087972187763105,0.224245413271551,0.6349508121022575,1.5962313871014713,1.536772626602201,1.701242563065857,1.2438051332415887,1.741772113160244,1.9804518165257208,1.7062843886168095,1.1642232305515348,0.5348759806772122,0.11965743705032449,1.2996189294898497,-1.0294257578392005,1.2969117199703848,1.5500401621417907,0.9884348038475946,1.7030897805797904,1.9131840587422615,0.36167451248092075,-0.15612873580698144,1.6993975842136815,0.4890229837912519,,0.9709301740713817
118,-1.4581378861528627,-0.3510395577047231,-0.6083308282710047,-0.4112129359456383,-1.1371133435735712,0.009701544391982024,-1.3050815781636687,-0.4430099089307339,-1.7667298550050807,-0.6082742721772493,-0.34063915059776645,-0.051497296571615205,0.5310928553269033,0.1333017363751351,-1.1714506692046525,0.4814008383618408,0.027881685136786006,1.118100983327596,1.0572992008852693,-1.0756179457704969,-0.8194002639608151,-0.635374791745635,-0.39443317687240387,0.26096468431408315,-0.4560321321940383,-0.022800577623249843,0.6240851215947679,1.1062190232928197,-0.42600051157730273,0.7475876422659243,1.0747016481581642,1.0806564065193058,0.521695628981034,-0.130324959692976,-0.536709257073998,-1.0655122867019031,-0.47761014588928297,-0.45671871771517925,0.9369731800973153,0.7315599029857279,0.42855700235583827,1.1819272834909553,0.02539550973401501,0.1945257312774468,0.07105812466847432,1.4075147761376454,4.990465665292088e-05,-0.68912690464929,-1.4251744456988718,0.43525667075325,0.38799347094507713,0.3529869668715952,0.4940856469015497,0.7331465572680853,-0.4402260680841659,0.8648110626321384,0.6476736907033931,-0.6233625722503507,0.6059399775276694,-0.1815786617117459,0.9577052603154229,-0.6424777775907557,0.30051009675212315,0.7011067198371566,0.20632398078480493,0.9020362358788706,0.7926233186926689,0.909721326851067,0.018062630638573874,-0.2875527068176303,0.4076458866548437,0.6007860386547935,1.2790077677874359,1.4742734176894694,0.6955305761495619,0.7425892402101252,-0.2808838631023708,1.139396689340018,0.6420502689269013,1.6753709530461178,1.0557768485774839,1.1037233620169422,-0.23280515466952764,0.9102545891462992,0.02090562066115798,0.6632411545566457,0.27779586401441037,0.9784929977123374,0.6191399773241084,0.6163257713505591,0.6284085874968796,-0.25831613720308144,-0.8620973197416798,-0.2706229117765581,2.3283474380003155,0.9171320835035247,0.8763674787016557,1.3367968188968185,0.9319458688686502,1.1941153766798713,0.10183547158318047,0.16872095372694598,-0.29983606300599286,0.5587812837721781,-0.08672808164392956,0.28885924171892846,-1.0211345879483171,1.203764928307098,0.3721605894853423,1.5122434287457558,1.5669841845324601,0.5542531844484145,0.3144807076854234,-0.24462021247307186,1.1012562264430807,0.0016319369061411318,0.9709301740713817,
